,NMF1,NMF2,NMF3,NMF4,NMF5,Class
C16 H20 O8,0.1693876435670624,0.1986021298583115,0.4651626114948204,0.6368835571059989,0.840241807025417,lignin
C14 H14 O7,0.1914946217986795,0.2474433152808545,0.4796462790726533,0.6436537398183931,0.4506462679288028,lignin
C22 H26 O14,0.2122187155575054,0.6610812592905356,0.4828432885471477,0.6583387186472717,0.559078167862424,lignin
C11 H12 O7,0.3162882611312281,0.6269519363195436,0.4838399129582332,0.6397317029367302,0.579434531047244,lignin
C14 H18 O5 N2,0.2274463995761679,0.4002970481080244,0.4503370179826712,0.6858113433874733,0.5698832317053837,lignin
C23 H30 O12,0.2686670117783125,0.4690237153273835,0.506736342610343,0.6334993287572401,0.5643709594428604,lignin
C23 H26 O10,0.3314625954446265,0.4823686278895052,0.5015903513329742,0.6880753438243763,0.6202384711255152,lignin
C21 H22 O9,0.3134548657986912,0.5185790629805934,0.4939661626563584,0.6790739549577387,0.63657597453036,lignin
C23 H30 O11,0.335386403649781,0.5269276917569773,0.4885387397271083,0.6738794910575169,0.696971690125869,lignin
C22 H30 O10,0.3077216760403518,0.4711060324456192,0.4968850018406807,0.6233619123041051,0.7417697140697256,lignin
C17 H22 O7,0.4294916269015162,0.4965725434586596,0.4829720327892533,0.6767082524134778,0.8283857208736636,lignin
C21 H28 O9,0.4476103890561069,0.4484400174419464,0.4907004259497483,0.6818536797884809,0.7696440925150341,lignin
C17 H20 O7,0.4587971960797534,0.4553039680106734,0.4903528522914964,0.680405686077194,0.7305665027572791,lignin
C24 H30 O11,0.4561914762499635,0.4545945454393552,0.4899066025551894,0.6783092418537188,0.7298469689102093,lignin
C23 H30 O10,0.4671708956869493,0.4561918106398444,0.4964730361750241,0.6797846747758681,0.6901319155218006,lignin
C18 H22 O7,0.4766741062371466,0.4617369710781167,0.4965378259094665,0.6856255976326511,0.652161351962658,lignin
C22 H26 O9,0.4851727393325385,0.4662689690807117,0.5024124928926178,0.6872058306375783,0.609789118624866,lignin
C19 H20 O8,0.4692671634016814,0.5054629795651595,0.4918030048436789,0.6763471169930945,0.6249152199179475,lignin
C14 H16 O7,0.4097752539721485,0.6463321623964746,0.4687825241285084,0.64289230171696,0.6938183651170463,lignin
C14 H14 O8,0.4115868646914218,0.6907821337657188,0.4653627477401945,0.6438098335227671,0.6755886012506822,lignin
C15 H14 O9,0.4211371632443874,0.7088089059323825,0.4610807786795399,0.6414862191874259,0.669096869253518,lignin
C18 H18 O8,0.425574606381867,0.6980730151752645,0.4693370351644792,0.6468945761619996,0.6347972703431273,lignin
C16 H22 O10,0.4273074949773632,0.6666495155264813,0.4708491933618403,0.6489966852548142,0.6509624484148503,lignin
C16 H18 O7,0.4611634183124842,0.5761436717675041,0.4849278554971763,0.6539087908239031,0.5871588279163795,lignin
C15 H16 O7,0.4468674505783859,0.6435125069166894,0.477673513192924,0.6457989992831284,0.5818831435149265,lignin
C14 H14 O9,0.4410881997364875,0.7021566735367627,0.4690353592063787,0.64024021347352,0.5965321609803239,lignin
C15 H14 O8,0.4365972065192638,0.7053283893063003,0.4669446672599693,0.644644737898445,0.5871556203203201,lignin
C16 H14 O10,0.4559143583443096,0.7086687244821561,0.4712100511031516,0.6358189599813272,0.5369604288828761,lignin
C13 H14 O8,0.4006900496337605,0.6942836173594281,0.4726608002458907,0.6500940766621457,0.5362601037432425,lignin
C12 H14 O7,0.4002544856081531,0.6454309442879553,0.4787225978002831,0.6563990762368379,0.5408350205780191,lignin
C16 H14 O8,0.4768779371767897,0.7163045566924311,0.4824074592592286,0.6427569201911079,0.4193280373833154,lignin
C22 H26 O12,2.4256377054600782e-06,0.6756074315287924,0.4621651814478473,0.6049155487474841,0.8490617375968159,lignin
C22 H28 O11,0.1816474684537933,0.637926215875256,0.4641130496150161,0.5822581957161019,0.8660923029640105,lignin
C21 H24 O11,0.1466888092155429,0.6618115684962715,0.4280486731985113,0.530193576551548,0.8470818765808471,lignin
C21 H26 O12,0.1747841415822029,0.6398212361160114,0.4127056368103055,0.48313887046577,0.9161733482244444,lignin
C22 H26 O13,0.0439238549174552,0.6960274906668877,0.4768980250148034,0.3653030824589888,0.7930217162364384,lignin
C19 H26 O11,0.004208739541454,0.7462731817542074,0.4762435651742569,0.3976574968659553,0.7543808019698032,lignin
C21 H24 O13,2.4256377054600782e-06,0.7424089133873044,0.4793291315327859,0.4078582890448242,0.7608215811192195,lignin
C23 H26 O13,0.0136404504503466,0.7702210737786621,0.4798922334727711,0.4037212969258081,0.6679322538015176,lignin
C24 H28 O13,0.0205924492909799,0.7546869607633325,0.4845491000391682,0.4077628271450979,0.6205180850164855,lignin
C23 H28 O13,0.0481713461788737,0.6931218384865481,0.4898796366620329,0.4248701572116309,0.6228777696485905,lignin
C22 H20 O12,0.3083694867337567,0.7571429076380173,0.4879324844035319,0.3941876316252306,0.4907904386796856,lignin
C25 H28 O14,0.232493582255878,0.6966391477224892,0.5041046225745413,0.4269788163096191,0.4748271179461829,lignin
C24 H26 O13,0.2097174534487503,0.7198346389086508,0.4967409053349196,0.4173263215232904,0.535703235572196,lignin
C22 H22 O12,0.1831088871992867,0.7287034252152448,0.4858461674545374,0.4075030840345305,0.6448535632852803,lignin
C18 H16 O10,0.2733952483796968,0.7538958393181574,0.4827485499667659,0.3961980849024062,0.6328663712532144,lignin
C19 H18 O9,0.2771670975886834,0.708307707039567,0.4836155153635591,0.3973830162437473,0.6758568595142239,lignin
C21 H28 O12,0.2163789906957112,0.5878035952645823,0.5101435110515616,0.45551856081162,0.5886874502177405,lignin
C20 H20 O9,0.2991695429588357,0.6120491218294892,0.5000576306477638,0.4358088428787414,0.634253011342797,lignin
C20 H28 O11,0.3247360492023542,0.5049038604284395,0.5180548586494017,0.4660191484975571,0.6218557631800122,lignin
C22 H24 O10,0.3023386657323872,0.5335959907944569,0.5070994673957693,0.4512171547113877,0.6813415538244205,lignin
C22 H30 O11,0.3057870854840611,0.4948427686294319,0.5105343971842199,0.4615973639238638,0.7030903823882182,lignin
C23 H28 O10,0.2982919528306452,0.4896398276627727,0.5090869491758937,0.4561120886452916,0.7441538059270181,lignin
C24 H28 O12,0.1747393077923331,0.6030226414330416,0.4943378783457992,0.4244461328902225,0.7670057525838845,lignin
C23 H26 O11,0.2690203471267451,0.6128816550440579,0.489476023264168,0.4212978374980892,0.7567736686301088,lignin
C23 H28 O11,0.2602030184211272,0.6078371311661361,0.4844682023596986,0.402254494078043,0.7888000036573969,lignin
C22 H28 O12,0.2544533729086289,0.6261069514575336,0.4805414035437161,0.3968252921545719,0.8157366579857565,lignin
C21 H22 O10,0.2432447250666771,0.7163621556034984,0.4771003487588848,0.3743027453107495,0.8198027099836169,lignin
C17 H16 O10,0.3012947898327183,0.703276277474761,0.4233684998277046,0.4866843705635332,0.767389115616362,lignin
C18 H24 O7,0.4834283792980701,0.3595891984609442,0.5238336336437619,0.4384660206532285,0.752399392459185,lignin
C24 H30 O12,0.4689588371707885,0.5283809596797983,0.5038599806736478,0.4169623979250291,0.6203386071128406,lignin
C20 H24 O8,0.4493245927313556,0.5438996085523378,0.4979667000651318,0.3945429251491077,0.6852037206934484,lignin
C21 H24 O9,0.4529348900159508,0.5176840706957948,0.5009134596875011,0.3959254188086585,0.709486402668484,lignin
C22 H28 O9,0.4663195546156211,0.4725426713941154,0.5087522221009597,0.4130348289444021,0.6922822584248801,lignin
C17 H24 O10,0.4329004977402267,0.6104842710789521,0.483129731559704,0.4704144675098057,0.7295495841996915,lignin
C18 H24 O10,0.3227211084796376,0.612087882602976,0.4252133964648111,0.5429918883496739,0.8761104734426531,lignin
C18 H20 O9,0.3375519007473066,0.6387553349284295,0.4224377390140633,0.5350888202829939,0.8786836291228486,lignin
C16 H18 O8,0.3964710146793342,0.6658475089314462,0.4178347644612755,0.5370806857076498,0.926333611521626,lignin
C17 H18 O10,0.3762399047580022,0.6852697492768405,0.4608601594917239,0.4727928274964968,0.8944835836708437,lignin
C21 H26 O10,0.2907203272195406,0.6612872738057826,0.4649149070957367,0.3774665748367743,0.9559418615471762,lignin
C19 H24 O9,0.3217538758185172,0.6176491900163172,0.3718611779911221,0.4358259702571346,1.0,lignin
C20 H22 O9,0.3948463032561554,0.6863148039966093,0.4710978920785183,0.3558730223078128,0.838370266897063,lignin
C19 H22 O8,0.4112510370631673,0.62218030435361,0.4789954385481499,0.3701306354275087,0.84587810633557,lignin
C21 H26 O9,0.4185901531371981,0.58613105784698,0.4819596186147708,0.3745376603611655,0.8245366056023946,lignin
C19 H24 O8,0.3937633543329127,0.6170746469034118,0.4750744067742142,0.3698999247723054,0.9268410753395738,lignin
C20 H26 O8,0.4209303767811663,0.5106934748226082,0.4901446819599606,0.3916706593668924,0.906251331889743,lignin
C20 H26 O9,0.2425385803528214,0.5303189180209239,0.4535742376606777,0.6093134346536521,0.8379698704234425,lignin
C22 H26 O10,0.272266313513325,0.594193459398632,0.471569516799831,0.6504740212190073,0.8267595065404727,lignin
C20 H24 O9,0.3194187116301656,0.5747868036958418,0.4670593319649402,0.6679935147867695,0.897301032816436,lignin
C19 H22 O9,0.3091486178519034,0.6482205551474629,0.4566386449408007,0.6515292801606274,0.9145588582078844,lignin
C17 H22 O10,0.3089493704784872,0.6448120170769123,0.4555367421828342,0.6485026909457066,0.9155501897348371,lignin
C21 H26 O11,0.2962549709151433,0.6448566421746779,0.4581381156456589,0.6491531772703136,0.9225235035679528,lignin
C17 H20 O8,0.3151406914382289,0.6570172825653158,0.459467995541639,0.6494689494791905,0.8381663817682304,lignin
C20 H26 O11,0.3106684332348726,0.6511109440180358,0.4553290888964474,0.6487720377800757,0.8780696878632971,lignin
C19 H20 O9,0.2956378425639678,0.6656082364675495,0.4541357486925121,0.5964781684344452,0.8765963320733503,lignin
C16 H18 O10,0.3747072904551315,0.6709841750004338,0.4498285637376669,0.6358085153784827,0.9056346623300952,lignin
C15 H16 O9,0.3733062219982926,0.6709563797100164,0.4510267562114622,0.6368314668621519,0.9075500764735144,lignin
C16 H18 O9,0.3716383298747028,0.672476605362788,0.4502977623240495,0.6359027380880411,0.9066386030277642,lignin
C18 H18 O9,0.3718159618511035,0.6698237216255072,0.4529386698544224,0.6380320651077596,0.9076232244112366,lignin
C17 H18 O9,0.3740912641635953,0.6736127579419018,0.4531084992995231,0.6383926251898506,0.9061517120673008,lignin
C16 H20 O9,0.368165940325875,0.6678567228292199,0.4518330284623014,0.6373825081757785,0.9445866028077304,lignin
C15 H18 O9,0.3702719262028806,0.6660750527467852,0.4517726137252737,0.6397804739211986,0.9450845544442608,lignin
C17 H20 O9,0.3628358789742149,0.6622195005330912,0.4498546546313404,0.6350152566438074,0.9821086190834416,lignin
C17 H20 O10,0.361477865983737,0.6613231425837345,0.4505321826400739,0.6379120406886322,0.983563540413277,lignin
C18 H22 O9,0.3512930565934675,0.6604454219389352,0.4498977682422279,0.6339428260670025,0.9908544431251926,lignin
C20 H26 O10,0.3040474592966796,0.6390859060846943,0.4535519649465662,0.6469604302680696,0.9944648690069384,lignin
C18 H22 O8,0.3760558357514358,0.6624081229085249,0.4553552593355285,0.6412567919791823,0.8746265731415225,lignin
C16 H16 O10,0.3803163231763843,0.6770825902511474,0.4532436867196396,0.6393911911812855,0.8683421919516917,lignin
C14 H16 O8,0.3811242831728217,0.6765013794818701,0.4522983690964182,0.6377929456621307,0.8679084659741897,lignin
C18 H20 O8,0.3833568055338622,0.6688319679901081,0.4573814399564218,0.6374330936887072,0.8349534028464871,lignin
C15 H18 O7,0.3865553833559539,0.6685876345340256,0.4567175539850817,0.6394359790544997,0.8343584859497707,lignin
C14 H16 O9,0.3880736207898942,0.6822962958678526,0.4550306345273523,0.6398676598008746,0.8299109143654438,lignin
C16 H16 O9,0.3856230659479501,0.6827009342430909,0.4542755895189698,0.6391400781451023,0.8283339569096707,lignin
C13 H14 O7,0.3676911279490239,0.6859202876057426,0.4627814594927739,0.6484402888693903,0.7297659310235594,lignin
C16 H16 O8,0.4039191595172217,0.6820535289093513,0.462119800792845,0.6436101468785552,0.7147164064777808,lignin
C17 H16 O9,0.4011551438483381,0.6945283123149525,0.459111234388816,0.6419757435605704,0.7488132263269456,lignin
C13 H16 O8,0.3969249129698493,0.674587762103162,0.4623380733911384,0.643644799946467,0.7571133788610424,lignin
C14 H18 O9,0.4015794869030731,0.6554307418482679,0.4615397954537572,0.6427543975539802,0.7703602344214433,lignin
C17 H18 O8,0.3929900841683021,0.6740059086682103,0.4598572907661463,0.6433878450137775,0.7965289091415603,lignin
C16 H20 O7,0.3950674164946869,0.6456296083145514,0.4622273064111371,0.6434063000959221,0.8139996156783756,lignin
C23 H28 O12,0.4196434716842306,0.6054799138056798,0.4672346102704575,0.6531694811183266,0.7680648491862071,lignin
C21 H28 O10,0.4185968907290835,0.5730644195218696,0.472603527552461,0.6618295616072686,0.7812291921031492,lignin
C22 H28 O10,0.4163284261957172,0.5701005257647882,0.4758913381096638,0.6608120094521885,0.7804002313008579,lignin
C20 H24 O10,0.3041561874988165,0.6500665319639413,0.2612665331152304,0.6638128854711237,0.9979612961873556,lignin
C19 H24 O10,0.3110256257920427,0.6391997382422708,0.2300797021119942,0.5441525669691559,0.9757403242311836,lignin
C19 H24 O11,0.2693954481530532,0.6548320586059682,0.2317397352219746,0.5438173660287168,0.9129404600857808,lignin
C19 H22 O10,0.1852560876021196,0.6601409189090879,0.2339478163035631,0.5420679393090683,0.9535834304583588,lignin
C18 H22 O11,0.1622214005755356,0.6786853984430782,0.2390099667213833,0.5451831306209998,0.8479174000509381,lignin
C18 H18 O10,0.205102415905085,0.6785161363710854,0.2331765241456903,0.3936887248122427,0.8881034907641143,lignin
C18 H20 O10,0.2784655993586413,0.6575260729464101,0.2256052530514413,0.397949326150515,0.8423804256118655,lignin
C18 H22 O10,0.3737743969704982,0.6720238473951796,0.1641109754685145,0.398991617852163,0.9391572118778684,lignin
C17 H20 O11,0.3248086348576855,0.6798797925989336,3.090388119151871e-06,0.4185019146815799,0.937963986143775,lignin
C20 H24 O11,0.2879863426758268,0.6491651933556081,3.090388119151871e-06,0.5733581991592803,0.9070133387329096,lignin
C17 H18 O11,0.304712226680443,0.6601489120634131,3.090388119151871e-06,0.7030892833860624,0.8557684891367201,lignin
C22 H20 O14,0.4936152174799483,0.726977787546296,0.2775911399461446,0.0947521203650194,0.4447743393495054,lignin
C22 H18 O13,0.4956629444769329,0.7252691805177186,0.277814801745799,0.094170453351527,0.4446723967850891,lignin
C17 H14 O11,0.4972325278713387,0.716231132139132,0.1814633189080388,0.0578258300073616,0.4580338409495428,lignin
C19 H16 O12,0.4818537364480477,0.6752486634160637,0.0082344821725218,3.5873342110026204e-06,0.5004241031893238,lignin
C19 H16 O11,0.4716155022120841,0.7393229934852981,3.090388119151871e-06,0.138327943888761,0.5221257395352363,lignin
C20 H16 O12,0.4705698980825264,0.7426013114235752,3.090388119151871e-06,0.1386757026938489,0.522535095156471,lignin
C21 H18 O13,0.4958617660545794,0.7199988399884577,3.090388119151871e-06,0.3226708911839674,0.5358035927730428,lignin
C20 H18 O12,0.2983059790442358,0.6718781229535115,3.090388119151871e-06,3.5873342110026204e-06,0.6524659629815395,lignin
C18 H16 O11,0.267369436740324,0.7471454397407744,3.090388119151871e-06,3.5873342110026204e-06,0.6923543740328361,lignin
C21 H20 O13,0.1690192926560448,0.7551978799744733,3.090388119151871e-06,0.1320123890692451,0.7091978664988197,lignin
C19 H18 O12,0.130587755456172,0.6112732235274763,3.090388119151871e-06,3.5873342110026204e-06,0.7570158974359731,lignin
C18 H18 O11,2.4256377054600782e-06,0.6378034667314474,3.090388119151871e-06,3.5873342110026204e-06,0.7781926678335925,lignin
C19 H20 O12,2.4256377054600782e-06,0.676292513137693,3.090388119151871e-06,3.5873342110026204e-06,0.7756777650473493,lignin
C20 H22 O12,2.4256377054600782e-06,0.6671266546231119,3.090388119151871e-06,3.5873342110026204e-06,0.8537514642491667,lignin
C20 H20 O12,2.4256377054600782e-06,0.7052232331353281,3.090388119151871e-06,3.5873342110026204e-06,0.8490361505661813,lignin
C20 H22 O11,0.0015581456120844,0.6972894450517635,3.090388119151871e-06,0.0146405477760475,0.8728194061478777,lignin
C19 H20 O11,2.4256377054600782e-06,0.6931800800632897,3.090388119151871e-06,0.0224835842708175,0.878514327041185,lignin
C20 H20 O11,2.4256377054600782e-06,0.7516845070657877,3.090388119151871e-06,0.0163033058672733,0.8810621906421077,lignin
C19 H22 O12,0.1082235590094327,0.6572318927339577,3.090388119151871e-06,0.1845348226156808,0.904449252807089,lignin
C19 H22 O11,0.1590287713708149,0.7024980896762829,3.090388119151871e-06,0.2636751494839525,0.9700112627177496,lignin
C19 H20 O10,0.2002967095204227,0.7143002431204246,3.090388119151871e-06,0.3240799167901504,0.846437555331032,lignin
C18 H20 O11,0.141638295310105,0.6657636812275428,3.090388119151871e-06,0.4032281434957431,0.7971205078354566,lignin
C22 H24 O11,0.2239310797950289,0.7664103876623615,0.5045001223408369,3.5873342110026204e-06,0.8707377131742533,lignin
C23 H26 O12,0.1928078761397175,0.7135657565878052,0.4980492681981597,0.1142795556370274,0.8438976554168777,lignin
C18 H24 O11,0.2466361633256392,0.7150221976723935,0.5001912271597294,0.1258908338962059,0.78815538745622,lignin
C20 H20 O10,0.2350438484483651,0.7521413620270704,0.4882690807955431,0.1824200892730299,0.8276869073597591,lignin
C22 H22 O14,0.1803596616716982,0.7362388409138962,0.503451157051589,0.16262898310019,0.653769058097897,lignin
C21 H26 O13,0.2622098690242194,0.725990733403641,0.5026163677721464,0.160767265835766,0.707052611506731,lignin
C20 H18 O11,0.2670661449182377,0.7706041828538084,0.3113006541177953,0.1860009616115703,0.6517959072254088,lignin
C19 H18 O10,0.2337687654457415,0.7665466327853323,0.2969948898439287,0.2019127829635427,0.8349888707477415,lignin
C20 H22 O10,0.1913579413566013,0.7056314061717756,0.2514505303928684,0.1292421462561276,0.8583484286982366,lignin
C16 H20 O10,0.1352860986898414,0.700648256865758,0.258263594548785,0.0529580863398668,0.9286876920778572,lignin
C19 H18 O11,0.2409456032378913,0.7492839901055193,0.2815438109059299,3.5873342110026204e-06,0.8062211583654326,lignin
C17 H16 O11,0.252115678992469,0.7485649275490852,0.1863404467079178,0.0847678490075104,0.7451498566757595,lignin
C22 H26 O11,0.1278486989334367,0.6916600954101461,0.4716342269888658,0.314748859082038,0.8988084554886688,lignin
C22 H24 O12,2.4256377054600782e-06,0.7174300249547081,0.4713983748555058,0.3339131341854418,0.9078786522905408,lignin
C21 H24 O10,2.4256377054600782e-06,0.725424384278084,0.4711307443318329,0.3598265257683842,0.8685503538752701,lignin
C20 H24 O12,2.4256377054600782e-06,0.6709422812317845,0.4390338144345642,0.2212674729132945,0.9283193715648306,lignin
C21 H24 O12,0.0902767807755915,0.6457736457588242,0.3787667136833055,0.1844998154934353,0.8710006623132829,lignin
C21 H22 O13,2.4256377054600782e-06,0.6435694229954776,0.3779852595996193,3.5873342110026204e-06,0.8345137778417494,lignin
C21 H22 O12,0.0168893066126283,0.6783663952689524,0.3736143190006297,3.5873342110026204e-06,0.869383886423669,lignin
C22 H24 O13,0.1027203553220614,0.7047317545608376,0.4241956129753196,0.0701049598497959,0.8118816436872519,lignin
C21 H28 O11,0.0070352481753148,0.6854761252915292,0.5068130243832129,0.1472442158807353,0.8517556021218211,lignin
C19 H24 O12,2.4256377054600782e-06,0.7468379242155784,0.4978891830654827,0.128101504899094,0.8341590250913649,lignin
C17 H22 O11,2.4256377054600782e-06,0.7920312991036742,0.4919250274988473,0.1391678382177046,0.828519776267594,lignin
C21 H22 O11,2.4256377054600782e-06,0.7660226192610758,0.5084264438843741,3.5873342110026204e-06,0.8881008362018582,lignin
C23 H26 O14,2.4256377054600782e-06,0.7808130074247165,0.5060241328039216,0.2170262781781886,0.5228779392456235,lignin
C23 H24 O13,2.4256377054600782e-06,0.7672702743346964,0.5041693725362799,0.1749308664656641,0.6194398165756472,lignin
C20 H26 O12,0.0042480188098537,0.7648170587891279,0.4983522566554847,0.161370795704365,0.7198436934753367,lignin
C22 H22 O13,2.4256377054600782e-06,0.7847780136360802,0.5176173986806281,3.5873342110026204e-06,0.6517726798056683,lignin
C21 H20 O12,0.0025976428206049,0.8391644799967095,0.3259787306716591,3.5873342110026204e-06,0.6473405194299947,lignin
C26 H26 O16,0.7982936309669141,0.7196687508314488,0.5450692745045196,0.1449419775757917,1.569924118536804e-06,lignin
C25 H26 O16,0.7751007858586914,0.6922417078454698,0.5615995658729838,3.5873342110026204e-06,1.569924118536804e-06,lignin
C25 H22 O16,0.5659814627557442,0.8835691434359092,0.5346794510985061,3.5873342110026204e-06,1.569924118536804e-06,lignin
C25 H20 O16,0.6434085161758811,0.7630049825869736,0.4796495404343625,0.0325354606437185,1.569924118536804e-06,lignin
C25 H24 O16,0.6618200254455552,0.7551712093489861,0.5485142270143204,3.5873342110026204e-06,1.569924118536804e-06,lignin
C26 H24 O16,0.6886822282163134,0.7954427291697594,0.539921692319,0.1426426380907053,1.569924118536804e-06,lignin
C26 H22 O16,0.6635085811873811,0.8080787413264234,0.5406064987325234,0.1464223008734254,1.569924118536804e-06,lignin
C25 H22 O15,0.6710234256802539,0.8957695085985454,0.5206616809726431,0.1102489679094888,0.0158377256046097,lignin
C24 H22 O15,0.6225470281408925,0.844209967873143,0.5109504196656611,0.1104230188071006,0.1890343093323053,lignin
C23 H20 O12,0.6109126847164666,0.7838269487711911,0.5247110592616469,0.1392155249107761,0.1684628528669051,lignin
C25 H24 O14,0.636976645653061,0.7356689571271302,0.5376916368185782,3.5873342110026204e-06,0.1486237790672723,lignin
C25 H24 O15,0.5946749379916125,0.723129103821997,0.5392515620331679,3.5873342110026204e-06,0.2174203546524669,lignin
C25 H26 O15,0.4638715795951053,0.713718389685473,0.5478387274134793,3.5873342110026204e-06,0.2179998972094504,lignin
C25 H26 O14,0.4097721481677106,0.7331162087352404,0.5412619528906643,3.5873342110026204e-06,0.2922752680776058,lignin
C23 H20 O14,0.5122994865103392,0.72545234023492,0.4585988824188422,0.0818905988041283,0.3977342794979751,lignin
C19 H16 O10,0.5215409078025922,0.8054431693957464,0.3475864650625433,3.5873342110026204e-06,0.3143462203973909,lignin
C24 H24 O15,0.5878718236512218,0.7145003531447881,0.5196100111395389,0.2275649709617912,0.2330563899811511,lignin
C24 H20 O15,0.5572977337345766,0.8061799855914356,0.4500698647314435,0.2899086725697555,0.199852295731803,lignin
C22 H18 O12,0.5773526643944868,0.7862672306700625,0.5062216440508467,0.4000057622342811,0.2090587231938985,lignin
C24 H22 O13,0.5966546378526829,0.7774766085761163,0.5029601232508363,0.3930585966118239,0.2415169223182174,lignin
C23 H20 O13,0.5700023774432036,0.7837485435589154,0.4970512915151459,0.387902016525309,0.2801925118043222,lignin
C24 H22 O14,0.5681230151029258,0.7863262755788972,0.4961607409050167,0.3909544517065905,0.2796712037068307,lignin
C17 H14 O9,0.5416280486601409,0.7670622916558217,0.501740771698635,0.3931161746978434,0.2682535074509876,lignin
C26 H24 O15,0.7475608665034083,0.7618474613741864,0.5295965791020214,0.4254020795912372,1.569924118536804e-06,lignin
C24 H20 O14,0.7043968472678589,0.8570581400355651,0.5050652526887143,0.396456367538847,0.09800704683046,lignin
C25 H20 O15,0.6412227812558892,0.8296274017219584,0.520738521836328,0.4240265342479855,1.569924118536804e-06,lignin
C25 H20 O14,0.6371637954172553,0.8051309945444111,0.5231398385991863,0.4931697608212502,1.569924118536804e-06,lignin
C24 H20 O13,0.6336582438920098,0.8066076795977427,0.5208247490581028,0.4958253896080273,1.569924118536804e-06,lignin
C23 H24 O14,0.225010371884014,0.7812792613714871,0.5295734313884269,3.5873342110026204e-06,0.4503047511207783,lignin
C23 H24 O12,0.3042288983881977,0.7630248248896704,0.5327146795322348,3.5873342110026204e-06,0.5145280874070663,lignin
C23 H22 O14,0.304357989646851,0.7621392315903598,0.502080868088578,0.1534904977570215,0.5027164283041816,lignin
C22 H22 O11,0.3056230539254813,0.7766899054574526,0.5031596629056537,0.1856970502228727,0.5037330887793275,lignin
C22 H20 O13,0.290569269908532,0.7886633293038195,0.498994426730566,0.186834648925476,0.5321990290496121,lignin
C21 H20 O11,0.2792873851941894,0.771616943623439,0.5027226404366215,0.165000250936009,0.5980947764261304,lignin
C24 H28 O11,0.3106196420490254,0.5281629755163658,0.5310536918773638,0.260871061289372,0.6510347852363275,lignin
C22 H28 O13,0.3040117425456435,0.6270987050929326,0.5218881120661156,0.2006211927541718,0.617858397980527,lignin
C24 H28 O14,0.2203333560090453,0.6137856044816934,0.5323075263637345,0.2422065560063945,0.5394131706696237,lignin
C25 H30 O13,0.2365098382366805,0.5797031961049319,0.5321521344101023,0.2520601315258741,0.5178619595182206,lignin
C23 H28 O14,0.2487904895459123,0.6165738095100382,0.5360848991316505,0.2394260788101933,0.4630713152574358,lignin
C24 H30 O13,0.3425781192470608,0.5997405478339275,0.5323117024976304,0.2382530968026149,0.5019524674082432,lignin
C22 H24 O14,0.2164888460042974,0.6737104029578045,0.500594522375964,0.2406024685907336,0.293415199787517,lignin
C24 H26 O15,0.2953520835088697,0.7501847663813874,0.5251287919693503,0.1940670938273193,0.3106538349059894,lignin
C23 H24 O11,0.3652509675332228,0.6882266540447128,0.5235298895050653,0.2097579410182656,0.3957910293197876,lignin
C24 H26 O14,0.3483172951929861,0.7116330199052839,0.5172140636916897,0.2069679043550542,0.4217286465168677,lignin
C23 H22 O13,0.3350493988214574,0.7617211775691685,0.5071795696211634,0.1511304600820998,0.4237501325437682,lignin
C25 H26 O13,0.4385505070426119,0.6742506036237347,0.5387841134457512,0.2131083571781551,0.2714838331996957,lignin
C26 H28 O14,0.4485997881440624,0.6073778260419699,0.5485691531182277,0.2342585672961251,0.2758528555494877,lignin
C24 H28 O15,0.4661853538077313,0.5719970321699157,0.5498009535267093,0.2482483383123699,0.2613167307178128,lignin
C22 H20 O11,0.5593481657870394,0.6855933314438962,0.5075005353405928,0.4031333011911007,0.3111715482837591,lignin
C25 H24 O13,0.5970619490766294,0.6339367080350561,0.5211772943043261,0.4304319082262842,0.2593981827161746,lignin
C26 H28 O15,0.4969977390745564,0.6024125508750214,0.5387983123009973,0.4640121029933435,0.2092640646450798,lignin
C25 H28 O15,0.4913214807153088,0.6018903850145789,0.5295237950541211,0.4623210509819652,0.2159404730636406,lignin
C23 H22 O11,0.60389506949538,0.5523437535145779,0.533221781505311,0.4922437759682257,0.2611112602254107,lignin
C26 H30 O14,0.5924799357519268,0.4989083520188378,0.5448313541905634,0.4686039221608006,0.3115601835718285,lignin
C25 H32 O13,0.5804787066548672,0.4419651206058538,0.5346266727206025,0.4857584742240921,0.3606699171289906,lignin
C24 H32 O12,0.4148075087531087,0.5075623674903713,0.541229021091942,0.4910388405570301,0.3789683309248097,lignin
C23 H30 O13,0.4168217732119558,0.5084881273943314,0.5371148530684959,0.4943825296845792,0.3799009302618475,lignin
C24 H30 O14,0.4766951956511524,0.4412099081052352,0.5391567041346749,0.4983910885940423,0.3731445162864031,lignin
C25 H32 O12,0.5136826715448501,0.4685140412809869,0.5264085980312829,0.4710237950181192,0.5007372309287768,lignin
C25 H30 O12,0.4026895615215276,0.4636744875865912,0.5257342518388511,0.4744836139671248,0.553282557947988,lignin
C25 H30 O14,0.2774281604891381,0.5259509604317171,0.5259313255860348,0.4859324476723184,0.4375074751735752,lignin
C24 H24 O12,0.3827147055131334,0.6269280773563819,0.5188241820584378,0.4478450969803502,0.3858566618968115,lignin
C25 H28 O13,0.408778566262488,0.6356968889840034,0.5214754702644948,0.4467579731486963,0.3345610437974752,lignin
C24 H24 O14,0.3568329851659766,0.7517631532776914,0.5005173633306489,0.4062513249377019,0.3815869091147197,lignin
C24 H24 O13,0.3575406326884314,0.7490935200662717,0.4999221648187208,0.4114438415390883,0.3829911356792486,lignin
C23 H22 O12,0.3569105801833045,0.7258743305833669,0.5038312250088216,0.4135124039837839,0.4021786803551627,lignin
C20 H18 O10,0.3397956440792196,0.7455121852625193,0.4960912182188256,0.403400789240218,0.4294927249509238,lignin
C21 H20 O10,0.499079830294838,0.6922634781451897,0.497839705821992,0.3954165542175351,0.4322713511235213,lignin
C21 H18 O11,0.508553736077355,0.7372526460152479,0.4915865220170551,0.3802255874889944,0.4129141356767415,lignin
C18 H16 O9,0.4878032054105918,0.7381076323618156,0.4886580976111241,0.3769806795205502,0.4605243365105985,lignin
C17 H16 O8,0.4617553746196266,0.7145268631038567,0.4899733013794128,0.3796219248500204,0.4677623691909145,lignin
C16 H14 O9,0.4519805063683518,0.7191077036977055,0.4843273672156466,0.4675615419455692,0.5478384563189569,lignin
C17 H14 O10,0.4865018232574859,0.7035615407009812,0.255432812130611,0.5510732670301683,0.4992358547594605,lignin
C21 H18 O12,0.4916149792346917,0.756032140353042,0.297882994432776,0.3936998332669629,0.4366414242375396,lignin
C22 H18 O14,0.469489679261572,0.7544244318353439,0.2689009433767153,0.3075963640744254,0.3723710432090472,lignin
C20 H16 O11,0.5426069781815235,0.7808738196641558,0.3124808494431344,0.4171165443305678,0.2719411921550606,lignin
C37 H45 O11 P1,0.2191032821239614,0.5192059030127524,0.2894805533751275,0.3789464334380951,0.2924093419059963,lignin
C19 H26 O7,0.556440932458672,0.2529878933033594,0.5664922845727409,0.586251441775632,0.5675664624964182,lignin
C15 H20 O6,0.5185832802925388,0.3028815241009268,0.5260767743637242,0.7087068864718583,0.6669096574302156,lignin
C21 H26 O8,0.5150657062985012,0.3098691074787647,0.5247912012597447,0.7117037793795392,0.6619824949316295,lignin
C22 H30 O9,0.5248772931732114,0.3151482645777461,0.5280523243327174,0.7093006798462802,0.6217021672583637,lignin
C24 H30 O10,0.5509158065508629,0.3040563571203179,0.5435043379292549,0.7266238502860006,0.5492196398083465,lignin
C20 H26 O7,0.5337521293545507,0.3198313693470324,0.5323603445143419,0.7093045301871593,0.5781585714561704,lignin
C21 H28 O8,0.5457771529210942,0.2690435295134571,0.5416161685904458,0.7292025607687794,0.604412523988763,lignin
C18 H20 O7,0.5205568186383532,0.3301523591614241,0.4645556800352799,0.7103409799923011,0.5984076092142215,lignin
C15 H18 O6,0.505065216382898,0.3844607215593126,0.5127302879321026,0.6921335145973504,0.62690894364792,lignin
C20 H22 O8,0.5017298328846782,0.3999917015794794,0.5117210555739217,0.7024809295271667,0.6129963459950546,lignin
C16 H16 O7,0.5341481194203848,0.471937521328467,0.5142412131756467,0.698022102018809,0.4498457330640034,lignin
C26 H32 O12,0.5355590062267371,0.4580539344313919,0.5185414379073321,0.7041098450029789,0.4558556620116951,lignin
C22 H24 O9,0.5219975111485856,0.4513124920068457,0.5123884017704898,0.7025713904094293,0.4991334328990813,lignin
C24 H32 O11,0.523126971997967,0.4517453273385479,0.5158762292549555,0.7042654961394358,0.501217153663318,lignin
C25 H32 O11,0.5251927326981396,0.3857018294763752,0.5253251100351622,0.7211950466736551,0.5431262764941904,lignin
C25 H30 O11,0.5253612476357064,0.3971393103169048,0.5129997877728527,0.7176058651224705,0.5392103547394775,lignin
C17 H18 O7,0.5362239489381705,0.3891875275944574,0.5269018193307431,0.708820228115437,0.5003709013374422,lignin
C16 H20 O6,0.5606791031759255,0.319440708950212,0.5379448298507824,0.7104074536934549,0.5017726945532365,lignin
C14 H16 O6,0.4838642939790173,0.3359060043611293,0.5399976184104982,0.7204369278316004,0.4905095343765074,lignin
C23 H28 O9,0.439117616914251,0.2643568097497524,0.5665166652401523,0.7836566041179528,0.5046170580105914,lignin
C26 H32 O14,0.4609274272688227,0.4497653145623543,0.5309328624033086,0.7247865738348005,0.3241845074142661,lignin
C26 H30 O13,0.439796635932895,0.4380201976968148,0.5253718827347965,0.7257149928113693,0.3751055004152178,lignin
C23 H24 O10,0.4221374326478756,0.4894359018109676,0.5274485746894786,0.7146934141733792,0.3790660335634003,lignin
C22 H22 O10,0.4219361063892308,0.4886351002140719,0.5280219379870367,0.7098789390868107,0.3779833039832149,lignin
C25 H28 O12,0.4175274169896119,0.5058906334048621,0.5139334122211655,0.7033417241259969,0.372022631912941,lignin
C22 H30 O12,0.383398834081014,0.473197387049901,0.5182565062575191,0.708603856660749,0.4729170129272758,lignin
C12 H14 O6,0.3687444965896764,0.4239381877727714,0.5313917598594147,0.7207188435948163,0.4488495717085013,lignin
C11 H12 O6,0.384537787671379,0.4065084921842214,0.5292375906777873,0.643308802383777,0.4478269384682792,lignin
C20 H28 O6,0.4403330885091147,0.0789762508523353,0.4666362697149315,0.7306627693545793,0.380815943123939,lignin
C14 H18 O5,0.4251999061045187,0.1300446343360846,0.5330264577570931,0.7742623034544815,0.3644682638971127,lignin
C11 H14 O5,0.4677963145322293,0.1804708040197452,0.5148620253088032,0.7587068377893874,0.4167081687811975,lignin
C15 H18 O5,0.558806703848823,0.2563054138477743,0.4771725759889323,0.7616017630489601,0.3312989186050747,lignin
C12 H12 O5,0.4894946665823758,0.1970241245447517,0.5217626689584229,0.761738250994605,0.3252905750209526,lignin
C11 H10 O5,0.4956376471988499,0.2119575459875489,0.4951380256002576,0.7499554997959319,0.254374165564163,lignin
C28 H34 O14,0.531510940797256,0.2320231549229154,0.5808544067678505,0.6880245812842808,0.3231826682450497,lignin
C25 H34 O12,0.5374311049921198,0.1989022948948567,0.5816582131110559,0.6805705426263272,0.3428753539969375,lignin
C23 H32 O12,0.5639060840805381,0.1789797393219491,0.6245904206965696,0.7156170976732346,0.2968207635140446,lignin
C15 H16 O6,0.5293930326386984,0.3228336021282516,0.5611743558969715,0.7375716971089958,0.3770573410518172,lignin
C24 H32 O13,0.5070460183036076,0.3134409629638198,0.5622378779957994,0.728990260938929,0.3194165449132024,lignin
C13 H14 O6,0.4127178033025922,0.3598197949382366,0.5563004496860979,0.7321635171615889,0.3691694936525729,lignin
C15 H20 O5,0.4043278984093372,0.3232046210553984,0.4872924222817504,0.7489409571026884,0.4173711825735656,lignin
C10 H12 O5,0.4366622280379801,0.2828544550227214,0.4729492716663395,0.7423558562932405,0.3496268644059923,lignin
C10 H12 O6 N2,0.5160962322484491,0.0870763788874043,0.4566357813061292,0.7431667734878096,0.603461047764571,lignin
C19 H22 O7,0.5933741569619462,0.1424383715751543,0.4987034894024835,0.7514626205809483,0.5832186095432398,lignin
C23 H26 O9,0.6255849557237522,0.1161540885747539,0.4869566611165184,0.7552654296657346,0.5201721291904662,lignin
C22 H28 O8,0.6184594388452579,0.1340408399576097,0.5129318559948124,0.7499403639731659,0.5049048568018513,lignin
C23 H32 O9,0.6061856503619615,0.1522084261985233,0.5949588018425261,0.7312366471727301,0.5012627236487135,lignin
C21 H30 O8,0.5961574586745167,0.1451950056522446,0.5888631974899288,0.7371417423774979,0.5424722587183567,lignin
C26 H32 O11,0.6197982910260986,0.2359980019524183,0.567571198707928,0.7426772933714567,0.4448035026654017,lignin
C26 H34 O12,0.5991211976062062,0.2587951609202715,0.551265304934138,0.7408555067973563,0.4636006792139959,lignin
C24 H32 O10,0.5846694888076326,0.2522837526405526,0.5605762539776681,0.7561466709023367,0.493291626227606,lignin
C23 H32 O11,0.5823956392101198,0.252105533415723,0.561121378655549,0.7541983099039353,0.4938448443755504,lignin
C23 H30 O9,0.5731262656779255,0.2474073059197863,0.5548066664778789,0.7553334080978068,0.5344729565732786,lignin
C19 H24 O7,0.5720425903971933,0.2467362424559083,0.5579279884970977,0.7514545658448564,0.5355486441897015,lignin
C21 H24 O8,0.5768609454208972,0.229995464387003,0.4953739175063215,0.755095218044804,0.5367810247170716,lignin
C20 H20 O8,0.6593255635457106,0.1916640116540993,0.4812695224316458,0.73516532257315,0.3655052022783813,lignin
C19 H20 O7,0.6718662508361878,0.1281265484226092,0.4933362823467422,0.7598333501656664,0.3674379448143052,lignin
C27 H34 O12,0.6768901900762335,0.1406423921398132,0.6025757518870557,0.7592454429445424,0.4087447400954964,lignin
C25 H30 O10,0.6509116387616817,0.1024625783811123,0.5960782841355594,0.7609886294565593,0.4565241692731764,lignin
C25 H34 O11,0.65079507090802,0.1017602251322123,0.5947022281305016,0.7592211902226833,0.4567272801546843,lignin
C28 H32 O16,0.813943579155083,0.4261113617507241,0.3881289695146998,0.545593745134519,1.569924118536804e-06,lignin
C25 H30 O16,0.7203753094157671,0.4396302760441871,0.425590640560076,0.5598017685190996,1.569924118536804e-06,lignin
C27 H28 O14,0.7221838393774125,0.5298464382504326,0.5269425863521081,0.4960063113725527,0.1023916831679663,lignin
C28 H28 O17,0.5919319616431148,0.4459487239551702,0.5463814953200254,0.5561778896432115,1.569924118536804e-06,lignin
C27 H28 O17,0.6302415584485845,0.3972558738035975,0.5551859389810361,0.5718129732765985,1.569924118536804e-06,lignin
C25 H30 O15,0.5809740323690946,0.4846601728513597,0.5451133028875937,0.6833211464881218,0.1397169115819878,lignin
C28 H32 O15,0.6239553601726266,0.4529400428272405,0.55848536316774,0.7089058650074028,0.107583942420185,lignin
C16 H14 O7,0.6494678404470114,0.4401019524825854,0.5750794897257561,0.7187014420013417,0.0780045423247093,lignin
C25 H20 O13,0.5871938565985971,0.5174879371652917,0.4872748825193876,0.7240755442191292,1.569924118536804e-06,lignin
C26 H22 O14,0.6663280003999474,0.5751570996241049,0.4745772877497845,0.7127528423703194,1.569924118536804e-06,lignin
C17 H14 O8,0.603201272858846,0.6175842406165991,0.5394396471492994,0.681177037699971,0.0876315427770172,lignin
C26 H26 O14,0.6460253567893035,0.5766210518637626,0.5294255962485113,0.687029555836183,0.1913734579758461,lignin
C20 H18 O9,0.6324530414892392,0.5743774658278594,0.5300719026847848,0.6888976350144158,0.1727112216752677,lignin
C19 H16 O9,0.6136596685545617,0.6089644872588317,0.5219528222551505,0.6658035559624034,0.1934270015288803,lignin
C24 H22 O12,0.6920994145959384,0.5806786420988432,0.5345078318817357,0.6823634295154386,0.1329158677786136,lignin
C22 H28 O14,0.7086977351973103,0.543019076245213,0.5295050621106451,0.6865383497049532,0.1200225114253096,lignin
C26 H30 O16,0.8078367661322245,0.3770794652893056,0.5383055682739823,0.7379302213786681,1.569924118536804e-06,lignin
C28 H30 O16,0.8145865307673511,0.4132395314581634,0.5341611729956705,0.735167800953486,1.569924118536804e-06,lignin
C28 H28 O15,0.8079896518603619,0.4174238071643084,0.5344567239573904,0.7342903658009714,1.569924118536804e-06,lignin
C27 H30 O16,0.8111225068530576,0.4580931370375297,0.5654575976841468,0.7122745592222701,1.569924118536804e-06,lignin
C28 H30 O15,0.7973832295176455,0.4759614117822469,0.5209885330522305,0.7144576139871289,1.569924118536804e-06,lignin
C23 H20 O11,0.7850434677368534,0.4504919686070671,0.4844065148961503,0.7299251414070881,1.569924118536804e-06,lignin
C28 H28 O16,0.706924771705841,0.4234136520826545,0.5336080540043318,0.7352508266947408,1.569924118536804e-06,lignin
C28 H26 O15,0.7042774741714791,0.4670659548501657,0.5432473267174888,0.722920309185028,1.569924118536804e-06,lignin
C25 H24 O12,0.7218361395612259,0.4717023458582446,0.4761638209031967,0.7215899500261159,0.0908362722778607,lignin
C22 H20 O10,0.7337732989183485,0.4139865499714335,0.4783163594039694,0.7326896419014807,0.0950223786971968,lignin
C27 H28 O15,0.7430741813375017,0.4418851087293921,0.5170580353747973,0.7210051850372036,0.1116783558349269,lignin
C23 H30 O14,0.7536709857051844,0.4426804878346601,0.5531853719813711,0.7141506931365947,0.0948296003305814,lignin
C28 H30 O14,0.7754305521589299,0.4052172563445562,0.5298117494294208,0.7334440431730314,0.085698440769121,lignin
C24 H30 O15,0.77741055258172,0.3808177711840279,0.568032880253298,0.7275347878298426,0.0911576310037534,lignin
C21 H28 O13,0.7214412014614112,0.3714920495829421,0.5585023063395462,0.7283651337559739,0.1585871623304638,lignin
C27 H28 O13,0.7383652808734243,0.2980984446526681,0.4862077808772204,0.7597979447322956,0.1321993203140819,lignin
C25 H28 O16,0.7975273488622887,0.5192459491175879,0.5486811132793421,0.692685485303603,1.569924118536804e-06,lignin
C27 H26 O15,0.785438556117528,0.5268777245007934,0.5262224617776362,0.7064632441591435,1.569924118536804e-06,lignin
C27 H26 O14,0.7796984283928233,0.5330968002318738,0.5310719475483946,0.7104358222969435,1.569924118536804e-06,lignin
C26 H28 O16,0.7868136760792245,0.578278446471412,0.540902805375615,0.6802964603152447,1.569924118536804e-06,lignin
C27 H28 O16,0.7852248066411316,0.5786211077756762,0.5392130222832141,0.6803955955286832,1.569924118536804e-06,lignin
C21 H18 O10,0.7674299498332433,0.5957875916039586,0.5221662028108801,0.6989533091732557,1.569924118536804e-06,lignin
C26 H24 O13,0.7555017071404748,0.5683258446715624,0.4732817714698623,0.71300776149059,1.569924118536804e-06,lignin
C25 H22 O13,0.7566793079586439,0.6494936356818265,0.5092582104383302,0.6899172229819146,1.569924118536804e-06,lignin
C27 H26 O16,0.7555495465475427,0.6500884629300799,0.5120920155819908,0.690976907602706,1.569924118536804e-06,lignin
C26 H24 O14,0.7557026827437798,0.6517591125172636,0.5121394644175892,0.6898869070795908,1.569924118536804e-06,lignin
C26 H26 O15,0.7691523688621665,0.6871052024429007,0.5304148627093993,0.6798636288922852,1.569924118536804e-06,lignin
C22 H18 O11,0.7468279968433005,0.6962773269478072,0.5319300436322469,0.6761772151697057,1.569924118536804e-06,lignin
C20 H16 O10,0.7291765079757558,0.8086047631809123,0.5116310897179924,0.6488050976034859,1.569924118536804e-06,lignin
C25 H22 O14,0.739198037211745,0.7533241078675774,0.5242414231755227,0.6653314245084022,1.569924118536804e-06,lignin
C27 H24 O16,0.646556148786467,0.7053123226644404,0.53231591840423,0.6825126191603053,1.569924118536804e-06,lignin
C26 H22 O15,0.6460145866610107,0.7180632113104017,0.5065382347728613,0.6777519160756689,1.569924118536804e-06,lignin
C15 H12 O8,0.5827433390263063,0.7400487236981039,0.5176421373023734,0.6654431286506874,0.08213185203352,lignin
C14 H12 O9,0.4781368399401641,0.731713510567673,0.4973949674484283,0.653081321589233,0.2722061506502424,lignin
C15 H12 O9,0.4770610794513867,0.7629653783147892,0.4931795778938858,0.6499952955030408,0.2478875030435293,lignin
C14 H12 O8,0.4445388486542499,0.7440046522568169,0.5098415964572385,0.6631502727855871,0.1797852613984322,lignin
C12 H10 O7,0.4533502162190919,0.6876523519314353,0.5173473420220251,0.6849824579354684,0.1841741745306844,lignin
C13 H12 O8,0.5128250687710262,0.7094273109775652,0.5090159946723668,0.6653847539424171,0.2040332497195381,lignin
C10 H8 O6,0.4065766010096269,0.6318100068186828,0.4941293898326332,0.6855983797057472,0.2688460647368097,lignin
C13 H12 O7,0.4266227652860431,0.6060664667333754,0.5197459940137308,0.6938601490692664,0.2481316305987851,lignin
C26 H28 O13,0.4601201184894449,0.5742737556546545,0.5280236482132988,0.6918715586471973,0.2692379629243189,lignin
C26 H30 O15,0.4989144211617091,0.5896028984864581,0.5289317385857908,0.683394834046325,0.2084585893449705,lignin
C14 H12 O7,0.470863797350869,0.5950449914171999,0.5351509167290037,0.696777512522238,0.1634995956954208,lignin
C11 H10 O6,0.485827112290159,0.5211512520091336,0.5220670892330836,0.7153484589475327,0.1433935171755339,lignin
C19 H26 O12,0.6002817665935868,0.5348857806363547,0.5220859017219671,0.6865079010322542,0.2777663709435155,lignin
C26 H30 O12,0.5919349672603128,0.4840487969619908,0.5281248299716914,0.6998293723652272,0.3099045109713795,lignin
C26 H34 O13,0.5927783935396863,0.4832597240136528,0.5272357111788979,0.7019122740104381,0.3121541050076989,lignin
C27 H32 O14,0.5961017044754943,0.483493654319131,0.5280256368484874,0.7042215048884725,0.3090582033421233,lignin
C20 H28 O12,0.6159555092512397,0.4661281851314155,0.5332184008254904,0.7014771854911013,0.2804326206472737,lignin
C25 H28 O11,0.6261469560461547,0.3693759925168008,0.5426698668314424,0.7401882914054815,0.3123199782797817,lignin
C27 H34 O13,0.6280979522629843,0.3823466728234038,0.5406683850595907,0.7432873289884375,0.3011107204644186,lignin
C25 H32 O14,0.6077762229831332,0.4348880861994615,0.5248673659874655,0.711041255207586,0.3067616014325198,lignin
C27 H32 O13,0.6065721226400019,0.4354053919007415,0.5281738697154407,0.7105602281384504,0.3080830572711483,lignin
C18 H16 O8,0.6056627230631327,0.4184215456238002,0.5427932815312427,0.692169274085055,0.29056718630706,lignin
C25 H26 O12,0.6394310326569326,0.4691108768594728,0.5151103262984436,0.7193195323544144,0.2410433963413348,lignin
C27 H34 O14,0.6400267960791924,0.4462716634565516,0.5302489707619719,0.7081160140456895,0.2545828067837044,lignin
C19 H18 O8,0.6305944179076276,0.4355246465499457,0.5528374005960814,0.7102460934308671,0.2309860895038755,lignin
C17 H24 O11,0.6648214347794593,0.4068042790608598,0.5500365272511429,0.7230521944243347,0.2277053455067625,lignin
C21 H20 O9,0.6524306275999215,0.3812700069857759,0.4676739395563084,0.7282765316589632,0.2188605837175935,lignin
C24 H24 O11,0.6361456425914391,0.3828765506719391,0.4562946508258881,0.7299867026043617,0.2943505089901912,lignin
C12 H12 O7,0.4583573240028289,0.46447091102358,0.5550101038576659,0.7257436712123998,0.2151022581623733,lignin
C12 H12 O6,0.4504390755883671,0.4358106327750496,0.5530577811476748,0.7166213285340088,0.2435483260846578,lignin
C27 H30 O15,0.4913793889399899,0.4556695242795878,0.5313255780803402,0.7280536101991015,0.2705719541958232,lignin
C27 H30 O13,0.5132009212016337,0.4303469302110064,0.5171646659936064,0.7451979832002988,0.2548052922827893,lignin
C26 H28 O12,0.5318690600863955,0.3552815711119209,0.5296117722748619,0.7303329234859376,0.2584237371546838,lignin
C27 H32 O15,0.5441534183235048,0.4015786841291783,0.5210317659812292,0.7543543593515176,0.2211210540853787,lignin
C27 H30 O14,0.5256134690122369,0.4705969207316877,0.5375872334711802,0.7073789614364905,0.210724073885906,lignin
C15 H14 O7,0.5634435195937688,0.4615956247963553,0.5507422938795536,0.7100965939884584,0.2090791854446222,lignin
C26 H32 O15,0.5647079326553396,0.442508293600528,0.5495346355022609,0.7356394455827783,0.1787460555785699,lignin
C28 H32 O14,0.5544390912175765,0.4382663386501064,0.5200203461243409,0.7373464300391734,0.1950172133614736,lignin
C12 H10 O6,0.5085919074157693,0.4208645990183924,0.4766451501642294,0.7484288175089782,0.1456414152415231,lignin
C13 H12 O6,0.5006236655685811,0.2799296634552662,0.5147509401471717,0.6998453490670359,0.2358533215726393,lignin
C10 H8 O5,0.4931009563773736,0.30735873485478,0.4841238900631558,0.6977387257814666,0.1976409163312946,lignin
C10 H10 O6,0.4899228167522282,0.307461340446357,0.4862161331450122,0.6940321752186573,0.1964499211668748,lignin
C11 H12 O5,0.5461563616242395,0.2739147344923166,0.4902010796539074,0.7102671596637228,0.1583886784984439,lignin
C17 H14 O7,0.3573213729138387,0.2562539805105208,0.5244880537116047,0.7954565269518108,0.0524743912167023,lignin
C29 H26 O16,0.3739542330661773,0.2898886919118597,0.4432181812801656,0.808854474020865,1.569924118536804e-06,lignin
C29 H28 O17,0.3562450363484316,0.3593836257783485,0.4874506380973502,0.8082029255332567,1.569924118536804e-06,lignin
C28 H24 O15,0.3743028596143332,0.4141091786154282,0.5168205127878788,0.907796816361134,1.569924118536804e-06,lignin
C24 H20 O12,0.433739766249143,0.4486502896172861,0.4456434809833976,0.8111252014901085,1.569924118536804e-06,lignin
C29 H28 O16,0.4757708681755332,0.4411143919193789,0.5437348207476059,0.7845269581837934,1.569924118536804e-06,lignin
C28 H26 O16,0.4901401729692622,0.447133558459119,0.5418700775313178,0.7521644447839432,1.569924118536804e-06,lignin
C15 H12 O7,0.4897374703583527,0.4319504212352162,0.5247363547012449,0.7456252382675024,0.0661519356773019,lignin
C11 H10 O7,0.4173289711141151,0.4095128337121848,0.5911193438840241,0.7508976383779319,0.1288268925296046,lignin
C29 H24 O18,0.3100012112637308,0.5541483185616628,0.3379434537152319,0.8511359966067432,1.569924118536804e-06,lignin
C28 H26 O18,0.3219220651475543,0.504936234711787,0.4761264345616523,0.804014728306228,1.569924118536804e-06,lignin
C29 H26 O18,0.3080834521637488,0.5639418606071006,0.4708852274314565,0.7732929912023694,1.569924118536804e-06,lignin
C27 H26 O17,0.3476182136795457,0.583352613303565,0.5251665362652286,0.735554959367397,1.569924118536804e-06,lignin
C27 H24 O15,0.4519289600334064,0.5519180678385033,0.543456093639581,0.7478833968078993,1.569924118536804e-06,lignin
C28 H26 O17,0.4929054910722649,0.602742921198263,0.5271534214547964,0.7182637423312938,1.569924118536804e-06,lignin
C27 H24 O17,0.4522081317774789,0.6816120175910448,0.5205904878328935,0.7105650078719555,1.569924118536804e-06,lignin
C28 H24 O17,0.1804609509712702,0.6293152590039067,0.4806803693706908,0.7354090889819088,1.569924118536804e-06,lignin
C27 H22 O16,0.3016454201256728,0.7788870990649857,0.537275256382803,0.7164888236996182,1.569924118536804e-06,lignin
C27 H22 O15,0.3239779574045934,0.6399237814576815,0.5469842108729663,0.6316310282950487,1.569924118536804e-06,lignin
C27 H22 O17,0.3068866905359426,0.5895438535776234,0.4689175126851061,0.5480816406807013,1.569924118536804e-06,lignin
C28 H24 O18,0.3378338526872873,0.43086210708224,0.3400772592725286,0.6278954010200837,1.569924118536804e-06,lignin
C29 H28 O18,0.221855325417673,0.4292936413372844,0.355924533999139,0.6243867225730262,1.569924118536804e-06,lignin
C28 H28 O18,0.2109467884529397,0.4224621052185095,0.3576323738990518,0.6321453364715529,1.569924118536804e-06,lignin
C30 H30 O17,0.2286852147979358,0.4061526562336321,0.3489270835885415,0.7853681027671028,1.569924118536804e-06,lignin
C29 H24 O17,0.2195019021048437,0.4317360520662023,0.4398810923429909,0.779601177266065,1.569924118536804e-06,lignin
C28 H24 O16,0.2566094273587908,0.4169650242060026,0.4832185837799277,0.7379783727680526,1.569924118536804e-06,lignin
C29 H26 O17,0.0025941239394804,0.4906686550742632,0.2961700238540768,0.7727296022438548,1.569924118536804e-06,lignin
C30 H24 O19,2.4256377054600782e-06,0.4824102806585266,0.3512535481229034,0.7750106858023592,1.569924118536804e-06,lignin
C30 H24 O18,2.4256377054600782e-06,0.3386101406859428,0.3029698834723416,0.7992383583173249,1.569924118536804e-06,lignin
C20 H28 O7,0.6135767636135173,2.3634394908793333e-06,0.6886686612412456,0.5260464053704378,0.4400371623968278,lignin
C23 H32 O10,0.6445263553054303,0.0291352157131436,0.6206892355018154,0.7383398622427696,0.546559141656143,lignin
C20 H24 O7,0.657938721676942,0.0015488768370497,0.521033873934529,0.7602499836028587,0.5537170950417348,lignin
C22 H30 O8,0.6618896054836885,2.3634394908793333e-06,0.5248203944243124,0.7561726938958643,0.5548840332357093,lignin
C17 H22 O6,0.6729933572854307,0.0001925314411754,0.5263242798992892,0.7555476994832843,0.5134041383740717,lignin
C24 H30 O9,0.7093838174163695,2.3634394908793333e-06,0.5318029698436997,0.7530193089726839,0.5019974843598354,lignin
C19 H24 O6,0.6872896255812488,2.3634394908793333e-06,0.5281368413282301,0.7761685319871715,0.3134634678404944,lignin
C21 H26 O7,0.7086719870766476,2.3634394908793333e-06,0.528177608349595,0.7688412005238942,0.3012413286143082,lignin
C18 H22 O6,0.7171507330049128,2.3634394908793333e-06,0.5528613039910476,0.7785345000721828,0.2892786912831107,lignin
C19 H26 O6,0.6873046035736188,0.021013036212122,0.5793659531019368,0.7753771320377482,0.2976772469652823,lignin
C18 H24 O6,0.6703384956144538,0.0097473843406635,0.5697219076643273,0.7715393600875081,0.3439536224377759,lignin
C21 H28 O7,0.6931553380112091,2.3634394908793333e-06,0.5114807091250355,0.7656581635502657,0.4120622792749918,lignin
C24 H32 O9,0.7390890835883183,2.3634394908793333e-06,0.509799357845834,0.7599993131345926,0.4299166806645667,lignin
C22 H26 O8,0.7215288652963524,2.3634394908793333e-06,0.534264104753029,0.7566627936073012,0.4623688517204292,lignin
C23 H30 O8,0.752489477584658,2.3634394908793333e-06,0.4704494379162412,0.7579999683121371,0.3858053772287815,lignin
C26 H34 O10,0.7683972576347937,2.3634394908793333e-06,0.5065809108840073,0.7522552597205396,0.3473017628210564,lignin
C27 H34 O11,0.7931693542060757,2.3634394908793333e-06,0.5111199707018355,0.7544210100798384,0.3033579548898438,lignin
C27 H36 O11,0.7517876659689293,2.3634394908793333e-06,0.576713073987729,0.747238663866215,0.3865855604496179,lignin
C26 H36 O11,0.754575375920057,2.3634394908793333e-06,0.578502408157668,0.7504774643974026,0.3854960101191913,lignin
C26 H36 O10,0.7669254068929422,2.3634394908793333e-06,0.6024171383444182,0.7391565770770531,0.3461216992914825,lignin
C27 H36 O12,0.7530955602926309,2.3634394908793333e-06,0.6435034947479349,0.745029187796703,0.3786255974424177,lignin
C26 H34 O11,0.7259411614366089,2.3634394908793333e-06,0.6320690015046809,0.7398211813182168,0.4618993260213908,lignin
C24 H34 O10,0.722486755497349,2.3634394908793333e-06,0.6324152626637084,0.7409485345735385,0.4623100826615939,lignin
C25 H34 O10,0.7215908311042507,2.3634394908793333e-06,0.6279355834926098,0.739534485821496,0.4619375590916619,lignin
C26 H32 O10,0.8037688636292367,2.3634394908793333e-06,0.3342870297394824,0.7689029830051265,0.2919312073140859,lignin
C25 H34 O9,0.7449719280363071,2.3634394908793333e-06,0.4846764124639381,0.7742037074622528,0.288262252021486,lignin
C24 H34 O9,0.6947463113813406,2.3634394908793333e-06,0.482549089857356,0.7703454003606575,0.2762423203882622,lignin
C27 H36 O13,0.673357738277066,2.3634394908793333e-06,0.4553389922996864,0.7203746142688676,0.2803346046228612,lignin
C28 H36 O13,0.7191743649706938,2.3634394908793333e-06,0.5091474434583289,0.7177119486522081,0.2460430062681588,lignin
C29 H36 O13,0.7452144312505642,2.3634394908793333e-06,0.4439417263071617,0.6858061653428428,0.2056286232009626,lignin
C28 H38 O11,0.8574943712303925,2.3634394908793333e-06,0.4420800058163602,0.7578363066963801,0.1956094572614739,lignin
C20 H22 O7,0.8154810525390903,2.3634394908793333e-06,0.5132767648819117,0.7733812392450464,0.225263516920401,lignin
C23 H28 O8,0.8205086486133936,2.3634394908793333e-06,0.4830334418438752,0.7689949486183074,0.222684314737289,lignin
C27 H36 O10,0.8221585320806054,2.3634394908793333e-06,0.4809855055540194,0.7528870696790435,0.2511421069762043,lignin
C25 H32 O9,0.8201544366266115,2.3634394908793333e-06,0.5114919250274989,0.7515722003972313,0.2559227523858247,lignin
C28 H34 O12,0.8216360556243564,2.3634394908793333e-06,0.4498013592082877,0.75140455567022,0.2510385606137584,lignin
C28 H36 O12,0.7954309809603167,2.3634394908793333e-06,0.449029013073765,0.7557447307199934,0.2966841825990789,lignin
C17 H20 O6,0.7955807608840162,2.3634394908793333e-06,0.5557915181686484,0.761921562625883,0.2575218311937315,lignin
C26 H36 O12,0.819529769185631,2.3634394908793333e-06,0.611219474052129,0.742792538057079,0.2537501406549306,lignin
C23 H32 O8,0.7885200150561384,2.3634394908793333e-06,0.4885090692900954,0.7749999756587646,0.1680200387005681,lignin
C24 H32 O8,0.7947986992891014,2.3634394908793333e-06,0.4940984466690997,0.7866592504085566,0.1008166428960448,lignin
C23 H34 O11,0.8249244513070477,0.1038382544654017,0.5043957587661425,0.7731873944973406,0.1234231900199077,lignin
C25 H26 O11,0.8368941214235285,0.0996012500490032,0.5008241301948322,0.7724425526928,0.1474874973804632,lignin
C21 H22 O8,0.7898824112383633,0.0992680680634362,0.5027231177090669,0.7792590722661186,0.177282783438304,lignin
C24 H34 O12,0.7894059708188633,0.114959915335224,0.5888253736486428,0.7805917327781997,0.176511430323861,lignin
C17 H18 O6,0.6916484718290012,2.3634394908793333e-06,0.5557062057190603,0.783091090833436,0.2051445895818164,lignin
C19 H22 O6,0.6351963183994568,2.3634394908793333e-06,0.5251392521904419,0.7983590643795583,0.1952396251227182,lignin
C18 H20 O6,0.6329380980113735,2.3634394908793333e-06,0.5243543378815276,0.7955179553787094,0.1965359179232946,lignin
C20 H26 O6,0.5846762514463281,2.3634394908793333e-06,0.4735242656447521,0.7746729179680008,0.2448826860453644,lignin
C17 H16 O7,0.6423944710269022,0.3093775084044604,0.5075749102966439,0.7470461468222606,0.2561965225529397,lignin
C27 H32 O12,0.6983172851742622,0.2952997963071145,0.5398059139783236,0.7469554203992476,0.2336801383734818,lignin
C18 H26 O11,0.6757728017892639,0.2664607766678941,0.5891600211781693,0.7013544171508876,0.2452595232789625,lignin
C18 H18 O7,0.6761402885853371,0.22296205091326,0.5213389703451539,0.7286719218361328,0.265230901198815,lignin
C16 H18 O6,0.6755306993239666,0.2235548899145833,0.5197043917655867,0.7341830873378575,0.265926820502482,lignin
C23 H34 O10,0.7383505032555343,0.1349868438303131,0.4991096084806859,0.755382356109442,0.2658311640889638,lignin
C24 H34 O11,0.7237607364403333,0.1518359612736091,0.5908385883681069,0.7461310048832059,0.2619017483094494,lignin
C21 H30 O12,0.7358949640984035,0.1877480287837102,0.6373040438657923,0.7381030884071016,0.1977723909008094,lignin
C28 H34 O13,0.6626440654940018,0.1257281703340383,0.5949749495602571,0.7414793062765601,0.2111338719341833,lignin
C25 H34 O13,0.6349087810208499,0.1308708111854675,0.6231474272310658,0.7474666748571236,0.238532549136316,lignin
C26 H30 O11,0.65259663785649,0.0935096129128243,0.5902079523771191,0.7563329919954511,0.3057457336391586,lignin
C15 H16 O5,0.5722868468881492,0.1246146918032491,0.5805686001185545,0.7159928820916751,0.0774733902255183,lignin
C15 H14 O6,0.5841973564394497,0.245279861621227,0.5566975005878405,0.7534059363050943,0.0791594612506911,lignin
C14 H12 O6,0.5474287395713849,0.2291575890140159,0.5495073514274742,0.7485664561312075,0.1412540782556104,lignin
C14 H16 O5,0.5108126076824978,0.113024778698075,0.5293205963105567,0.785999558671273,0.1709390432869143,lignin
C13 H14 O5,0.5116140555083395,0.1492818271338589,0.5211766977137695,0.7756282450739315,0.149561973262954,lignin
C10 H12 O6,0.5740374686251135,0.13209990928774,0.519159585269336,0.7768786764670086,0.1643991051765586,lignin
C16 H16 O6,0.6072314047723791,0.1420138306473121,0.5186677162418041,0.7729761125736997,0.17859553821176,lignin
C17 H16 O6,0.4355545078196641,0.0775308606048512,0.5346530420232024,0.7477774460485368,0.0776190224603987,lignin
C19 H28 O6,0.4658359508084659,2.3634394908793333e-06,0.5104873460756592,0.7572936299163874,0.1461016960588156,lignin
C16 H22 O5,0.526485949591191,2.3634394908793333e-06,0.5446122861381946,0.6876198971808513,0.17057109146309,lignin
C16 H20 O5,0.5412270993259303,2.3634394908793333e-06,0.5116632260626391,0.665184624730288,0.0970796920973239,lignin
C18 H18 O6,0.5818187610825872,2.3634394908793333e-06,0.511866862305945,0.6728657449865243,0.0590389946346872,lignin
C19 H20 O6,0.6192813749616659,2.3634394908793333e-06,0.5132620887542203,0.6848699129141407,1.569924118536804e-06,lignin
C28 H26 O14,0.5685958487817883,2.3634394908793333e-06,0.4972686095685489,0.5964083754739128,1.569924118536804e-06,lignin
C23 H34 O12,0.74288307417733,2.3634394908793333e-06,0.5069302743139288,0.6765664093960355,0.0466058914469856,lignin
C19 H18 O7,0.7020530168832532,2.3634394908793333e-06,0.5914477470990586,0.7900206422527911,0.0620156437778019,lignin
C20 H20 O7,0.694486676149055,2.3634394908793333e-06,0.5087150743956379,0.803417084590927,1.569924118536804e-06,lignin
C26 H38 O11,0.7322142351841356,2.3634394908793333e-06,0.5005944826032602,0.806654911472697,0.0403630016182506,lignin
C22 H20 O9,0.7571236884613655,2.3634394908793333e-06,0.5420486171985444,0.8025337190283227,1.569924118536804e-06,lignin
C24 H22 O10,0.7603855345254746,2.3634394908793333e-06,0.5414796288984011,0.8039318795921401,1.569924118536804e-06,lignin
C22 H28 O7,0.7674802939213096,2.3634394908793333e-06,0.5039455317594586,0.7997201377519196,1.569924118536804e-06,lignin
C22 H30 O7,0.7670275978776736,2.3634394908793333e-06,0.5019876408709395,0.7973570906151615,1.569924118536804e-06,lignin
C31 H34 O16,0.7987429707380123,2.3634394908793333e-06,0.4705740855698585,0.815642934788237,1.569924118536804e-06,lignin
C22 H30 O14,0.6405670557705295,2.3634394908793333e-06,0.4779379619002952,0.8183785355976406,1.569924118536804e-06,lignin
C24 H34 O8,0.6251265991010599,0.0400618501445033,0.5071477912308506,0.7834630249109974,0.0441763033421381,lignin
C22 H18 O10,0.6832011346004548,0.0955235162616909,0.5686439480740307,0.7952959633114737,1.569924118536804e-06,lignin
C23 H20 O10,0.7125725768889477,0.0795008668756615,0.5282687673866374,0.796212255927113,1.569924118536804e-06,lignin
C26 H24 O12,0.7517917736457665,0.1180922075822981,0.5187584377791049,0.7716244216411817,1.569924118536804e-06,lignin
C20 H18 O8,0.7933055086651443,0.1832217946888823,0.5140139519463012,0.7674912798630447,1.569924118536804e-06,lignin
C21 H18 O9,0.7904822823374604,0.1833868191840845,0.5186436537560227,0.7591795888384726,1.569924118536804e-06,lignin
C18 H16 O7,0.7439859854081292,0.1726226109706886,0.5160923143545415,0.769288194120202,0.0636074179308896,lignin
C19 H16 O8,0.7081077826349665,0.1941672346224564,0.5271421657796294,0.7646469843731923,1.569924118536804e-06,lignin
C24 H32 O14,0.8145553725357321,0.2807301638026271,0.5515418843161592,0.7588037601632402,0.0809233902181445,lignin
C22 H30 O13,0.8164601323413327,0.2363989048334242,0.604155324817308,0.701394690831347,0.0937555165121883,lignin
C19 H28 O11,0.7978298642332655,0.1717527228137959,0.6072626468447996,0.7513804799755278,0.1265065654698376,lignin
C22 H32 O12,0.7535187011004867,0.1901272574435145,0.608923196999929,0.7565525056823508,0.0622696383778324,lignin
C26 H34 O14,0.701174775538003,0.210119702908512,0.587466857405948,0.614412082599814,0.1048972028140129,lignin
C29 H36 O15,0.7538699575636908,0.187422197286794,0.3715589054424649,0.6477679396896767,1.569924118536804e-06,lignin
C30 H34 O16,0.8057854323946023,0.1755108910945174,0.3834924665726333,0.7734398352372752,1.569924118536804e-06,lignin
C26 H32 O16,0.7719460900476901,0.2990639092453241,0.3989225654093932,0.7836210216574151,1.569924118536804e-06,lignin
C28 H34 O15,0.7799786521029152,0.2990527630125339,0.3997334512938696,0.7633880556761061,1.569924118536804e-06,lignin
C29 H32 O15,0.8593987302870334,0.2903138955886785,0.3999576102523212,0.745191167654375,1.569924118536804e-06,lignin
C29 H34 O15,0.8588723465284269,0.2907242777883818,0.3954032379435412,0.7775926270309331,1.569924118536804e-06,lignin
C29 H34 O16,0.8560834343304201,0.2909809624753939,0.3981475545037178,0.7775705871486597,1.569924118536804e-06,lignin
C25 H32 O15,0.8591632902731916,0.2899844490973439,0.3992367299964777,0.7820662805645149,1.569924118536804e-06,lignin
C29 H32 O16,0.8364130222973716,0.3540351612030444,0.3891095257534621,0.7691274534526981,1.569924118536804e-06,lignin
C27 H32 O16,0.8380745274844156,0.3577040190383279,0.3852497439433331,0.7710257157628796,1.569924118536804e-06,lignin
C28 H28 O14,0.8408004720021248,0.2649133381404726,0.4925528794005712,0.7637660086773407,1.569924118536804e-06,lignin
C24 H22 O11,0.8208446265225079,0.3226668103024449,0.4940414126118925,0.7562158885245768,1.569924118536804e-06,lignin
C27 H34 O15,0.6814431991949755,0.3625547792154209,0.3875301914594323,0.804823034350086,0.086727996149115,lignin
C28 H32 O17,0.6353750023418767,0.3362492681644632,0.3820322912991006,0.742280221436202,1.569924118536804e-06,lignin
C28 H30 O17,0.5969271471452998,0.4237912583329638,0.3837184948481621,0.7604502898421546,1.569924118536804e-06,lignin
C27 H32 O17,0.55324285557278,0.3092481116875822,0.358509043835565,0.8147790422139867,1.569924118536804e-06,lignin
C29 H30 O16,0.5635661988690664,0.3110196597856453,0.4113127967242564,0.8038091112519263,1.569924118536804e-06,lignin
C30 H32 O17,0.587567705284406,0.259316764448249,0.4282067696959997,0.8369863921872246,1.569924118536804e-06,lignin
C20 H16 O9,0.672087814917299,0.2727591011099479,0.511952373619052,0.7608163820232099,1.569924118536804e-06,lignin
C26 H22 O13,0.5807565759648207,0.2761532796193363,0.5040242419402207,0.7873413360824472,1.569924118536804e-06,lignin
C25 H22 O12,0.6244694709943414,0.1941415681620854,0.5142871108757981,0.7883531348546045,1.569924118536804e-06,lignin
C27 H34 O16,0.6361416351018419,0.2166026531488368,0.4054741240380176,0.7470552637213536,1.569924118536804e-06,lignin
C30 H30 O16,0.583510572909711,0.1813987329203563,0.3733589384697182,0.6611475201901696,1.569924118536804e-06,lignin
C29 H32 O17,0.5734762197070105,0.2974185244524649,0.3980664579607293,0.5849343596542341,1.569924118536804e-06,lignin
C27 H26 O13,0.8725838719983777,0.1990419943458274,0.4966915076368364,0.7264198264762007,1.569924118536804e-06,lignin
C29 H30 O15,0.8692434290445413,0.1923873318706262,0.5034158786633445,0.775954417628861,1.569924118536804e-06,lignin
C22 H22 O9,0.8662086573597396,0.1667709190890342,0.4969866608715185,0.7653589876382815,0.033561978553644,lignin
C29 H36 O14,0.8803121153123071,0.115312889415232,0.4361211002466226,0.7142125641314104,0.0950661421055014,lignin
C29 H34 O14,0.8816444052289324,0.122863427840534,0.4307948988484689,0.797868256559454,0.0784083583906804,lignin
C27 H30 O12,0.8982440282644234,0.1219822829926883,0.4365960261023482,0.7985898192915533,0.079773642158224,lignin
C26 H26 O12,0.8903811333000244,0.1044685588672117,0.5069671038376204,0.7758904223080431,0.083838302354346,lignin
C23 H32 O13,0.86416834421851,0.1161025246960352,0.4270867703578175,0.7611368897088,1.569924118536804e-06,lignin
C28 H36 O15,0.9196699712091928,0.1333908740028238,0.4324577955931208,0.7811381271286963,1.569924118536804e-06,lignin
C26 H34 O15,0.9331869330591944,0.1042416175509425,0.4168904013829446,0.7379410200358463,1.569924118536804e-06,lignin
C28 H30 O13,0.9087321294767792,0.1136580453869779,0.3515990138278554,0.788692761474215,1.569924118536804e-06,lignin
C28 H32 O13,0.9533786693952327,2.3634394908793333e-06,0.4789685124276972,0.5966817939331197,0.0818374537055403,lignin
C24 H34 O13,0.9483527765040084,2.3634394908793333e-06,0.4055129421968978,0.6710809570902965,1.569924118536804e-06,lignin
C30 H36 O14,0.988949547809902,2.3634394908793333e-06,0.4472442527647597,0.76608931321514,1.569924118536804e-06,lignin
C25 H34 O14,0.9916852605835044,2.3634394908793333e-06,0.4483837407277896,0.7660830287507167,1.569924118536804e-06,lignin
C26 H36 O13,0.9860919071653012,2.3634394908793333e-06,0.4642923051909106,0.7595007161191467,1.569924118536804e-06,lignin
C28 H38 O13,0.95564590663491,2.3634394908793333e-06,0.446411372575098,0.7521956900788931,0.0786878616748901,lignin
C27 H36 O14,0.953467635664293,2.3634394908793333e-06,0.4455730832977235,0.7534987870541096,0.0797272702738136,lignin
C28 H38 O12,0.9509521344440623,2.3634394908793333e-06,0.4469948381394138,0.7567536085438975,0.0794209909362921,lignin
C29 H38 O14,0.8978423776195331,2.3634394908793333e-06,0.4093141388143725,0.7640017203500075,0.0801190302028719,lignin
C29 H38 O13,0.8973778093879652,2.3634394908793333e-06,0.407918077139318,0.762935397210459,0.0795486495725638,lignin
C27 H38 O12,0.8411245777233071,2.3634394908793333e-06,0.4083549007448314,0.7784779398923728,0.0721029020043272,lignin
C21 H20 O8,0.8388201710176149,2.3634394908793333e-06,0.5365152397864492,0.8008009771191502,1.569924118536804e-06,lignin
C26 H26 O11,0.8442646461972781,2.3634394908793333e-06,0.4999209716376077,0.7972861027212528,1.569924118536804e-06,lignin
C21 H24 O7,0.8433061548728419,2.3634394908793333e-06,0.4995971422835068,0.7988121654131225,1.569924118536804e-06,lignin
C29 H32 O14,0.9068716524312288,2.3634394908793333e-06,0.4759671846557545,0.7851500938111214,1.569924118536804e-06,lignin
C25 H26 O10,0.9202753025128664,2.3634394908793333e-06,0.498038450022734,0.7896229507224523,1.569924118536804e-06,lignin
C25 H24 O11,0.9170519784425112,2.3634394908793333e-06,0.5280318811629793,0.7864487651071665,1.569924118536804e-06,lignin
C23 H24 O9,0.9493499401030586,2.3634394908793333e-06,0.5171134785238536,0.7472864612012656,0.0854925094152161,lignin
C25 H28 O10,0.9434681476210892,2.3634394908793333e-06,0.5212662658426611,0.7511152047659962,0.0853026068243781,lignin
C26 H28 O11,0.9372052428784154,2.3634394908793333e-06,0.5210316864358217,0.7590148650597144,0.0685079564604597,lignin
C27 H38 O11,0.908334586508726,2.3634394908793333e-06,0.4914888402565944,0.7759429993765988,0.0666247242757801,lignin
C22 H24 O8,0.8830225809014467,2.3634394908793333e-06,0.5280409891121428,0.7746708821555819,0.0559298754612117,lignin
C27 H28 O12,0.8843408446044814,2.3634394908793333e-06,0.5287222955277344,0.7717348865932989,0.0560671522770466,lignin
C24 H24 O10,0.8812974568170454,2.3634394908793333e-06,0.5269740067880869,0.7717267433436237,0.0561500843044729,lignin
C23 H22 O10,0.8850054867541949,2.3634394908793333e-06,0.5149867127351243,0.7629502674924747,0.1262250436122457,lignin
C25 H36 O11,0.8858989565599148,2.3634394908793333e-06,0.5188303866002261,0.7572663677326918,0.1264695306394737,lignin
C28 H36 O11,0.8905158851377339,2.3634394908793333e-06,0.5938210638784622,0.7490606274674821,0.1446324972396239,lignin
C28 H28 O13,0.8494674697542237,2.3634394908793333e-06,0.349448503734975,0.8199452260243035,1.569924118536804e-06,lignin
C30 H32 O15,0.8437150189990072,2.3634394908793333e-06,0.3749654375204233,0.8094927454709591,1.569924118536804e-06,lignin
C27 H38 O13,0.8204810470287921,2.3634394908793333e-06,0.4180855313585496,0.8089057233856694,1.569924118536804e-06,lignin
C30 H38 O14,0.8899515304151929,2.3634394908793333e-06,0.4162860551491492,0.8055340639657573,1.569924118536804e-06,lignin
C28 H38 O14,0.886827792461331,2.3634394908793333e-06,0.4151167774309952,0.8035054211471874,1.569924118536804e-06,lignin
C30 H34 O15,0.8767607782184124,2.3634394908793333e-06,0.4587013369037555,0.786288112953246,1.569924118536804e-06,lignin
C29 H30 O14,0.8992676412948158,2.3634394908793333e-06,0.3692931340540571,0.7851813391060712,1.569924118536804e-06,lignin
C29 H40 O12,0.9266474113470664,2.3634394908793333e-06,0.34583674450556,0.7959517604510865,1.569924118536804e-06,lignin
C24 H26 O9,0.9275937800154708,2.3634394908793333e-06,0.3480792886349658,0.8002441381658091,1.569924118536804e-06,lignin
C29 H32 O13,0.9257945173735194,2.3634394908793333e-06,0.3465342384115863,0.8010838665317838,1.569924118536804e-06,lignin
C27 H26 O12,0.9249097638576737,2.3634394908793333e-06,0.3449345802659298,0.8019208509766722,1.569924118536804e-06,lignin
C30 H36 O15,1.0,2.3634394908793333e-06,0.2717912257597302,0.7779865124771845,1.569924118536804e-06,lignin
C29 H38 O12,0.9595328709825792,2.3634394908793333e-06,0.2684399180809575,0.7711413145028356,0.0794979732417175,lignin
C29 H34 O13,0.9591771060935784,2.3634394908793333e-06,0.3366370794871803,0.7655643391518328,0.0804422508092359,lignin
C28 H32 O12,0.9548889920372184,2.3634394908793333e-06,0.3416038947340622,0.769862647276645,0.0804817374227946,lignin
C28 H34 O11,0.9193507746627672,2.3634394908793333e-06,0.3420231785772126,0.7740159701518035,0.067472815439052,lignin
C27 H32 O11,0.902942008319348,2.3634394908793333e-06,0.3331359679196553,0.7029952819604626,0.1458301841130642,lignin
C26 H30 O10,0.9040286391236582,2.3634394908793333e-06,0.3361216252463123,0.7627529707150154,0.1426806750374846,lignin
C25 H36 O12,0.8981863204142222,2.3634394908793333e-06,0.3400897081288088,0.7791854289647071,0.1209645676403846,lignin
C29 H36 O12,0.8889377357343139,2.3634394908793333e-06,0.3206969752699691,0.7752015210882285,0.0815707623711081,lignin
C27 H30 O11,0.8588295665769757,2.3634394908793333e-06,0.3450846824499604,0.7723644837122172,0.0867246042084545,lignin
C25 H36 O10,0.8275686931305918,2.3634394908793333e-06,0.3390542655588431,0.7905412791505103,0.1490464443687074,lignin
C30 H36 O17,0.6947360922828675,0.0977316050607351,0.2261947839530822,0.8326139981930837,1.569924118536804e-06,lignin
C31 H32 O15,0.7057518796879488,2.3634394908793333e-06,0.1869566849801407,0.8668456529341677,1.569924118536804e-06,lignin
C27 H36 O15,0.8014034929880454,2.3634394908793333e-06,0.2374247659535474,0.8397205767792935,1.569924118536804e-06,lignin
C31 H36 O16,0.8311448766599898,2.3634394908793333e-06,0.2602054172649807,0.8366925270902461,1.569924118536804e-06,lignin
C30 H38 O15,0.8428348740961984,2.3634394908793333e-06,0.257954878822117,0.8190430955820126,1.569924118536804e-06,lignin
C30 H38 O13,0.8231661151526087,2.3634394908793333e-06,0.3102475922400591,0.8131674754005261,1.569924118536804e-06,lignin
C28 H30 O12,0.7851723586210269,2.3634394908793333e-06,0.3141666154924545,0.82825780218471,1.569924118536804e-06,lignin
C30 H40 O13,0.7792763896446068,2.3634394908793333e-06,0.3118355373244552,0.8313881735761993,1.569924118536804e-06,lignin
C26 H36 O14,0.7491923155184724,2.3634394908793333e-06,0.4208397910946689,0.8248237406884816,1.569924118536804e-06,lignin
C29 H28 O15,0.7669102285260924,2.3634394908793333e-06,0.3802828093783399,0.8109814554306226,1.569924118536804e-06,lignin
C25 H36 O9,0.7707490529049741,2.3634394908793333e-06,0.3532919389638542,0.8168279546431615,1.569924118536804e-06,lignin
C26 H36 O9,0.695735910843776,2.3634394908793333e-06,0.3616730419659297,0.819642863623316,0.0474878605393274,lignin
C29 H28 O14,0.6963363830663126,2.3634394908793333e-06,0.3895635311670043,0.8346201585614631,1.569924118536804e-06,lignin
C22 H22 O8,0.698843268183909,2.3634394908793333e-06,0.3586912823642422,0.8300099285686531,1.569924118536804e-06,lignin
C28 H40 O11,0.7252360436419625,2.3634394908793333e-06,0.3556483125714517,0.8347256667529084,1.569924118536804e-06,lignin
C26 H28 O10,0.7155020517845802,2.3634394908793333e-06,0.3120143752869601,0.8382692195518363,1.569924118536804e-06,lignin
C25 H36 O13,0.6607801820822936,2.3634394908793333e-06,0.3093948853575677,0.8444859710838515,1.569924118536804e-06,lignin
C27 H28 O11,0.6423739326427159,2.3634394908793333e-06,0.362130865559034,0.830145619892047,1.569924118536804e-06,lignin
C26 H38 O12,0.6426616703958027,2.3634394908793333e-06,0.3639982337737709,0.8279513681588847,1.569924118536804e-06,lignin
C28 H40 O10,0.6414882774417108,2.3634394908793333e-06,0.3636629498809842,0.8242963767584219,1.569924118536804e-06,lignin
C30 H28 O15,0.5555990590815174,2.3634394908793333e-06,0.4169655717930712,0.8505341927530212,1.569924118536804e-06,lignin
C25 H22 O11,0.553810065631659,2.3634394908793333e-06,0.4172525716234804,0.8478222250703926,1.569924118536804e-06,lignin
C26 H24 O11,0.4734095551175592,2.3634394908793333e-06,0.3731008533949502,0.841622999227896,1.569924118536804e-06,lignin
C27 H38 O9,0.5032114518824231,2.3634394908793333e-06,0.316414568709573,0.8323242932345262,1.569924118536804e-06,lignin
C30 H26 O16,0.4852899083096398,0.0642139742911236,0.3135117181521665,0.8673830188991548,1.569924118536804e-06,lignin
C31 H34 O17,0.5688472185667794,2.3634394908793333e-06,0.309029931027768,0.8493943148256446,1.569924118536804e-06,lignin
C24 H32 O15,0.600339474443788,2.3634394908793333e-06,0.242415206186469,0.8574232049511666,1.569924118536804e-06,lignin
C20 H24 O6,0.5672493322770926,2.3634394908793333e-06,0.3244941747307149,0.7004413552810435,0.1269005190996491,lignin
C25 H34 O8,0.6176817854889002,2.3634394908793333e-06,0.2788410965938974,0.6879566471090003,0.0881868348017241,lignin
C28 H40 O12,0.5817010410756663,2.3634394908793333e-06,0.3265916876958209,0.6984661304100719,1.569924118536804e-06,lignin
C30 H30 O14,0.6380083738498881,2.3634394908793333e-06,0.3852943689169638,0.6963444598153199,1.569924118536804e-06,lignin
C25 H32 O16,0.665737496807784,2.3634394908793333e-06,0.2821208531785867,0.7040365114991094,1.569924118536804e-06,lignin
C32 H34 O16,0.668079523822071,2.3634394908793333e-06,0.2775220149869911,0.6964524463871012,1.569924118536804e-06,lignin
C27 H40 O12,0.6530609556199581,2.3634394908793333e-06,0.2090829162237313,0.7177651010590562,1.569924118536804e-06,lignin
C25 H28 O9,0.7000033362350898,2.3634394908793333e-06,0.3173476959990887,0.6941245391429637,1.569924118536804e-06,lignin
C30 H30 O15,0.7301274351635773,2.3634394908793333e-06,0.3177227327092943,0.6936590904645114,1.569924118536804e-06,lignin
C27 H38 O10,0.7343221747123199,2.3634394908793333e-06,0.3662317892721245,0.6882429442945959,0.0623231167466156,lignin
C26 H38 O10,0.7154846692984519,2.3634394908793333e-06,0.3814852973041425,0.6939331285188022,1.569924118536804e-06,lignin
C29 H40 O11,0.7021170866231901,2.3634394908793333e-06,0.3688975149696502,0.6282379928447389,1.569924118536804e-06,lignin
C26 H34 O9,0.7257390837736646,2.3634394908793333e-06,0.3146807771204499,0.6728651253914403,0.1143440340704217,lignin
C28 H36 O14,0.6689081223899346,0.0930030116116834,0.3877930094859489,0.7281465937184919,0.1478729527241634,lignin
C30 H34 O14,0.8495120530759938,2.3634394908793333e-06,0.3657854202177062,0.6977780258125083,1.569924118536804e-06,lignin
C30 H32 O14,0.7847633442140015,2.3634394908793333e-06,0.3761281527424552,0.7045811798347292,1.569924118536804e-06,lignin
C28 H38 O10,0.7842092085899337,2.3634394908793333e-06,0.3127075737409791,0.6869087790515964,1.569924118536804e-06,lignin
C30 H36 O13,0.7985005677109951,2.3634394908793333e-06,0.2766649927661406,0.6909455737941728,1.569924118536804e-06,lignin
C29 H40 O13,0.7982803561576229,2.3634394908793333e-06,0.2780209635557942,0.6883261470630175,1.569924118536804e-06,lignin
C29 H38 O11,0.8314624702105765,2.3634394908793333e-06,0.2817379613593864,0.686048161479933,1.569924118536804e-06,lignin
C23 H26 O8,0.8437078055177321,2.3634394908793333e-06,0.3117759180415029,0.6861241061345136,0.0539086475167528,lignin
C29 H36 O16,0.768977341754004,0.1015727475050111,0.2319450419188388,0.6884203697725758,1.569924118536804e-06,lignin
C30 H32 O16,0.760709640246657,0.0636966685898437,0.1819810004203179,0.7342846124180485,1.569924118536804e-06,lignin
C29 H32 O12,0.7983973748538644,2.3634394908793333e-06,0.1395813990541733,0.7095843216243729,1.569924118536804e-06,lignin
C28 H32 O11,0.8686882915480741,2.3634394908793333e-06,0.1404559312078588,0.7041876926996032,1.569924118536804e-06,lignin
C29 H34 O12,0.8808978099169538,2.3634394908793333e-06,0.1408903187352662,0.699985510326393,0.0666782210790235,lignin
C21 H30 O7,0.5970139092950816,2.3634394908793333e-06,0.592601354371927,0.4313429785405013,1.569924118536804e-06,lignin
C22 H32 O8,0.7539559182155531,2.3634394908793333e-06,0.4993246197172701,0.4970559939584169,0.1676349612633002,lignin
C30 H36 O16,0.6966869883124571,0.0932802816835784,0.4018423989113097,0.5269869507079361,1.569924118536804e-06,lignin
C29 H30 O13,0.6686589567242219,2.3634394908793333e-06,0.3306875006164769,0.3949280034938082,1.569924118536804e-06,lignin
C31 H38 O15,0.7996321825860351,2.3634394908793333e-06,0.2793732155976453,0.504538533990234,1.569924118536804e-06,lignin
C28 H34 O16,0.7334940770806561,0.2057109962988884,0.3693772930952359,0.4177830516137752,1.569924118536804e-06,lignin
C27 H30 O17,0.6610139690066765,0.294205035414092,0.320887943907124,0.3624452222624762,1.569924118536804e-06,lignin
C19 H21 O10 N1,0.5188757769395222,2.3634394908793333e-06,0.8171001308044682,0.466814797098985,1.569924118536804e-06,lignin
C18 H19 O10 N1,0.4719409604610056,0.1148207983000207,0.7869827281465698,0.5644006687732309,0.0543929438269555,lignin
C20 H19 O11 N1,0.3896501922442853,0.192493512290017,0.7692542045316064,0.5580808874301063,1.569924118536804e-06,lignin
C19 H17 O11 N1,0.3367243541454625,0.2455150973413563,0.7125888402884125,0.4377512292102614,1.569924118536804e-06,lignin
C19 H19 O11 N1,0.3086771617475901,0.1311080652774805,0.812052895150562,0.473007163138766,1.569924118536804e-06,lignin
C15 H15 O8 N1,0.1956576270391735,0.1368966654648818,0.7774909723916982,0.4938912792965578,1.569924118536804e-06,lignin
C17 H17 O10 N1,0.1711605068712917,0.1449825142719979,0.744484798713528,0.4496744072090419,0.1045829321380331,lignin
C15 H17 O8 N1,0.2749733977831168,2.3634394908793333e-06,0.8455944094214853,0.5060966385993044,1.569924118536804e-06,lignin
C14 H15 O7 N1,0.1792240267836559,2.3634394908793333e-06,0.8596192193159159,0.4973424239143875,1.569924118536804e-06,lignin
C16 H17 O8 N1,0.1712651524434014,2.3634394908793333e-06,0.8793252417623572,0.489946494423954,0.0467909411661993,lignin
C20 H17 O11 N1,0.170064283138758,2.3634394908793333e-06,0.9158929019723762,0.6841437032189115,1.569924118536804e-06,lignin
C16 H15 O8 N1,0.1798942168017808,2.3634394908793333e-06,0.8854040222612596,0.7063260481048312,1.569924118536804e-06,lignin
C17 H15 O9 N1,0.1559314327546752,2.3634394908793333e-06,0.8279762152867819,0.6962989638334384,1.569924118536804e-06,lignin
C18 H15 O9 N1,0.1696016560349637,0.1994398847314846,0.7781421310978316,0.7500481735177803,1.569924118536804e-06,lignin
C18 H15 O10 N1,0.294367468361621,0.1613477647123846,0.7933423834795007,0.737512791319225,1.569924118536804e-06,lignin
C17 H17 O9 N1,0.3324964526203021,0.0961880124857087,0.7954574163206176,0.7845037676249353,1.569924118536804e-06,lignin
C19 H17 O10 N1,0.3861906767557889,0.1608895340448927,0.7960533705139174,0.7507699132770463,1.569924118536804e-06,lignin
C18 H17 O10 N1,0.40270085763283,0.2094325326361696,0.7284130468468359,0.7173565223579559,1.569924118536804e-06,lignin
C18 H19 O9 N1,0.4046220731925896,2.3634394908793333e-06,0.7632855944221487,0.7317529911616532,1.569924118536804e-06,lignin
C18 H17 O9 N1,0.3211758455377254,2.3634394908793333e-06,0.7654235363406376,0.7681991229897127,1.569924118536804e-06,lignin
C19 H19 O10 N1,0.3522371710489734,2.3634394908793333e-06,0.8662173517806557,0.7997181019395008,1.569924118536804e-06,lignin
C21 H23 O10 N1,0.3701682073627402,2.3634394908793333e-06,0.4932453619459225,0.5356399501102038,1.569924118536804e-06,lignin
C17 H18 O9 N2,0.3556632740929523,2.3634394908793333e-06,0.5523402020262442,0.5360093172938459,1.569924118536804e-06,lignin
C21 H20 O12 N2,0.3174417919650034,2.3634394908793333e-06,0.5998672307602727,0.498322977391595,1.569924118536804e-06,lignin
C20 H20 O11 N2,0.3936793723790391,2.3634394908793333e-06,0.6278277596926874,0.586140312971639,1.569924118536804e-06,lignin
C21 H19 O11 N1,0.3573286114419238,2.3634394908793333e-06,0.6878845821591105,0.5176334990632165,1.569924118536804e-06,lignin
C20 H21 O12 N1,0.4185841168559921,2.3634394908793333e-06,0.7257403211534466,0.478516735395989,1.569924118536804e-06,lignin
C20 H21 O10 N1,0.4392856309156182,2.3634394908793333e-06,0.6784810422612023,0.4980523028534743,1.569924118536804e-06,lignin
C18 H21 O9 N1,0.4412708911685048,2.3634394908793333e-06,0.6724798980800603,0.4990821583966507,1.569924118536804e-06,lignin
C19 H18 O10 N2,0.4331347856008093,2.3634394908793333e-06,0.6750777715449532,0.5172789136480068,1.569924118536804e-06,lignin
C20 H21 O11 N1,0.4298193894569561,0.0624781794920242,0.6507979677102919,0.5077443189548033,1.569924118536804e-06,lignin
C18 H18 O10 N2,0.3569833161194957,2.3634394908793333e-06,0.7385289954146845,0.6123339164313164,1.569924118536804e-06,lignin
C17 H16 O9 N2,0.4062969283293547,2.3634394908793333e-06,0.720474096992579,0.6527127067710502,1.569924118536804e-06,lignin
C19 H19 O9 N1,0.3583234456876456,2.3634394908793333e-06,0.6726560116123568,0.6949477154688374,1.569924118536804e-06,lignin
C20 H19 O10 N1,0.3559363344153889,2.3634394908793333e-06,0.5914396334674893,0.6912074412307424,1.569924118536804e-06,lignin
C19 H21 O9 N1,0.3555593799251421,2.3634394908793333e-06,0.5483453918868139,0.7007389822053177,1.569924118536804e-06,lignin
C18 H18 O9 N2,0.1942803405284135,2.3634394908793333e-06,0.5884615727272525,0.6651605932923875,1.569924118536804e-06,lignin
C19 H16 O7,0.1941517251591499,2.3634394908793333e-06,0.5902776341541253,0.6629250057157646,1.569924118536804e-06,lignin
C14 H12 O5,0.1000144732991487,2.3634394908793333e-06,0.5360893934471767,0.5941260084684485,1.569924118536804e-06,lignin
C20 H20 O10 N2,0.1843578338556929,2.3634394908793333e-06,0.5816225767684774,0.5257734294791481,1.569924118536804e-06,lignin
C16 H16 O8 N2,0.185807906396264,2.3634394908793333e-06,0.5815192075113774,0.5263116805799694,1.569924118536804e-06,lignin
C15 H17 O7 N1,0.1948173316110479,2.3634394908793333e-06,0.6097962078476954,0.5316451108061719,1.569924118536804e-06,lignin
C19 H17 O9 N1,0.184953209052398,2.3634394908793333e-06,0.6270835328597306,0.5283896254645082,1.569924118536804e-06,lignin
C18 H16 O10 N2,0.2519747656395036,2.3634394908793333e-06,0.6346461931636131,0.611455507629384,1.569924118536804e-06,lignin
C17 H19 O8 N1,0.2727811757393392,2.3634394908793333e-06,0.6412170415535664,0.5471129037668814,1.569924118536804e-06,lignin
C17 H16 O10 N2,0.2833563146163865,0.0971921575186421,0.6671644750846284,0.5288223683738842,1.569924118536804e-06,lignin
C32 H28 O16,2.4256377054600782e-06,2.3634394908793333e-06,0.1502428401974126,0.5675048844008175,1.569924118536804e-06,lignin
C31 H26 O18,2.4256377054600782e-06,0.0395266828562183,0.318390337428437,0.5878007835399433,1.569924118536804e-06,lignin
C15 H12 O5,0.1647775527683688,0.0891604231696399,0.3786596853374586,0.583515442655103,0.0420589489054281,lignin
C18 H16 O6,0.1667479978331503,2.3634394908793333e-06,0.427682247278672,0.5644020849905658,1.569924118536804e-06,lignin
C24 H20 O10,0.1667897132951773,2.3634394908793333e-06,0.3366510397062038,0.6897474539289011,1.569924118536804e-06,lignin
C31 H26 O16,0.1316779303840948,2.3634394908793333e-06,0.3243733850293634,0.7301727138999341,1.569924118536804e-06,lignin
C29 H24 O14,0.0836013112405775,2.3634394908793333e-06,0.3397508049199789,0.751974229093158,1.569924118536804e-06,lignin
C27 H22 O12,0.0828028377234213,2.3634394908793333e-06,0.3337755925416953,0.6904699460536263,1.569924118536804e-06,lignin
C32 H28 O18,0.117967832582313,0.0839632009233177,0.3114357619925043,0.7623343899789877,1.569924118536804e-06,lignin
C30 H24 O17,0.0812615634859989,0.1317347044766162,0.310562572167571,0.8191315206518565,1.569924118536804e-06,lignin
C30 H24 O16,2.4256377054600782e-06,0.1103731401255383,0.3102346462249817,0.7870243689401941,1.569924118536804e-06,lignin
C32 H26 O18,2.4256377054600782e-06,0.0260533953152243,0.1620371670348558,0.7987794153872545,1.569924118536804e-06,lignin
C32 H28 O20,2.4256377054600782e-06,0.1595335295552303,0.1588887796907211,0.8659460008722129,1.569924118536804e-06,lignin
C23 H32 O14,0.3852563806497964,2.3634394908793333e-06,0.2721512880469661,0.7352784429327701,1.569924118536804e-06,lignin
C24 H24 O9,0.4212276824156666,2.3634394908793333e-06,0.2743101106349346,0.7100439284063191,1.569924118536804e-06,lignin
C25 H24 O10,0.4234073059140227,2.3634394908793333e-06,0.2807606465959815,0.7004914539692633,1.569924118536804e-06,lignin
C21 H30 O13,0.4514741600577319,2.3634394908793333e-06,0.3559135567328983,0.7084337778101935,1.569924118536804e-06,lignin
C31 H30 O16,0.4289213611318193,2.3634394908793333e-06,0.3112061541736362,0.7953241106310036,1.569924118536804e-06,lignin
C11 H12 O4,0.3630007370775241,2.3634394908793333e-06,0.4108863935671311,0.6829665610729121,1.569924118536804e-06,lignin
C23 H30 O7,0.3380695932628489,2.3634394908793333e-06,0.3310634719852211,0.6870839031764073,1.569924118536804e-06,lignin
C31 H28 O17,0.3034001495394743,2.3634394908793333e-06,0.3208551314265132,0.7328615352804965,1.569924118536804e-06,lignin
C18 H24 O5,0.2492548574030004,2.3634394908793333e-06,0.3347973533015639,0.6876300762429454,0.0342146575268121,lignin
C27 H24 O12,0.2509670823802604,2.3634394908793333e-06,0.3332691070455276,0.6915500330553978,1.569924118536804e-06,lignin
C31 H32 O14,0.260137871668361,2.3634394908793333e-06,0.2813077400226991,0.7092621321806977,1.569924118536804e-06,lignin
C23 H20 O9,0.2142193795985316,2.3634394908793333e-06,0.2525247314626587,0.7032321885665057,1.569924118536804e-06,lignin
C31 H30 O18,0.2557314114348306,0.0892070264726844,0.3091383911909506,0.8131065780551282,1.569924118536804e-06,lignin
C32 H32 O17,0.3426417631912281,0.090107340832599,0.3021795401893626,0.8003777936767843,1.569924118536804e-06,lignin
C29 H28 O13,0.3369561373250467,2.3634394908793333e-06,0.3179894882334842,0.8409809216937145,1.569924118536804e-06,lignin
C28 H24 O13,0.2569522680938406,2.3634394908793333e-06,0.3067968528018597,0.7831496868256648,1.569924118536804e-06,lignin
C21 H18 O8,0.2269173358088932,2.3634394908793333e-06,0.3335321835946188,0.857780003205962,1.569924118536804e-06,lignin
C29 H26 O14,0.3629377193036065,2.3634394908793333e-06,0.4283252923532363,0.8714572991443126,1.569924118536804e-06,lignin
C29 H24 O15,0.2514532660088439,0.0874062370864366,0.4231090227083047,0.8900561273483871,1.569924118536804e-06,lignin
C13 H16 O5,0.2586732344077847,0.1335882125314665,0.5255380133184466,0.793352913128078,0.2529565924505134,lignin
C10 H10 O5,0.374166154125445,0.2458694872941783,0.5137957191207114,0.7393287802536109,0.168108837494925,lignin
C16 H14 O6,0.2243700501867941,0.1995704261965953,0.534259769528318,0.8391417864572625,0.0449548735477147,lignin
C15 H12 O6,0.2161915403697971,0.189137953970999,0.5848867623396404,0.7695701983970012,1.569924118536804e-06,lignin
C22 H18 O9,0.2501063988488085,2.3634394908793333e-06,0.4957420536524228,0.8005718154516569,1.569924118536804e-06,lignin
C20 H16 O8,0.2671628256047728,2.3634394908793333e-06,0.5944403646488754,0.8608745265961633,1.569924118536804e-06,lignin
C25 H20 O11,0.2673223487375556,2.3634394908793333e-06,0.5956086480494353,0.8603967302728227,1.569924118536804e-06,lignin
C27 H24 O13,0.4998697565880874,0.1910195585658015,0.5230074750410375,0.8390368093473176,1.569924118536804e-06,lignin
C27 H22 O14,0.4589396623349377,0.2069734728496245,0.5253717236439814,0.8557565826888143,1.569924118536804e-06,lignin
C28 H24 O14,0.4593490273973028,0.1632962768288819,0.5344476955536345,0.864977396728768,1.569924118536804e-06,lignin
C30 H28 O17,0.4339086318420496,0.2012299496342911,0.6164493061890464,0.8754618306857298,1.569924118536804e-06,lignin
C13 H12 O5,0.3550549121252709,0.1255015302673039,0.5849632054762877,0.7909453436588559,1.569924118536804e-06,lignin
C25 H20 O12,0.3863927544187331,0.1509605100419725,0.5768593182194938,0.8416332668035735,1.569924118536804e-06,lignin
C29 H26 O15,0.4089819964531713,0.0886835853225442,0.5635599226691366,0.8685022731615928,1.569924118536804e-06,lignin
C24 H20 O11,0.507529271455423,0.0838016910060224,0.5564513473242039,0.8574002799330589,1.569924118536804e-06,lignin
C26 H22 O12,0.4561141817943555,2.3634394908793333e-06,0.576620125179017,0.8470887130045307,1.569924118536804e-06,lignin
C12 H10 O5,0.4438216082035716,0.0100455423021826,0.6308958260615574,0.7755217632330684,1.569924118536804e-06,lignin
C14 H14 O5,0.5198830093561858,2.3634394908793333e-06,0.5999017534671457,0.7608732077437702,1.569924118536804e-06,lignin
C30 H26 O17,0.1947464240919855,0.1910945696999844,0.3135512323333627,0.703684979802528,1.569924118536804e-06,lignin
C27 H24 O14,0.1677626441055689,0.1624160357296408,0.3105286659376065,0.8719302272205646,1.569924118536804e-06,lignin
C31 H28 O18,0.2018202193078644,0.1820687721358158,0.3057812965837793,0.8630516952077241,1.569924118536804e-06,lignin
C30 H26 O19,0.21520447063517,0.1882417767713633,0.3722101039213022,0.8168751323831283,1.569924118536804e-06,lignin
C30 H28 O19,0.1920486697589124,0.2540039075679667,0.3629678025644803,0.8464450422258475,1.569924118536804e-06,lignin
C29 H30 O18,0.2526711921910859,0.2899688042048329,0.366488561847668,0.8270955303207264,1.569924118536804e-06,lignin
C31 H28 O19,0.2919119041576803,0.1847579263170951,0.3060990009414994,0.8570195830107382,1.569924118536804e-06,lignin
C30 H28 O18,0.2717772244547835,0.2342165126197045,0.3053099104986893,0.8490254787235031,1.569924118536804e-06,lignin
C31 H32 O18,0.2776899747938923,0.2280320805851342,0.208637064214462,0.8694391894421706,1.569924118536804e-06,lignin
C29 H32 O18,0.471880697836186,0.2703047809827515,0.1960307279136607,0.8874785232854011,1.569924118536804e-06,lignin
C30 H30 O18,0.3661692336808261,0.3330449973618574,0.3568108687026685,0.8980679343523076,1.569924118536804e-06,lignin
C30 H26 O18,0.3489337222334822,0.3858441397566482,0.3483905895873789,0.949579210850066,1.569924118536804e-06,lignin
C28 H30 O18,0.3486966792238014,0.3241047747488944,0.3572285218649643,1.0,1.569924118536804e-06,lignin
C29 H24 O16,0.3827871158407948,0.2147169515603601,0.4707563240985357,0.9135053228971096,1.569924118536804e-06,lignin
C30 H28 O16,0.4090169117062879,0.1624625687411272,0.4475385707726627,0.8832728003688538,1.569924118536804e-06,lignin
C31 H30 O17,0.3714172917766012,0.1070977041411448,0.4053187320843855,0.8265104555342719,1.569924118536804e-06,lignin
C30 H30 O19,0.3997195107937223,0.1789317201460907,0.3728195012884765,0.8489161644479705,1.569924118536804e-06,lignin
C29 H34 O17,0.4784589920101678,0.1698832083669929,0.376583788836852,0.7837441440519625,1.569924118536804e-06,lignin
C15 H20 O4,0.3839820991450922,0.1765507442389842,0.1671114182977982,0.8450949445378312,0.2333580514864147,lignin
C26 H32 O13,0.3845427970333757,0.3354653365415204,0.2283798565255393,0.8088508449639444,0.3460197198581461,lignin
C15 H22 O3 N2,0.1190325223810779,0.121478252354245,0.1703674106919845,0.7479940387871833,0.5045498091001048,lignin
C24 H31 O7 N1,2.4256377054600782e-06,0.0020447814261908,0.0942306431818926,0.5495446817011709,0.5429135428245044,lignin
C14 H20 O3 N2,0.0940156370741278,2.3634394908793333e-06,3.090388119151871e-06,0.5900186241430889,0.3850718700609473,lignin
C15 H22 O4 N2,0.1120363347059319,0.0749616238217528,3.090388119151871e-06,0.5675501590987405,0.3364866337628759,lignin
C31 H28 O20,0.0516400569774852,0.1975755116100767,0.1583885782817492,0.6049474578943096,1.569924118536804e-06,lignin
C20 H29 O6 N3,2.4256377054600782e-06,0.2177429830548341,3.090388119151871e-06,0.6358703421165067,0.0738823942647297,lignin
C34 H30 O22,2.4256377054600782e-06,0.059328625646602,3.090388119151871e-06,0.5378401765102475,1.569924118536804e-06,lignin
C38 H33 O13 S1 N2 P1,2.4256377054600782e-06,2.3634394908793333e-06,3.090388119151871e-06,0.5026587710189887,1.569924118536804e-06,lignin
C13 H18 O4 N2,2.4256377054600782e-06,2.3634394908793333e-06,3.090388119151871e-06,0.5096945829952483,0.0319008055711593,lignin
C22 H20 O8,0.0845270350758532,2.3634394908793333e-06,3.090388119151871e-06,0.5971699463457212,1.569924118536804e-06,lignin
C25 H22 O10,0.0831500553885156,2.3634394908793333e-06,3.090388119151871e-06,0.591762872818107,1.569924118536804e-06,lignin
C27 H24 O11,0.0837544850070296,2.3634394908793333e-06,3.090388119151871e-06,0.5915127334313415,1.569924118536804e-06,lignin
C25 H24 O9,0.0844117133009882,2.3634394908793333e-06,3.090388119151871e-06,0.5869570278059226,1.569924118536804e-06,lignin
C35 H34 O21,0.1147951656851489,2.3634394908793333e-06,3.090388119151871e-06,0.538828917493922,1.569924118536804e-06,lignin
C24 H22 O9,0.1663978809998005,2.3634394908793333e-06,3.090388119151871e-06,0.5896637289303372,1.569924118536804e-06,lignin
C28 H24 O12,0.1673920264582478,2.3634394908793333e-06,3.090388119151871e-06,0.5908984491623561,1.569924118536804e-06,lignin
C27 H28 O10,0.1674814560932927,2.3634394908793333e-06,3.090388119151871e-06,0.5907650149353395,1.569924118536804e-06,lignin
C26 H24 O10,0.1681335497912048,2.3634394908793333e-06,3.090388119151871e-06,0.5904746018681146,1.569924118536804e-06,lignin
C30 H28 O13,0.1679018542754554,2.3634394908793333e-06,3.090388119151871e-06,0.5901806040007609,1.569924118536804e-06,lignin
C34 H38 O18,0.1658137768675878,2.3634394908793333e-06,3.090388119151871e-06,0.5917137920360965,1.569924118536804e-06,lignin
C30 H30 O12,0.1659471135605333,2.3634394908793333e-06,3.090388119151871e-06,0.591192889597627,1.569924118536804e-06,lignin
C34 H36 O16,0.1664237794013231,2.3634394908793333e-06,3.090388119151871e-06,0.591301230223742,1.569924118536804e-06,lignin
C23 H34 O13,0.1678833196360678,2.3634394908793333e-06,3.090388119151871e-06,0.5918510766039923,1.569924118536804e-06,lignin
C35 H40 O18,0.1674439109251279,2.3634394908793333e-06,3.090388119151871e-06,0.5920988703807969,1.569924118536804e-06,lignin
C28 H28 O11,0.1670854910742687,2.3634394908793333e-06,3.090388119151871e-06,0.5927871077487358,1.569924118536804e-06,lignin
C29 H26 O13,0.1669010714123625,2.3634394908793333e-06,3.090388119151871e-06,0.5935073870338753,1.569924118536804e-06,lignin
C31 H30 O15,0.2475606410821183,2.3634394908793333e-06,3.090388119151871e-06,0.818559457362166,1.569924118536804e-06,lignin
C33 H32 O20,0.178875512946145,2.3634394908793333e-06,3.090388119151871e-06,0.7263293213371463,1.569924118536804e-06,lignin
C33 H32 O19,0.1349825563996553,2.3634394908793333e-06,3.090388119151871e-06,0.6955122993607283,1.569924118536804e-06,lignin
C32 H30 O20,0.1040774666273799,0.1100311014036461,3.090388119151871e-06,0.8231742015477308,1.569924118536804e-06,lignin
C30 H32 O19,0.2726525102764556,0.2571602796945281,3.090388119151871e-06,0.8470934042244523,1.569924118536804e-06,lignin
C31 H32 O19,0.2179526316733342,0.161088890945419,3.090388119151871e-06,0.8516614132379676,1.569924118536804e-06,lignin
C32 H34 O19,0.2589093256386861,0.0865284461500791,3.090388119151871e-06,0.704024517908555,1.569924118536804e-06,lignin
C31 H32 O20,0.2234601246269152,0.1566289719148673,3.090388119151871e-06,0.6962505469033036,1.569924118536804e-06,lignin
C31 H30 O20,0.2103019583299228,0.2290900689516002,3.090388119151871e-06,0.6840963927085697,1.569924118536804e-06,lignin
C19 H28 O12,0.3352849891161591,2.3634394908793333e-06,3.090388119151871e-06,0.7401845738349776,1.569924118536804e-06,lignin
C32 H36 O18,0.4105676849463963,2.3634394908793333e-06,3.090388119151871e-06,0.7482725025206456,1.569924118536804e-06,lignin
C30 H32 O13,0.4217612295619283,2.3634394908793333e-06,3.090388119151871e-06,0.734422251040278,1.569924118536804e-06,lignin
C29 H34 O11,0.4228523186984154,2.3634394908793333e-06,3.090388119151871e-06,0.733685508228621,1.569924118536804e-06,lignin
C24 H34 O14,0.4450838171458639,2.3634394908793333e-06,0.0396616807538931,0.5797557396854457,1.569924118536804e-06,lignin
C30 H34 O12,0.420774485435831,2.3634394908793333e-06,3.090388119151871e-06,0.5879733850276264,1.569924118536804e-06,lignin
C31 H36 O13,0.4167295258107877,2.3634394908793333e-06,3.090388119151871e-06,0.5931144752370416,1.569924118536804e-06,lignin
C34 H42 O17,0.417941065056484,2.3634394908793333e-06,3.090388119151871e-06,0.5917689802553635,1.569924118536804e-06,lignin
C33 H40 O15,0.4184260464381883,2.3634394908793333e-06,3.090388119151871e-06,0.5914733448867163,1.569924118536804e-06,lignin
C25 H26 O9,0.4185778301066863,2.3634394908793333e-06,3.090388119151871e-06,0.5905076616915247,1.569924118536804e-06,lignin
C33 H42 O15,0.4195527020448516,2.3634394908793333e-06,3.090388119151871e-06,0.5903637828616636,1.569924118536804e-06,lignin
C31 H38 O12,0.4173001923294445,2.3634394908793333e-06,3.090388119151871e-06,0.5887316366400562,1.569924118536804e-06,lignin
C32 H40 O14,0.4156319996441349,2.3634394908793333e-06,3.090388119151871e-06,0.589385884791959,1.569924118536804e-06,lignin
C29 H40 O15,0.4132108497571111,2.3634394908793333e-06,3.090388119151871e-06,0.5959021662902921,1.569924118536804e-06,lignin
C31 H42 O13,0.4154132908993618,2.3634394908793333e-06,3.090388119151871e-06,0.6014112074660145,1.569924118536804e-06,lignin
C29 H42 O13,0.4144499655405988,2.3634394908793333e-06,3.090388119151871e-06,0.5996322172095013,1.569924118536804e-06,lignin
C14 H18 O4,0.4129350342855763,2.3634394908793333e-06,3.090388119151871e-06,0.6010120997183409,1.569924118536804e-06,lignin
C31 H40 O12,0.4116591497850332,2.3634394908793333e-06,3.090388119151871e-06,0.6023603828778971,1.569924118536804e-06,lignin
C27 H26 O11,0.4106646411478412,2.3634394908793333e-06,3.090388119151871e-06,0.6082493243536893,1.569924118536804e-06,lignin
C28 H36 O17,0.3875809500375251,2.3634394908793333e-06,3.090388119151871e-06,0.6166686478957091,1.569924118536804e-06,lignin
C26 H36 O15,0.388796146117479,2.3634394908793333e-06,3.090388119151871e-06,0.6150236672045047,1.569924118536804e-06,lignin
C27 H40 O13,0.3979060215637004,0.0229859671138334,3.090388119151871e-06,0.5921301599325385,0.0170456412991044,lignin
C15 H18 O4,0.3943711402239646,0.0959646761222067,3.090388119151871e-06,0.6054647755326504,1.569924118536804e-06,lignin
C32 H38 O18,0.3456788141357382,2.3634394908793333e-06,0.0575421137251146,0.6016013789000081,1.569924118536804e-06,lignin
C33 H32 O17,0.324651491171851,2.3634394908793333e-06,3.090388119151871e-06,0.6118477555743421,1.569924118536804e-06,lignin
C32 H32 O16,0.3263122950482156,2.3634394908793333e-06,3.090388119151871e-06,0.6117464517781096,1.569924118536804e-06,lignin
C22 H32 O13,0.3305309042068722,2.3634394908793333e-06,3.090388119151871e-06,0.6005225310884046,1.569924118536804e-06,lignin
C25 H36 O14,0.3289407072878502,2.3634394908793333e-06,3.090388119151871e-06,0.5990456376921287,1.569924118536804e-06,lignin
C32 H38 O13,0.3339379215816439,2.3634394908793333e-06,3.090388119151871e-06,0.595760456043225,1.569924118536804e-06,lignin
C32 H36 O14,0.3357366081469659,2.3634394908793333e-06,3.090388119151871e-06,0.5949738358273068,1.569924118536804e-06,lignin
C29 H32 O11,0.3356239475956615,2.3634394908793333e-06,3.090388119151871e-06,0.5922617353743032,1.569924118536804e-06,lignin
C32 H34 O14,0.3352925282059641,2.3634394908793333e-06,3.090388119151871e-06,0.5923013452028868,1.569924118536804e-06,lignin
C29 H30 O12,0.3342328227223858,2.3634394908793333e-06,3.090388119151871e-06,0.5921869413963071,1.569924118536804e-06,lignin
C28 H30 O11,0.3341051841787116,2.3634394908793333e-06,3.090388119151871e-06,0.5921152896505227,1.569924118536804e-06,lignin
C31 H34 O13,0.3333063161742981,2.3634394908793333e-06,3.090388119151871e-06,0.5896040265183156,1.569924118536804e-06,lignin
C30 H38 O11,0.3348259311827875,2.3634394908793333e-06,3.090388119151871e-06,0.5897860989594255,1.569924118536804e-06,lignin
C35 H42 O17,0.3344014879408126,2.3634394908793333e-06,3.090388119151871e-06,0.5882527338969229,1.569924118536804e-06,lignin
C31 H34 O19,0.3354646749309785,2.3634394908793333e-06,3.090388119151871e-06,0.5800770439932867,1.569924118536804e-06,lignin
C30 H36 O18,0.3129914246735724,0.0408919331961884,3.090388119151871e-06,0.5419874362049412,1.569924118536804e-06,lignin
C28 H34 O18,0.2736273571678109,2.3634394908793333e-06,3.090388119151871e-06,0.547674610967311,1.569924118536804e-06,lignin
C34 H36 O19,0.2216331852599322,2.3634394908793333e-06,3.090388119151871e-06,0.52583184844421,1.569924118536804e-06,lignin
C24 H26 O8,0.2510721287013299,2.3634394908793333e-06,3.090388119151871e-06,0.5878453943859906,1.569924118536804e-06,lignin
C28 H32 O10,0.2520711708111289,2.3634394908793333e-06,3.090388119151871e-06,0.5898197341211279,1.569924118536804e-06,lignin
C32 H36 O13,0.2514088580147438,2.3634394908793333e-06,3.090388119151871e-06,0.590984705649406,1.569924118536804e-06,lignin
C31 H36 O12,0.2498665255495996,2.3634394908793333e-06,3.090388119151871e-06,0.5906719429023657,1.569924118536804e-06,lignin
C34 H44 O15,0.2504490392093784,2.3634394908793333e-06,3.090388119151871e-06,0.5927182441808293,1.569924118536804e-06,lignin
C30 H32 O12,0.250760871993669,2.3634394908793333e-06,3.090388119151871e-06,0.592551705873611,1.569924118536804e-06,lignin
C31 H34 O12,0.2514464783233385,2.3634394908793333e-06,3.090388119151871e-06,0.5931994482771318,1.569924118536804e-06,lignin
C30 H30 O13,0.2524128092992994,2.3634394908793333e-06,3.090388119151871e-06,0.5922017674215312,1.569924118536804e-06,lignin
C33 H38 O18,0.232332806782596,2.3634394908793333e-06,3.090388119151871e-06,0.6072062360297905,1.569924118536804e-06,lignin
C11 H10 O4,0.1852604707938666,0.08504703147905,0.1347246149922729,0.5674685053180288,1.569924118536804e-06,lignin
C32 H30 O19,0.2215071998057169,0.0754605432597545,0.1429560135373556,0.5225045785863868,1.569924118536804e-06,lignin
C25 H36 O8,0.2504219636077865,2.3634394908793333e-06,0.1436303597297874,0.5668980795296318,1.569924118536804e-06,lignin
C21 H28 O6,0.2517100709516015,2.3634394908793333e-06,0.1438722772004725,0.5689635439989074,1.569924118536804e-06,lignin
C28 H26 O13,0.2310358078212371,2.3634394908793333e-06,0.1479400304786183,0.5916559926661186,1.569924118536804e-06,lignin
C15 H14 O5,0.2171687667081007,2.3634394908793333e-06,0.2235238878040663,0.5968725849621972,1.569924118536804e-06,lignin
C31 H28 O16,0.1662209753808893,2.3634394908793333e-06,0.179774728996751,0.5544669663323538,1.569924118536804e-06,lignin
C30 H26 O14,0.1664554260457368,2.3634394908793333e-06,0.1452261499800022,0.568869631086891,1.569924118536804e-06,lignin
C20 H18 O7,0.1661876255533967,2.3634394908793333e-06,0.1469486063485507,0.5691861114044353,1.569924118536804e-06,lignin
C31 H28 O15,0.1549027602686661,2.3634394908793333e-06,0.1458582575610296,0.5947060822374393,1.569924118536804e-06,lignin
C23 H32 O7,0.2513215448351424,2.3634394908793333e-06,0.1736515422740886,0.7120126475289088,1.569924118536804e-06,lignin
C32 H34 O17,0.2964820202476408,2.3634394908793333e-06,0.1424183263550799,0.6884567488553645,1.569924118536804e-06,lignin
C32 H32 O18,0.2952807001004177,2.3634394908793333e-06,0.143928038531159,0.6910961796563744,1.569924118536804e-06,lignin
C30 H28 O14,0.3372471061166213,2.3634394908793333e-06,0.1426175677146191,0.7287038309829584,1.569924118536804e-06,lignin
C17 H22 O5,0.3531763763297226,0.055499302225744,0.1827825794921121,0.6008343201860272,0.0431014084075,lignin
C12 H12 O4,0.3079467717216706,2.3634394908793333e-06,0.2003540208135331,0.5815057417433865,1.569924118536804e-06,lignin
C32 H34 O18,0.3070819053729515,2.3634394908793333e-06,0.1428984226622957,0.6088030653316104,1.569924118536804e-06,lignin
C33 H36 O17,0.3265041786594967,2.3634394908793333e-06,0.144223569606527,0.5869572048330894,1.569924118536804e-06,lignin
C33 H36 O16,0.3295428576466558,2.3634394908793333e-06,0.1423815465472679,0.5792050524261529,1.569924118536804e-06,lignin
C29 H42 O11,0.3299113212683183,2.3634394908793333e-06,0.1423481175897487,0.5757593513937039,1.569924118536804e-06,lignin
C23 H24 O8,0.3354616192201605,2.3634394908793333e-06,0.1420632654853431,0.5716265636699006,1.569924118536804e-06,lignin
C16 H18 O5,0.4329726325529782,2.3634394908793333e-06,0.1723351254383349,0.5624247800503837,0.0528649436886233,lignin
C28 H40 O9,0.4129973006551944,2.3634394908793333e-06,0.1430205248628716,0.5752847858161585,1.569924118536804e-06,lignin
C31 H30 O19,0.3496015202812536,0.0936239772779124,0.1408547718812711,0.5061715210908839,1.569924118536804e-06,lignin
C21 H22 O7,0.4099612515830836,2.3634394908793333e-06,0.2762166151901819,0.5660376832419268,1.569924118536804e-06,lignin
C26 H26 O10,0.3338810402761721,2.3634394908793333e-06,0.2819101771667135,0.5501170105316117,1.569924118536804e-06,lignin
C32 H34 O15,0.3342494287574047,2.3634394908793333e-06,0.281762322140446,0.5511341643755663,1.569924118536804e-06,lignin
C13 H16 O4,0.3277667633039387,2.3634394908793333e-06,0.289806530455232,0.582408403267178,1.569924118536804e-06,lignin
C32 H30 O18,0.3407154380822318,2.3634394908793333e-06,0.3256308189454251,0.5859085401534347,1.569924118536804e-06,lignin
C29 H30 O17,0.3487724959176204,0.2634022503902587,0.2962395465402679,0.5094098790541545,1.569924118536804e-06,lignin
C27 H34 O10,0.7046535269765665,2.3634394908793333e-06,3.090388119151871e-06,0.554671255682904,0.078072648437591,lignin
C22 H26 O7,0.7428341828042428,2.3634394908793333e-06,3.090388119151871e-06,0.6080634900852837,1.569924118536804e-06,lignin
C27 H38 O14,0.7287049266373926,2.3634394908793333e-06,3.090388119151871e-06,0.6040423179901823,1.569924118536804e-06,lignin
C30 H40 O15,0.6861832578906719,2.3634394908793333e-06,3.090388119151871e-06,0.5838650713096408,1.569924118536804e-06,lignin
C32 H40 O15,0.6609751965448226,2.3634394908793333e-06,3.090388119151871e-06,0.606163723044184,1.569924118536804e-06,lignin
C28 H38 O15,0.6585262196519075,2.3634394908793333e-06,3.090388119151871e-06,0.606289058278317,1.569924118536804e-06,lignin
C31 H38 O16,0.804158441711715,2.3634394908793333e-06,3.090388119151871e-06,0.5819140106469449,1.569924118536804e-06,lignin
C30 H38 O12,0.8167862919009337,2.3634394908793333e-06,3.090388119151871e-06,0.5937211915946439,1.569924118536804e-06,lignin
C25 H30 O9,0.8394584138296062,2.3634394908793333e-06,3.090388119151871e-06,0.7234340420232399,0.1006047479942938,lignin
C31 H38 O14,0.7988968082449289,2.3634394908793333e-06,3.090388119151871e-06,0.7304726421773775,1.569924118536804e-06,lignin
C32 H36 O17,0.7888706203022829,2.3634394908793333e-06,3.090388119151871e-06,0.7340069453068372,1.569924118536804e-06,lignin
C29 H36 O11,0.7800143187603312,2.3634394908793333e-06,3.090388119151871e-06,0.7231352644223812,1.569924118536804e-06,lignin
C30 H38 O16,0.7450957093712439,2.3634394908793333e-06,0.0168406564194416,0.7327340757203612,1.569924118536804e-06,lignin
C29 H40 O14,0.7510662176541739,2.3634394908793333e-06,3.090388119151871e-06,0.7325023029021568,1.569924118536804e-06,lignin
C30 H36 O12,0.7524821639161429,2.3634394908793333e-06,3.090388119151871e-06,0.7338713867538184,1.569924118536804e-06,lignin
C27 H32 O10,0.7318672366786287,2.3634394908793333e-06,3.090388119151871e-06,0.7246226909350849,1.569924118536804e-06,lignin
C28 H36 O16,0.7147052125717754,2.3634394908793333e-06,3.090388119151871e-06,0.7412245199266647,1.569924118536804e-06,lignin
C31 H40 O14,0.7015106031662575,2.3634394908793333e-06,3.090388119151871e-06,0.7109418544533972,1.569924118536804e-06,lignin
C30 H40 O14,0.7102878068822823,2.3634394908793333e-06,3.090388119151871e-06,0.8916386617064834,1.569924118536804e-06,lignin
C31 H34 O18,0.5275562498753921,0.1253010687851498,3.090388119151871e-06,0.7376679556309731,1.569924118536804e-06,lignin
C26 H34 O16,0.5502494612180705,2.3634394908793333e-06,3.090388119151871e-06,0.7508465660402944,1.569924118536804e-06,lignin
C31 H36 O18,0.5567383883740322,2.3634394908793333e-06,3.090388119151871e-06,0.7289218841957315,1.569924118536804e-06,lignin
C31 H34 O14,0.5830189541233611,2.3634394908793333e-06,3.090388119151871e-06,0.7418180035035447,1.569924118536804e-06,lignin
C33 H40 O16,0.6409836343141697,2.3634394908793333e-06,3.090388119151871e-06,0.743886920002574,1.569924118536804e-06,lignin
C32 H38 O16,0.6661538749769444,2.3634394908793333e-06,3.090388119151871e-06,0.7367009889888217,1.569924118536804e-06,lignin
C29 H38 O16,0.6086472508471081,2.3634394908793333e-06,3.090388119151871e-06,0.5944108894367093,1.569924118536804e-06,lignin
C32 H40 O17,0.6070925452578324,2.3634394908793333e-06,3.090388119151871e-06,0.5915606192799756,1.569924118536804e-06,lignin
C33 H38 O17,0.5823466977434126,2.3634394908793333e-06,3.090388119151871e-06,0.596820538975142,1.569924118536804e-06,lignin
C32 H38 O15,0.5786705273485617,2.3634394908793333e-06,3.090388119151871e-06,0.604309097930632,1.569924118536804e-06,lignin
C32 H36 O16,0.5779436689228499,2.3634394908793333e-06,3.090388119151871e-06,0.6062067849025213,1.569924118536804e-06,lignin
C25 H34 O15,0.5157834977789991,2.3634394908793333e-06,3.090388119151871e-06,0.615322975886864,1.569924118536804e-06,lignin
C32 H42 O14,0.4967413599275686,2.3634394908793333e-06,3.090388119151871e-06,0.5950635000873187,1.569924118536804e-06,lignin
C30 H42 O12,0.4976626316923698,2.3634394908793333e-06,3.090388119151871e-06,0.5962435189247794,1.569924118536804e-06,lignin
C33 H40 O17,0.4980836685681871,2.3634394908793333e-06,3.090388119151871e-06,0.5975636990215974,1.569924118536804e-06,lignin
C30 H42 O13,0.4978821419350624,2.3634394908793333e-06,3.090388119151871e-06,0.5976358818488824,1.569924118536804e-06,lignin
C33 H38 O16,0.4880525213571644,2.3634394908793333e-06,3.090388119151871e-06,0.6083703224222344,1.569924118536804e-06,lignin
C26 H30 O9,0.4851359205218633,2.3634394908793333e-06,3.090388119151871e-06,0.5891665481322262,0.0398966420377363,lignin
C29 H42 O12,0.5647049771317616,2.3634394908793333e-06,0.1697242065266052,0.5704226019081228,1.569924118536804e-06,lignin
C26 H38 O13,0.6523518303357144,2.3634394908793333e-06,0.1664949712188806,0.5701928649023372,1.569924118536804e-06,lignin
C31 H36 O15,0.7453104106264197,2.3634394908793333e-06,0.14147655844567,0.5803441779880704,1.569924118536804e-06,lignin
C28 H28 O12,0.7224530925847316,2.3634394908793333e-06,0.1625986681235142,0.7120896100896987,1.569924118536804e-06,lignin
C32 H36 O15,0.6674345183713842,2.3634394908793333e-06,0.1423411474234129,0.7130586125442689,1.569924118536804e-06,lignin
C30 H40 O12,0.6671009449560283,2.3634394908793333e-06,0.1396380851002224,0.7144825305608636,1.569924118536804e-06,lignin
C31 H32 O16,0.6639762051297671,2.3634394908793333e-06,0.137855949789666,0.7133006971949426,1.569924118536804e-06,lignin
C31 H40 O13,0.5852786773200435,2.3634394908793333e-06,0.1416932997948683,0.712933410080511,1.569924118536804e-06,lignin
C27 H40 O11,0.5812304616097024,2.3634394908793333e-06,0.1659424189885706,0.7184057623759028,1.569924118536804e-06,lignin
C23 H22 O9,0.5817889052850873,2.3634394908793333e-06,0.1539218848984316,0.7585131700688486,1.569924118536804e-06,lignin
C29 H40 O10,0.4257062023215187,2.3634394908793333e-06,0.1386122675245691,0.7154485235535973,1.569924118536804e-06,lignin
C26 H38 O9,0.5039803889489066,2.3634394908793333e-06,0.1404401016717581,0.7161036568413344,1.569924118536804e-06,lignin
C28 H34 O17,0.4900651828201726,0.2079603864091634,0.1854281006561223,0.7495833886912037,1.569924118536804e-06,lignin
C31 H32 O17,0.511556748407098,0.119139551798532,0.1924450198052155,0.7017375039399609,1.569924118536804e-06,lignin
C30 H34 O17,0.4030673926501238,0.0947563039879333,0.2023861076809363,0.6777630687871807,1.569924118536804e-06,lignin
C15 H22 O4,0.3976267245855779,0.1111132399411575,0.1801922031818799,0.6861583608912999,0.1281429648422401,lignin
C31 H42 O14,0.5000716338765518,2.3634394908793333e-06,3.090388119151871e-06,0.4483385602079573,1.569924118536804e-06,lignin
C33 H42 O16,0.5143622916869337,2.3634394908793333e-06,3.090388119151871e-06,0.4843022044927547,1.569924118536804e-06,lignin
C32 H42 O15,0.5796858248380398,2.3634394908793333e-06,3.090388119151871e-06,0.4579793712012736,1.569924118536804e-06,lignin
C30 H40 O11,0.5827271587870572,2.3634394908793333e-06,3.090388119151871e-06,0.4504356682833083,1.569924118536804e-06,lignin
C28 H40 O13,0.5827356747024514,2.3634394908793333e-06,3.090388119151871e-06,0.4469797881887651,1.569924118536804e-06,lignin
C32 H38 O17,0.6003895179701344,2.3634394908793333e-06,3.090388119151871e-06,0.4440356493768068,1.569924118536804e-06,lignin
C31 H40 O16,0.6061378610485135,2.3634394908793333e-06,3.090388119151871e-06,0.4663935166986628,1.569924118536804e-06,lignin
C31 H38 O13,0.6631895349218154,2.3634394908793333e-06,3.090388119151871e-06,0.4422548003350416,1.569924118536804e-06,lignin
C31 H36 O14,0.6863969572734483,2.3634394908793333e-06,3.090388119151871e-06,0.4495935057937893,1.569924118536804e-06,lignin
C29 H38 O15,0.7189408285144105,2.3634394908793333e-06,0.0557375068369277,0.2879141517375969,1.569924118536804e-06,lignin
C28 H36 O10,0.6489179126870208,2.3634394908793333e-06,3.090388119151871e-06,0.2924092919435556,1.569924118536804e-06,lignin
C31 H40 O15,0.6139219086550854,2.3634394908793333e-06,3.090388119151871e-06,0.3036939108230957,1.569924118536804e-06,lignin
C29 H36 O17,0.5940025814244241,2.3634394908793333e-06,3.090388119151871e-06,0.3119959096102827,1.569924118536804e-06,lignin
C26 H32 O9,0.5370709318645617,2.3634394908793333e-06,3.090388119151871e-06,0.2831521430776049,0.1060010121993358,lignin
C28 H34 O10,0.5010371884014034,2.3634394908793333e-06,3.090388119151871e-06,0.2985142286913063,1.569924118536804e-06,lignin
C32 H40 O16,0.5347811524958996,2.3634394908793333e-06,3.090388119151871e-06,0.1562789522399291,1.569924118536804e-06,lignin
C32 H44 O13,0.5023936735364724,2.3634394908793333e-06,3.090388119151871e-06,0.1503523482343885,1.569924118536804e-06,lignin
C16 H15 O9 N1,2.4256377054600782e-06,0.2547228897911915,0.7952963368703464,0.5035146973707305,1.569924118536804e-06,lignin
C17 H15 O10 N1,0.1759865763124704,0.2903722777485364,0.7039123454154322,0.4772445296613886,1.569924118536804e-06,lignin
C18 H15 O11 N1,0.1448821076710263,0.2612900493181638,0.6967364746557195,0.4332695651973795,1.569924118536804e-06,lignin
C18 H17 O11 N1,0.0598274364960675,0.3402699452898711,0.583797666392288,0.4650427551587708,1.569924118536804e-06,lignin
C20 H17 O12 N1,0.0911566501634905,0.2898337239133969,0.7498311250997897,0.3130590683892236,1.569924118536804e-06,lignin
C17 H15 O11 N1,2.4256377054600782e-06,0.4391787230747182,0.6956552934764175,0.2592970021068888,1.569924118536804e-06,lignin
C13 H13 O7 N1,2.4256377054600782e-06,2.3634394908793333e-06,0.9399051150560684,0.4478760767345498,1.569924118536804e-06,lignin
C13 H15 O7 N1,2.4256377054600782e-06,2.3634394908793333e-06,0.8513244628537265,0.4265988717527574,1.569924118536804e-06,lignin
C17 H14 O9 N2,0.0836198270948575,2.3634394908793333e-06,0.8374015506263565,0.3485278774858708,1.569924118536804e-06,lignin
C17 H15 O8 N1,0.0944892597275047,2.3634394908793333e-06,0.8472635107079255,0.3488169628493443,1.569924118536804e-06,lignin
C17 H17 O11 N1,0.1326386258278095,3.8603080828565205e-05,0.886773555542899,0.283469265118629,0.0610764909901944,lignin
C16 H16 O9 N2,0.1854878582582989,2.3634394908793333e-06,0.8897129969877745,0.3056282645469197,1.569924118536804e-06,lignin
C14 H15 O8 N1,0.0872328983136584,2.3634394908793333e-06,0.9761801277117428,0.1550495870797076,1.569924118536804e-06,lignin
C15 H15 O9 N1,0.0956012065950054,2.3634394908793333e-06,0.903158000406636,0.2091283660277431,1.569924118536804e-06,lignin
C16 H13 O9 N1,2.4256377054600782e-06,2.3634394908793333e-06,0.9742497993069368,0.2897563628210731,1.569924118536804e-06,lignin
C14 H13 O8 N1,2.4256377054600782e-06,2.3634394908793333e-06,0.9109681662460836,0.2184960241026028,1.569924118536804e-06,lignin
C16 H13 O10 N1,2.4256377054600782e-06,2.3634394908793333e-06,0.868522259509574,0.3021483751428719,1.569924118536804e-06,lignin
C16 H13 O8 N1,2.4256377054600782e-06,0.0872969337135343,0.8844170228444865,0.2659900673597221,1.569924118536804e-06,lignin
C15 H13 O8 N1,2.4256377054600782e-06,0.0878166795360468,0.8846061818236198,0.267066680203344,1.569924118536804e-06,lignin
C22 H19 O13 N1,2.4256377054600782e-06,0.0656285266278882,0.9050437833832188,0.3425426774881013,1.569924118536804e-06,lignin
C15 H13 O9 N1,2.4256377054600782e-06,0.11282785187713,0.8904309738362427,0.3516626745565314,1.569924118536804e-06,lignin
C21 H17 O13 N1,2.4256377054600782e-06,0.1403973156015447,0.8453174323124264,0.3829348555073284,1.569924118536804e-06,lignin
C21 H19 O13 N1,2.4256377054600782e-06,0.1753142153148515,0.8500573840570004,0.2791656683072069,1.569924118536804e-06,lignin
C16 H15 O10 N1,2.4256377054600782e-06,0.1987289157458874,0.8342777229268001,0.2711671162124046,1.569924118536804e-06,lignin
C17 H14 O10 N2,2.4256377054600782e-06,0.0539732925819029,0.7345520432192472,0.2897871876765016,1.569924118536804e-06,lignin
C22 H21 O13 N1,2.4256377054600782e-06,0.0642986304312479,0.727644558664579,0.2697185914196171,1.569924118536804e-06,lignin
C23 H21 O13 N1,2.4256377054600782e-06,2.3634394908793333e-06,0.6854086518039785,0.2340848815170449,1.569924118536804e-06,lignin
C13 H13 O8 N1,2.4256377054600782e-06,2.3634394908793333e-06,0.6980759397733083,0.1946335586328581,1.569924118536804e-06,lignin
C13 H11 O8 N1,2.4256377054600782e-06,2.3634394908793333e-06,0.746227638592759,0.2104539454531501,1.569924118536804e-06,lignin
C14 H13 O7 N1,2.4256377054600782e-06,2.3634394908793333e-06,0.7871215348827294,0.2276508291377157,1.569924118536804e-06,lignin
C12 H13 O7 N1,2.4256377054600782e-06,2.3634394908793333e-06,0.8213740260062573,0.1886474292424627,1.569924118536804e-06,lignin
C20 H17 O10 N1,0.1836895849653417,2.3634394908793333e-06,0.7632998330500986,0.523569087197475,1.569924118536804e-06,lignin
C17 H17 O8 N1,0.0835825574416026,2.3634394908793333e-06,0.6885351840473912,0.5183357215773369,1.569924118536804e-06,lignin
C14 H15 O6 N1,2.4256377054600782e-06,0.0636577220458105,0.6587970936653538,0.4472931705308894,0.0005336669628039,lignin
C15 H15 O7 N1,2.4256377054600782e-06,2.3634394908793333e-06,0.7484369327418124,0.4082364633300173,1.569924118536804e-06,lignin
C22 H23 O13 N1,0.0991485988163278,2.3634394908793333e-06,0.673039261385891,0.3761504221080023,1.569924118536804e-06,lignin
C16 H18 O8 N2,0.0974322223303131,2.3634394908793333e-06,0.6240019039988749,0.3473253761982194,1.569924118536804e-06,lignin
C16 H15 O7 N1,0.0983791295051321,2.3634394908793333e-06,0.625971925562044,0.3462689665800148,1.569924118536804e-06,lignin
C19 H16 O10 N2,0.1344466047596352,2.3634394908793333e-06,0.6340200117154476,0.3258607658319157,1.569924118536804e-06,lignin
C16 H17 O7 N1,0.0979130208947502,2.3634394908793333e-06,0.5930981154420227,0.3893250051492777,1.569924118536804e-06,lignin
C18 H21 O8 N1,0.1003422546396961,2.3634394908793333e-06,0.546479733898339,0.3853473817372225,1.569924118536804e-06,lignin
C17 H14 O6,0.1005045391832796,2.3634394908793333e-06,0.5460024216803872,0.4193235862765354,1.569924118536804e-06,lignin
C21 H21 O10 N1,0.187616862153679,2.3634394908793333e-06,0.5211133397966629,0.3888583172806573,1.569924118536804e-06,lignin
C19 H21 O8 N1,0.1900921381970765,2.3634394908793333e-06,0.5228254751485829,0.3892450773834429,1.569924118536804e-06,lignin
C20 H23 O9 N1,0.1882922118146604,2.3634394908793333e-06,0.5242106391028042,0.386150332709283,1.569924118536804e-06,lignin
C18 H20 O9 N2,0.0833757459315715,2.3634394908793333e-06,0.5150022240895948,0.3075916507261079,1.569924118536804e-06,lignin
C17 H16 O8 N2,0.0834698968902982,2.3634394908793333e-06,0.5124350949247166,0.3067954267863877,1.569924118536804e-06,lignin
C15 H18 O7 N2,2.4256377054600782e-06,2.3634394908793333e-06,0.5239681847006181,0.2611261353084136,1.569924118536804e-06,lignin
C18 H20 O10 N2,2.4256377054600782e-06,2.3634394908793333e-06,0.5232710089762219,0.2601092691336051,1.569924118536804e-06,lignin
C13 H11 O7 N1,2.4256377054600782e-06,2.3634394908793333e-06,0.5658241429220974,0.2053868968562719,1.569924118536804e-06,lignin
C14 H18 O6 N2,2.4256377054600782e-06,2.3634394908793333e-06,0.5850017849989452,0.2022895852881927,1.569924118536804e-06,lignin
C17 H17 O7 N1,2.4256377054600782e-06,2.3634394908793333e-06,0.5841475070946549,0.2013557891114307,1.569924118536804e-06,lignin
C23 H23 O12 N1,2.4256377054600782e-06,2.3634394908793333e-06,0.5853396938901809,0.2008325410630003,1.569924118536804e-06,lignin
C24 H25 O14 N1,2.4256377054600782e-06,2.3634394908793333e-06,0.589097299624323,0.1935260988054118,1.569924118536804e-06,lignin
C22 H20 O14 N2,2.4256377054600782e-06,2.3634394908793333e-06,0.5896518902057012,0.1940250277467955,1.569924118536804e-06,lignin
C23 H20 O14 N2,2.4256377054600782e-06,2.3634394908793333e-06,0.5937450980142602,0.193513242207419,1.569924118536804e-06,lignin
C18 H23 O10 N1,0.0832049767811062,2.3634394908793333e-06,0.5811741793061668,0.195856528686677,1.569924118536804e-06,lignin
C17 H21 O8 N1,0.0981944405900186,2.3634394908793333e-06,0.5620094633580444,0.2025751079799332,1.569924118536804e-06,lignin
C20 H19 O9 N1,0.100237452525024,2.3634394908793333e-06,0.5645610413957483,0.2074890059490864,1.569924118536804e-06,lignin
C18 H15 O8 N1,0.0990338405946874,2.3634394908793333e-06,0.5631312922406,0.2085891855342958,1.569924118536804e-06,lignin
C22 H23 O11 N1,0.0998591455070381,2.3634394908793333e-06,0.5620501508340018,0.2078899946104079,1.569924118536804e-06,lignin
C21 H19 O10 N1,0.0979865833756707,2.3634394908793333e-06,0.5602441519011829,0.2097223585577278,1.569924118536804e-06,lignin
C21 H25 O12 N1,0.1606649542329659,2.3634394908793333e-06,0.5831392292813645,0.1998296379059775,1.569924118536804e-06,lignin
C16 H19 O7 N1,0.185118455381262,2.3634394908793333e-06,0.5460826829965965,0.2117573079691169,1.569924118536804e-06,lignin
C22 H25 O10 N1,0.1877544192341066,2.3634394908793333e-06,0.543007775722678,0.2084256124321222,1.569924118536804e-06,lignin
C20 H21 O9 N1,0.1896225480801069,2.3634394908793333e-06,0.5437592014150173,0.2096797613957034,1.569924118536804e-06,lignin
C19 H23 O9 N1,0.1900202788992347,2.3634394908793333e-06,0.5476528695687589,0.2098301681023422,1.569924118536804e-06,lignin
C21 H23 O12 N1,0.1793021227371835,2.3634394908793333e-06,0.6817061312645588,0.1946887911089167,1.569924118536804e-06,lignin
C20 H18 O12 N2,0.1290955416578042,2.3634394908793333e-06,0.6579852532359868,0.2483971296461112,1.569924118536804e-06,lignin
C22 H19 O12 N1,0.0971262004059386,2.3634394908793333e-06,0.6925655907566963,0.1979813193852448,1.569924118536804e-06,lignin
C22 H21 O14 N1,0.0995692161580778,2.3634394908793333e-06,0.6970732699112496,0.1958343781624243,1.569924118536804e-06,lignin
C16 H17 O10 N1,0.1445051406573745,2.3634394908793333e-06,0.7543537587909607,0.1943552719265627,0.0585907607370775,lignin
C16 H19 O9 N1,0.0891952657822204,2.3634394908793333e-06,0.7490369437508969,0.184213640014017,0.0872421793277734,lignin
C16 H19 O8 N1,0.2490942322105783,2.3634394908793333e-06,0.7995133571057436,0.1971230252951463,1.569924118536804e-06,lignin
C17 H21 O9 N1,0.1784282270134654,2.3634394908793333e-06,0.801161935677038,0.1865463601842534,1.569924118536804e-06,lignin
C19 H19 O12 N1,0.1765953014588965,2.3634394908793333e-06,0.7940125535380366,0.1895819335278921,1.569924118536804e-06,lignin
C17 H21 O10 N1,0.177053207239009,2.3634394908793333e-06,0.7951412233256407,0.1936446848788085,1.569924118536804e-06,lignin
C16 H17 O9 N1,0.1540390961668261,0.087000654795989,0.8071594207694331,0.2342045961386303,1.569924118536804e-06,lignin
C18 H16 O11 N2,0.151579662230743,2.3634394908793333e-06,0.7594706762218731,0.2900504492020102,1.569924118536804e-06,lignin
C19 H20 O11 N2,0.1825772937042037,2.3634394908793333e-06,0.7456777411904256,0.3106813501260124,1.569924118536804e-06,lignin
C17 H18 O10 N2,0.1824752154301173,2.3634394908793333e-06,0.7455379799093755,0.3112245579875056,1.569924118536804e-06,lignin
C19 H16 O11 N2,0.2290143048343048,2.3634394908793333e-06,0.7296195915884232,0.2997587960594814,1.569924118536804e-06,lignin
C17 H18 O8 N2,0.1781140523524415,2.3634394908793333e-06,0.7048684016686717,0.3241929043793954,1.569924118536804e-06,lignin
C18 H16 O9 N2,0.1828221387951943,2.3634394908793333e-06,0.6660997995773912,0.3365553974211213,1.569924118536804e-06,lignin
C17 H19 O10 N1,0.2318435674431946,0.153845245462941,0.7175333828211828,0.3125130280930607,1.569924118536804e-06,lignin
C19 H18 O11 N2,0.2955851691225731,0.0808548228684868,0.6835783915218595,0.2948383702135505,1.569924118536804e-06,lignin
C20 H19 O12 N1,0.2934864969140827,0.0957613628111224,0.7695567952618937,0.261884453306031,1.569924118536804e-06,lignin
C18 H19 O11 N1,0.3143621614435218,0.1032706099668448,0.7513191810386658,0.2034978399587668,1.569924118536804e-06,lignin
C19 H21 O12 N1,0.2519620919536521,0.0815449855528756,0.737416871071849,0.1832575273500334,1.569924118536804e-06,lignin
C19 H18 O12 N2,0.2244239008282579,0.0679359072736258,0.6976427354838382,0.1578721635490264,1.569924118536804e-06,lignin
C19 H21 O11 N1,0.2468308020860185,2.3634394908793333e-06,0.6957749297693597,0.1866028982356675,1.569924118536804e-06,lignin
C20 H23 O12 N1,0.2654108262932594,2.3634394908793333e-06,0.6721088187538798,0.1959039498389982,1.569924118536804e-06,lignin
C19 H23 O11 N1,0.2658429088122793,2.3634394908793333e-06,0.6685883776523223,0.1980518204544446,1.569924118536804e-06,lignin
C22 H21 O12 N1,0.2789834922486635,2.3634394908793333e-06,0.6664813391246632,0.2022387563629095,1.569924118536804e-06,lignin
C22 H23 O12 N1,0.3430961624179429,2.3634394908793333e-06,0.6552842889229202,0.197702944165366,1.569924118536804e-06,lignin
C19 H23 O10 N1,0.3387764643341941,2.3634394908793333e-06,0.719226427275293,0.2592166539015327,1.569924118536804e-06,lignin
C21 H17 O12 N1,0.2747417648843924,0.0530228251952578,0.8683513164287676,0.3293724979976014,1.569924118536804e-06,lignin
C21 H19 O12 N1,0.3276057373625569,2.3634394908793333e-06,0.9046271245385172,0.2891789002027934,1.569924118536804e-06,lignin
C21 H21 O12 N1,0.3295554060984574,2.3634394908793333e-06,0.9057400443354284,0.2581195722917432,1.569924118536804e-06,lignin
C17 H19 O9 N1,0.436251460354256,2.3634394908793333e-06,0.760637050532652,0.1844088456580679,1.569924118536804e-06,lignin
C21 H23 O11 N1,0.4375479333326053,2.3634394908793333e-06,0.6482615828454283,0.1911057612517803,1.569924118536804e-06,lignin
C18 H21 O10 N1,0.4274146452304712,2.3634394908793333e-06,0.7107511822833923,0.3068637814011895,1.569924118536804e-06,lignin
C20 H18 O11 N2,0.3794661342583154,2.3634394908793333e-06,0.6341196423383931,0.3050704298157651,1.569924118536804e-06,lignin
C21 H25 O11 N1,0.3584295940683543,2.3634394908793333e-06,0.6433052278196381,0.3617369365678911,1.569924118536804e-06,lignin
C21 H21 O11 N1,0.447753306153871,2.3634394908793333e-06,0.6299886902339558,0.360195937208818,1.569924118536804e-06,lignin
C20 H23 O11 N1,0.4480141937266557,2.3634394908793333e-06,0.6340636025987803,0.3618098053754476,1.569924118536804e-06,lignin
C20 H23 O10 N1,0.4489732360809116,2.3634394908793333e-06,0.6345313693678272,0.3606884046586115,1.569924118536804e-06,lignin
C19 H20 O10 N2,0.349499730045482,2.3634394908793333e-06,0.5761111538888636,0.3314191754587947,1.569924118536804e-06,lignin
C23 H34 O8,0.2750270730969108,2.3634394908793333e-06,0.5865302897775561,0.3381613436220342,1.569924118536804e-06,lignin
C18 H23 O9 N1,0.2724425178215567,2.3634394908793333e-06,0.511373959188115,0.369899061764867,1.569924118536804e-06,lignin
C21 H20 O11 N2,0.2461527849397739,2.3634394908793333e-06,0.5017170671671876,0.3063835066975131,1.569924118536804e-06,lignin
C22 H22 O13 N2,0.2514311496756288,2.3634394908793333e-06,0.5694112430751745,0.194698948042615,1.569924118536804e-06,lignin
C20 H25 O11 N1,0.2643251222209187,2.3634394908793333e-06,0.5288948295166916,0.2104321932400229,1.569924118536804e-06,lignin
C18 H18 O11 N2,0.3187349086708149,2.3634394908793333e-06,0.5653368079827953,0.2034821509261043,1.569924118536804e-06,lignin
C22 H27 O11 N1,0.3379163819261818,2.3634394908793333e-06,0.5176275804927933,0.206652795998053,1.569924118536804e-06,lignin
C20 H25 O10 N1,0.4729118249095735,2.3634394908793333e-06,0.5035237422359705,0.1990661418637296,1.569924118536804e-06,lignin
C22 H25 O13 N1,0.1865670501600441,2.3634394908793333e-06,0.5722410709484581,3.5873342110026204e-06,1.569924118536804e-06,lignin
C22 H23 O14 N1,0.0801019024454803,2.3634394908793333e-06,0.613180308120727,3.5873342110026204e-06,1.569924118536804e-06,lignin
C22 H20 O13 N2,0.0822064543926143,2.3634394908793333e-06,0.6092632933898721,3.5873342110026204e-06,1.569924118536804e-06,lignin
C23 H20 O13 N2,0.0827677033107174,2.3634394908793333e-06,0.6083244189446615,3.5873342110026204e-06,1.569924118536804e-06,lignin
C23 H23 O11 N1,0.0938705909975152,2.3634394908793333e-06,0.5960632898262378,3.5873342110026204e-06,1.569924118536804e-06,lignin
C20 H17 O9 N1,0.0951539582325407,2.3634394908793333e-06,0.5943094329080624,3.5873342110026204e-06,1.569924118536804e-06,lignin
C22 H21 O11 N1,0.0937396525366257,2.3634394908793333e-06,0.5934116834385507,3.5873342110026204e-06,1.569924118536804e-06,lignin
C14 H14 O7 N2,0.0759840065097661,0.0501449231179053,0.5877976867559124,3.5873342110026204e-06,1.569924118536804e-06,lignin
C14 H12 O8 N2,2.4256377054600782e-06,0.0938086633260904,0.5793677428736065,3.5873342110026204e-06,1.569924118536804e-06,lignin
C16 H18 O9 N2,2.4256377054600782e-06,2.3634394908793333e-06,0.6049655743385243,3.5873342110026204e-06,1.569924118536804e-06,lignin
C17 H16 O11 N2,2.4256377054600782e-06,2.3634394908793333e-06,0.6062818519698148,3.5873342110026204e-06,1.569924118536804e-06,lignin
C15 H16 O9 N2,2.4256377054600782e-06,2.3634394908793333e-06,0.6065841642911757,3.5873342110026204e-06,1.569924118536804e-06,lignin
C19 H19 O8 N1,2.4256377054600782e-06,2.3634394908793333e-06,0.6108788606170369,3.5873342110026204e-06,1.569924118536804e-06,lignin
C22 H19 O11 N1,2.4256377054600782e-06,2.3634394908793333e-06,0.6118127634742762,3.5873342110026204e-06,1.569924118536804e-06,lignin
C23 H19 O13 N1,2.4256377054600782e-06,2.3634394908793333e-06,0.6134889840746912,3.5873342110026204e-06,1.569924118536804e-06,lignin
C19 H17 O8 N1,2.4256377054600782e-06,2.3634394908793333e-06,0.6136498646614436,3.5873342110026204e-06,1.569924118536804e-06,lignin
C22 H21 O10 N1,2.4256377054600782e-06,2.3634394908793333e-06,0.6149568354800518,3.5873342110026204e-06,1.569924118536804e-06,lignin
C21 H17 O10 N1,2.4256377054600782e-06,2.3634394908793333e-06,0.6150370570235573,3.5873342110026204e-06,1.569924118536804e-06,lignin
C22 H18 O13 N2,2.4256377054600782e-06,2.3634394908793333e-06,0.6175055498830841,3.5873342110026204e-06,1.569924118536804e-06,lignin
C23 H23 O13 N1,2.4256377054600782e-06,2.3634394908793333e-06,0.6179842143729642,3.5873342110026204e-06,1.569924118536804e-06,lignin
C22 H18 O14 N2,2.4256377054600782e-06,2.3634394908793333e-06,0.6184117311657952,3.5873342110026204e-06,1.569924118536804e-06,lignin
C14 H14 O8 N2,2.4256377054600782e-06,2.3634394908793333e-06,0.6184841970320654,3.5873342110026204e-06,1.569924118536804e-06,lignin
C24 H25 O13 N1,2.4256377054600782e-06,2.3634394908793333e-06,0.6193642476483991,3.5873342110026204e-06,1.569924118536804e-06,lignin
C21 H18 O11 N2,2.4256377054600782e-06,2.3634394908793333e-06,0.6196139406826714,3.5873342110026204e-06,1.569924118536804e-06,lignin
C20 H16 O12 N2,2.4256377054600782e-06,2.3634394908793333e-06,0.6196277815835836,3.5873342110026204e-06,1.569924118536804e-06,lignin
C16 H14 O8 N2,2.4256377054600782e-06,2.3634394908793333e-06,0.6203373663915562,3.5873342110026204e-06,1.569924118536804e-06,lignin
C20 H16 O11 N2,2.4256377054600782e-06,2.3634394908793333e-06,0.6205769969317746,3.5873342110026204e-06,1.569924118536804e-06,lignin
C21 H18 O12 N2,2.4256377054600782e-06,2.3634394908793333e-06,0.6206378889412475,3.5873342110026204e-06,1.569924118536804e-06,lignin
C15 H19 O8 N1,2.4256377054600782e-06,2.3634394908793333e-06,0.6208069627049766,3.5873342110026204e-06,1.569924118536804e-06,lignin
C17 H18 O11 N2,2.4256377054600782e-06,2.3634394908793333e-06,0.6212930646904617,3.5873342110026204e-06,1.569924118536804e-06,lignin
C15 H16 O8 N2,0.0921476397238799,2.3634394908793333e-06,0.6894654675885873,0.0792737168384966,1.569924118536804e-06,lignin
C21 H20 O13 N2,0.0819795741260842,2.3634394908793333e-06,0.6995547684449096,0.0946977508963991,1.569924118536804e-06,lignin
C19 H16 O12 N2,2.4256377054600782e-06,2.3634394908793333e-06,0.7396998242682856,0.0785548758990877,1.569924118536804e-06,lignin
C21 H18 O13 N2,2.4256377054600782e-06,2.3634394908793333e-06,0.6614107966663474,0.0530111668294283,1.569924118536804e-06,lignin
C23 H25 O13 N1,2.4256377054600782e-06,2.3634394908793333e-06,0.7362183604164234,3.5873342110026204e-06,1.569924118536804e-06,lignin
C17 H14 O11 N2,2.4256377054600782e-06,2.3634394908793333e-06,0.7308193749703693,3.5873342110026204e-06,1.569924118536804e-06,lignin
C15 H12 O9 N2,2.4256377054600782e-06,2.3634394908793333e-06,0.72758402460944,3.5873342110026204e-06,1.569924118536804e-06,lignin
C15 H13 O7 N1,2.4256377054600782e-06,2.3634394908793333e-06,0.7259581164792948,3.5873342110026204e-06,1.569924118536804e-06,lignin
C13 H15 O8 N1,2.4256377054600782e-06,2.3634394908793333e-06,0.7252819805151933,3.5873342110026204e-06,1.569924118536804e-06,lignin
C23 H19 O14 N1,2.4256377054600782e-06,0.0022489809129901,0.7113127728606342,3.5873342110026204e-06,1.569924118536804e-06,lignin
C23 H21 O14 N1,2.4256377054600782e-06,0.0546407711763159,0.7060283328014397,3.5873342110026204e-06,1.569924118536804e-06,lignin
C22 H19 O14 N1,2.4256377054600782e-06,0.0763949741294932,0.7293024440485558,3.5873342110026204e-06,1.569924118536804e-06,lignin
C14 H17 O8 N1,0.0882303875212384,2.3634394908793333e-06,0.9544989132506422,3.5873342110026204e-06,1.569924118536804e-06,lignin
C15 H17 O9 N1,0.0833083512276092,2.3634394908793333e-06,0.951804312570179,3.5873342110026204e-06,1.569924118536804e-06,lignin
C14 H13 O9 N1,2.4256377054600782e-06,2.3634394908793333e-06,0.8722048936971083,3.5873342110026204e-06,1.569924118536804e-06,lignin
C12 H11 O7 N1,2.4256377054600782e-06,2.3634394908793333e-06,0.8573453342959388,3.5873342110026204e-06,1.569924118536804e-06,lignin
C16 H19 O10 N1,2.4256377054600782e-06,2.3634394908793333e-06,0.8570969139881872,3.5873342110026204e-06,1.569924118536804e-06,lignin
C15 H14 O8 N2,2.4256377054600782e-06,2.3634394908793333e-06,0.8529537914363959,3.5873342110026204e-06,1.569924118536804e-06,lignin
C16 H14 O9 N2,2.4256377054600782e-06,2.3634394908793333e-06,0.8506319405356715,3.5873342110026204e-06,1.569924118536804e-06,lignin
C14 H15 O9 N1,2.4256377054600782e-06,2.3634394908793333e-06,0.8499296341324889,3.5873342110026204e-06,1.569924118536804e-06,lignin
C16 H16 O10 N2,2.4256377054600782e-06,2.3634394908793333e-06,0.8490886005385542,3.5873342110026204e-06,1.569924118536804e-06,lignin
C15 H14 O9 N2,2.4256377054600782e-06,2.3634394908793333e-06,0.8486075099137441,3.5873342110026204e-06,1.569924118536804e-06,lignin
C16 H14 O10 N2,2.4256377054600782e-06,2.3634394908793333e-06,0.8479682034733343,3.5873342110026204e-06,1.569924118536804e-06,lignin
C21 H17 O11 N1,0.091357707168928,2.3634394908793333e-06,0.8139502122112382,0.0710311991793728,1.569924118536804e-06,lignin
C21 H21 O13 N1,0.1709220862870619,2.3634394908793333e-06,0.8163765857774721,3.5873342110026204e-06,1.569924118536804e-06,lignin
C17 H19 O11 N1,0.172232122113017,2.3634394908793333e-06,0.8175113805614569,3.5873342110026204e-06,1.569924118536804e-06,lignin
C18 H21 O11 N1,0.1528564108462305,0.0792057628313021,0.7605517778557677,3.5873342110026204e-06,1.569924118536804e-06,lignin
C20 H20 O12 N2,0.1750516790830383,2.3634394908793333e-06,0.6996425865748352,3.5873342110026204e-06,1.569924118536804e-06,lignin
C21 H23 O13 N1,0.0932911455719594,2.3634394908793333e-06,0.7180521779691675,3.5873342110026204e-06,1.569924118536804e-06,lignin
C22 H25 O12 N1,0.2621691679579967,2.3634394908793333e-06,0.6923336363483058,3.5873342110026204e-06,1.569924118536804e-06,lignin
C19 H17 O12 N1,0.2799965104784331,0.1401304085136492,0.7294741030380301,3.5873342110026204e-06,1.569924118536804e-06,lignin
C20 H24 O13,2.4256377054600782e-06,0.7192144665328637,0.4619532724821572,0.6057651463780109,0.755414975182055,tanin
C16 H20 O11,0.0579670972079719,0.7816183478479376,0.4620685337776846,0.6286000576577483,0.6570779699500603,tanin
C21 H24 O14,0.1826629162241312,0.7265280019074317,0.4814938404809124,0.4096226303032803,0.6455543677208769,tanin
C16 H16 O11,0.2506624380304351,0.7308147426220374,0.4696572452025369,0.4101554378187208,0.7516967445775773,tanin
C16 H18 O11,0.3922968385615877,0.6972919353812518,0.4651558103624757,0.4686660586963666,0.8195998571845506,tanin
C15 H18 O10,0.3857645303307351,0.6914995896579669,0.461698528314506,0.4721004742469286,0.8569190206611954,tanin
C15 H16 O10,0.3838539596652183,0.6835223413081717,0.4532072946956895,0.6394751463151662,0.8322153693550549,tanin
C15 H14 O10,0.4384720103401247,0.699592116163106,0.4682230017318626,0.6433048192725228,0.5847871977541224,tanin
C15 H16 O11,0.4427213519346306,0.6804981976441161,0.4673818488198166,0.6445587026953536,0.5966349146609852,tanin
C14 H16 O10,0.4412891753397925,0.6743129421941506,0.4739262881344661,0.6459107476822055,0.5668633353188476,tanin
C15 H20 O10,0.4456465688725659,0.6744609962988883,0.4744568560027669,0.6418938242391085,0.565213672352395,tanin
C14 H14 O10,0.4972048260994973,0.7116342249034234,0.48204473220084,0.6273863151450016,0.4150953747349677,tanin
C13 H14 O9,0.477609955245358,0.6864877613962297,0.4806519716601986,0.6393668056890512,0.4712526023927339,tanin
C15 H18 O11,0.4735933987028357,0.6815255790578393,0.4801530628640992,0.6393452968882785,0.4755520346556052,tanin
C13 H16 O9,0.4747030725723304,0.6542145372260879,0.4825890216519417,0.6403327986817849,0.495523117624096,tanin
C12 H14 O8,0.4311901512737154,0.5710542416255843,0.4980522113782387,0.6828571140270042,0.4655548425925693,tanin
C12 H16 O8,0.3928928524519474,0.3439337421329688,0.5447958769387999,0.7312517829954962,0.4550258163553184,tanin
C20 H26 O13,0.5314607970836697,0.5167535711324862,0.5206767150546684,0.4280876702260044,0.4345646348303049,tanin
C18 H22 O13,0.540088471344095,0.614531980329289,0.5117060214918964,0.4283929535752451,0.3697283896142316,tanin
C15 H14 O11,0.4893247991170699,0.7217125883424302,0.491497749342239,0.3786284483896325,0.4532498773371024,tanin
C16 H14 O11,0.4723841387168479,0.7075563505329948,0.431291580373157,0.2804400204962053,0.5375530599065388,tanin
C19 H24 O13,0.4771028074368186,0.6406465393417432,0.5186446878463208,0.2172324484423866,0.5211215407551256,tanin
C16 H18 O12,0.4384222172818781,0.724460466099707,0.500792590440742,0.1220964889228348,0.58427070105072,tanin
C19 H20 O14,0.4406244830964589,0.778741776289364,0.5166964617248181,3.5873342110026204e-06,0.5690690553401018,tanin
C17 H18 O13,0.4398918138108311,0.7598888573982708,0.5159171951398392,3.5873342110026204e-06,0.5704422751427233,tanin
C19 H18 O14,0.3703785504729789,0.7150318376575093,0.4644496857797311,3.5873342110026204e-06,0.5247410732601667,tanin
C21 H18 O15,0.5147151010523567,0.7664764215604051,0.4551550037720432,0.146566566950214,0.2740588691948226,tanin
C22 H20 O15,0.4650632567204849,0.7386462665301645,0.4558373045052291,0.1120889772175772,0.3725698035579687,tanin
C22 H22 O15,0.4070590025699029,0.7472268172817941,0.5096335852165178,0.1902850854346384,0.3886387906168303,tanin
C21 H20 O15,0.4577289997275909,0.7710305915287666,0.506862262990481,0.1929224804232294,0.3691429111610922,tanin
C21 H22 O15,0.4559411083373717,0.6929212464629287,0.5208062547508495,0.2155747881803563,0.3101759768309806,tanin
C23 H26 O15,0.291574348299537,0.7486872750268474,0.5220802142253279,0.194597555732799,0.3122804547973027,tanin
C23 H24 O15,0.2945329776819899,0.702286331336571,0.5234520940964899,0.2136671213019357,0.3345903177201321,tanin
C22 H24 O15,0.2485935214322046,0.7303428653506159,0.517635614578955,0.2017355123843337,0.4162662210344858,tanin
C17 H14 O13,0.5581842906207412,0.7921667408945521,0.3109601798871664,3.5873342110026204e-06,0.162418451478805,tanin
C22 H18 O15,0.4940453213009794,0.7101831661438581,0.275619984860918,0.124999369340718,0.3298434442414359,tanin
C19 H16 O14,0.4770215054916132,0.7787347069669458,0.2935324970035245,3.5873342110026204e-06,0.3147243111742765,tanin
C16 H14 O12,0.4818663099466593,0.7748661006067407,0.286238819495243,0.0306657024734501,0.3333865106059348,tanin
C17 H16 O13,0.4349176175354119,0.8062292298487358,0.3391293564235621,3.5873342110026204e-06,0.4142048797048245,tanin
C16 H16 O12,0.4464516735326652,0.7225245964220232,0.2775969268745432,3.5873342110026204e-06,0.5817787307328554,tanin
C17 H14 O12,0.473323444184837,0.7333989012987631,0.2821451145278869,3.5873342110026204e-06,0.4895208574118107,tanin
C18 H16 O13,0.4733713336855248,0.7328911150827849,0.2852806354023518,3.5873342110026204e-06,0.4888825457959919,tanin
C20 H18 O14,0.4770498083868942,0.7168218222271064,0.2768160296087097,0.0955307743584292,0.4954449923821437,tanin
C21 H18 O14,0.4972288710370812,0.65132013169505,0.2185370072281321,3.5873342110026204e-06,0.4858017788221678,tanin
C20 H16 O13,0.4827073818258944,0.6716053917079419,0.0150336892698654,3.5873342110026204e-06,0.5003362445524326,tanin
C19 H16 O13,0.4729593637549216,0.7073412181984924,8.646863509541591e-06,3.5873342110026204e-06,0.5097255049899134,tanin
C20 H16 O14,0.445487120880213,0.7295580902289753,0.009761970882841,3.5873342110026204e-06,0.4386699522282027,tanin
C18 H16 O12,0.2966810421997671,0.7274778617741814,3.090388119151871e-06,3.5873342110026204e-06,0.605143524070022,tanin
C20 H18 O13,0.283903562367709,0.7242916056937608,3.090388119151871e-06,3.5873342110026204e-06,0.6478844097411227,tanin
C19 H18 O13,0.1305140677412015,0.7194662308108063,3.090388119151871e-06,3.5873342110026204e-06,0.6872458901845938,tanin
C17 H16 O12,0.1712720778863618,0.7475333688084785,3.090388119151871e-06,3.5873342110026204e-06,0.7142621813806349,tanin
C18 H18 O12,0.2023082939706016,0.6434110862399495,3.090388119151871e-06,3.5873342110026204e-06,0.7564706061058766,tanin
C18 H20 O12,0.1653109872039855,0.6782976300417926,3.090388119151871e-06,3.5873342110026204e-06,0.763243058061618,tanin
C17 H18 O12,0.1897056283488211,0.7009509523983961,3.090388119151871e-06,3.5873342110026204e-06,0.7955085986433122,tanin
C19 H20 O13,0.186281215964516,0.6951500110217164,3.090388119151871e-06,3.5873342110026204e-06,0.8353046899183707,tanin
C20 H20 O13,0.1858588891779847,0.6892131458549028,0.2051813333019394,3.5873342110026204e-06,0.8178246924136593,tanin
C18 H18 O13,0.1330393372173254,0.6846545575600298,0.2858816208426786,3.5873342110026204e-06,0.6669840589112254,tanin
C20 H22 O13,0.0326306803535126,0.7024326181107043,0.3772645384345909,0.0243282765006792,0.7514220711219168,tanin
C18 H22 O12,0.1841850860072389,0.7231996363797615,0.4986714326032443,0.1252243376771964,0.7933817043734945,tanin
C17 H20 O12,0.2470315021744137,0.7519110467160105,0.4953967868109896,0.125512792381388,0.774309559417878,tanin
C20 H22 O14,0.2676985518235029,0.7668600126348072,0.4982192169613718,0.1627936294295627,0.6485668534544482,tanin
C18 H20 O13,0.2584153023585779,0.7800550635949818,0.5179483473487039,3.5873342110026204e-06,0.6713468319790395,tanin
C19 H22 O13,0.1990790964233055,0.7358896324530741,0.5227584183700255,3.5873342110026204e-06,0.6835962357717307,tanin
C20 H20 O14,0.1854422981109395,0.7053892818789488,0.4634438738740745,3.5873342110026204e-06,0.6459726824897257,tanin
C21 H20 O14,0.2073347754618606,0.699581913845525,0.3844921137092055,3.5873342110026204e-06,0.5545018131397588,tanin
C19 H22 O14,0.5456883870265139,0.7038696185586423,0.5394940164353539,3.5873342110026204e-06,0.3062573820795516,tanin
C18 H18 O14,0.4681785288525725,0.7681848679225639,0.5285091933809312,3.5873342110026204e-06,0.335189105853472,tanin
C20 H16 O15,0.5016315992959242,0.7834260057235805,0.4691088989356506,3.5873342110026204e-06,0.2545121474980972,tanin
C18 H16 O14,0.5108842415590497,0.7860684059770479,0.5302904536920047,3.5873342110026204e-06,0.22376630693907,tanin
C20 H18 O15,0.4989305012137183,0.8284139685954992,0.5285354433654198,3.5873342110026204e-06,0.2488293564795431,tanin
C23 H20 O16,0.4938389856803379,0.831610748326338,0.5287264716616303,3.5873342110026204e-06,0.2490494639332737,tanin
C20 H20 O15,0.5496245934026102,0.7891261289225903,0.5343811160475224,3.5873342110026204e-06,0.155384211755021,tanin
C23 H24 O16,0.5638756271595986,0.7592398454003454,0.5422528500324068,3.5873342110026204e-06,0.1372512011525519,tanin
C24 H24 O16,0.5657253841704762,0.7463964932304811,0.5410985268508705,3.5873342110026204e-06,0.1373222567790515,tanin
C19 H18 O15,0.5861373821535066,0.719553231676477,0.5488566302210821,3.5873342110026204e-06,0.1128654981971835,tanin
C25 H20 O17,0.3068795021014774,0.7892358640864925,0.5259830698736405,3.5873342110026204e-06,1.569924118536804e-06,tanin
C25 H22 O17,0.4471195717676766,0.7891759355123555,0.5589569083436451,3.5873342110026204e-06,1.569924118536804e-06,tanin
C23 H20 O17,0.4601118029485305,0.7741892129851885,0.5561653020386852,3.5873342110026204e-06,1.569924118536804e-06,tanin
C24 H20 O17,0.5466115122552538,0.7664369779546394,0.5487206473468902,3.5873342110026204e-06,0.0153964703023059,tanin
C23 H22 O16,0.5478459693320847,0.7595586879080526,0.554173445261146,3.5873342110026204e-06,0.0101837729945925,tanin
C24 H22 O17,0.6646351366068045,0.7528168839840644,0.5475438923604272,3.5873342110026204e-06,1.569924118536804e-06,tanin
C19 H16 O15,0.6655825071476081,0.7546239795272423,0.5510910209462149,3.5873342110026204e-06,1.569924118536804e-06,tanin
C22 H20 O16,0.642533180260589,0.805598935488577,0.5423955147208323,3.5873342110026204e-06,0.0042140107192145,tanin
C22 H22 O16,0.6420164144770161,0.8038037292603754,0.5422962818249244,3.5873342110026204e-06,0.0036073167948328,tanin
C21 H20 O16,0.64363358681039,0.8036804981173109,0.5425061226100184,3.5873342110026204e-06,0.0027279731728647,tanin
C24 H22 O16,0.6399866209959794,0.8029753332060855,0.5419522877100118,3.5873342110026204e-06,0.0030238413609999,tanin
C22 H18 O16,0.601978738063567,0.8495300346589598,0.4755100769713181,3.5873342110026204e-06,0.0788005883984716,tanin
C24 H20 O16,0.5547091459228152,0.8932246328611668,0.5315617483953305,3.5873342110026204e-06,0.0416538101669439,tanin
C25 H24 O17,0.6661683520331146,0.8069745613646105,0.5397900048968153,0.1491871664863497,1.569924118536804e-06,tanin
C21 H18 O16,0.6333633928448879,0.8330639760825542,0.5229575602978053,0.2582787860999331,0.048790467142492,tanin
C24 H26 O16,0.6591221333550272,0.7440682761585816,0.5327419238343177,0.2733933213491842,0.026196734272714,tanin
C23 H22 O15,0.606996415601117,0.7974592533895795,0.5109702662448427,0.2255228740785404,0.2148454292641007,tanin
C23 H20 O15,0.5397021994405344,0.8116391091625488,0.5136328896714742,0.2335869704818706,0.2013171348011784,tanin
C26 H26 O19,2.4256377054600782e-06,0.3690576721749541,3.090388119151871e-06,0.5075110414056807,1.569924118536804e-06,tanin
C25 H26 O19,0.0170657410384267,0.2602859243685327,3.090388119151871e-06,0.549878643451442,1.569924118536804e-06,tanin
C28 H30 O20,0.0954490534860601,0.0877309439184226,3.090388119151871e-06,0.5413801887658383,1.569924118536804e-06,tanin
C24 H28 O18,0.0910725993308895,0.1256680108019246,3.090388119151871e-06,0.5107166493430831,1.569924118536804e-06,tanin
C24 H22 O20,0.0363267598314489,0.1326935516211562,3.090388119151871e-06,0.5389148641834299,1.569924118536804e-06,tanin
C27 H28 O20,0.0581124125377918,0.1569182718848548,3.090388119151871e-06,0.5503049248692278,1.569924118536804e-06,tanin
C26 H26 O20,0.057719910240248,0.1566845323707487,3.090388119151871e-06,0.5509777608736504,1.569924118536804e-06,tanin
C28 H26 O21,0.0586454023925314,0.1559152314335493,3.090388119151871e-06,0.5529774154936478,1.569924118536804e-06,tanin
C21 H24 O17,0.0673131891191447,0.2055001417077812,3.090388119151871e-06,0.5511238967998887,1.569924118536804e-06,tanin
C29 H30 O20,0.0629670916976737,0.191115516584309,3.090388119151871e-06,0.5675271013102577,1.569924118536804e-06,tanin
C29 H26 O21,0.0630543046900352,0.1909543681664555,3.090388119151871e-06,0.570704606184922,1.569924118536804e-06,tanin
C25 H24 O20,0.0356925714718236,0.1916420405213561,3.090388119151871e-06,0.5871907921797541,1.569924118536804e-06,tanin
C24 H24 O19,0.1446788277612029,0.196736672238578,3.090388119151871e-06,0.6299095276109715,1.569924118536804e-06,tanin
C32 H26 O21,2.4256377054600782e-06,0.1186292852947168,3.090388119151871e-06,0.5081327165588821,1.569924118536804e-06,tanin
C24 H20 O20,2.4256377054600782e-06,0.1123314930601747,3.090388119151871e-06,0.5337615148427101,1.569924118536804e-06,tanin
C26 H24 O21,2.4256377054600782e-06,0.0590574357944858,3.090388119151871e-06,0.5414430334100716,1.569924118536804e-06,tanin
C23 H24 O19,2.4256377054600782e-06,0.0572828852427251,3.090388119151871e-06,0.5473932705423873,1.569924118536804e-06,tanin
C26 H28 O20,2.4256377054600782e-06,2.3634394908793333e-06,3.090388119151871e-06,0.5161900195446844,1.569924118536804e-06,tanin
C31 H32 O21,2.4256377054600782e-06,2.3634394908793333e-06,3.090388119151871e-06,0.5157518330499276,1.569924118536804e-06,tanin
C25 H26 O20,2.4256377054600782e-06,2.3634394908793333e-06,3.090388119151871e-06,0.5028539877272376,1.569924118536804e-06,tanin
C24 H26 O19,0.0758368627628174,2.3634394908793333e-06,3.090388119151871e-06,0.5022618318541091,1.569924118536804e-06,tanin
C11 H14 O9,2.4256377054600782e-06,2.3634394908793333e-06,0.1444647612253683,0.5101779999311364,1.569924118536804e-06,tanin
C25 H32 O17,0.1822854607976848,2.3634394908793333e-06,0.0746910695007316,0.6487708871034912,1.569924118536804e-06,tanin
C20 H26 O15,0.0930859683662797,2.3634394908793333e-06,0.1247571279844243,0.6218320435281479,1.569924118536804e-06,tanin
C29 H32 O20,0.0757836132447932,2.3634394908793333e-06,3.090388119151871e-06,0.6500742938762497,1.569924118536804e-06,tanin
C22 H28 O16,0.119994307361027,0.0344418392384668,3.090388119151871e-06,0.7336006237021142,1.569924118536804e-06,tanin
C22 H26 O17,0.1184449868358976,0.0345814282312748,3.090388119151871e-06,0.7380263913870618,1.569924118536804e-06,tanin
C26 H30 O18,0.2450175633240964,0.1219003431192035,0.2215096191079523,0.8144850886034247,1.569924118536804e-06,tanin
C18 H16 O16,0.1665209735474628,0.1353756967299242,0.1590772426475384,0.7390774901902608,1.569924118536804e-06,tanin
C20 H20 O17,0.1281357604226539,0.1927400147427505,0.1554113627114675,0.7493909601608327,1.569924118536804e-06,tanin
C17 H14 O15,0.1354701050793828,0.199965504919927,0.2082685104549711,0.7813039130704557,1.569924118536804e-06,tanin
C26 H22 O20,0.0428672207989511,0.2323691299720633,0.2022635282079151,0.7653300436965007,1.569924118536804e-06,tanin
C26 H28 O19,0.0286405294104151,0.2143160687626565,0.1920826507011609,0.7264034514632667,1.569924118536804e-06,tanin
C18 H18 O16,0.0731910429902444,0.1598549628089374,0.1563680453847913,0.7663075877118717,1.569924118536804e-06,tanin
C30 H28 O20,0.0575168745368218,0.1885963675572085,0.1538020099692668,0.7840781058022336,1.569924118536804e-06,tanin
C26 H24 O20,0.0392455835711361,0.1763241443388544,0.1571068929595632,0.8350760035161136,1.569924118536804e-06,tanin
C30 H28 O21,2.4256377054600782e-06,0.1748720211642659,3.090388119151871e-06,0.9079316225486938,1.569924118536804e-06,tanin
C25 H22 O20,0.0362537076792818,0.1770622056992877,3.090388119151871e-06,0.8747994835409434,1.569924118536804e-06,tanin
C23 H22 O19,0.0358989759711925,0.1766790765408391,3.090388119151871e-06,0.8616533576167399,0.0345990574976709,tanin
C28 H24 O21,0.0348289512019012,0.2550915790552686,3.090388119151871e-06,0.78528073986026,1.569924118536804e-06,tanin
C31 H26 O21,2.4256377054600782e-06,0.2328444414881823,3.090388119151871e-06,0.7225520484211788,1.569924118536804e-06,tanin
C28 H28 O20,0.0305401045263492,0.1852312295029816,3.090388119151871e-06,0.7389685299690618,1.569924118536804e-06,tanin
C30 H30 O20,0.0797869575950493,0.1305795731768056,3.090388119151871e-06,0.7600020570556788,1.569924118536804e-06,tanin
C21 H18 O18,0.0710277312268899,0.1252232359469903,3.090388119151871e-06,0.6758943257570722,1.569924118536804e-06,tanin
C32 H28 O21,2.4256377054600782e-06,0.1126069857598139,3.090388119151871e-06,0.6640239018540144,1.569924118536804e-06,tanin
C25 H20 O20,2.4256377054600782e-06,0.1662399768254757,3.090388119151871e-06,0.6663436215916849,1.569924118536804e-06,tanin
C29 H24 O22,2.4256377054600782e-06,0.1661004782075283,3.090388119151871e-06,0.6577730725923796,1.569924118536804e-06,tanin
C25 H28 O18,0.0206797233349406,0.4299206018692574,3.090388119151871e-06,0.8191724139273999,1.569924118536804e-06,tanin
C27 H24 O20,2.4256377054600782e-06,0.4021685708850598,3.090388119151871e-06,0.8119213811730369,1.569924118536804e-06,tanin
C30 H26 O21,2.4256377054600782e-06,0.3483956494104506,3.090388119151871e-06,0.8302864450032799,1.569924118536804e-06,tanin
C29 H28 O20,0.0077418022479712,0.2828330863890479,3.090388119151871e-06,0.8585829984348143,1.569924118536804e-06,tanin
C23 H20 O19,0.0113084570315963,0.2302591983131311,0.1563813791837305,0.8647552276343656,1.569924118536804e-06,tanin
C29 H24 O21,2.4256377054600782e-06,0.2638369735523795,0.2079524765508093,0.8601823503737619,1.569924118536804e-06,tanin
C24 H20 O19,2.4256377054600782e-06,0.3257785171646362,0.1893433653880113,0.819589224391759,1.569924118536804e-06,tanin
C22 H18 O18,2.4256377054600782e-06,0.3244697285187392,0.1920517274239792,0.8143288621286756,1.569924118536804e-06,tanin
C27 H22 O20,2.4256377054600782e-06,0.3289329412108721,0.1934893913471778,0.8158757255126508,1.569924118536804e-06,tanin
C22 H22 O18,0.0611282425725438,0.3386766164166376,0.1904361800831663,0.8199713375314146,1.569924118536804e-06,tanin
C29 H24 O19,2.4256377054600782e-06,0.4163818051064929,0.1786893319108493,0.7138732030525502,1.569924118536804e-06,tanin
C12 H10 O10,2.4256377054600782e-06,0.1008865311895291,0.296724117276658,0.6875591326058283,1.569924118536804e-06,tanin
C11 H10 O9,2.4256377054600782e-06,2.3634394908793333e-06,0.2788897982696646,0.6162846317140098,1.569924118536804e-06,tanin
C19 H24 O15,0.0836636840591381,2.3634394908793333e-06,0.2769074073956229,0.5688744108203961,1.569924118536804e-06,tanin
C10 H12 O8,0.084761805087528,2.3634394908793333e-06,0.2862765637911214,0.5738938833661822,1.569924118536804e-06,tanin
C15 H20 O12,0.0837683734631653,2.3634394908793333e-06,0.2696733491702937,0.6067655268979061,1.569924118536804e-06,tanin
C10 H10 O8,0.1299203080637403,2.3634394908793333e-06,0.2815966489428892,0.6346848796936652,1.569924118536804e-06,tanin
C11 H12 O9,0.1305146563412361,2.3634394908793333e-06,0.281537725682253,0.6399494906087531,1.569924118536804e-06,tanin
C13 H18 O10,0.0848119675862218,2.3634394908793333e-06,0.409117900293968,0.5629020452922237,1.569924118536804e-06,tanin
C17 H24 O12,0.1664812242600195,2.3634394908793333e-06,0.5527400370172508,0.5317976197104172,1.569924118536804e-06,tanin
C18 H26 O12,0.2504554261459241,2.3634394908793333e-06,0.4676167066355824,0.6700597758782959,1.569924118536804e-06,tanin
C11 H16 O8,0.272409230611089,0.0535816882698733,0.542404741988107,0.6917908785159034,0.0379959455064086,tanin
C16 H22 O12,0.1675187633167627,2.3634394908793333e-06,0.6040062169508718,0.648925166279405,1.569924118536804e-06,tanin
C12 H14 O10,0.1100567976491264,0.0705173396420609,0.6214066555324308,0.6320803675013174,1.569924118536804e-06,tanin
C16 H20 O13,0.1299448664609288,0.0872588457306755,0.5847074669910423,0.7061307428829989,1.569924118536804e-06,tanin
C12 H12 O10,0.1585765386931636,0.104484595384118,0.6713035805933387,0.6889344566651215,1.569924118536804e-06,tanin
C16 H18 O14,0.0378269197302839,0.1184355918854461,0.5660195859884265,0.7003128335579071,1.569924118536804e-06,tanin
C10 H8 O8,2.4256377054600782e-06,0.0556200832059248,0.5054678319962811,0.7069909178867453,1.569924118536804e-06,tanin
C26 H24 O18,0.3075149897643706,0.3803724038716751,0.49253124304972,0.5116579913028323,1.569924118536804e-06,tanin
C23 H22 O18,0.2640841969556904,0.4105362386320476,0.508355012108402,0.5639118525087538,1.569924118536804e-06,tanin
C22 H22 O17,0.1842959557116294,0.4589496095484695,0.5852243132765421,0.4989106190719687,1.569924118536804e-06,tanin
C27 H24 O18,0.1987749154394648,0.5098754015857133,0.500332300940004,0.4364163116018029,1.569924118536804e-06,tanin
C25 H20 O18,0.2831642055838156,0.6774019147581103,0.5131294070144413,0.3723653157399014,1.569924118536804e-06,tanin
C22 H18 O17,0.3308267821732035,0.7572788314281509,0.4894121880746161,0.5493475176940866,1.569924118536804e-06,tanin
C26 H22 O18,0.2921347957197205,0.6841318293671221,0.4795534495820525,0.5745822977612879,1.569924118536804e-06,tanin
C25 H22 O18,0.3739123547998855,0.6336631734573935,0.5345707920718047,0.5782692868221596,1.569924118536804e-06,tanin
C24 H20 O18,0.2385452422031534,0.680995460209676,0.4719975904105147,0.7503533683534376,1.569924118536804e-06,tanin
C20 H16 O16,0.3532286740689675,0.6036861134086409,0.5193185169936035,0.7116915202482346,1.569924118536804e-06,tanin
C27 H22 O18,0.300939475786297,0.6117843435716402,0.4779365698556632,0.7784436851355865,1.569924118536804e-06,tanin
C27 H26 O18,0.3342353023565742,0.5678404714209788,0.5487809825385103,0.8069814380819602,1.569924118536804e-06,tanin
C24 H22 O18,0.3868714490511316,0.5481255370275042,0.4893571028798937,0.7758399695654895,1.569924118536804e-06,tanin
C23 H20 O18,0.2097252304832501,0.466353720616522,0.4809221476369127,0.8264345993932748,1.569924118536804e-06,tanin
C21 H18 O17,0.199784088983902,0.5105650220209393,0.5133267989432552,0.828810923567547,1.569924118536804e-06,tanin
C19 H16 O16,0.1543428137846822,0.4972096661416088,0.5264558480033625,0.7506796294219505,1.569924118536804e-06,tanin
C24 H22 O19,0.0900575648329162,0.3072693039095281,0.3622674847964862,0.5304681456873394,1.569924118536804e-06,tanin
C25 H20 O19,0.0552398627795487,0.3814151690949789,0.3550617049635379,0.5160422461171525,1.569924118536804e-06,tanin
C27 H26 O19,0.049431498151896,0.3706402363981416,0.3074890967109883,0.5912929984604832,1.569924118536804e-06,tanin
C25 H24 O19,0.0671897020842252,0.3287284329432995,0.3602393553131082,0.8100027607386671,1.569924118536804e-06,tanin
C22 H20 O18,0.0680152136327582,0.3284682738449851,0.3605379290003146,0.8103772617101479,1.569924118536804e-06,tanin
C20 H18 O17,0.0844259586741661,0.2805312788597054,0.3647265117525158,0.8210808552996756,1.569924118536804e-06,tanin
C29 H26 O20,0.0463233612298023,0.2201780834617058,0.3710452807459705,0.7509665019458384,1.569924118536804e-06,tanin
C20 H16 O17,0.0174227191322863,0.2406276449709161,0.3693860033173616,0.7450148485961878,1.569924118536804e-06,tanin
C29 H24 O20,0.0257768822276953,0.2575665849838594,0.2999869704622447,0.7493833479926579,1.569924118536804e-06,tanin
C30 H24 O20,4.980662272073794e-06,0.3535258888226943,0.3525448484962259,0.7112709922133715,1.569924118536804e-06,tanin
C27 H22 O19,2.4256377054600782e-06,0.40637975821632,0.4380115764022503,0.7681107864334522,1.569924118536804e-06,tanin
C26 H22 O19,2.4256377054600782e-06,0.5355053906796768,0.3364491136891601,0.7575894423122014,1.569924118536804e-06,tanin
C13 H14 O11,0.1954362633325422,0.2303388486901509,0.5813937246309809,0.7561253391287307,1.569924118536804e-06,tanin
C14 H16 O12,0.1486766743366677,0.1634714233084557,0.6129190412296575,0.7594872620544658,1.569924118536804e-06,tanin
C17 H18 O15,0.1188176457982323,0.1837362485612322,0.5504684588140926,0.7774818965380655,1.569924118536804e-06,tanin
C21 H22 O17,0.0730628033231306,0.3277950213011538,0.5125285607785777,0.7996449897195899,1.569924118536804e-06,tanin
C17 H16 O15,0.1192456081170098,0.2514746164731922,0.5282259321846764,0.8168835411735538,1.569924118536804e-06,tanin
C15 H12 O13,0.0795251871222127,0.2230173201612576,0.6254984712963578,0.8280007587384371,1.569924118536804e-06,tanin
C14 H12 O12,0.0537867908834821,0.2824011748892526,0.6129759957414571,0.8119986535313689,1.569924118536804e-06,tanin
C13 H12 O11,0.1653081193442424,0.2643265040465444,0.6227456036048706,0.837010910449834,1.569924118536804e-06,tanin
C16 H14 O14,0.2297393598896978,0.278550784084256,0.5912471733539431,0.7993830780262285,1.569924118536804e-06,tanin
C16 H16 O14,0.2646610249896031,0.2610437878650582,0.5921092467081724,0.8243700200598334,1.569924118536804e-06,tanin
C12 H10 O9,0.2552699239608905,0.3342052298204584,0.6027804222206596,0.8078589617480583,1.569924118536804e-06,tanin
C18 H20 O15,0.2587980176151209,0.3569400100512911,0.5739709846989636,0.8194747763283875,1.569924118536804e-06,tanin
C19 H18 O16,0.2700145552022174,0.3898265381078251,0.5424717589939606,0.7917914450028373,1.569924118536804e-06,tanin
C17 H20 O14,0.2340825017875908,0.3437327886099077,0.5015958001933908,0.8361517976090888,1.569924118536804e-06,tanin
C19 H20 O16,0.2554298227958231,0.274285050503882,0.5132021512896379,0.8355071531809879,1.569924118536804e-06,tanin
C22 H24 O17,0.3499173104615215,0.3848216586686923,0.4943215715372532,0.9303750382489322,1.569924118536804e-06,tanin
C27 H30 O18,0.4027724414157619,0.3382549875676325,0.419715217895553,0.8660301772900522,1.569924118536804e-06,tanin
C24 H28 O17,0.3477559210408332,0.3879072974044661,0.3493417140253508,0.9497013595951956,1.569924118536804e-06,tanin
C29 H26 O19,0.3508681875557229,0.3862480952996075,0.3472417152662592,0.9533194408313692,1.569924118536804e-06,tanin
C26 H28 O18,0.3513528433288974,0.3254001879154432,0.3562011133811603,0.9950944001792932,1.569924118536804e-06,tanin
C24 H26 O18,0.2803981110297034,0.2167720558039458,0.3756000110090844,0.8722810950652704,1.569924118536804e-06,tanin
C23 H24 O18,0.2559688301466611,0.2751864493621221,0.3606148891821109,0.8610943058238132,1.569924118536804e-06,tanin
C28 H28 O19,0.2541064745903619,0.2908616274929805,0.3668109593844331,0.8245955526704062,1.569924118536804e-06,tanin
C23 H26 O17,0.2345621231519587,0.3596566381901506,0.1709645978391012,0.8240334914156429,1.569924118536804e-06,tanin
C27 H28 O18,0.2614159602881826,0.4322421512847851,0.2208643865346806,0.8117351485935059,1.569924118536804e-06,tanin
C25 H26 O18,0.2580276027868483,0.4181213002540457,0.4110057116784431,0.7945759938238762,1.569924118536804e-06,tanin
C28 H26 O19,0.2113436050635032,0.4655202635700464,0.3418589173106398,0.7787405596944016,1.569924118536804e-06,tanin
C26 H24 O19,0.2120970131077971,0.4675391977861453,0.3377558458715456,0.846477438197382,1.569924118536804e-06,tanin
C28 H24 O19,0.2108585986349889,0.4426562272054518,0.3511042413929482,0.6320715603997663,1.569924118536804e-06,tanin
C27 H32 O18,0.4358343307807962,0.001082515491682,3.090388119151871e-06,0.7696543748148407,1.569924118536804e-06,tanin
C29 H30 O19,0.3016863716599953,0.1711437167541013,0.1587647385708363,0.6505898854997136,1.569924118536804e-06,tanin
C27 H28 O19,0.2589405840575451,0.2529858046399176,0.158781433163244,0.6782950354235786,1.569924118536804e-06,tanin
C23 H28 O16,0.4797239561015582,0.3394668541965104,0.2183322175764168,0.8280362526853915,1.569924118536804e-06,tanin
C26 H30 O17,0.5999156323252527,0.3857610350516285,0.215656290180374,0.6090804226452797,1.569924118536804e-06,tanin
C15 H20 O11,0.4472214120970682,0.4012590784559828,0.5645053596104693,0.7625369975714528,0.1538419756048678,tanin
C21 H20 O17,0.3315524633988461,0.4533881816353142,0.4960881557206352,0.7097112943597994,1.569924118536804e-06,tanin
C12 H12 O9,0.3783443878264088,0.4861009489601348,0.5866351306246955,0.7433414107879116,0.0595237379805476,tanin
C18 H22 O14,0.4481635228077754,0.4206624404971918,0.5915031902481148,0.7988671323484309,1.569924118536804e-06,tanin
C19 H22 O15,0.4392966515120108,0.4344760973355723,0.5888002770725635,0.7929377844218041,1.569924118536804e-06,tanin
C24 H24 O18,0.4096260501250787,0.4345571535437549,0.4867153601227417,0.8235646349642286,1.569924118536804e-06,tanin
C12 H14 O9,0.4098825294593065,0.3369936758484311,0.6214475418719071,0.7841162551566907,0.0609675894170861,tanin
C20 H22 O16,0.4333836006111822,0.3290835057284005,0.5701657312657042,0.8067260763937725,1.569924118536804e-06,tanin
C11 H10 O8,0.3894596361139333,0.2888895877878097,0.5310351975701105,0.8142880573667156,1.569924118536804e-06,tanin
C21 H24 O16,0.4858322719330156,0.3807287218215202,0.5516406001669181,0.7725513358868322,1.569924118536804e-06,tanin
C21 H28 O14,0.5100324997387617,0.3194413315325841,0.5692267772750862,0.7972442357962917,1.569924118536804e-06,tanin
C22 H26 O16,0.5646848895901551,0.3647649064696511,0.5554173365715739,0.7752178961011625,1.569924118536804e-06,tanin
C22 H28 O15,0.5848620486827832,0.307245485112971,0.5705881969251564,0.7658788279137498,1.569924118536804e-06,tanin
C14 H20 O10,0.5472558163952611,2.3634394908793333e-06,0.825377466822406,0.79971420734183,1.569924118536804e-06,tanin
C19 H26 O13,0.6687159632637436,0.1993336641454892,0.6122090586946471,0.7606420102638581,0.0560211536904535,tanin
C11 H12 O8,0.5878721743065616,0.2011956473539204,0.7256949007257405,0.8093943183661879,1.569924118536804e-06,tanin
C15 H22 O10,0.5321385136681945,0.1981033610450772,0.6722339436799424,0.7781675227552933,0.1066610580436259,tanin
C11 H14 O8,0.5138372103624463,0.2425607029862745,0.6022441668557196,0.8087579942149292,0.099726410490594,tanin
C13 H16 O10,0.4941679003890371,0.2793784973062668,0.6337210800739073,0.7896615426448266,0.1027822632915775,tanin
C10 H12 O7,0.5177793778793187,0.2912773920177067,0.571816179154076,0.7878397560707262,0.1722166066760176,tanin
C13 H18 O9,0.6193412368375256,0.2587670844636215,0.6200058609056276,0.7631028649103034,0.1707645058185792,tanin
C20 H28 O13,0.5707523290277199,0.1160241998169688,0.5971205676105736,0.6740437280115662,1.569924118536804e-06,tanin
C10 H10 O7,0.5657195733105601,0.0426433327211942,0.5893530778822722,0.8020092760465161,1.569924118536804e-06,tanin
C9 H10 O6,0.472379480010191,2.3634394908793333e-06,0.4624412835574233,0.7856642692172505,0.0469575472080715,tanin
C23 H30 O15,0.6428650504928661,0.1137441324623928,0.4672959000069682,0.8316931913846897,1.569924118536804e-06,tanin
C24 H30 O16,0.6119375500873583,0.1873132654549848,0.450297165733493,0.8365965783658109,1.569924118536804e-06,tanin
C25 H30 O17,0.5211475726986164,0.2635331935214158,0.4316416994844503,0.8446361786349276,1.569924118536804e-06,tanin
C15 H14 O13,0.5077201281474949,0.2263691831526478,0.6045038132477467,0.8170996913442833,1.569924118536804e-06,tanin
C18 H24 O13,0.4474441784250585,0.1807084497361536,0.6123047120472156,0.8260774470841457,1.569924118536804e-06,tanin
C15 H16 O13,0.3331436371434574,0.2165949612440465,0.6019187863661717,0.8579571188864,1.569924118536804e-06,tanin
C14 H18 O11,0.3501447855897887,0.2102053983595316,0.6060312839360595,0.8514578319960848,1.569924118536804e-06,tanin
C14 H14 O12,0.3818751614893074,0.2131402717447537,0.605435449060871,0.8391616134999501,1.569924118536804e-06,tanin
C17 H22 O13,0.3916173937471741,0.1988967719867173,0.5359493537572001,0.9013918849507524,1.569924118536804e-06,tanin
C12 H16 O9,0.3304569409769919,0.1319751919803035,0.7079094225989776,0.7636706795479895,0.0516852258051766,tanin
C25 H28 O17,0.7448040643157998,0.3578145977009278,0.5463625237403269,0.7474117964353987,1.569924118536804e-06,tanin
C26 H28 O17,0.7229744669813414,0.4214023093548343,0.5308511692697636,0.7341536123145762,1.569924118536804e-06,tanin
C16 H18 O13,0.6875924415139454,0.3982504792679266,0.5338186106980937,0.7389289643972698,1.569924118536804e-06,tanin
C18 H18 O15,0.671725938606662,0.459982212620797,0.5210836693596499,0.7296688503262744,1.569924118536804e-06,tanin
C23 H24 O17,0.631516891919308,0.4320047264847023,0.5353787347762021,0.7388393886508414,1.569924118536804e-06,tanin
C20 H24 O15,0.6510185886403099,0.4114983493132153,0.582642945483714,0.7377689053728719,1.569924118536804e-06,tanin
C19 H24 O14,0.6291631930915689,0.4069794054571313,0.5854306938364082,0.7473892254716247,1.569924118536804e-06,tanin
C20 H26 O14,0.6423178778819736,0.3571451007346311,0.552941207352923,0.7649101352567217,1.569924118536804e-06,tanin
C21 H26 O15,0.6420245296434507,0.3595058929229013,0.548692766681547,0.7676060819807499,1.569924118536804e-06,tanin
C25 H26 O17,0.7089627304469323,0.4821414857402127,0.5233891339064208,0.7190392540924919,1.569924118536804e-06,tanin
C23 H26 O16,0.7118890494445068,0.4812225943256477,0.5233524237008406,0.715384882287113,1.569924118536804e-06,tanin
C24 H28 O16,0.720798350036383,0.4649979772097898,0.5639621042496656,0.7195818423589012,1.569924118536804e-06,tanin
C17 H18 O14,0.7058382911823907,0.5167266996739757,0.5676273577656522,0.707500977411245,1.569924118536804e-06,tanin
C21 H22 O16,0.7060406694070549,0.5267496331985664,0.5501975669287105,0.6989072378530818,1.569924118536804e-06,tanin
C26 H26 O17,0.6295523203314675,0.5519134888455732,0.5182062335599529,0.7062665227199764,1.569924118536804e-06,tanin
C24 H24 O17,0.6834397305123545,0.6397231091008528,0.5402221353232837,0.6866435480988565,1.569924118536804e-06,tanin
C18 H16 O15,0.5419519039132235,0.5205122013291611,0.5215892599699827,0.5507665674635928,0.0019345550178028,tanin
C24 H26 O17,0.6512153062859177,0.4343249504022766,0.5453182914028278,0.5485620038979612,1.569924118536804e-06,tanin
C20 H20 O16,0.6986788108295594,0.5150008611720037,0.5585653858477265,0.5340127163924767,8.834711070382789e-06,tanin
C19 H20 O15,0.6801807898782034,0.5769748794841194,0.5494700048586335,0.5192058101024271,2.44640227672864e-05,tanin
C17 H16 O14,0.6717356567689354,0.6284470578444094,0.5479086080540043,0.5151219261334673,1.569924118536804e-06,tanin
C23 H22 O17,0.6603534846274202,0.7440800851403485,0.5273000236408951,0.5047576051092165,1.569924118536804e-06,tanin
C26 H24 O17,0.6766997341331213,0.7034938198055423,0.5387445396054993,0.4382049940957014,1.569924118536804e-06,tanin
C22 H24 O16,0.6657432074804602,0.6954612218745401,0.531084197541156,0.436450743385756,0.0305010977536651,tanin
C15 H14 O12,0.6151874738699155,0.6713367574560465,0.5314949302529958,0.4498910442044802,0.1066937699930937,tanin
C15 H16 O12,0.6464473955375201,0.5845861698989536,0.5297584937790718,0.4668901221584816,0.1898065288663736,tanin
C22 H26 O15,0.6308357689686255,0.5588532337972737,0.5252258771392544,0.4380241165879677,0.2242023372240859,tanin
C21 H26 O14,0.6297746358168782,0.5607563275255636,0.5253562122895109,0.4324235081101898,0.2228395697603476,tanin
C17 H22 O12,0.5036247242471454,0.5653786200554106,0.5409947996394365,0.5008498631712771,0.1965681229251093,tanin
C21 H24 O15,0.5577358525348023,0.6375864063999218,0.5180241938947945,0.4287078849050794,0.2062378636731856,tanin
C15 H12 O10,0.5005857446982666,0.7407706782500728,0.5093576024250531,0.4957194831054566,0.2237508957304168,tanin
C9 H8 O6,0.3818841783409013,0.6771799541008175,0.5327476113309569,0.691264532492053,0.1054314887714228,tanin
C10 H8 O7,0.3690655966936608,0.6702925462349753,0.5034537025046303,0.687271109405356,0.1615005075375558,tanin
C12 H12 O8,0.4647506725318948,0.6576703915569154,0.5258183711073262,0.6894116776501698,0.1584933677974168,tanin
C12 H10 O8,0.4965317682216294,0.7076814293398731,0.5229156000953272,0.6728601243739766,0.1124719869944146,tanin
C15 H12 O11,0.465884992462413,0.7959628866999696,0.5047640142303552,0.6571700738052813,0.1622104001619873,tanin
C20 H22 O15,0.5588043995423047,0.6336843412580437,0.5176753077373182,0.6747733012229656,0.1911209427412396,tanin
C18 H20 O14,0.5591322622849844,0.6355943838089381,0.5161677631735945,0.6736931257076108,0.1922026031227385,tanin
C14 H14 O11,0.5412859092357707,0.6469179119920773,0.5208936353810336,0.6792173469628909,0.1875988732268077,tanin
C14 H12 O10,0.6183748307211347,0.7256898052016074,0.5133348330294168,0.6604397655770851,0.1067242237211978,tanin
C16 H16 O13,0.5917038853914081,0.7021526568762978,0.5160293143917688,0.6613689811759047,0.1317524044803701,tanin
C13 H12 O9,0.5937177991949154,0.682619235369234,0.5266876433209381,0.6760213427492903,0.0833933129217159,tanin
C22 H20 O17,0.4929090477192825,0.705543360974384,0.5404205613423956,0.5195775228960299,1.569924118536804e-06,tanin
C26 H22 O17,0.4529801245547804,0.7735961932341443,0.5308640953984891,0.6915435273070158,1.569924118536804e-06,tanin
C16 H14 O13,0.5405251875229616,0.7072879572807272,0.5305026012939175,0.6818721791274172,1.569924118536804e-06,tanin
C20 H18 O16,0.5865856699585856,0.6475988162740943,0.5431657926747588,0.6905561582838845,1.569924118536804e-06,tanin
C17 H14 O14,0.4650221799521125,0.6402909042241772,0.5031136856600948,0.7058185554742509,1.569924118536804e-06,tanin
C14 H12 O11,0.495723858318812,0.6016895519913317,0.5561408020531624,0.7059847397271356,1.569924118536804e-06,tanin
C15 H12 O12,0.4272458297311846,0.6082236945692823,0.5622214916418459,0.7207005212830468,1.569924118536804e-06,tanin
C25 H24 O18,0.4622499990231744,0.5243270647723454,0.5443045647291208,0.6936108948183352,1.569924118536804e-06,tanin
C13 H12 O10,0.5070922547148365,0.540129611206547,0.5722072243775492,0.7233742953544265,1.569924118536804e-06,tanin
C15 H18 O12,0.5300957459395865,0.4746216948507698,0.591289491510755,0.7324414498135505,1.569924118536804e-06,tanin
C23 H28 O15,0.6028097411251888,0.517257501354418,0.5420807535431911,0.6906518414675694,0.1055107200809818,tanin
C17 H20 O13,0.6424614461967972,0.5718841238442461,0.5217826348557157,0.6792430601588766,0.1928214663831397,tanin
C16 H20 O12,0.5757401006741499,0.5593813041485998,0.5351341724207163,0.6947471436887912,0.1635389163988385,tanin
C14 H16 O11,0.5430090796689934,0.5500551005482581,0.5328321283264696,0.6977531092387734,0.2200485556305551,tanin
C13 H14 O10,0.5781223528652699,0.488292278243389,0.5403105898164696,0.7156724186628767,0.2124583878931904,tanin
C16 H22 O11,0.6322711515551414,0.4193138467460873,0.5485332781394265,0.7346543779128161,0.2406809564210837,tanin
C14 H18 O10,0.6050255823107806,0.5373240542049936,0.5188208809240249,0.6861828348971175,0.2739766330682655,tanin
C18 H24 O12,0.5798873514711644,0.5528628667130672,0.5145542641270258,0.6831103956459814,0.3074958275442984,tanin
C20 H24 O14,0.5592106087066118,0.5746432884174294,0.5069453879413617,0.6748151681479267,0.3369672938758216,tanin
C18 H15 O12 N1,0.0973157922341063,0.2119383061839219,0.6167312151133729,0.3286514663470028,1.569924118536804e-06,tanin
C20 H17 O13 N1,2.4256377054600782e-06,0.2426933130315246,0.7952105869210169,0.3204189507228063,1.569924118536804e-06,tanin
C15 H13 O10 N1,2.4256377054600782e-06,2.3634394908793333e-06,0.7220787664989107,0.1883791888278863,1.569924118536804e-06,tanin
C15 H15 O10 N1,2.4256377054600782e-06,2.3634394908793333e-06,0.7194194839793958,0.1875776762015564,1.569924118536804e-06,tanin
C19 H19 O13 N1,0.0826638592365271,2.3634394908793333e-06,0.7095533875366347,0.1939965042445361,1.569924118536804e-06,tanin
C18 H17 O12 N1,0.1771541458832412,2.3634394908793333e-06,0.863254205804333,0.2243540300809872,1.569924118536804e-06,tanin
C20 H21 O13 N1,0.0936284447003003,2.3634394908793333e-06,0.7166307810818112,3.5873342110026204e-06,1.569924118536804e-06,tanin
C18 H19 O12 N1,0.085715481162745,2.3634394908793333e-06,0.8374878573935388,3.5873342110026204e-06,1.569924118536804e-06,tanin
C16 H13 O11 N1,2.4256377054600782e-06,2.3634394908793333e-06,0.8116702817402881,3.5873342110026204e-06,1.569924118536804e-06,tanin
C16 H15 O11 N1,2.4256377054600782e-06,2.3634394908793333e-06,0.7797623119586339,3.5873342110026204e-06,1.569924118536804e-06,tanin
C20 H18 O13 N2,2.4256377054600782e-06,2.3634394908793333e-06,0.7239694812907611,3.5873342110026204e-06,1.569924118536804e-06,tanin
C13 H11 O9 N1,2.4256377054600782e-06,2.3634394908793333e-06,0.7435183220119006,3.5873342110026204e-06,1.569924118536804e-06,tanin
C20 H17 O14 N1,2.4256377054600782e-06,2.3634394908793333e-06,0.7439461967590656,3.5873342110026204e-06,1.569924118536804e-06,tanin
C17 H15 O12 N1,2.4256377054600782e-06,2.3634394908793333e-06,0.7451333324212127,3.5873342110026204e-06,1.569924118536804e-06,tanin
C18 H16 O12 N2,2.4256377054600782e-06,2.3634394908793333e-06,0.7464920475274265,3.5873342110026204e-06,1.569924118536804e-06,tanin
C13 H13 O9 N1,2.4256377054600782e-06,2.3634394908793333e-06,0.7533331912122052,0.0598447086712597,1.569924118536804e-06,tanin
C21 H17 O14 N1,2.4256377054600782e-06,0.143287051764792,0.7576233136771329,3.5873342110026204e-06,1.569924118536804e-06,tanin
C20 H19 O13 N1,0.0286936505635381,0.1020047694629692,0.7711691806727569,3.5873342110026204e-06,1.569924118536804e-06,tanin
C21 H19 O14 N1,2.4256377054600782e-06,0.064772741970053,0.6998852000678363,3.5873342110026204e-06,1.569924118536804e-06,tanin
C19 H17 O13 N1,0.0479998381475138,0.1438366313329079,0.6327221090732992,3.5873342110026204e-06,1.569924118536804e-06,tanin
C18 H15 O13 N1,2.4256377054600782e-06,0.0523433869943104,0.5951995857911538,3.5873342110026204e-06,1.569924118536804e-06,tanin
C22 H19 O15 N1,2.4256377054600782e-06,0.0526245532268564,0.5971263744253242,3.5873342110026204e-06,1.569924118536804e-06,tanin
C12 H11 O8 N1,2.4256377054600782e-06,2.3634394908793333e-06,0.6079978850467043,3.5873342110026204e-06,1.569924118536804e-06,tanin
C20 H23 O13 N1,2.4256377054600782e-06,2.3634394908793333e-06,0.6146590970196245,3.5873342110026204e-06,1.569924118536804e-06,tanin
C21 H18 O14 N2,2.4256377054600782e-06,2.3634394908793333e-06,0.6185866515169787,3.5873342110026204e-06,1.569924118536804e-06,tanin
C18 H17 O13 N1,2.4256377054600782e-06,2.3634394908793333e-06,0.6195406793623258,3.5873342110026204e-06,1.569924118536804e-06,tanin
C21 H20 O14 N2,2.4256377054600782e-06,2.3634394908793333e-06,0.6195847475181038,3.5873342110026204e-06,1.569924118536804e-06,tanin
C21 H17 O15 N1,2.4256377054600782e-06,2.3634394908793333e-06,0.6197875485346304,3.5873342110026204e-06,1.569924118536804e-06,tanin
C18 H18 O12 N2,2.4256377054600782e-06,2.3634394908793333e-06,0.6198057246602536,3.5873342110026204e-06,1.569924118536804e-06,tanin
C20 H19 O14 N1,2.4256377054600782e-06,2.3634394908793333e-06,0.6198161848813453,3.5873342110026204e-06,1.569924118536804e-06,tanin
C21 H21 O14 N1,2.4256377054600782e-06,2.3634394908793333e-06,0.619828713283033,3.5873342110026204e-06,1.569924118536804e-06,tanin
C14 H13 O10 N1,2.4256377054600782e-06,2.3634394908793333e-06,0.6198325314625951,3.5873342110026204e-06,1.569924118536804e-06,tanin
C20 H16 O13 N2,2.4256377054600782e-06,2.3634394908793333e-06,0.619948747303013,3.5873342110026204e-06,1.569924118536804e-06,tanin
C16 H17 O11 N1,2.4256377054600782e-06,2.3634394908793333e-06,0.6206862923217363,3.5873342110026204e-06,1.569924118536804e-06,tanin
C23 H21 O15 N1,2.4256377054600782e-06,2.3634394908793333e-06,0.6216389678951554,3.5873342110026204e-06,1.569924118536804e-06,tanin
C23 H19 O16 N1,2.4256377054600782e-06,2.3634394908793333e-06,0.6218702859402856,3.5873342110026204e-06,1.569924118536804e-06,tanin
C22 H21 O15 N1,2.4256377054600782e-06,2.3634394908793333e-06,0.6225361605468143,3.5873342110026204e-06,1.569924118536804e-06,tanin
C16 H24 O10,0.6344661537948272,0.1815000330972822,0.6829709032444663,0.7603266363661066,0.1099190815686516,aminosugar
C10 H18 O6,0.2929736133860572,0.1021149765844761,0.5338816504335702,0.7850359998020836,0.138008673118531,aminosugar
C14 H24 O8,0.3840771016953584,0.0860979806480512,0.5426433384380273,0.752849893974004,0.1985035937611298,aminosugar
C20 H32 O11,0.450515017516236,0.225286893990369,0.4725054480649625,0.6729286781443411,0.4069638975108907,aminosugar
C18 H30 O10,0.2459925354495016,0.1203932619878035,0.4256729700568813,0.5725672860345657,0.0699038276059432,aminosugar
C14 H22 O9,0.3183415234732191,0.044935510307072,0.4748238387404589,0.5851625476723096,0.0896149063404072,aminosugar
C13 H22 O8,0.1894147973147014,2.3634394908793333e-06,0.5720136108555935,0.5880771672041949,0.0408125351452982,aminosugar
C13 H20 O9,0.094695000486409,2.3634394908793333e-06,0.632215365054557,0.6128269813477981,0.0416338732983334,aminosugar
C17 H26 O11,0.0831350085174182,2.3634394908793333e-06,0.1420657413361528,0.5355262101554997,1.569924118536804e-06,aminosugar
C17 H28 O10,0.1196642279756637,0.0675931104070708,0.180984952713437,0.5417826157728904,1.569924118536804e-06,aminosugar
C19 H30 O11,0.2071742755034884,0.064644530168012,0.2558360874604938,0.565513727084829,1.569924118536804e-06,aminosugar
C18 H28 O11,0.2106385123156667,0.0522913511579871,0.2114422926704634,0.6033534610271594,1.569924118536804e-06,aminosugar
C21 H32 O12,0.2173776070097405,2.3634394908793333e-06,0.2226447320735674,0.6006884055437474,1.569924118536804e-06,aminosugar
C12 H21 O7 N1,0.1560205868748103,0.0456583686076455,0.5427941565307257,3.5873342110026204e-06,0.1128290717040033,aminosugar
C18 H35 O6 N1,0.0769372129572958,2.3634394908793333e-06,3.090388119151871e-06,0.3039798539543576,0.5044757763082973,protein
C15 H29 O5 N3,0.1525270578183567,0.2157039052865035,0.1658304289979283,0.743444440599021,0.4278557080241075,protein
C24 H38 O13,0.3720612953548887,0.1113050254367074,3.090388119151871e-06,0.5726445141361061,0.1503826477754252,protein
C22 H36 O11,0.3670033175000758,0.0508729026605716,3.090388119151871e-06,0.5960756086570179,0.0503937121383841,protein
C28 H42 O12,0.3267463562652241,2.3634394908793333e-06,0.1447255806735205,0.5960925147514525,1.569924118536804e-06,protein
C27 H42 O11,0.3775770537557641,2.3634394908793333e-06,0.1867765941774671,0.5885316401983023,0.0397486271488865,protein
C15 H27 O7 N3,2.4256377054600782e-06,0.2635476534990896,0.3137891725336708,0.5064945956703935,0.0479292736866958,protein
C14 H25 O7 N3,2.4256377054600782e-06,0.2139047024811393,0.1797043313110769,0.5378194200749339,0.0499174025580246,protein
C25 H38 O9,0.0837873338983225,2.3634394908793333e-06,0.1750329278214517,0.7081032238328843,1.569924118536804e-06,protein
C24 H38 O10,0.0854519699366145,0.0455188950938259,0.3211342562615758,0.7203365534279939,0.0364353924158271,protein
C24 H40 O11,2.4256377054600782e-06,2.3634394908793333e-06,0.3021948327939624,0.6120923186053516,0.0346788464496483,protein
C11 H18 O4 N2,0.1670620723069344,2.3634394908793333e-06,0.3435578481249079,0.5273187438754132,1.569924118536804e-06,protein
C16 H31 O5 N3,0.0994353785289327,0.0175689732901719,3.090388119151871e-06,0.6145232999173903,0.126370168899473,protein
C14 H27 O5 N3,2.4256377054600782e-06,0.0741649041560546,3.090388119151871e-06,0.6242653704501473,0.1235561301290014,protein
C14 H26 O7,2.4256377054600782e-06,2.3634394908793333e-06,3.090388119151871e-06,0.5181223595844854,1.569924118536804e-06,protein
C16 H32 O5,0.3061607337953902,0.2565281175872531,0.4083040712294125,0.6199825964592265,0.2780652672797624,protein
C20 H30 O6,0.3722197915684623,0.1394737849441427,0.4212499272159521,0.641329019063259,0.2794591521121688,protein
C16 H30 O6,0.4435925300794655,0.1184478627831665,0.5243767696864543,0.5043189760465425,0.2034506101732559,protein
C25 H40 O11,0.4493468843922406,2.3634394908793333e-06,0.3432371210417012,0.5758069274447961,0.0751820283112014,protein
C26 H40 O11,0.358915552275648,2.3634394908793333e-06,0.3981111227070638,0.6803050903896288,0.0768936494980886,protein
C26 H40 O10,0.3701631228603136,2.3634394908793333e-06,0.406909560689805,0.6856031151824605,0.0387767578031963,protein
C24 H38 O11,0.3412085847239907,0.0466437357529053,0.5220281915287959,0.6929397848287895,0.0815267224459018,protein
C23 H36 O8,0.3561584495263197,0.0386323834453499,0.4755362076376955,0.589539190318455,0.0503586866641723,protein
C20 H32 O6,0.2975594338258772,0.0836396137354364,0.4371355428289974,0.6002324720755134,0.0426564881040954,protein
C21 H32 O7,0.4487882904359958,2.3634394908793333e-06,0.5287322784763809,0.6688843597471733,0.0383757483837771,protein
C25 H38 O11,0.4907276208506077,0.0522215516407576,0.5107181073029365,0.6949697110943192,0.0885218258108692,protein
C21 H34 O11,0.4732401885884529,0.0639575506870417,0.4894821880332525,0.6858994144029834,0.1006534426206782,protein
C24 H36 O9,0.6229300940527752,2.3634394908793333e-06,0.5026336291255827,0.6648255693791153,0.1363427878271803,protein
C25 H38 O10,0.5663555118160329,2.3634394908793333e-06,0.5182694721589483,0.6676302550403839,0.0503678255477726,protein
C24 H36 O12,0.6424395552848718,2.3634394908793333e-06,0.3900327695260907,0.6931473491819264,1.569924118536804e-06,protein
C20 H36 O8,0.2559766697981858,2.3634394908793333e-06,0.5644575925932407,0.4286885889438922,0.0860330907407541,protein
C25 H42 O10,0.1754220713090695,2.3634394908793333e-06,0.5079177907758509,0.4326899782530977,0.0450018768123839,protein
C11 H17 O6 N1,2.4256377054600782e-06,0.1562526509959068,0.6372368677691236,0.4687351435482316,1.569924118536804e-06,protein
C13 H22 O6 N2,0.0842879757979688,0.0569726634925409,0.5549436038969613,0.553542574723831,0.0101769130711235,protein
C18 H34 O7,0.202670984302563,0.1344261280710582,0.605751960237478,0.6684928641676745,1.569924118536804e-06,protein
C15 H25 O8 N3,2.4256377054600782e-06,0.2057393539217708,0.5946067338687482,0.2691491835374294,0.064788412400699,protein
C15 H25 O6 N3,2.4256377054600782e-06,0.232097101642075,0.5025849075634637,0.2773763440898285,0.0897943197234418,protein
C13 H23 O6 N3,2.4256377054600782e-06,0.3221745685624661,0.4730400727490479,0.5264157282972881,0.053007640235731,protein
C16 H27 O8 N3,2.4256377054600782e-06,0.3958145353623574,0.5091890059337693,0.5227248888955373,0.2291077470597405,protein
C15 H27 O6 N3,0.1190373939856197,0.4432564367787283,0.4299077289181602,0.6507436335941268,0.2137416843993883,protein
C14 H25 O6 N3,0.1198222357764425,0.3884137179558861,0.4373865483624941,0.6646031347439625,0.2205013981431927,protein
C17 H31 O6 N3,0.3726542034408105,0.4572101545675213,0.4174486908257736,0.6732071418778033,0.4059612472254294,protein
C16 H29 O6 N3,0.3480321623081376,0.4568801457437216,0.4132487330802941,0.6663482242980231,0.5411129384986593,protein
C11 H20 O5 N2,0.2983624345539378,0.4871733973042745,0.4258567994937094,0.6714096522823537,0.8287078814985712,protein
C19 H14 O13,0.4458062673330187,0.7269451722633207,0.0101792089175413,3.5873342110026204e-06,0.4399470916247233,condHC
C18 H14 O12,0.4808362348392911,0.7232689639393863,3.090388119151871e-06,0.0805982506971993,0.5048547519392683,condHC
C19 H14 O12,0.4593256336767785,0.6727640375856593,0.0079026597478601,0.1618920300687724,0.4109605253319714,condHC
C21 H16 O14,0.4848621087951272,0.786401788795638,0.0129383923900976,0.3305771678680468,0.3376801544483311,condHC
C20 H14 O14,0.4050300356335956,0.7499628057240947,0.2655297095733534,0.3138365053208612,0.2804263713652959,condHC
C21 H16 O13,0.5004261464250538,0.7200624638902224,0.2646430964608975,0.3074814734431368,0.3260144594006087,condHC
C18 H14 O11,0.4860781314198105,0.7210355400544595,0.262665358993197,0.2890080911151746,0.4917471134216289,condHC
C19 H14 O11,0.636582108302206,0.7907368901022417,0.3054579246157718,0.160157407245952,0.144995932620721,condHC
C20 H14 O12,0.5625741448192527,0.7991143585007638,0.3053602229689591,0.1772633653519419,0.131054807640833,condHC
C23 H18 O15,0.5650757200131326,0.7614412966679712,0.2767947114394887,0.285421697741868,0.2059997457519261,condHC
C20 H14 O13,0.5528644483675541,0.7866419850914417,0.2796132836376051,0.3059927856118691,0.1620444900209843,condHC
C18 H12 O11,0.4633917328094475,0.7762156985229615,0.2952617346180659,0.3887136860853372,0.1545135061178074,condHC
C22 H16 O14,0.5213560122512965,0.7769382957406047,0.4513712673715238,0.3037564899265789,0.2672166981109398,condHC
C18 H14 O10,0.5288863356727388,0.732155423552026,0.4510280289379829,0.3016974426921017,0.3291185275320136,condHC
C21 H14 O12,0.5725801951266722,0.9117610389076226,0.3218663325335307,3.5873342110026204e-06,1.569924118536804e-06,condHC
C24 H18 O14,0.6514734888032243,0.9176047175516494,0.5225226855547768,0.1120391551343056,1.569924118536804e-06,condHC
C24 H18 O15,0.5467501213017008,0.8892794689525,0.512052958786888,0.0867868715059816,0.1370422373299586,condHC
C17 H12 O11,0.5358098750755287,0.8112590527493558,0.4642938563263576,8.611269164451093e-06,0.1829190458795368,condHC
C23 H18 O16,0.5423873677515909,0.804414341984256,0.4684448538734954,3.5873342110026204e-06,0.1882357100858175,condHC
C21 H16 O15,0.4925340969738344,0.7976030498342244,0.4600591372377825,2.7443451778167632e-05,0.3010733906826929,condHC
C18 H14 O13,0.4864038902304517,0.7920120994666517,0.2969783841718639,3.5873342110026204e-06,0.2791274977403039,condHC
C21 H16 O12,0.573600451884527,0.8317355861335883,0.294768294568735,3.5873342110026204e-06,0.2331236757605579,condHC
C22 H16 O13,0.5544267681870648,0.8684424804581435,0.302832269917295,3.5873342110026204e-06,0.1449574691196984,condHC
C22 H16 O15,0.4735370934739935,0.8666081519570134,0.2954366549692493,0.0118776211638102,0.1890190087304128,condHC
C19 H14 O14,0.3706445475950003,0.824869506734815,0.2973196140838644,3.5873342110026204e-06,0.2358490263434334,condHC
C18 H12 O12,0.3910523377139536,0.832259920990682,0.3171499660022928,3.5873342110026204e-06,0.1098933839312562,condHC
C23 H18 O17,0.3281554397012576,0.8378807553121138,0.5152654398431492,3.5873342110026204e-06,1.569924118536804e-06,condHC
C24 H16 O15,0.2747444949866806,0.9352821205910724,0.498971358562379,0.0933691620091556,1.569924118536804e-06,condHC
C22 H16 O16,0.2383735212739088,0.9553669492467636,0.4834215041145657,3.5873342110026204e-06,1.569924118536804e-06,condHC
C24 H16 O16,2.4256377054600782e-06,1.0,0.5069430413518392,0.1456529739988693,1.569924118536804e-06,condHC
C22 H14 O15,0.1343653904782648,0.940419027659688,0.3108429896155061,0.4220839708892986,0.0644670352403462,condHC
C20 H12 O13,0.1666015992287987,0.8841376615581172,0.3229718546075404,0.4596744505806978,0.0488785239498293,condHC
C21 H14 O15,0.1580283391630618,0.9530478901607242,0.4842238786404353,0.4525906642422206,1.569924118536804e-06,condHC
C23 H16 O16,0.1565039402138656,0.9572812092911462,0.4859222924095545,0.4334919113189489,1.569924118536804e-06,condHC
C22 H14 O14,0.1519841055949464,0.9278386060838588,0.5338239800131027,0.3629012442442936,0.0561883680695094,condHC
C24 H18 O17,0.2497515356449668,0.9343873693059018,0.4769133375057551,0.338539562164019,1.569924118536804e-06,condHC
C26 H18 O16,2.4256377054600782e-06,0.8673062475458204,0.5526262075390592,0.4599036565049827,1.569924118536804e-06,condHC
C24 H16 O17,2.4256377054600782e-06,0.7541661605674481,0.48391540154999,0.4498431140990543,1.569924118536804e-06,condHC
C18 H12 O13,0.2741537659732274,0.909613410890227,0.3253808077295227,0.2390690371430435,1.569924118536804e-06,condHC
C17 H12 O12,0.4198103585791485,0.8757025942485278,0.3136518970466063,0.2296265187050002,1.569924118536804e-06,condHC
C21 H14 O13,0.4817336119473684,0.8455805327569907,0.2949415842390638,0.2338197169494926,0.1267274010847426,condHC
C21 H14 O14,0.3877415251363272,0.8448807501707885,0.4610453014277764,0.2000920806808394,0.1243562594356784,condHC
C23 H16 O15,0.3221513436461403,0.9392373261509016,0.5188734604384098,0.2273012889967613,0.0913858772716232,condHC
C21 H16 O16,0.3667359177566955,0.907272742170886,0.516140439326104,0.3070298771404908,0.0429239168169321,condHC
C24 H18 O16,0.429131604054818,0.9317160490970868,0.469938358672788,0.3486762705084866,0.0052385689203261,condHC
C18 H14 O14,0.5164644203552018,0.8755210411955124,0.3296795012121129,0.4451961952259136,0.0408617828054859,condHC
C16 H12 O12,0.497800940177097,0.8703108702400163,0.3070395657266203,0.3736664211594908,0.0201208975215089,condHC
C23 H18 O14,0.5457801585382922,0.8266709789533419,0.4528279426471248,0.3099422174476028,0.1518802080114983,condHC
C23 H16 O14,0.4930421464675332,0.8467163640032673,0.5125637993941186,0.4202318241560827,0.0985486973546844,condHC
C20 H14 O11,0.6251812011468233,0.8806959458721262,0.5127985378917731,0.4294786169327724,1.569924118536804e-06,condHC
C23 H18 O13,0.628405076246998,0.885022772858172,0.5150731388204179,0.416521024941269,1.569924118536804e-06,condHC
C19 H12 O12,0.2943098857454697,0.844815037605582,0.3280503516066104,0.611310566636522,1.569924118536804e-06,condHC
C19 H12 O11,0.2896255562019859,0.8865403475150367,0.4856476221173142,0.5967509230417763,1.569924118536804e-06,condHC
C22 H14 O13,0.2897491872560628,0.8878352385157251,0.4872911495552298,0.5950264128958627,1.569924118536804e-06,condHC
C25 H18 O15,0.362805973083095,0.8878100942212145,0.5165872856529675,0.6886414767039772,1.569924118536804e-06,condHC
C25 H18 O16,0.2870965797979845,0.8839652664909619,0.522658946837895,0.7133932824032075,1.569924118536804e-06,condHC
C24 H16 O14,0.2871234299782864,0.8831421724284858,0.5226991570414072,0.7041157754130686,1.569924118536804e-06,condHC
C25 H18 O14,0.2926494325244449,0.8331403729645975,0.5300948913075643,0.711131362035515,1.569924118536804e-06,condHC
C17 H12 O9,0.3742234111330665,0.7938145356836902,0.5197753064964098,0.6670949248878156,0.0780909538564816,condHC
C15 H10 O9,0.3229856528866799,0.7591174175893739,0.5259932914585096,0.6843174553831793,0.0799727251101975,condHC
C14 H10 O10,0.2852379562163727,0.7506073190622994,0.531996981092693,0.6944524819695618,0.0796007637912989,condHC
C15 H10 O10,0.2815390683648671,0.8078076970782491,0.5225872366529966,0.690190110359621,0.0772733671160791,condHC
C12 H8 O9,0.2948430321427716,0.713781290588354,0.5153878999980591,0.6997023111162174,0.0734698264388206,condHC
C13 H8 O8,0.2942106753311263,0.711422305897293,0.539611425456885,0.7012032802071855,0.0661153709256709,condHC
C13 H10 O9,0.2944475931067572,0.7112604344805559,0.5405037260659801,0.7000776972235325,0.0655790387431886,condHC
C15 H10 O11,0.3060801582076743,0.7270678410739201,0.5481291874691165,0.7275151820711134,1.569924118536804e-06,condHC
C27 H20 O16,0.3093153294191514,0.7337352564460974,0.5205814594291376,0.7262734250092121,1.569924118536804e-06,condHC
C11 H8 O8,0.3134458990407172,0.7192728687760239,0.517670137285828,0.6951705041583239,1.569924118536804e-06,condHC
C21 H14 O11,0.353682021329663,0.7063470947334191,0.5208463456362503,0.6878095375333442,1.569924118536804e-06,condHC
C15 H10 O8,0.3210259904735961,0.6581750447777308,0.5580298463914544,0.7046873518780502,1.569924118536804e-06,condHC
C23 H16 O12,0.4169244901796968,0.7283253771322844,0.4929691405182351,0.7022134414780494,1.569924118536804e-06,condHC
C26 H20 O16,0.3810252731329582,0.7797550190582506,0.5325478330399168,0.7002294095055268,1.569924118536804e-06,condHC
C26 H20 O15,0.4072220573028934,0.8196983777190381,0.5227024581758202,0.6941518898402427,1.569924118536804e-06,condHC
C18 H12 O10,0.4755814141048205,0.821729120916904,0.5219951006392587,0.6802921674064485,1.569924118536804e-06,condHC
C23 H16 O13,0.539761009350375,0.8703548928387121,0.5092460399909764,0.6507454481225871,1.569924118536804e-06,condHC
C22 H16 O12,0.6218600943302939,0.8696362319483245,0.5089576481159352,0.643109425537107,1.569924118536804e-06,condHC
C21 H16 O11,0.7263476210690158,0.8065519283504893,0.5144530028232256,0.6500634509622798,1.569924118536804e-06,condHC
C19 H14 O10,0.6502275101938012,0.7639098558565159,0.5053285877603799,0.6508582144278734,0.1076246641425712,condHC
C18 H14 O9,0.6480918188001557,0.7639404628092588,0.509341494480026,0.6547787908354098,0.1081210027638417,condHC
C16 H12 O10,0.6087315083158916,0.7440440155293734,0.5028188506070428,0.6526995182471195,0.1798313475487108,condHC
C17 H12 O10,0.6055480587670297,0.7455871361467952,0.5027294415689664,0.6590872780223163,0.180167997659266,condHC
C16 H12 O9,0.5433357902584139,0.8074196073441262,0.5027783222219006,0.6468197379272119,0.1215204495678151,condHC
C16 H12 O11,0.4996245984119721,0.7743470677414608,0.5001878067072051,0.6531204445931079,0.1953895341523444,condHC
C14 H10 O9,0.4981095168760897,0.7068399389724676,0.5236548553403128,0.6787321597553343,0.1126880019980005,condHC
C14 H10 O8,0.5119098583342409,0.6731867910995946,0.5305059819737379,0.6851052705324738,0.091034175424387,condHC
C16 H12 O8,0.5198222457951666,0.6119317951773082,0.5373983529009733,0.694554139820128,0.0957349166666543,condHC
C12 H8 O7,0.6053688237947901,0.599882094948712,0.5229611398411447,0.7072593353284885,1.569924118536804e-06,condHC
C24 H18 O13,0.5612326376765537,0.7092831128668737,0.5355611721683983,0.6770351330770747,1.569924118536804e-06,condHC
C23 H18 O12,0.6459322327497861,0.7173179601277362,0.5049789856942357,0.67776873365652,1.569924118536804e-06,condHC
C13 H10 O7,0.4833819425123613,0.5326136763111504,0.5462120238292586,0.7110873707845516,0.1664942368716042,condHC
C11 H8 O6,0.4733549029781759,0.5275891152357394,0.5178788644352165,0.69231222352229,0.1801537662560599,condHC
C9 H6 O6,0.4651296307669403,0.6550273888043784,0.4997561137804782,0.6847796733158366,0.1697462415454035,condHC
C11 H8 O7,0.4448041444655917,0.6823318031463627,0.4945311339134208,0.6765436614050947,0.1951998435577977,condHC
C13 H10 O8,0.4543452758861035,0.6889277219622639,0.5175930975586241,0.668034231035146,0.1813688183909252,condHC
C12 H8 O8,0.3935358792046455,0.6810315298206513,0.5007331302486049,0.6337618157888937,0.3053194551835416,condHC
C20 H10 O11,2.4256377054600782e-06,0.3203693206831022,0.6442971590516787,0.7084991008347628,1.569924118536804e-06,condHC
C18 H8 O11,2.4256377054600782e-06,0.3326975361483375,0.641356723289209,0.688167353694349,1.569924118536804e-06,condHC
C21 H10 O13,2.4256377054600782e-06,0.3428746692681773,0.5825793489303848,0.705679456377895,1.569924118536804e-06,condHC
C12 H6 O7,2.4256377054600782e-06,0.3583231069157896,0.5523172531761685,0.7026294110633658,1.569924118536804e-06,condHC
C24 H12 O14,2.4256377054600782e-06,0.3607137428913143,0.5299922379591321,0.7077994894713535,1.569924118536804e-06,condHC
C17 H8 O12,2.4256377054600782e-06,0.3025463739517319,0.5432840766957728,0.8142468100368385,1.569924118536804e-06,condHC
C19 H10 O14,2.4256377054600782e-06,0.3390834639551316,0.5982244987764326,0.8096751719664027,1.569924118536804e-06,condHC
C15 H10 O12,2.4256377054600782e-06,0.3288378869409692,0.601994513594151,0.8332816561528757,1.569924118536804e-06,condHC
C18 H12 O15,2.4256377054600782e-06,0.3681906760135962,0.5806570148390366,0.7698181249441811,1.569924118536804e-06,condHC
C17 H10 O13,2.4256377054600782e-06,0.3813223039050294,0.5816148210912421,0.78492898687972,1.569924118536804e-06,condHC
C20 H10 O14,2.4256377054600782e-06,0.3868593105225579,0.5763454946594805,0.7868992107332279,1.569924118536804e-06,condHC
C24 H12 O16,2.4256377054600782e-06,0.3934755134738072,0.5777277552063265,0.7845566102342415,1.569924118536804e-06,condHC
C10 H6 O8,2.4256377054600782e-06,0.4088826598518398,0.6111413206892196,0.7553487209477397,1.569924118536804e-06,condHC
C16 H8 O9,2.4256377054600782e-06,0.457358570171701,0.5952154153272545,0.7499787788683733,1.569924118536804e-06,condHC
C17 H8 O10,2.4256377054600782e-06,0.4593828465462182,0.5948445746372968,0.749820251040455,1.569924118536804e-06,condHC
C29 H20 O17,2.4256377054600782e-06,0.3245356820835735,0.4461402420534933,0.84465096040336,1.569924118536804e-06,condHC
C28 H18 O16,2.4256377054600782e-06,0.3593967602580688,0.4562925030998845,0.8201396903670932,1.569924118536804e-06,condHC
C26 H16 O14,2.4256377054600782e-06,0.3623553118567318,0.4560793214076737,0.8217157632335995,1.569924118536804e-06,condHC
C27 H16 O15,2.4256377054600782e-06,0.4160341631432521,0.4496217854507631,0.7965057669697578,1.569924118536804e-06,condHC
C27 H16 O16,2.4256377054600782e-06,0.4422256412036099,0.50683155846317,0.7811996440691783,1.569924118536804e-06,condHC
C19 H12 O15,2.4256377054600782e-06,0.4442239699515237,0.5087919948047304,0.7762377496094117,1.569924118536804e-06,condHC
C24 H16 O18,2.4256377054600782e-06,0.4223034069635396,0.4965328145487914,0.7311044078790897,1.569924118536804e-06,condHC
C19 H14 O16,2.4256377054600782e-06,0.3831310061123932,0.5035170206490333,0.7700589704046867,1.569924118536804e-06,condHC
C21 H12 O16,2.4256377054600782e-06,0.3969450244502155,0.5175399612263866,0.7813315293084849,1.569924118536804e-06,condHC
C26 H14 O17,2.4256377054600782e-06,0.3980398054265404,0.5163203710379626,0.7854418345820977,1.569924118536804e-06,condHC
C23 H12 O16,2.4256377054600782e-06,0.3956520212799458,0.5158685531231277,0.7877642539840628,1.569924118536804e-06,condHC
C26 H14 O15,2.4256377054600782e-06,0.3846510710987462,0.4554046570336117,0.7009484496004984,1.569924118536804e-06,condHC
C28 H16 O16,2.4256377054600782e-06,0.3745241060681135,0.4688434161379813,0.6072203096895554,1.569924118536804e-06,condHC
C23 H16 O18,2.4256377054600782e-06,0.4610101162003805,0.4829802259662301,0.6761877040293419,1.569924118536804e-06,condHC
C27 H18 O18,2.4256377054600782e-06,0.5157130552390428,0.5204954310708816,0.6956392720961548,1.569924118536804e-06,condHC
C26 H16 O18,2.4256377054600782e-06,0.5152220586638081,0.5197758633142626,0.698415412126768,1.569924118536804e-06,condHC
C22 H14 O17,2.4256377054600782e-06,0.5398168338561419,0.5384548352312337,0.74484729238276,1.569924118536804e-06,condHC
C24 H14 O17,2.4256377054600782e-06,0.5377784590033926,0.5355594619421361,0.7440950154372116,1.569924118536804e-06,condHC
C17 H12 O14,2.4256377054600782e-06,0.5250802689427314,0.5360101264485616,0.7441201532949049,1.569924118536804e-06,condHC
C23 H14 O17,2.4256377054600782e-06,0.4920965778695504,0.5492327606806414,0.7470046339516332,1.569924118536804e-06,condHC
C26 H14 O16,2.4256377054600782e-06,0.4825705855776825,0.5364660011791811,0.751879165504557,1.569924118536804e-06,condHC
C20 H12 O10,2.4256377054600782e-06,0.4801451653225314,0.5293263235798997,0.7580983069033248,1.569924118536804e-06,condHC
C27 H16 O17,2.4256377054600782e-06,0.4966320302001453,0.4976162229995046,0.7596049851204241,1.569924118536804e-06,condHC
C22 H12 O16,2.4256377054600782e-06,0.4953360547011315,0.4990485176076941,0.7587083425203057,1.569924118536804e-06,condHC
C29 H20 O18,2.4256377054600782e-06,0.4950408301569582,0.4990256880757298,0.7579068520223716,1.569924118536804e-06,condHC
C21 H16 O17,0.0077984690901325,0.4753861858370624,0.4875347175931214,0.7644414558324742,1.569924118536804e-06,condHC
C16 H10 O12,2.4256377054600782e-06,0.5520759225947756,0.6148271366930556,0.7281028680082788,1.569924118536804e-06,condHC
C19 H10 O10,2.4256377054600782e-06,0.549161313261599,0.6137351771110318,0.7288474885288608,1.569924118536804e-06,condHC
C16 H8 O10,2.4256377054600782e-06,0.5114000455649963,0.5821828548464949,0.7313101134469747,1.569924118536804e-06,condHC
C23 H12 O13,2.4256377054600782e-06,0.5138833458974472,0.5829741725607163,0.7324469819125148,1.569924118536804e-06,condHC
C15 H8 O9,2.4256377054600782e-06,0.510670700357772,0.5856110630480083,0.7441053715264725,1.569924118536804e-06,condHC
C18 H10 O9,2.4256377054600782e-06,0.5004809549240723,0.6267191751204875,0.7313182124398583,1.569924118536804e-06,condHC
C15 H8 O10,2.4256377054600782e-06,0.4986446582593143,0.6312064906507101,0.7330385181905593,1.569924118536804e-06,condHC
C14 H10 O11,2.4256377054600782e-06,0.496228998489093,0.632894523744145,0.7448100281641371,1.569924118536804e-06,condHC
C19 H10 O13,2.4256377054600782e-06,0.6041967112869444,0.6026376382141229,0.7182503767801962,1.569924118536804e-06,condHC
C20 H10 O12,2.4256377054600782e-06,0.6024693866206003,0.5952620687087776,0.715255077117017,1.569924118536804e-06,condHC
C12 H6 O8,2.4256377054600782e-06,0.6125471877271421,0.5626643209256286,0.716987420715064,1.569924118536804e-06,condHC
C22 H12 O12,2.4256377054600782e-06,0.6244565458390933,0.5374726085389131,0.7170353950772816,1.569924118536804e-06,condHC
C25 H16 O18,2.4256377054600782e-06,0.5780965720855593,0.526587058153102,0.7263337912731095,1.569924118536804e-06,condHC
C18 H10 O13,2.4256377054600782e-06,0.5912036180149471,0.5253360475286992,0.7283049002624516,1.569924118536804e-06,condHC
C20 H10 O13,2.4256377054600782e-06,0.5915243081864682,0.5170363194785385,0.7298637572369813,1.569924118536804e-06,condHC
C26 H16 O17,2.4256377054600782e-06,0.591336649809546,0.5170204899424378,0.7249764797280438,1.569924118536804e-06,condHC
C23 H18 O18,2.4256377054600782e-06,0.5868285509367174,0.476855428449065,0.7288407614965204,1.569924118536804e-06,condHC
C28 H18 O18,2.4256377054600782e-06,0.549839245214872,0.4937071230367,0.741900940731216,1.569924118536804e-06,condHC
C28 H22 O19,2.4256377054600782e-06,0.6313605826792603,0.33550634151898,0.7299243447848373,1.569924118536804e-06,condHC
C29 H22 O17,2.4256377054600782e-06,0.594958472550785,0.3014401059672101,0.7404313054487811,1.569924118536804e-06,condHC
C27 H20 O19,2.4256377054600782e-06,0.5547975715592162,0.3376616641090166,0.6976219321081342,1.569924118536804e-06,condHC
C26 H18 O19,2.4256377054600782e-06,0.4575423323879721,0.3484433679652826,0.7940880184384416,1.569924118536804e-06,condHC
C29 H22 O19,2.4256377054600782e-06,0.4972800781995593,0.3490930948540803,0.7706898952273564,1.569924118536804e-06,condHC
C28 H20 O19,2.4256377054600782e-06,0.477788068461889,0.3468997097865351,0.7262597939173643,1.569924118536804e-06,condHC
C25 H14 O14,2.4256377054600782e-06,0.4678952345697578,0.4482284283195651,0.7742484068218835,1.569924118536804e-06,condHC
C17 H8 O11,2.4256377054600782e-06,0.4730935563768823,0.424348857202948,0.7586304505668897,1.569924118536804e-06,condHC
C28 H20 O16,2.4256377054600782e-06,0.5187305312467264,0.4458104070211231,0.7565744570510408,1.569924118536804e-06,condHC
C28 H18 O19,2.4256377054600782e-06,0.4713469115737018,0.3561283293332599,0.5900876204813705,1.569924118536804e-06,condHC
C26 H20 O19,2.4256377054600782e-06,0.5713889097755233,0.3429573200706745,0.4666656959677017,1.569924118536804e-06,condHC
C27 H20 O17,2.4256377054600782e-06,0.6157583872690501,0.4771351498746841,0.4719356176977953,1.569924118536804e-06,condHC
C28 H18 O17,2.4256377054600782e-06,0.5638415244286863,0.5019735215611009,0.5386095365773975,1.569924118536804e-06,condHC
C25 H14 O17,2.4256377054600782e-06,0.4970007596308271,0.5594099194395931,0.5550961651401467,1.569924118536804e-06,condHC
C24 H12 O15,2.4256377054600782e-06,0.4185411216058415,0.5309222430914018,0.5105360373760998,1.569924118536804e-06,condHC
C9 H6 O7,0.1655621566144968,0.6745265481976762,0.5235289747328785,0.6857280521054682,0.1228487906772953,condHC
C11 H6 O7,0.1869107925802532,0.6781507809351942,0.5272341202707471,0.6792635953102317,0.0769744984315223,condHC
C14 H8 O9,0.1325805798456736,0.6760747298072839,0.5680176870804576,0.6985176453156267,1.569924118536804e-06,condHC
C11 H6 O8,0.1323485712447994,0.6368089817669321,0.5461653306750319,0.7095565726159685,1.569924118536804e-06,condHC
C17 H10 O9,0.1361723049206662,0.6221305379304495,0.5823733660975564,0.711574770831694,1.569924118536804e-06,condHC
C18 H14 O15,0.0951557115092396,0.6080827901201721,0.5256706155128181,0.7198157395031077,1.569924118536804e-06,condHC
C21 H12 O11,0.1244271919790897,0.5926512626131172,0.555913341960298,0.7748881830028959,1.569924118536804e-06,condHC
C26 H16 O15,0.094409116197261,0.6932348673120315,0.4693765294593235,0.800392840985967,1.569924118536804e-06,condHC
C28 H20 O17,0.1408401035695611,0.6609675476327731,0.4692665977061013,0.8274759617022968,1.569924118536804e-06,condHC
C27 H18 O16,0.1388130276674076,0.6615724165321889,0.4696354099881668,0.8221365568092128,1.569924118536804e-06,condHC
C26 H20 O18,0.1701751027495286,0.6844922041440368,0.4666730992386231,0.8079914665824489,1.569924118536804e-06,condHC
C26 H18 O14,0.1417457210781229,0.6004742712010586,0.5009112324160899,0.8175842146999642,1.569924118536804e-06,condHC
C16 H12 O13,0.1902644727731657,0.5648515137025962,0.5124783676264192,0.8217242605376085,1.569924118536804e-06,condHC
C29 H22 O18,0.1493423183587807,0.5510805137983533,0.3389286235876315,0.8593302301061074,1.569924118536804e-06,condHC
C28 H22 O17,0.1968867992390979,0.5416182257414595,0.4703715629622582,0.7572987637042262,1.569924118536804e-06,condHC
C28 H22 O16,0.2385078723626585,0.4671373710732324,0.4926869531849822,0.7616276090153209,1.569924118536804e-06,condHC
C11 H6 O6,0.2170237707251081,0.5204822370420926,0.5592496354433972,0.7353003057878766,1.569924118536804e-06,condHC
C13 H10 O10,0.1498577566614245,0.5147342352503408,0.6115728147524276,0.7380002798799508,1.569924118536804e-06,condHC
C14 H8 O8,0.1121264781750613,0.4517534811592917,0.5614353841518185,0.7606364339081022,1.569924118536804e-06,condHC
C10 H6 O7,0.1116130185704062,0.464562691715204,0.5199808120567929,0.7633272468442915,1.569924118536804e-06,condHC
C23 H14 O12,0.1561731469944178,0.4930182006132316,0.5099788918306548,0.8320910599421953,1.569924118536804e-06,condHC
C22 H14 O11,0.1189529611891664,0.4641715493191278,0.518323801672299,0.8626383367731187,1.569924118536804e-06,condHC
C19 H12 O10,0.2577580239709994,0.6135414718586342,0.5428552474037175,0.7565051509152172,1.569924118536804e-06,condHC
C18 H12 O9,0.255371814383902,0.6161379616829872,0.5415995833729734,0.7549496132000661,1.569924118536804e-06,condHC
C22 H16 O11,0.3221927710698524,0.6452806408533572,0.4865995022366577,0.743984284944344,1.569924118536804e-06,condHC
C26 H20 O14,0.3323778559750317,0.5908817228452866,0.4900889604019779,0.764793562867348,1.569924118536804e-06,condHC
C27 H20 O15,0.3332019711639082,0.5893706953449798,0.4917330048850425,0.7652934875865453,1.569924118536804e-06,condHC
C25 H18 O13,0.3460138402660733,0.533359610326095,0.4954200936153992,0.7564188501713756,1.569924118536804e-06,condHC
C20 H14 O10,0.3733131599646579,0.5673310785408148,0.4917661753199873,0.7186814379314871,1.569924118536804e-06,condHC
C14 H10 O7,0.3196926485909516,0.539502891674202,0.5722345084523359,0.7312534204967895,0.0658492556681171,condHC
C13 H8 O7,0.3391218848906722,0.5024623735314286,0.5579338748572558,0.7488450968918366,1.569924118536804e-06,condHC
C16 H10 O8,0.2763492941959227,0.443685094783547,0.623186404480761,0.777518452648021,1.569924118536804e-06,condHC
C26 H20 O17,0.2793083493741453,0.7678003931828596,0.4819539311181316,0.7213646386995017,1.569924118536804e-06,condHC
C17 H10 O10,0.2356571446376132,0.8155642701021003,0.5342630706627309,0.7321881681945734,1.569924118536804e-06,condHC
C16 H10 O9,0.2423751248708711,0.7651968742026929,0.5422472818538789,0.7382202361347676,1.569924118536804e-06,condHC
C16 H10 O10,0.2360370045578181,0.7741541877059341,0.5347633317307585,0.7439347173376247,0.0512876451953381,condHC
C24 H16 O13,0.1785163291675812,0.7698334660437951,0.5019513681651007,0.7148130402813812,1.569924118536804e-06,condHC
C13 H8 O9,0.2035246922974346,0.6841241977122388,0.529735743792515,0.6988115546693969,1.569924118536804e-06,condHC
C20 H12 O11,0.1317802716496861,0.7283328481207492,0.5538355761426141,0.7632759974794872,1.569924118536804e-06,condHC
C16 H10 O11,0.1241121281563113,0.7813063336630208,0.5454537572318707,0.7840638551153017,1.569924118536804e-06,condHC
C23 H14 O13,0.118438387001467,0.8315986180117337,0.5377318867947941,0.7629048600241766,1.569924118536804e-06,condHC
C26 H18 O17,0.1555798381595363,0.8383408236017683,0.4752578384840045,0.740043704466953,1.569924118536804e-06,condHC
C26 H18 O15,0.1663183573781039,0.8563501634620143,0.5309183055937285,0.7141135174315554,1.569924118536804e-06,condHC
C22 H14 O12,0.1697627821635855,0.8534354336290239,0.5309257828620374,0.711703204041247,1.569924118536804e-06,condHC
C25 H16 O15,0.1620194105764262,0.9076723195539386,0.5250449511098016,0.6943806531966106,1.569924118536804e-06,condHC
C23 H14 O14,0.1653164975021818,0.9033385839118931,0.4885745749332057,0.6692568691630271,1.569924118536804e-06,condHC
C20 H14 O15,0.1523038656945966,0.9140551946987794,0.5299580334338894,0.5519479582615968,1.569924118536804e-06,condHC
C25 H18 O17,0.151895277083341,0.8560908478623975,0.4827581749610784,0.5827144389818778,1.569924118536804e-06,condHC
C17 H10 O11,0.1245987375806645,0.8288325046159462,0.5026852938677809,0.5967126409169441,1.569924118536804e-06,condHC
C19 H14 O15,0.1732926917115397,0.80949871113399,0.5469902960966432,0.5986385194651549,1.569924118536804e-06,condHC
C17 H12 O13,0.1594136156062064,0.8863907670793223,0.3777084813540792,0.5825890594909531,1.569924118536804e-06,condHC
C20 H12 O12,0.1272190346538646,0.8417385166890635,0.3361047218472098,0.5999027147204551,1.569924118536804e-06,condHC
C21 H12 O13,0.1267641470143551,0.8423002868216904,0.3350314156632544,0.6052191503386397,1.569924118536804e-06,condHC
C19 H12 O13,0.1638252980996183,0.9145746292301058,0.3228323717354167,0.6773505512316178,1.569924118536804e-06,condHC
C21 H12 O12,0.119943687758051,0.8467119456767559,0.3725581946247032,0.7675062386586439,1.569924118536804e-06,condHC
C18 H10 O12,2.4256377054600782e-06,0.8670414692879714,0.379582292746827,0.6787339300270029,1.569924118536804e-06,condHC
C18 H10 O11,2.4256377054600782e-06,0.867919511265608,0.3795913211505829,0.6788365615269868,1.569924118536804e-06,condHC
C23 H14 O16,2.4256377054600782e-06,0.881770000880452,0.4796889154110954,0.6677380203282066,1.569924118536804e-06,condHC
C24 H14 O15,2.4256377054600782e-06,0.8820561477719745,0.4788098988850597,0.6645794573603957,1.569924118536804e-06,condHC
C25 H16 O16,2.4256377054600782e-06,0.9312875517586868,0.4766353263063981,0.6587011817714065,1.569924118536804e-06,condHC
C23 H14 O15,2.4256377054600782e-06,0.9520931299682072,0.5270359328878579,0.646971184668456,1.569924118536804e-06,condHC
C19 H12 O14,2.4256377054600782e-06,0.942585292981641,0.5249043943746761,0.6494043345632886,1.569924118536804e-06,condHC
C20 H12 O14,2.4256377054600782e-06,0.9037536656043405,0.5364656829975509,0.6595865388896378,1.569924118536804e-06,condHC
C21 H12 O14,2.4256377054600782e-06,0.9011754515851028,0.5365536602182917,0.66041768143802,1.569924118536804e-06,condHC
C24 H14 O16,2.4256377054600782e-06,0.7965360641483169,0.4901693012635947,0.6859130897516229,1.569924118536804e-06,condHC
C25 H14 O15,2.4256377054600782e-06,0.7811734625348405,0.4905286476421627,0.6828725596473123,1.569924118536804e-06,condHC
C24 H14 O14,2.4256377054600782e-06,0.7798888541849425,0.4896253299941231,0.6830373276828622,1.569924118536804e-06,condHC
C22 H14 O16,2.4256377054600782e-06,0.7747408611334438,0.489229233637271,0.6850763265906931,1.569924118536804e-06,condHC
C22 H16 O17,2.4256377054600782e-06,0.7748091443613477,0.4900935342629116,0.6832687907035245,1.569924118536804e-06,condHC
C18 H12 O14,2.4256377054600782e-06,0.7739358420430599,0.4923165499947659,0.683807794169805,1.569924118536804e-06,condHC
C23 H16 O17,2.4256377054600782e-06,0.7752014917555634,0.4923981635829033,0.6854742394049904,1.569924118536804e-06,condHC
C27 H20 O18,2.4256377054600782e-06,0.7330664824786843,0.4753253327623034,0.6974838066611959,1.569924118536804e-06,condHC
C25 H16 O17,2.4256377054600782e-06,0.741040597833317,0.4944376680595598,0.6962647975902354,1.569924118536804e-06,condHC
C23 H12 O14,2.4256377054600782e-06,0.7465377190124285,0.4940484921531637,0.6972063165771514,1.569924118536804e-06,condHC
C22 H12 O15,2.4256377054600782e-06,0.7474158413232743,0.4959662921562819,0.6952645055839237,1.569924118536804e-06,condHC
C26 H16 O16,2.4256377054600782e-06,0.7296891136933418,0.4954545765495684,0.695840153673743,1.569924118536804e-06,condHC
C21 H14 O16,2.4256377054600782e-06,0.7257775290661618,0.4952402016762444,0.6948158302295308,1.569924118536804e-06,condHC
C25 H18 O18,2.4256377054600782e-06,0.7255084931482199,0.5015855388358179,0.6953237211712365,1.569924118536804e-06,condHC
C18 H10 O10,2.4256377054600782e-06,0.7542501891043747,0.5610008673631238,0.6859959827225026,1.569924118536804e-06,condHC
C19 H10 O11,2.4256377054600782e-06,0.7595497709218204,0.5605244301446549,0.6837112701070776,1.569924118536804e-06,condHC
C22 H12 O13,2.4256377054600782e-06,0.8092511241829309,0.5484769202181835,0.6736511260122745,1.569924118536804e-06,condHC
C22 H12 O14,2.4256377054600782e-06,0.8521566896034046,0.5408654588067744,0.6653031886752889,1.569924118536804e-06,condHC
C28 H20 O18,2.4256377054600782e-06,0.6509546557593449,0.4629022889668292,0.6670794792675077,1.569924118536804e-06,condHC
C24 H18 O18,2.4256377054600782e-06,0.6517059319327078,0.4631775558496261,0.6668550973335194,1.569924118536804e-06,condHC
C27 H18 O17,2.4256377054600782e-06,0.6509089461632538,0.49294957234798,0.6602862387666305,1.569924118536804e-06,condHC
C20 H12 O15,2.4256377054600782e-06,0.634728311479487,0.517714523623236,0.7085025971213081,1.569924118536804e-06,condHC
C25 H14 O16,2.4256377054600782e-06,0.6424574507123628,0.5090525060144283,0.7157865569287061,1.569924118536804e-06,condHC
C23 H12 O15,2.4256377054600782e-06,0.6437802173366778,0.5069161152313865,0.7197558158071274,1.569924118536804e-06,condHC
C26 H18 O18,2.4256377054600782e-06,0.6437641105282134,0.4817078573999024,0.7167125860385224,1.569924118536804e-06,condHC
C28 H22 O18,2.4256377054600782e-06,0.6833190179554363,0.4750944522169146,0.704411056727382,1.569924118536804e-06,condHC
C21 H12 O15,2.4256377054600782e-06,0.6937743048124734,0.5011466072770048,0.7022717276727363,1.569924118536804e-06,condHC
C25 H16 O14,2.4256377054600782e-06,0.6802310093899882,0.5042954122345291,0.7069639212437999,1.569924118536804e-06,condHC
C20 H14 O16,2.4256377054600782e-06,0.6777247739262824,0.5098762384822227,0.7026200728803144,1.569924118536804e-06,condHC
C14 H8 O10,2.4256377054600782e-06,0.6655889966639225,0.5520941283080151,0.7033319433750282,1.569924118536804e-06,condHC
C13 H8 O10,2.4256377054600782e-06,0.7130529897128506,0.5445356043653247,0.6910582958426674,1.569924118536804e-06,condHC
C19 H10 O12,2.4256377054600782e-06,0.7211031806166891,0.4035497615387772,0.7048178209000221,1.569924118536804e-06,condHC
C17 H10 O12,2.4256377054600782e-06,0.7216639867508045,0.4015418365889147,0.70577850307775,1.569924118536804e-06,condHC
C29 H20 O21,2.4256377054600782e-06,0.1208847807288985,3.090388119151871e-06,0.9199570779931244,1.569924118536804e-06,condHC
C28 H22 O21,2.4256377054600782e-06,0.1755998601238159,3.090388119151871e-06,0.9061940123924328,1.569924118536804e-06,condHC
C28 H20 O21,2.4256377054600782e-06,0.2301667147059258,3.090388119151871e-06,0.9040618971948364,1.569924118536804e-06,condHC
C29 H22 O21,2.4256377054600782e-06,0.1618397654527354,3.090388119151871e-06,0.8206697097046558,1.569924118536804e-06,condHC
C31 H24 O21,2.4256377054600782e-06,0.2028490453844072,3.090388119151871e-06,0.8177354844140414,1.569924118536804e-06,condHC
C31 H24 O22,2.4256377054600782e-06,0.1832588483816714,3.090388119151871e-06,0.7509948262925351,1.569924118536804e-06,condHC
C25 H18 O20,2.4256377054600782e-06,0.1263097526444085,3.090388119151871e-06,0.7438061956144882,1.569924118536804e-06,condHC
C32 H20 O18,2.4256377054600782e-06,0.0545220236304955,3.090388119151871e-06,0.7160391746958076,1.569924118536804e-06,condHC
C26 H20 O11,0.0830523603061762,2.3634394908793333e-06,3.090388119151871e-06,0.7404476362049235,1.569924118536804e-06,condHC
C28 H22 O13,0.0839090801799483,2.3634394908793333e-06,0.1742510561243759,0.7172854902072554,1.569924118536804e-06,condHC
C30 H22 O15,2.4256377054600782e-06,2.3634394908793333e-06,0.1814756683325596,0.7410497055993959,1.569924118536804e-06,condHC
C20 H14 O17,2.4256377054600782e-06,0.1622344224267184,0.1570351628883128,0.7932388191190403,1.569924118536804e-06,condHC
C30 H22 O21,2.4256377054600782e-06,0.1607827210014787,0.1560722856163766,0.7916615955759495,1.569924118536804e-06,condHC
C31 H20 O19,2.4256377054600782e-06,0.1603527174154043,0.1565703492425209,0.791023678180189,1.569924118536804e-06,condHC
C19 H12 O16,2.4256377054600782e-06,0.1772427746704892,0.1414216422849386,0.7674317987349816,1.569924118536804e-06,condHC
C22 H14 O18,2.4256377054600782e-06,0.1837419522190924,0.1671514892968472,0.7309247695615241,1.569924118536804e-06,condHC
C23 H18 O19,0.0397806241334429,0.1787673182332606,0.1416739603176598,0.7568276058996428,1.569924118536804e-06,condHC
C18 H14 O16,0.0638115323728516,0.1324016006552619,0.1592221644369028,0.7625649678638158,1.569924118536804e-06,condHC
C21 H16 O18,2.4256377054600782e-06,0.1511793176208002,0.1439816024199622,0.6618482379733718,1.569924118536804e-06,condHC
C30 H18 O18,2.4256377054600782e-06,0.1527052569730832,0.1766273558565624,0.6555932928301077,1.569924118536804e-06,condHC
C23 H18 O9,2.4256377054600782e-06,2.3634394908793333e-06,3.090388119151871e-06,0.610061153149654,1.569924118536804e-06,condHC
C47 H20 O6 S2 N2,2.4256377054600782e-06,0.0588635465730174,3.090388119151871e-06,0.5364763149600082,1.569924118536804e-06,condHC
C32 H22 O19,2.4256377054600782e-06,0.0626555652598072,3.090388119151871e-06,0.5165899681714006,1.569924118536804e-06,condHC
C44 H20 O5 S2 N2,2.4256377054600782e-06,2.3634394908793333e-06,3.090388119151871e-06,0.5107841409504464,1.569924118536804e-06,condHC
C45 H18 O5 S2 N2,2.4256377054600782e-06,2.3634394908793333e-06,3.090388119151871e-06,0.5069449085260798,1.569924118536804e-06,condHC
C48 H24 O5 S2 N2,2.4256377054600782e-06,2.3634394908793333e-06,3.090388119151871e-06,0.5007502411331296,1.569924118536804e-06,condHC
C33 H24 O20,2.4256377054600782e-06,0.1149262356372255,0.1404796755120099,0.5118444894231136,1.569924118536804e-06,condHC
C17 H12 O15,2.4256377054600782e-06,0.187486584354047,0.2095500665158698,0.5175169709306344,1.569924118536804e-06,condHC
C29 H18 O20,2.4256377054600782e-06,0.1972091520090693,0.1777218608916276,0.5188149341180122,1.569924118536804e-06,condHC
C26 H20 O20,0.0185172991679149,0.2572342665802924,0.1862289837056005,0.5232976160371035,1.569924118536804e-06,condHC
C27 H20 O20,2.4256377054600782e-06,0.3439675624140836,0.1981460192773522,0.6146406689290148,1.569924118536804e-06,condHC
C30 H22 O19,2.4256377054600782e-06,0.352949377546161,0.3154070068049505,0.585925667531828,1.569924118536804e-06,condHC
C27 H20 O12,0.0838467449316026,2.3634394908793333e-06,0.1468280950561256,0.5677189545023363,1.569924118536804e-06,condHC
C21 H16 O8,2.4256377054600782e-06,2.3634394908793333e-06,0.1505807093159445,0.5679458148166605,1.569924118536804e-06,condHC
C32 H22 O17,2.4256377054600782e-06,2.3634394908793333e-06,0.1925151589683151,0.5776235802310576,1.569924118536804e-06,condHC
C28 H20 O13,2.4256377054600782e-06,2.3634394908793333e-06,0.172790025737712,0.6184311303689131,1.569924118536804e-06,condHC
C15 H8 O12,2.4256377054600782e-06,0.0739136570231469,0.2789038976931514,0.6023906987802209,1.569924118536804e-06,condHC
C17 H10 O14,2.4256377054600782e-06,0.0704937317201782,0.243406739691472,0.5217967354597187,1.569924118536804e-06,condHC
C28 H16 O19,2.4256377054600782e-06,0.0895826444760636,0.2613429961382295,0.6954257330761364,1.569924118536804e-06,condHC
C29 H16 O19,2.4256377054600782e-06,0.0664485830908877,0.3359393469449313,0.6855118134211553,1.569924118536804e-06,condHC
C31 H18 O18,2.4256377054600782e-06,0.0531424262814271,0.3469095734170702,0.6335041970043286,1.569924118536804e-06,condHC
C29 H20 O16,2.4256377054600782e-06,0.116504471908762,0.3576701579676339,0.638391784310808,1.569924118536804e-06,condHC
C14 H10 O12,2.4256377054600782e-06,0.11839890973375,0.3787369637008851,0.6743495424423075,1.569924118536804e-06,condHC
C31 H22 O19,2.4256377054600782e-06,0.1428530716848573,0.3136603686325094,0.6115781874560143,1.569924118536804e-06,condHC
C31 H24 O18,2.4256377054600782e-06,0.1421227624791214,0.3158012736174292,0.6113722606041707,1.569924118536804e-06,condHC
C31 H22 O20,2.4256377054600782e-06,0.1429726376252475,0.3164648215207873,0.608530664778613,1.569924118536804e-06,condHC
C13 H8 O11,2.4256377054600782e-06,0.0588310417482048,0.3588928901996558,0.5767726106399877,1.569924118536804e-06,condHC
C12 H6 O10,2.4256377054600782e-06,0.058316407126134,0.360031781572129,0.5729131086050162,1.569924118536804e-06,condHC
C31 H22 O17,2.4256377054600782e-06,0.0481257479021785,0.3321556105444119,0.5495363614243287,1.569924118536804e-06,condHC
C27 H16 O13,2.4256377054600782e-06,2.3634394908793333e-06,0.3619426213520874,0.5517134857790978,1.569924118536804e-06,condHC
C30 H20 O16,2.4256377054600782e-06,2.3634394908793333e-06,0.3624729505841655,0.5518105409233259,1.569924118536804e-06,condHC
C9 H6 O8,2.4256377054600782e-06,2.3634394908793333e-06,0.3646015061445645,0.5694544403325951,1.569924118536804e-06,condHC
C25 H18 O11,2.4256377054600782e-06,2.3634394908793333e-06,0.3315098609259913,0.5945492804243978,1.569924118536804e-06,condHC
C24 H18 O10,2.4256377054600782e-06,2.3634394908793333e-06,0.3315550824901785,0.5955770558983637,1.569924118536804e-06,condHC
C29 H22 O14,0.0836136467944942,2.3634394908793333e-06,0.3474474594628648,0.5246174863363794,1.569924118536804e-06,condHC
C13 H10 O5,0.0832510253412602,2.3634394908793333e-06,0.4080964974884333,0.6292288581544156,1.569924118536804e-06,condHC
C28 H20 O14,0.1145276031375036,2.3634394908793333e-06,0.3284388712633942,0.7424637100946467,1.569924118536804e-06,condHC
C27 H18 O13,2.4256377054600782e-06,2.3634394908793333e-06,0.3434725754480236,0.7104410888551573,1.569924118536804e-06,condHC
C26 H18 O12,2.4256377054600782e-06,2.3634394908793333e-06,0.3439740296971643,0.7088593068625201,1.569924118536804e-06,condHC
C29 H18 O15,2.4256377054600782e-06,2.3634394908793333e-06,0.3431938085672949,0.707550899072298,1.569924118536804e-06,condHC
C22 H16 O9,2.4256377054600782e-06,2.3634394908793333e-06,0.3420569853754177,0.7047816631011921,1.569924118536804e-06,condHC
C28 H18 O14,2.4256377054600782e-06,2.3634394908793333e-06,0.3448676825781875,0.7044712459641125,1.569924118536804e-06,condHC
C29 H20 O15,2.4256377054600782e-06,2.3634394908793333e-06,0.3314436194878612,0.7806952051572262,1.569924118536804e-06,condHC
C29 H22 O15,2.4256377054600782e-06,2.3634394908793333e-06,0.3347372965188702,0.7814049070691462,1.569924118536804e-06,condHC
C30 H18 O17,2.4256377054600782e-06,0.0622333188492556,0.325116617544726,0.8335312644581406,1.569924118536804e-06,condHC
C30 H22 O16,2.4256377054600782e-06,0.0629166983982843,0.3209217109326253,0.8356518728898915,1.569924118536804e-06,condHC
C28 H20 O15,0.1009649934763078,0.1381804202744311,0.3104231091817991,0.9259075806661904,1.569924118536804e-06,condHC
C29 H18 O16,2.4256377054600782e-06,0.1181946525074565,0.3204254470213267,0.900466652463187,1.569924118536804e-06,condHC
C31 H24 O17,2.4256377054600782e-06,0.1210700994010998,0.3198441888420702,0.8984385407261176,1.569924118536804e-06,condHC
C32 H24 O18,2.4256377054600782e-06,0.1202629113140649,0.3189161922313409,0.8971936856887963,1.569924118536804e-06,condHC
C30 H22 O17,2.4256377054600782e-06,0.2138167577002594,0.3092045133109694,0.90107571443075,1.569924118536804e-06,condHC
C24 H14 O18,2.4256377054600782e-06,0.2024512353319593,0.3863527603370053,0.8766464079727371,1.569924118536804e-06,condHC
C27 H16 O19,2.4256377054600782e-06,0.2475435912093618,0.4000799510891198,0.8656778932280116,1.569924118536804e-06,condHC
C20 H12 O16,2.4256377054600782e-06,0.2520718537177245,0.3763734310066089,0.8481832719771926,1.569924118536804e-06,condHC
C21 H14 O17,5.28324842046813e-06,0.2642548468238498,0.3702168153264273,0.8266122461552133,1.569924118536804e-06,condHC
C29 H18 O17,2.4256377054600782e-06,0.316730166051957,0.3183743885742249,0.8681508742353865,1.569924118536804e-06,condHC
C30 H20 O18,2.4256377054600782e-06,0.3167605721716766,0.3152488705347583,0.8516083050879113,1.569924118536804e-06,condHC
C29 H20 O19,2.4256377054600782e-06,0.3512190002178637,0.3617838089459311,0.8370410050681992,1.569924118536804e-06,condHC
C27 H18 O19,2.4256377054600782e-06,0.3510970945727526,0.3607424402431035,0.8358543034551897,1.569924118536804e-06,condHC
C25 H14 O18,2.4256377054600782e-06,0.3589960582100861,0.3586362369422236,0.8085274163301012,1.569924118536804e-06,condHC
C28 H22 O20,2.4256377054600782e-06,0.3826924671228308,0.3537080409907031,0.7786875400579286,1.569924118536804e-06,condHC
C27 H16 O18,2.4256377054600782e-06,0.4041704744607874,0.3526548597948555,0.8136866075673272,1.569924118536804e-06,condHC
C28 H16 O18,2.4256377054600782e-06,0.3342888968579433,0.3567839425822157,0.7361903983828214,1.569924118536804e-06,condHC
C29 H18 O18,2.4256377054600782e-06,0.3001843566820199,0.3077361448604598,0.7731674789410695,1.569924118536804e-06,condHC
C31 H24 O19,2.4256377054600782e-06,0.2054769655768984,0.3063546996540411,0.7736866111078705,1.569924118536804e-06,condHC
C30 H20 O20,2.4256377054600782e-06,0.1927867084206555,0.2141077399590627,0.7991020473988469,1.569924118536804e-06,condHC
C16 H12 O14,0.0170694980599241,0.1810407480564183,0.2219231160227041,0.8250968050933548,1.569924118536804e-06,condHC
C23 H14 O18,2.4256377054600782e-06,0.2091719317052041,0.2198956626752902,0.8913060276599637,1.569924118536804e-06,condHC
C27 H18 O20,2.4256377054600782e-06,0.2110914535747956,0.2176795475075401,0.8919024321850968,1.569924118536804e-06,condHC
C25 H16 O19,2.4256377054600782e-06,0.2096390693172769,0.2165746816831426,0.8902498835825094,1.569924118536804e-06,condHC
C24 H16 O19,2.4256377054600782e-06,0.2100945385306991,0.2148164895402561,0.8872228075428797,1.569924118536804e-06,condHC
C26 H18 O20,2.4256377054600782e-06,0.1759280815337087,0.1590460409614303,0.871496953229688,1.569924118536804e-06,condHC
C28 H18 O20,2.4256377054600782e-06,0.1194405904587283,0.1626710842739047,0.8844882688964772,1.569924118536804e-06,condHC
C26 H16 O19,2.4256377054600782e-06,0.2682780544453506,0.2056058671419875,0.8606203155845601,1.569924118536804e-06,condHC
C22 H16 O18,2.4256377054600782e-06,0.2765423936018776,0.2002906628964264,0.8365645364486102,1.569924118536804e-06,condHC
C29 H20 O20,2.4256377054600782e-06,0.311858499157144,0.2086881522524555,0.8538379622544445,1.569924118536804e-06,condHC
C28 H20 O20,2.4256377054600782e-06,0.3068114447831293,0.1979784767627182,0.8750218296625127,1.569924118536804e-06,condHC
C25 H18 O19,2.4256377054600782e-06,0.3966303994359966,0.1934020902624012,0.8325006122927133,1.569924118536804e-06,condHC
C24 H18 O19,2.4256377054600782e-06,0.3895667806755573,0.1847543311678952,0.7966548238442493,1.569924118536804e-06,condHC
C29 H22 O20,2.4256377054600782e-06,0.3158910856808303,0.1904672027921074,0.7420453948993694,1.569924118536804e-06,condHC
C13 H10 O6,0.6523175162060375,0.2240511683983293,0.51754906917555,0.7641059893512848,1.569924118536804e-06,condHC
C19 H14 O9,0.4890928656566257,0.3993687978745761,0.5089860458264275,0.7814797010471423,1.569924118536804e-06,condHC
C23 H18 O11,0.5651858257898186,0.3250716050061085,0.5124702539948499,0.7732275796642166,1.569924118536804e-06,condHC
C12 H8 O6,0.6375359910136054,0.3996162643258212,0.4907359032015117,0.7261725637808967,1.569924118536804e-06,condHC
C24 H18 O12,0.3918523328248163,0.3517408447454691,0.5229111853252086,0.8399916938853312,1.569924118536804e-06,condHC
C18 H14 O8,0.4052609922684505,0.3450588087291993,0.5116272317657267,0.7571603284597459,0.050160958645017,condHC
C10 H6 O6,0.3718824110379889,0.3697786627284114,0.5126701913767051,0.6992714269920933,1.569924118536804e-06,condHC
C23 H16 O11,0.2678991517246582,0.1452658595428462,0.4870909337644482,0.8604463863931254,1.569924118536804e-06,condHC
C22 H16 O10,0.2994313572635899,0.1544977519554709,0.5823675195101021,0.8395716969319688,1.569924118536804e-06,condHC
C14 H10 O6,0.2833712425151365,0.2018860711212395,0.5782103969665836,0.7664663810805402,1.569924118536804e-06,condHC
C16 H12 O7,0.2785875522764494,0.223261954866875,0.5450261608936322,0.8253130437776677,0.0409941145773959,condHC
C17 H12 O8,0.3242390954454781,0.2417585758914255,0.5503724872798939,0.8283871205300972,1.569924118536804e-06,condHC
C21 H14 O10,0.3306207471142818,0.222587055492253,0.5645658936656083,0.8686830178989513,1.569924118536804e-06,condHC
C15 H10 O7,0.3089527768446449,0.2875668211634948,0.5983057146375322,0.810598103100799,1.569924118536804e-06,condHC
C26 H20 O13,0.391306387507613,0.1398481075745219,0.5461760693050499,0.905154774409413,1.569924118536804e-06,condHC
C28 H22 O15,0.4435121799130395,0.1567266470557236,0.5363252455805367,0.8937330701175399,1.569924118536804e-06,condHC
C11 H8 O5,0.2902568610476119,0.1135592656644938,0.5895729413887164,0.6928836229601049,1.569924118536804e-06,condHC
C18 H14 O7,0.1915302133156656,2.3634394908793333e-06,0.6370847769499045,0.7299001805765616,1.569924118536804e-06,condHC
C19 H14 O8,0.2436254365784214,0.0762892757093583,0.5875328800942072,0.822188602796268,1.569924118536804e-06,condHC
C24 H18 O11,0.3208383147263922,0.0908137007003127,0.570657123020791,0.8451735445999147,1.569924118536804e-06,condHC
C18 H12 O8,0.333930307351409,0.0609572007154154,0.6056733296021234,0.8200899457332071,1.569924118536804e-06,condHC
C21 H16 O9,0.3430594688413175,2.3634394908793333e-06,0.5882392035404707,0.8272330804293723,1.569924118536804e-06,condHC
C20 H14 O9,0.4300084427787091,0.0421334176751697,0.6025689905274146,0.7942021124474794,1.569924118536804e-06,condHC
C28 H22 O14,0.2209852743792874,2.3634394908793333e-06,0.4685016890671837,0.8156570084480019,1.569924118536804e-06,condHC
C23 H18 O10,0.2260886370537898,2.3634394908793333e-06,0.3314954830935782,0.8572277669589592,1.569924118536804e-06,condHC
C21 H16 O10,0.2933561282681203,0.3305446262224304,0.3010102425848566,0.9292437461391482,1.569924118536804e-06,condHC
C24 H14 O13,0.1499081508431106,0.3622295502175744,0.4495483650396025,0.8835403769315545,1.569924118536804e-06,condHC
C27 H18 O15,0.0937534783757364,0.4084009015956746,0.4470040256339848,0.843045323999989,1.569924118536804e-06,condHC
C19 H12 O9,0.1079570609512117,0.275319541406628,0.5587247948444394,0.8629473376928634,1.569924118536804e-06,condHC
C25 H16 O13,0.1083385990076854,0.2545881107492903,0.5624923437545242,0.8887609080820956,1.569924118536804e-06,condHC
C27 H20 O14,0.1494767571113654,0.2027900607254795,0.4702635402988171,0.8829672514788628,1.569924118536804e-06,condHC
C26 H18 O13,0.098409818109064,0.1791810744277544,0.4729943341397116,0.9051573413033324,1.569924118536804e-06,condHC
C24 H16 O12,0.0979740599706792,0.1791018056334787,0.4777389392906268,0.9043280575402022,1.569924118536804e-06,condHC
C27 H18 O14,2.4256377054600782e-06,0.1598001353935909,0.4607156254862213,0.853634646553312,1.569924118536804e-06,condHC
C25 H12 O15,2.4256377054600782e-06,0.1712820505405139,0.4941713500351113,0.7969258524367037,1.569924118536804e-06,condHC
C27 H14 O16,2.4256377054600782e-06,0.1720745778168518,0.4923113795432757,0.7955868189466158,1.569924118536804e-06,condHC
C28 H18 O15,2.4256377054600782e-06,0.1726260251320838,0.4901955114753796,0.796316878982724,1.569924118536804e-06,condHC
C23 H12 O12,2.4256377054600782e-06,0.1858233655887235,0.4924941748898057,0.7572968164053908,1.569924118536804e-06,condHC
C25 H14 O13,2.4256377054600782e-06,0.1874072151432598,0.491633891307246,0.7564076089462803,1.569924118536804e-06,condHC
C27 H14 O15,2.4256377054600782e-06,0.2385383589467737,0.4549462766226547,0.7655648702333333,1.569924118536804e-06,condHC
C15 H8 O8,2.4256377054600782e-06,0.2711171304784838,0.4701717051258106,0.7647918811092629,1.569924118536804e-06,condHC
C18 H10 O14,2.4256377054600782e-06,0.1480567155670978,0.6959646455663459,0.8418003804490843,1.569924118536804e-06,condHC
C11 H8 O9,2.4256377054600782e-06,0.2394035877775271,0.6711319216038645,0.8236069444571068,1.569924118536804e-06,condHC
C12 H6 O9,2.4256377054600782e-06,0.2400352277189417,0.6697891951245665,0.8215848516437105,1.569924118536804e-06,condHC
C12 H8 O10,2.4256377054600782e-06,0.1856172305736626,0.5908128952014711,0.8672107714658053,1.569924118536804e-06,condHC
C18 H8 O12,2.4256377054600782e-06,0.1878252892477534,0.5932057801511299,0.8665512567556886,1.569924118536804e-06,condHC
C14 H8 O11,2.4256377054600782e-06,0.1870295285597412,0.5923272408975395,0.8630373560072089,1.569924118536804e-06,condHC
C15 H8 O11,2.4256377054600782e-06,0.230295810173269,0.5665943015579127,0.8380389957213419,1.569924118536804e-06,condHC
C16 H8 O11,2.4256377054600782e-06,0.2470635199505918,0.5662549608493413,0.8353444652146486,1.569924118536804e-06,condHC
C13 H10 O11,2.4256377054600782e-06,0.1240418658126925,0.5599331293576962,0.7586679803262628,1.569924118536804e-06,condHC
C16 H10 O13,2.4256377054600782e-06,0.1246038367783426,0.5598618168998355,0.7619367869622324,1.569924118536804e-06,condHC
C22 H10 O13,2.4256377054600782e-06,0.1451165502317131,0.615706550946129,0.7589801677350109,1.569924118536804e-06,condHC
C25 H12 O16,2.4256377054600782e-06,0.1446208441220833,0.6150724149572093,0.7598718535744573,1.569924118536804e-06,condHC
C22 H10 O14,2.4256377054600782e-06,0.1442537012722852,0.6193578044703882,0.7621616114641377,1.569924118536804e-06,condHC
C17 H8 O9,2.4256377054600782e-06,0.2105514336585864,0.5949296086779585,0.6706463111388768,1.569924118536804e-06,condHC
C17 H10 O8,2.4256377054600782e-06,0.2048144174332061,0.604379762184686,0.7420462800352037,1.569924118536804e-06,condHC
C10 H6 O9,2.4256377054600782e-06,0.2557634056846349,0.6082643223892641,0.7226864120408214,1.569924118536804e-06,condHC
C21 H10 O14,2.4256377054600782e-06,0.2376998208248099,0.644479914625505,0.7216086706490108,1.569924118536804e-06,condHC
C21 H10 O12,2.4256377054600782e-06,0.2504028308780291,0.5622246336854437,0.7437546807089336,1.569924118536804e-06,condHC
C10 H6 O5,0.0956831785423778,0.2552182846096352,0.6613713819169107,0.7328982684176187,1.569924118536804e-06,condHC
C30 H22 O20,2.4256377054600782e-06,0.2354149836859318,0.3851626417220753,0.56428675179136,1.569924118536804e-06,condHC
C29 H22 O16,2.4256377054600782e-06,0.2002905933346572,0.456583440427967,0.567065104661559,1.569924118536804e-06,condHC
C26 H14 O14,2.4256377054600782e-06,0.1945972984584378,0.5049859459173955,0.5681534676833809,1.569924118536804e-06,condHC
C25 H12 O14,2.4256377054600782e-06,0.1365718180497796,0.521778259858301,0.5893869026981684,1.569924118536804e-06,condHC
C24 H12 O13,2.4256377054600782e-06,0.1370136607425744,0.5188836820232788,0.5882907947377967,1.569924118536804e-06,condHC
C28 H14 O16,2.4256377054600782e-06,0.1086653063041004,0.4904773408542985,0.592542588974518,1.569924118536804e-06,condHC
C14 H10 O5,2.4256377054600782e-06,0.0515752508886459,0.539860999173046,0.5873154193052197,1.569924118536804e-06,condHC
C28 H16 O15,2.4256377054600782e-06,0.0551473975815848,0.504138827099784,0.5900369464548584,1.569924118536804e-06,condHC
C26 H12 O14,2.4256377054600782e-06,0.0531264751185557,0.5025637087123539,0.5973686593405154,1.569924118536804e-06,condHC
C11 H6 O9,2.4256377054600782e-06,0.0575907572465374,0.5108673742601879,0.5696881161928431,1.569924118536804e-06,condHC
C17 H8 O8,2.4256377054600782e-06,0.0559218498858304,0.5053745252332351,0.5529632533202994,1.569924118536804e-06,condHC
C23 H10 O14,2.4256377054600782e-06,0.0838987485853321,0.5411323734217793,0.5280893873895228,1.569924118536804e-06,condHC
C22 H10 O12,2.4256377054600782e-06,0.0844842170147022,0.546028989846506,0.5256476959338896,1.569924118536804e-06,condHC
C19 H15 O9 N1,0.0982031568798928,2.3634394908793333e-06,0.6129292628145265,0.5313639474084152,1.569924118536804e-06,condHC
C24 H12 O12,2.4256377054600782e-06,2.3634394908793333e-06,0.6033832173190079,0.5139304447869527,1.569924118536804e-06,condHC
C26 H14 O13,2.4256377054600782e-06,2.3634394908793333e-06,0.5192282727287479,0.5275894184135339,1.569924118536804e-06,condHC
C29 H16 O15,2.4256377054600782e-06,2.3634394908793333e-06,0.517960637114169,0.5286314003176399,1.569924118536804e-06,condHC
C23 H14 O10,2.4256377054600782e-06,2.3634394908793333e-06,0.5195042952929164,0.5292471450607518,1.569924118536804e-06,condHC
C22 H12 O10,2.4256377054600782e-06,2.3634394908793333e-06,0.5182228187774253,0.530186008640165,1.569924118536804e-06,condHC
C24 H14 O11,2.4256377054600782e-06,2.3634394908793333e-06,0.5184012391265406,0.5304445125605644,1.569924118536804e-06,condHC
C25 H12 O13,2.4256377054600782e-06,2.3634394908793333e-06,0.5183315573495343,0.5318509934012239,1.569924118536804e-06,condHC
C25 H16 O12,0.083665287054977,2.3634394908793333e-06,0.5108533742684607,0.5585277039992472,1.569924118536804e-06,condHC
C16 H8 O7,0.0830216216086243,0.0561700292943081,0.4999041080112089,0.5264954347791644,1.569924118536804e-06,condHC
C14 H6 O9,2.4256377054600782e-06,2.3634394908793333e-06,0.5400504763338094,0.4401502571186828,1.569924118536804e-06,condHC
C13 H6 O7,2.4256377054600782e-06,2.3634394908793333e-06,0.5414046971244971,0.4403586623508623,1.569924118536804e-06,condHC
C14 H6 O8,2.4256377054600782e-06,2.3634394908793333e-06,0.5414171062080736,0.4431463976609046,1.569924118536804e-06,condHC
C16 H12 O6,2.4256377054600782e-06,0.0564217132390414,0.5574021138078419,0.4365478870435675,0.0398405644100773,condHC
C23 H12 O17,2.4256377054600782e-06,0.0982164762287607,0.511163760448687,0.4441684640087395,1.569924118536804e-06,condHC
C26 H12 O16,2.4256377054600782e-06,0.110018479048135,0.5122903620556951,0.4359103237021408,1.569924118536804e-06,condHC
C15 H8 O7,2.4256377054600782e-06,2.3634394908793333e-06,0.5932088824220241,0.7055606268921438,1.569924118536804e-06,condHC
C23 H12 O11,2.4256377054600782e-06,2.3634394908793333e-06,0.5928577292204328,0.7053359794174053,1.569924118536804e-06,condHC
C20 H10 O10,2.4256377054600782e-06,2.3634394908793333e-06,0.5906560316577995,0.7047532502409118,1.569924118536804e-06,condHC
C20 H14 O8,2.4256377054600782e-06,2.3634394908793333e-06,0.493371003917134,0.6831684605567098,1.569924118536804e-06,condHC
C21 H14 O9,2.4256377054600782e-06,2.3634394908793333e-06,0.4950005313633224,0.6833924884363641,1.569924118536804e-06,condHC
C19 H12 O8,2.4256377054600782e-06,2.3634394908793333e-06,0.4959817239653449,0.6842444316768518,1.569924118536804e-06,condHC
C24 H16 O11,2.4256377054600782e-06,2.3634394908793333e-06,0.4984285407013168,0.6816990465582334,1.569924118536804e-06,condHC
C13 H6 O8,2.4256377054600782e-06,2.3634394908793333e-06,0.5396164368175601,0.61114703779114,1.569924118536804e-06,condHC
C13 H6 O10,2.4256377054600782e-06,2.3634394908793333e-06,0.5403305159410587,0.61091150314564,1.569924118536804e-06,condHC
C17 H10 O7,2.4256377054600782e-06,2.3634394908793333e-06,0.5411384586454563,0.609797028616707,1.569924118536804e-06,condHC
C27 H16 O14,2.4256377054600782e-06,0.1284118116488294,0.4703608243322402,0.7762709422031969,1.569924118536804e-06,condHC
C16 H8 O12,2.4256377054600782e-06,0.1105468104823912,0.4663757585052336,0.7719535151443643,1.569924118536804e-06,condHC
C26 H12 O15,2.4256377054600782e-06,0.1049469130036329,0.4818153630181945,0.7674883589147916,1.569924118536804e-06,condHC
C23 H14 O11,2.4256377054600782e-06,0.0938523244253444,0.4787728704978493,0.7675015474387222,1.569924118536804e-06,condHC
C28 H14 O17,2.4256377054600782e-06,0.0526259942037982,0.487120445110646,0.7869832101239004,1.569924118536804e-06,condHC
C27 H14 O14,2.4256377054600782e-06,0.0537194948695999,0.485734207293423,0.7870252540760284,1.569924118536804e-06,condHC
C29 H16 O16,2.4256377054600782e-06,0.05324184364876,0.4844315716995258,0.7900099321091963,1.569924118536804e-06,condHC
C22 H14 O10,2.4256377054600782e-06,0.0537585819967494,0.4847170999398955,0.7282586961719025,1.569924118536804e-06,condHC
C26 H16 O13,2.4256377054600782e-06,0.0540805976662238,0.486850070270413,0.7264277926987093,1.569924118536804e-06,condHC
C21 H10 O11,2.4256377054600782e-06,0.0847885895030844,0.5243377128913514,0.7068003038848346,1.569924118536804e-06,condHC
C13 H6 O9,2.4256377054600782e-06,0.0862214327074412,0.5230675318237312,0.7071871967579952,1.569924118536804e-06,condHC
C21 H12 O10,2.4256377054600782e-06,0.0842161250119696,0.5246706899673196,0.722031500037043,1.569924118536804e-06,condHC
C18 H10 O8,2.4256377054600782e-06,0.0844322012616812,0.5263835412279074,0.7219252837369302,1.569924118536804e-06,condHC
C24 H14 O12,2.4256377054600782e-06,0.075548432811553,0.5294719314484041,0.7639977372387533,1.569924118536804e-06,condHC
C20 H12 O9,2.4256377054600782e-06,0.1338695293887799,0.5003680963733976,0.7388866991611833,1.569924118536804e-06,condHC
C22 H12 O11,2.4256377054600782e-06,0.1333108320014087,0.5027972938015991,0.7369123151692544,1.569924118536804e-06,condHC
C18 H8 O10,2.4256377054600782e-06,0.1446365191395477,0.5043970314926632,0.7199273993886013,1.569924118536804e-06,condHC
C27 H14 O17,2.4256377054600782e-06,0.1763045631190878,0.5052837639232304,0.6972431382278571,1.569924118536804e-06,condHC
C12 H8 O5,0.0835087883244996,0.0851823527701139,0.5276433018471398,0.7191005940058071,1.569924118536804e-06,condHC
C13 H8 O6,0.082847214409009,0.0840054260664554,0.5267670694103681,0.7222937215279462,1.569924118536804e-06,condHC
C25 H18 O12,0.0832152772817118,0.0539274775484746,0.4849316339040345,0.7371177551963891,1.569924118536804e-06,condHC
C26 H20 O12,0.0829541517642321,2.3634394908793333e-06,0.497267893659881,0.7350348978079699,1.569924118536804e-06,condHC
C23 H16 O10,0.0839811210671624,2.3634394908793333e-06,0.493861480900034,0.7350545920802826,1.569924118536804e-06,condHC
C27 H20 O13,0.1232924712996118,2.3634394908793333e-06,0.4820076640409258,0.75890085956426,1.569924118536804e-06,condHC
C20 H8 O12,2.4256377054600782e-06,0.0894796372184401,0.6587047812199021,0.5208325569954454,1.569924118536804e-06,condHC
C19 H8 O10,2.4256377054600782e-06,0.0900214144236028,0.6598804225706594,0.5209590429061629,1.569924118536804e-06,condHC
C22 H10 O15,2.4256377054600782e-06,0.0813248374136177,0.6610917002639953,0.5915972639035145,1.569924118536804e-06,condHC
C19 H8 O11,2.4256377054600782e-06,0.1455869614220649,0.6305572410343576,0.5860070115149976,1.569924118536804e-06,condHC
C21 H10 O15,2.4256377054600782e-06,0.1502146262352837,0.6304462751908374,0.5763542954447104,1.569924118536804e-06,condHC
C16 H8 O8,2.4256377054600782e-06,0.1511876120246603,0.6193411794802122,0.7033089298433371,1.569924118536804e-06,condHC
C18 H8 O13,2.4256377054600782e-06,0.1287625363989771,0.629701610858139,0.6888788701347291,1.569924118536804e-06,condHC
C14 H8 O7,2.4256377054600782e-06,0.0867371719111399,0.6592584968017974,0.7048688047240762,1.569924118536804e-06,condHC
C16 H10 O7,2.4256377054600782e-06,0.086027397882031,0.6549440732148658,0.7049271351755547,1.569924118536804e-06,condHC
C19 H8 O12,2.4256377054600782e-06,0.0924665765649391,0.6446111247752444,0.6885617259653092,1.569924118536804e-06,condHC
C17 H12 O7,2.4256377054600782e-06,0.0805344841547564,0.6370548281039652,0.7026875644876777,0.0404703500880945,condHC
C15 H10 O6,2.4256377054600782e-06,0.1030300120049948,0.7445726168434537,0.6827397450153797,1.569924118536804e-06,condHC
C19 H10 O9,2.4256377054600782e-06,2.3634394908793333e-06,0.7170951671710376,0.6916059293833321,1.569924118536804e-06,condHC
C17 H13 O9 N1,0.0935685014223081,2.3634394908793333e-06,0.942188625070358,0.7099911743105964,1.569924118536804e-06,condHC
C18 H13 O10 N1,0.0935483199551642,2.3634394908793333e-06,0.9402357057698102,0.7131993048851266,1.569924118536804e-06,condHC
C19 H13 O10 N1,0.0950110473964792,2.3634394908793333e-06,0.8264429775564224,0.7169660446846664,1.569924118536804e-06,condHC
C17 H13 O10 N1,2.4256377054600782e-06,0.1062691976286921,0.8627731151795228,0.6835197709693326,1.569924118536804e-06,condHC
C19 H15 O10 N1,0.1473767448985408,0.1519205822679543,0.8250337511164197,0.7226994235375852,1.569924118536804e-06,condHC
C19 H13 O11 N1,2.4256377054600782e-06,0.1081141803217055,0.8741842220729596,0.5191053029284454,1.569924118536804e-06,condHC
C19 H15 O11 N1,2.4256377054600782e-06,0.2420538205189011,0.7928658269429204,0.522803887268746,1.569924118536804e-06,condHC
C20 H15 O11 N1,0.1275021387471044,0.1460735898790439,0.786049262789072,0.5351643223696574,1.569924118536804e-06,condHC
C20 H15 O12 N1,2.4256377054600782e-06,0.2763036232205391,0.7360230764409094,0.2733666566321767,1.569924118536804e-06,condHC
C20 H15 O13 N1,2.4256377054600782e-06,0.1845458064779414,0.757840949912166,0.2699145162365334,1.569924118536804e-06,condHC
C21 H15 O13 N1,2.4256377054600782e-06,0.1755909230542814,0.7682718187484707,0.2484484011393114,1.569924118536804e-06,condHC
C19 H15 O12 N1,2.4256377054600782e-06,0.2285551903607861,0.8118765429820428,0.318368422920734,1.569924118536804e-06,condHC
C17 H13 O11 N1,2.4256377054600782e-06,0.1962362164279485,0.852507541700089,0.3313242003837772,1.569924118536804e-06,condHC
C16 H11 O9 N1,2.4256377054600782e-06,2.3634394908793333e-06,0.9919202547743948,0.2876347586115086,1.569924118536804e-06,condHC
C17 H11 O9 N1,2.4256377054600782e-06,2.3634394908793333e-06,0.8812174679169508,0.3053778153626122,1.569924118536804e-06,condHC
C20 H13 O12 N1,2.4256377054600782e-06,2.3634394908793333e-06,0.8838788186170617,0.1933890133930788,1.569924118536804e-06,condHC
C15 H11 O9 N1,2.4256377054600782e-06,0.0991124023871173,0.8802485253076896,0.2615582807511015,1.569924118536804e-06,condHC
C18 H13 O11 N1,2.4256377054600782e-06,0.1159939141970631,0.8897569060527374,0.2998078989698877,1.569924118536804e-06,condHC
C19 H13 O12 N1,2.4256377054600782e-06,0.0976736245669236,0.8953027323211127,0.380803359904816,1.569924118536804e-06,condHC
C21 H15 O12 N1,2.4256377054600782e-06,0.0970509317366947,0.88916572458389,0.3598353107415393,1.569924118536804e-06,condHC
C22 H17 O13 N1,2.4256377054600782e-06,0.1413411404359458,0.8576242204947788,0.3585654063601081,1.569924118536804e-06,condHC
C22 H17 O14 N1,2.4256377054600782e-06,0.0632640591952926,0.7754889735746975,0.3597677084921968,1.569924118536804e-06,condHC
C18 H13 O9 N1,0.0965017270777355,2.3634394908793333e-06,0.8097472715129759,0.373283865451918,1.569924118536804e-06,condHC
C21 H15 O11 N1,0.1239362369332044,0.0713302765743863,0.7329068055550695,0.3578054287328014,1.569924118536804e-06,condHC
C10 H4 O8,2.4256377054600782e-06,2.3634394908793333e-06,0.662945068487005,0.282350785350046,1.569924118536804e-06,condHC
C18 H8 O9,2.4256377054600782e-06,2.3634394908793333e-06,0.6230244500310068,0.336483590776566,1.569924118536804e-06,condHC
C17 H13 O8 N1,0.0994368187205067,2.3634394908793333e-06,0.6241567391346542,0.380639078693975,1.569924118536804e-06,condHC
C25 H12 O17,2.4256377054600782e-06,0.0618412425796214,0.6455048174289715,0.4020095769926997,1.569924118536804e-06,condHC
C20 H10 O15,2.4256377054600782e-06,0.0900340166958115,0.5903732875066937,0.3453445085863044,1.569924118536804e-06,condHC
C19 H8 O13,2.4256377054600782e-06,0.0851760767381375,0.5681566131347286,0.3225964291319092,1.569924118536804e-06,condHC
C28 H14 O15,2.4256377054600782e-06,2.3634394908793333e-06,0.547305972046471,0.3553405467183102,1.569924118536804e-06,condHC
C18 H12 O7,2.4256377054600782e-06,2.3634394908793333e-06,0.5471888016611627,0.3545281911780105,1.569924118536804e-06,condHC
C26 H16 O12,2.4256377054600782e-06,2.3634394908793333e-06,0.54931902767512,0.3530939392005506,1.569924118536804e-06,condHC
C21 H10 O10,2.4256377054600782e-06,2.3634394908793333e-06,0.549307931090768,0.35194788745073,1.569924118536804e-06,condHC
C26 H14 O12,2.4256377054600782e-06,2.3634394908793333e-06,0.5509223846822272,0.3553658837315662,1.569924118536804e-06,condHC
C21 H12 O9,2.4256377054600782e-06,2.3634394908793333e-06,0.5513516117013204,0.3563581210017861,1.569924118536804e-06,condHC
C23 H12 O10,2.4256377054600782e-06,2.3634394908793333e-06,0.5514473445992963,0.3578528720135185,1.569924118536804e-06,condHC
C15 H6 O10,2.4256377054600782e-06,2.3634394908793333e-06,0.5473334549847766,0.282127155781517,1.569924118536804e-06,condHC
C28 H14 O14,2.4256377054600782e-06,2.3634394908793333e-06,0.5216029417800798,0.259618903881418,1.569924118536804e-06,condHC
C20 H15 O10 N1,2.4256377054600782e-06,2.3634394908793333e-06,0.5049783493309754,0.2633485564895017,1.569924118536804e-06,condHC
C13 H6 O11,2.4256377054600782e-06,2.3634394908793333e-06,0.5056602523371236,0.2149072629909394,1.569924118536804e-06,condHC
C29 H14 O16,2.4256377054600782e-06,0.0576732192858827,0.5484989145233687,0.230628802266939,1.569924118536804e-06,condHC
C27 H12 O16,2.4256377054600782e-06,0.057518055692122,0.5457707854536268,0.2302200907954636,1.569924118536804e-06,condHC
C27 H12 O17,2.4256377054600782e-06,0.0569216117380314,0.5460289500738023,0.2294322092609815,1.569924118536804e-06,condHC
C24 H12 O17,2.4256377054600782e-06,0.0655073690857888,0.510433255198531,0.2584745117612866,1.569924118536804e-06,condHC
C27 H12 O15,2.4256377054600782e-06,0.1138738806370616,0.5561451372778734,0.1523425650935531,1.569924118536804e-06,condHC
C19 H13 O9 N1,0.0927732151117223,2.3634394908793333e-06,0.6388617815816745,0.1491181258912764,1.569924118536804e-06,condHC
C19 H10 O8,2.4256377054600782e-06,2.3634394908793333e-06,0.6204749004011952,0.1019987053118152,1.569924118536804e-06,condHC
C29 H14 O15,2.4256377054600782e-06,2.3634394908793333e-06,0.6186329071714639,0.1029475598619577,1.569924118536804e-06,condHC
C24 H10 O15,2.4256377054600782e-06,2.3634394908793333e-06,0.6184909186190026,0.1015624661158938,1.569924118536804e-06,condHC
C22 H10 O11,2.4256377054600782e-06,2.3634394908793333e-06,0.6178438565013575,0.100687221674569,1.569924118536804e-06,condHC
C24 H10 O14,2.4256377054600782e-06,2.3634394908793333e-06,0.6162976528695687,0.1019273522993748,1.569924118536804e-06,condHC
C18 H9 O10 N1,2.4256377054600782e-06,2.3634394908793333e-06,0.5610424696112679,0.0498182827196435,1.569924118536804e-06,condHC
C17 H9 O10 N1,2.4256377054600782e-06,2.3634394908793333e-06,0.5589325674489374,0.0496247477694798,1.569924118536804e-06,condHC
C15 H9 O10 N1,2.4256377054600782e-06,2.3634394908793333e-06,0.5583524030190345,0.0487766659340692,1.569924118536804e-06,condHC
C17 H11 O8 N1,2.4256377054600782e-06,2.3634394908793333e-06,0.5542138145554732,0.0436865899752524,1.569924118536804e-06,condHC
C24 H12 O11,2.4256377054600782e-06,2.3634394908793333e-06,0.5519528158915179,0.0495596570930669,1.569924118536804e-06,condHC
C27 H14 O13,2.4256377054600782e-06,2.3634394908793333e-06,0.5507081688997184,0.0501453570067042,1.569924118536804e-06,condHC
C28 H12 O17,2.4256377054600782e-06,2.3634394908793333e-06,0.5498050103424938,0.0494461494865194,1.569924118536804e-06,condHC
C24 H10 O13,2.4256377054600782e-06,2.3634394908793333e-06,0.5094603353188928,0.0809574000940545,1.569924118536804e-06,condHC
C14 H6 O7,2.4256377054600782e-06,2.3634394908793333e-06,0.5097178238031042,0.0824473879685787,1.569924118536804e-06,condHC
C21 H8 O13,2.4256377054600782e-06,2.3634394908793333e-06,0.5089556197080429,0.0831474418999051,1.569924118536804e-06,condHC
C20 H8 O11,2.4256377054600782e-06,2.3634394908793333e-06,0.5084669722695164,0.082768963349269,1.569924118536804e-06,condHC
C11 H6 O5,2.4256377054600782e-06,2.3634394908793333e-06,0.5085026483847986,0.082334986781824,1.569924118536804e-06,condHC
C15 H6 O9,2.4256377054600782e-06,2.3634394908793333e-06,0.5072276150473184,0.0817572862832889,1.569924118536804e-06,condHC
C15 H8 O6,2.4256377054600782e-06,2.3634394908793333e-06,0.5073523422463432,0.080702315010815,1.569924118536804e-06,condHC
C12 H9 O8 N1,2.4256377054600782e-06,2.3634394908793333e-06,0.6047304778865358,3.5873342110026204e-06,1.569924118536804e-06,condHC
C20 H12 O8,2.4256377054600782e-06,2.3634394908793333e-06,0.6050368867963851,3.5873342110026204e-06,1.569924118536804e-06,condHC
C13 H9 O9 N1,2.4256377054600782e-06,2.3634394908793333e-06,0.6052405230396909,3.5873342110026204e-06,1.569924118536804e-06,condHC
C25 H12 O12,2.4256377054600782e-06,2.3634394908793333e-06,0.6055318978675149,3.5873342110026204e-06,1.569924118536804e-06,condHC
C25 H14 O12,2.4256377054600782e-06,2.3634394908793333e-06,0.606311641724939,3.5873342110026204e-06,1.569924118536804e-06,condHC
C26 H12 O13,2.4256377054600782e-06,2.3634394908793333e-06,0.6072804252433851,3.5873342110026204e-06,1.569924118536804e-06,condHC
C28 H12 O16,2.4256377054600782e-06,2.3634394908793333e-06,0.6090992309868181,3.5873342110026204e-06,1.569924118536804e-06,condHC
C13 H9 O7 N1,2.4256377054600782e-06,2.3634394908793333e-06,0.6095659636655669,3.5873342110026204e-06,1.569924118536804e-06,condHC
C12 H7 O8 N1,2.4256377054600782e-06,2.3634394908793333e-06,0.6102059064692371,3.5873342110026204e-06,1.569924118536804e-06,condHC
C16 H9 O8 N1,2.4256377054600782e-06,2.3634394908793333e-06,0.6124792346713613,3.5873342110026204e-06,1.569924118536804e-06,condHC
C17 H10 O9 N2,2.4256377054600782e-06,2.3634394908793333e-06,0.6138772452089005,3.5873342110026204e-06,1.569924118536804e-06,condHC
C14 H7 O7 N1,2.4256377054600782e-06,2.3634394908793333e-06,0.6139624781130811,3.5873342110026204e-06,1.569924118536804e-06,condHC
C12 H7 O7 N1,2.4256377054600782e-06,2.3634394908793333e-06,0.6145912845596955,3.5873342110026204e-06,1.569924118536804e-06,condHC
C19 H14 O10 N2,2.4256377054600782e-06,2.3634394908793333e-06,0.6169343343115298,3.5873342110026204e-06,1.569924118536804e-06,condHC
C23 H18 O13 N2,2.4256377054600782e-06,2.3634394908793333e-06,0.616972277470927,3.5873342110026204e-06,1.569924118536804e-06,condHC
C15 H11 O10 N1,2.4256377054600782e-06,2.3634394908793333e-06,0.6176687372866553,3.5873342110026204e-06,1.569924118536804e-06,condHC
C19 H13 O13 N1,2.4256377054600782e-06,2.3634394908793333e-06,0.6179264644070892,3.5873342110026204e-06,1.569924118536804e-06,condHC
C17 H11 O12 N1,2.4256377054600782e-06,2.3634394908793333e-06,0.618064913188915,3.5873342110026204e-06,1.569924118536804e-06,condHC
C22 H13 O14 N1,2.4256377054600782e-06,2.3634394908793333e-06,0.6182903051011833,3.5873342110026204e-06,1.569924118536804e-06,condHC
C19 H14 O11 N2,2.4256377054600782e-06,2.3634394908793333e-06,0.618407435713788,3.5873342110026204e-06,1.569924118536804e-06,condHC
C22 H16 O14 N2,2.4256377054600782e-06,2.3634394908793333e-06,0.6188232593317103,3.5873342110026204e-06,1.569924118536804e-06,condHC
C16 H9 O10 N1,2.4256377054600782e-06,2.3634394908793333e-06,0.6188824013422174,3.5873342110026204e-06,1.569924118536804e-06,condHC
C16 H11 O11 N1,2.4256377054600782e-06,2.3634394908793333e-06,0.6191598954964254,3.5873342110026204e-06,1.569924118536804e-06,condHC
C20 H13 O13 N1,2.4256377054600782e-06,2.3634394908793333e-06,0.6192688329320533,3.5873342110026204e-06,1.569924118536804e-06,condHC
C23 H17 O13 N1,2.4256377054600782e-06,2.3634394908793333e-06,0.6193412590256197,3.5873342110026204e-06,1.569924118536804e-06,condHC
C23 H17 O15 N1,2.4256377054600782e-06,2.3634394908793333e-06,0.6195156623316541,3.5873342110026204e-06,1.569924118536804e-06,condHC
C17 H9 O11 N1,2.4256377054600782e-06,2.3634394908793333e-06,0.6195205543742178,3.5873342110026204e-06,1.569924118536804e-06,condHC
C16 H12 O10 N2,2.4256377054600782e-06,2.3634394908793333e-06,0.6197967758019052,3.5873342110026204e-06,1.569924118536804e-06,condHC
C21 H16 O13 N2,2.4256377054600782e-06,2.3634394908793333e-06,0.6204194174794351,3.5873342110026204e-06,1.569924118536804e-06,condHC
C18 H11 O9 N1,2.4256377054600782e-06,2.3634394908793333e-06,0.620568763982094,3.5873342110026204e-06,1.569924118536804e-06,condHC
C21 H16 O12 N2,2.4256377054600782e-06,2.3634394908793333e-06,0.620593741240062,3.5873342110026204e-06,1.569924118536804e-06,condHC
C22 H15 O15 N1,2.4256377054600782e-06,2.3634394908793333e-06,0.6207032354935427,3.5873342110026204e-06,1.569924118536804e-06,condHC
C22 H17 O15 N1,2.4256377054600782e-06,2.3634394908793333e-06,0.6207226445729828,3.5873342110026204e-06,1.569924118536804e-06,condHC
C19 H14 O12 N2,2.4256377054600782e-06,2.3634394908793333e-06,0.6635685056186104,0.0534007317063887,1.569924118536804e-06,condHC
C23 H17 O14 N1,2.4256377054600782e-06,2.3634394908793333e-06,0.6640872609938913,0.0536728833149328,1.569924118536804e-06,condHC
C21 H13 O14 N1,2.4256377054600782e-06,2.3634394908793333e-06,0.6658334020075352,0.054072671510779,1.569924118536804e-06,condHC
C17 H9 O9 N1,2.4256377054600782e-06,2.3634394908793333e-06,0.6714166941628625,0.0483074001073315,1.569924118536804e-06,condHC
C17 H13 O12 N1,2.4256377054600782e-06,2.3634394908793333e-06,0.6803183025391849,3.5873342110026204e-06,1.569924118536804e-06,condHC
C22 H15 O13 N1,2.4256377054600782e-06,2.3634394908793333e-06,0.6618939554717536,3.5873342110026204e-06,1.569924118536804e-06,condHC
C17 H11 O11 N1,2.4256377054600782e-06,2.3634394908793333e-06,0.6599094964171157,3.5873342110026204e-06,1.569924118536804e-06,condHC
C19 H11 O10 N1,2.4256377054600782e-06,2.3634394908793333e-06,0.6581297076960818,0.0057107058910702,1.569924118536804e-06,condHC
C13 H9 O8 N1,2.4256377054600782e-06,2.3634394908793333e-06,0.6461253511532016,3.5873342110026204e-06,1.569924118536804e-06,condHC
C20 H15 O14 N1,2.4256377054600782e-06,0.0650336742755069,0.6841391070996186,3.5873342110026204e-06,1.569924118536804e-06,condHC
C20 H8 O13,2.4256377054600782e-06,0.0916343144749517,0.6130407854758995,3.5873342110026204e-06,1.569924118536804e-06,condHC
C22 H17 O12 N1,2.4256377054600782e-06,0.0633939128072986,0.6308066158869997,3.5873342110026204e-06,1.569924118536804e-06,condHC
C23 H10 O13,2.4256377054600782e-06,0.0615401085237391,0.609547906858055,0.0398704264035665,1.569924118536804e-06,condHC
C19 H15 O13 N1,2.4256377054600782e-06,0.1574231058553912,0.7437247423444704,3.5873342110026204e-06,1.569924118536804e-06,condHC
C14 H11 O8 N1,2.4256377054600782e-06,0.0895280279353915,0.8014363673330557,3.5873342110026204e-06,1.569924118536804e-06,condHC
C18 H13 O12 N1,2.4256377054600782e-06,0.0997443737030203,0.8029226732729658,0.0627236461648259,1.569924118536804e-06,condHC
C18 H11 O12 N1,2.4256377054600782e-06,2.3634394908793333e-06,0.7768138818827062,3.5873342110026204e-06,1.569924118536804e-06,condHC
C20 H13 O11 N1,2.4256377054600782e-06,2.3634394908793333e-06,0.7748198376064596,3.5873342110026204e-06,1.569924118536804e-06,condHC
C21 H13 O12 N1,2.4256377054600782e-06,2.3634394908793333e-06,0.7738792131622831,3.5873342110026204e-06,1.569924118536804e-06,condHC
C21 H15 O14 N1,2.4256377054600782e-06,2.3634394908793333e-06,0.7732783271537158,3.5873342110026204e-06,1.569924118536804e-06,condHC
C14 H11 O7 N1,2.4256377054600782e-06,2.3634394908793333e-06,0.745965059202465,3.5873342110026204e-06,1.569924118536804e-06,condHC
C14 H9 O9 N1,2.4256377054600782e-06,2.3634394908793333e-06,0.7409476530763868,3.5873342110026204e-06,1.569924118536804e-06,condHC
C17 H12 O10 N2,2.4256377054600782e-06,2.3634394908793333e-06,0.7402965739156608,3.5873342110026204e-06,1.569924118536804e-06,condHC
C18 H11 O10 N1,2.4256377054600782e-06,2.3634394908793333e-06,0.7373381211183829,3.5873342110026204e-06,1.569924118536804e-06,condHC
C18 H14 O9 N2,2.4256377054600782e-06,2.3634394908793333e-06,0.7364838034413889,3.5873342110026204e-06,1.569924118536804e-06,condHC
C16 H12 O9 N2,2.4256377054600782e-06,2.3634394908793333e-06,0.7314477041445384,3.5873342110026204e-06,1.569924118536804e-06,condHC
C15 H9 O9 N1,2.4256377054600782e-06,2.3634394908793333e-06,0.7292289440919876,3.5873342110026204e-06,1.569924118536804e-06,condHC
C18 H14 O10 N2,2.4256377054600782e-06,2.3634394908793333e-06,0.7270651499160478,3.5873342110026204e-06,1.569924118536804e-06,condHC
C15 H11 O7 N1,2.4256377054600782e-06,2.3634394908793333e-06,0.7264703093584536,3.5873342110026204e-06,1.569924118536804e-06,condHC
C23 H10 O15,2.4256377054600782e-06,2.3634394908793333e-06,0.7390325973898288,0.0760238576414794,1.569924118536804e-06,condHC
C19 H11 O11 N1,2.4256377054600782e-06,2.3634394908793333e-06,0.7423602204235061,0.0783770299815865,1.569924118536804e-06,condHC
C16 H11 O10 N1,2.4256377054600782e-06,2.3634394908793333e-06,0.8099699191086842,3.5873342110026204e-06,1.569924118536804e-06,condHC
C22 H15 O14 N1,2.4256377054600782e-06,2.3634394908793333e-06,0.8127408833803871,3.5873342110026204e-06,1.569924118536804e-06,condHC
C14 H11 O9 N1,2.4256377054600782e-06,2.3634394908793333e-06,0.849105464164953,3.5873342110026204e-06,1.569924118536804e-06,condHC
C21 H13 O13 N1,2.4256377054600782e-06,2.3634394908793333e-06,0.8553566195619975,3.5873342110026204e-06,1.569924118536804e-06,condHC
C16 H11 O8 N1,2.4256377054600782e-06,2.3634394908793333e-06,0.9067335664756198,0.0027840901754591,1.569924118536804e-06,condHC
C18 H14 O11 N2,2.4256377054600782e-06,2.3634394908793333e-06,0.8679917711866807,0.0608526626346369,1.569924118536804e-06,condHC
C15 H10 O9 N2,2.4256377054600782e-06,2.3634394908793333e-06,0.8671565444074965,0.0616499376731602,1.569924118536804e-06,condHC
C18 H11 O11 N1,2.4256377054600782e-06,2.3634394908793333e-06,1.0,3.5873342110026204e-06,1.569924118536804e-06,condHC
C14 H9 O8 N1,2.4256377054600782e-06,2.3634394908793333e-06,0.9984499781886492,3.5873342110026204e-06,1.569924118536804e-06,condHC
C17 H11 O10 N1,2.4256377054600782e-06,2.3634394908793333e-06,0.9952646618890636,3.5873342110026204e-06,1.569924118536804e-06,condHC
C15 H11 O8 N1,2.4256377054600782e-06,0.0980250421910015,0.9359217196826202,5.512721423466867e-06,1.569924118536804e-06,condHC
C14 H25 O4 N3,2.4256377054600782e-06,0.0587160045924889,3.090388119151871e-06,0.5319991208830894,0.1183598152955582,lipid
C15 H29 O4 N3,0.1395724970397175,2.3634394908793333e-06,3.090388119151871e-06,0.7656457716485858,0.074795052124542,lipid
C14 H27 O4 N3,0.1368960825887501,0.1698939730170389,0.1698017434126061,0.7141105964833022,0.4077827930979611,lipid
C11 H22 O3 N2,0.243946035746206,0.2870864285718876,0.1681664688107229,0.7084137294835472,0.5419508953174849,lipid
C12 H24 O3 N2,0.25990115426721,0.2786833137962968,0.2671225665866652,0.7315013470439694,0.6445498371204842,lipid
C18 H36 O5,0.1719900947881495,0.2419155871490001,0.4729706296082643,0.6587204334758019,0.6018498390819108,lipid
