6.365439304145661392e-01,6.516068145426407998e-01,1.008356532285181323e-01,5.529983492204046946e-01,3.813487292857173916e-01,6.017449931916116768e-01,6.400470477176808393e-01
6.254942556509895946e-01,4.789851126264840220e-01,3.839610621639305554e-01,5.574908528181122813e-01,3.664839296918281919e-01,5.923674115889278058e-01,6.479336689263173188e-01
6.261509674626732913e-01,7.074535818266712850e-01,1.389942368247356619e-01,5.438322658533889520e-01,4.343149126412609307e-01,6.143827423391727827e-01,6.170453687303220081e-01
7.467623103867869760e-01,2.566972633103895247e-06,1.849217446735881880e-06,5.774496808598630349e-01,2.510507076042036319e-06,7.382375593713392803e-01,7.842173347883861778e-01
3.577726848801236043e-06,2.566972633103895247e-06,1.849217446735881880e-06,3.086014032624942019e-06,2.510507076042036319e-06,7.487206269684111293e-01,4.282405132853127614e-06
3.839177583804691540e-01,2.566972633103895247e-06,1.849217446735881880e-06,2.514001270784255726e-01,8.751230455797535945e-02,1.869003028248860110e-01,8.219242168084369693e-01
5.571843434934529160e-01,2.566972633103895247e-06,1.849217446735881880e-06,2.286307435736104621e-01,2.958101953707813481e-01,4.804290672388505934e-01,7.983732428957743821e-01
3.388044387938649593e-01,2.566972633103895247e-06,1.849217446735881880e-06,3.086014032624942019e-06,1.866791024410600908e-01,7.408661747066010161e-02,7.776299058880011827e-01
6.370089268512439951e-01,4.204634576797123824e-01,4.324972290584355172e-01,5.063014507717020773e-01,3.678212020937310367e-01,5.907908115293213358e-01,6.546255706051022916e-01
6.352655728341969343e-01,5.428132581638278609e-01,3.089426211526541954e-01,5.494359118126533881e-01,5.223163867731918097e-01,6.050432594357172400e-01,6.167969161451667404e-01
2.505814481096386714e-01,4.697343129484353175e-01,1.961797648938707894e-01,2.496654816195210957e-01,1.458222644637120584e-02,5.994157229225579586e-01,6.349047540144570068e-01
6.200611796667006015e-01,6.544018990607906039e-01,2.687188239137286438e-01,5.358847608562158360e-01,6.183988280361345513e-01,6.023286881334039000e-01,5.883868231300399820e-01
7.457077632888149399e-01,2.566972633103895247e-06,1.849217446735881880e-06,5.790190706853328706e-01,2.510507076042036319e-06,7.252534914885011563e-01,8.795691427287712916e-01
4.852219360921141145e-01,2.566972633103895247e-06,1.849217446735881880e-06,2.107982185431374889e-01,6.745745086267147805e-02,7.809279574907916632e-02,6.358940860739136225e-01
7.588305209076442459e-01,2.566972633103895247e-06,1.849217446735881880e-06,2.282970568582202986e-01,2.510507076042036319e-06,6.602575783926215580e-01,5.864255200189290029e-01
5.682620620885929785e-01,3.175656882995913644e-01,1.465493395244039238e-02,2.917129941924070935e-01,2.510507076042036319e-06,6.063460478342942439e-01,4.701224110550480950e-01
2.689732050417317222e-01,1.436635332942813315e-01,1.849217446735881880e-06,3.086014032624942019e-06,1.809702946959747816e-01,5.110542362271123240e-01,5.729156499792619206e-01
8.381560320976282341e-01,1.477097150358887001e-01,4.121921668331945954e-02,5.508703450759907527e-01,2.510507076042036319e-06,7.224766524622102670e-01,6.433660061774514327e-01
6.761966478483404375e-01,5.640439253886068149e-01,1.849217446735881880e-06,5.123773690925127466e-01,3.795469734047666067e-03,6.138177069240149386e-01,4.254818921928038566e-01
4.476102514203773031e-01,1.423431260176122315e-01,1.849217446735881880e-06,5.227872075997858081e-01,2.510507076042036319e-06,3.704558711867581023e-06,4.282405132853127614e-06
3.577726848801236043e-06,2.566972633103895247e-06,1.849217446735881880e-06,3.086014032624942019e-06,2.510507076042036319e-06,5.470380678252483309e-01,6.382545083255234397e-01
8.161740795411290272e-02,2.566972633103895247e-06,1.849217446735881880e-06,3.086014032624942019e-06,2.305511669164608535e-01,7.578781924812815207e-01,6.869885749232081951e-01
3.577726848801236043e-06,2.566972633103895247e-06,1.849217446735881880e-06,2.082029509291891678e-01,2.510507076042036319e-06,3.704558711867581023e-06,6.950905217056460028e-01
3.577726848801236043e-06,2.566972633103895247e-06,1.849217446735881880e-06,3.086014032624942019e-06,1.722824315062372880e-01,4.092790967250607426e-01,8.097920010168765392e-01
6.697471517730363422e-01,5.408161678488913049e-01,1.342902461898954625e-01,5.625637452389063986e-01,4.425091927968465289e-01,6.041436519510744452e-01,6.361511271434939774e-01
6.338250741923646681e-01,7.035010020861856006e-01,1.543375892952084938e-01,5.420983575521767239e-01,5.326505732547451855e-01,6.180000916863648275e-01,6.007706815152564772e-01
3.577726848801236043e-06,2.566972633103895247e-06,1.849217446735881880e-06,3.086014032624942019e-06,8.373719613537863871e-02,3.704558711867581023e-06,7.772385163834849564e-01
6.372565498326733247e-01,7.219636253709165175e-01,1.912760964258925223e-01,2.841285488094411615e-01,4.717987259288310975e-01,6.108041154079767443e-01,6.128599548846913603e-01
6.391636204073386507e-01,7.074489760139176520e-01,1.024803160166649213e-01,2.835122849786617660e-01,4.983511167805190212e-01,6.209989219055670473e-01,6.117863329852338827e-01
5.896167871185994391e-01,4.027568067474265323e-01,1.380760421087320333e-01,3.086014032624942019e-06,5.581967193319458120e-01,6.463785289245013166e-01,6.495855412128547224e-01
3.577726848801236043e-06,2.566972633103895247e-06,1.849217446735881880e-06,2.112107811316058514e-01,2.510507076042036319e-06,3.704558711867581023e-06,5.000187719731006286e-01
3.577726848801236043e-06,2.566972633103895247e-06,1.849217446735881880e-06,2.070483918697025860e-01,2.510507076042036319e-06,3.704558711867581023e-06,5.969312608993234681e-01
1.976977814853453641e-01,2.566972633103895247e-06,1.849217446735881880e-06,2.080448400549261834e-01,8.681838303376544774e-02,8.024068788266973395e-02,8.394568102601961401e-01
2.385431495086432485e-01,2.566972633103895247e-06,1.849217446735881880e-06,3.086014032624942019e-06,1.187449858020615673e-01,4.969811068914361529e-01,8.761828260125807954e-01
3.577726848801236043e-06,2.566972633103895247e-06,1.849217446735881880e-06,3.086014032624942019e-06,2.510507076042036319e-06,6.165592929588302462e-02,7.095188074619451779e-01
6.934390465745472742e-02,2.566972633103895247e-06,1.849217446735881880e-06,3.086014032624942019e-06,2.510507076042036319e-06,7.023076792736111518e-01,1.448274288218617534e-01
6.171959373445885522e-01,5.849026608523150150e-01,2.039327731736453597e-01,5.549471673411470185e-01,4.058269266715965329e-01,6.007433040626519727e-01,6.314905247238847830e-01
6.388802561702731087e-01,5.482164708222256877e-01,5.147869608159644228e-01,5.319388124336652535e-01,5.684244031625249605e-01,5.849967426391805558e-01,6.000644013639249152e-01
6.383867207460973692e-01,5.496059900526329978e-01,5.340883290911023762e-01,5.365972710195412443e-01,5.582687354102235933e-01,5.846529707473717696e-01,5.985552819577965034e-01
7.147297276858428638e-01,4.485966534263581829e-01,5.012906312956894039e-02,2.669396191488013770e-01,3.407889697063956058e-01,6.425260383558784039e-01,6.793880115922454888e-01
1.559758524154426784e-01,2.566972633103895247e-06,1.849217446735881880e-06,3.086014032624942019e-06,2.510507076042036319e-06,8.736291615032447666e-01,2.520995163640381009e-01
2.089219311945718083e-01,2.566972633103895247e-06,1.849217446735881880e-06,2.382795140172614401e-01,2.510507076042036319e-06,4.908784541304655469e-01,9.500448349560149941e-01
5.763967988799032494e-01,2.566972633103895247e-06,1.849217446735881880e-06,2.248169353927780278e-01,2.990142587970948118e-01,5.814625555276846658e-01,7.679011161164934762e-01
3.968837316247632585e-01,2.566972633103895247e-06,1.849217446735881880e-06,3.086014032624942019e-06,1.195673142639652464e-01,5.073700972093768691e-01,8.717503705470932562e-01
1.594988868894592349e-01,2.566972633103895247e-06,1.849217446735881880e-06,3.086014032624942019e-06,7.200399107213151240e-02,2.576089287550166196e-01,7.502977290145443900e-01
1.546844407240728358e-01,2.566972633103895247e-06,1.849217446735881880e-06,3.086014032624942019e-06,2.510507076042036319e-06,8.758613398621232227e-01,2.520653618018689479e-01
6.780274644090916736e-01,2.824920775068150980e-01,1.849217446735881880e-06,5.372891785704403400e-01,2.510507076042036319e-06,6.182507218741940536e-01,6.514367890306895781e-01
6.185093159537801144e-01,5.442621081864805754e-01,2.922219646334932586e-01,5.560503710814019840e-01,3.891646473023434027e-01,5.961658467043481346e-01,6.397260224391332351e-01
6.237791255222094877e-01,5.663002288643215199e-01,4.573517366642749216e-01,5.419507369989199352e-01,5.787745288163329560e-01,5.869815133468631041e-01,6.016115554867931259e-01
3.577726848801236043e-06,2.566972633103895247e-06,1.849217446735881880e-06,3.086014032624942019e-06,2.510507076042036319e-06,3.704558711867581023e-06,7.933141961451569690e-01
6.266556664024635070e-01,5.362390299940431593e-01,3.769294806149047217e-01,5.487354985960737341e-01,5.970400474117923961e-01,6.003531172480451872e-01,6.003200928145242532e-01
3.577726848801236043e-06,2.566972633103895247e-06,1.849217446735881880e-06,3.086014032624942019e-06,2.510507076042036319e-06,3.704558711867581023e-06,5.939056605289880775e-01
6.276874813416241095e-01,7.443618413663000144e-01,1.201956974486262097e-01,5.403020365663482316e-01,4.840660442017397092e-01,6.210544326978941765e-01,6.081902732101184261e-01
7.282454140457913505e-01,4.345717059672909999e-01,2.140922226591650962e-02,3.212291284195233354e-01,1.290883493827917894e-01,6.487543700455448148e-01,7.435168751756421335e-01
7.303787258683505090e-01,2.226360492705085903e-01,1.849217446735881880e-06,2.874790628313901863e-01,1.705880129696561720e-01,6.861570013610539531e-01,7.600489715381920641e-01
6.669271486976678931e-01,2.566972633103895247e-06,1.849217446735881880e-06,2.254001783392373948e-01,2.279806131364861543e-01,5.904436091952899313e-01,7.903970560638472476e-01
7.557441689536869012e-01,2.566972633103895247e-06,1.849217446735881880e-06,2.316796277890455780e-01,3.193357615615751710e-01,6.175722219837083138e-01,7.555176871554982743e-01
4.090931966294825695e-01,2.566972633103895247e-06,1.849217446735881880e-06,3.086014032624942019e-06,2.145443256305270829e-01,6.174674895431284671e-01,8.046486644262582644e-01
3.577726848801236043e-06,2.566972633103895247e-06,1.849217446735881880e-06,3.086014032624942019e-06,2.510507076042036319e-06,7.078496626367979383e-01,1.636299370519303242e-01
8.569761889414214684e-01,1.904481287424704961e-01,1.849217446735881880e-06,5.530499502588670513e-01,2.510507076042036319e-06,7.263759737648095571e-01,6.544012884689719423e-01
6.440407263055281106e-01,5.861065113513970193e-01,1.715409692212336856e-01,5.575211329879352640e-01,4.701843775825685356e-01,6.023017643595972581e-01,6.278154508920582577e-01
6.383664643669584304e-01,4.984591822968801877e-01,5.099357773820277773e-01,5.367321519757565218e-01,6.399263223837660108e-01,5.893966486242731007e-01,5.922374087757256156e-01
3.577726848801236043e-06,2.566972633103895247e-06,1.849217446735881880e-06,3.086014032624942019e-06,2.510507076042036319e-06,3.704558711867581023e-06,7.935551644795988402e-01
6.151321274095638003e-01,4.280283813153369366e-01,7.535501102149790853e-01,5.475744941321492032e-01,6.113808104924189912e-01,5.732442035142073511e-01,6.044451418839098533e-01
6.278845083893820345e-01,6.401728596193835275e-01,1.920542113042920107e-01,5.418601611101609983e-01,7.285931362060229510e-01,6.109052614771421919e-01,5.834197345090886833e-01
6.767352424625563412e-01,3.044262207236217432e-01,1.849217446735881880e-06,6.485849067302723592e-01,1.378149737414212372e-01,6.871630565073877372e-01,7.644214303053383786e-01
3.577726848801236043e-06,2.566972633103895247e-06,1.849217446735881880e-06,2.087668009578967365e-01,2.510507076042036319e-06,1.269238413759358197e-01,5.036857787641992878e-01
1.686852898714863158e-01,2.566972633103895247e-06,1.849217446735881880e-06,2.099973250626508414e-01,8.812061944453433715e-02,3.906349031279499617e-01,8.430191909071016454e-01
5.506271735094816488e-01,2.566972633103895247e-06,1.849217446735881880e-06,2.278490728975619828e-01,1.190244284719984974e-01,5.873877088918413314e-01,8.361467470164372084e-01
3.169580464279810883e-01,2.566972633103895247e-06,1.849217446735881880e-06,2.127026748919856047e-01,2.510507076042036319e-06,4.023804254392863156e-01,8.697886380117609839e-01
6.420692854593769150e-01,4.656609420541211741e-01,3.870488777806410652e-01,5.616777951016136416e-01,4.347291862183154665e-01,5.889504832297633996e-01,6.374043097137538361e-01
6.594263015308781117e-01,6.001960887636196285e-01,1.291918214833470413e-01,5.517183788458273064e-01,6.884027548685718312e-01,6.130954948833914342e-01,5.984435703139526774e-01
6.598004593606618950e-01,2.566972633103895247e-06,1.849217446735881880e-06,3.270992474338217382e-01,2.510507076042036319e-06,7.315329679531206164e-01,8.815800136642787388e-01
4.727135319454802698e-01,2.566972633103895247e-06,1.849217446735881880e-06,2.108162316529010871e-01,2.510507076042036319e-06,2.687154272496242169e-01,7.209648033479384432e-01
1.854765002594617185e-01,2.566972633103895247e-06,1.849217446735881880e-06,2.112501718144467466e-01,2.510507076042036319e-06,3.068382955026590642e-01,5.382410550781346892e-01
7.182166157766404213e-01,4.210944045020878490e-01,5.257211393383652565e-02,6.024704384644196109e-01,1.257251478116724053e-01,6.339472300270557747e-01,7.368284702369446437e-01
5.938372712334568648e-01,4.886910458443782246e-01,2.767391071101833744e-02,2.717103714231407507e-01,8.348654661410925826e-02,6.324390309063093740e-01,5.497220797113189228e-01
6.723283546454449366e-01,9.682377333339407810e-02,1.849217446735881880e-06,3.305395056794409037e-01,2.510507076042036319e-06,4.724904521956961312e-01,4.923803886375087147e-01
6.400308185053636967e-01,5.643998606172105914e-01,3.491487677093581543e-01,5.035279611095259122e-01,3.041004728138096969e-01,2.086073485685856210e-01,3.719191342660468358e-01
4.522847485130017109e-01,5.671072365935686532e-01,6.698703932198388222e-02,2.686770242236822259e-01,2.510507076042036319e-06,1.082055749156085184e-01,4.282405132853127614e-06
8.478198891895034894e-02,2.566972633103895247e-06,1.849217446735881880e-06,3.086014032624942019e-06,7.200397295943576637e-02,8.144198846726905527e-01,5.015226769422566067e-01
4.586771666133098724e-01,2.566972633103895247e-06,1.849217446735881880e-06,2.307724890934684248e-01,1.753796300276617148e-01,7.680870845825427118e-01,6.335285720779659790e-01
6.339124016935413497e-01,5.870683833438755661e-01,1.996687683033024352e-01,5.536124960855036692e-01,5.076107615495000225e-01,6.046836867191260900e-01,6.160622326489149092e-01
6.520964632181966980e-01,5.124968081222368577e-01,4.884405993472361041e-01,5.415714599154816122e-01,5.887818173651002684e-01,5.931717463373012977e-01,5.986912253969827180e-01
6.351142351749412551e-01,6.816687067610756046e-01,2.252950561804211160e-01,2.882062972470826878e-01,5.169945386599793524e-01,6.092946168772975790e-01,6.055328734363514265e-01
3.577726848801236043e-06,2.566972633103895247e-06,1.849217446735881880e-06,3.086014032624942019e-06,8.492403052399787045e-02,3.704558711867581023e-06,6.734386457383295665e-01
5.423301156000047696e-01,3.653175168072545498e-01,4.281437912707437149e-02,3.086014032624942019e-06,3.177717423592196777e-01,6.777244026378644870e-01,6.457945228412890204e-01
2.669824306070467945e-01,2.566972633103895247e-06,1.849217446735881880e-06,2.516122772819793796e-01,2.510507076042036319e-06,2.592257845343398093e-01,8.467095399719414273e-01
4.593801079836061785e-01,2.566972633103895247e-06,1.849217446735881880e-06,2.332993144509067363e-01,4.610816129089906901e-01,6.562830472431147033e-01,7.377155379854249961e-01
3.577726848801236043e-06,2.566972633103895247e-06,1.849217446735881880e-06,2.355166469864464207e-01,2.164107302507618236e-01,6.101445869025092783e-01,8.344947520372651972e-01
3.577726848801236043e-06,2.566972633103895247e-06,1.849217446735881880e-06,3.086014032624942019e-06,2.163801801706071171e-01,5.325897728537880571e-01,8.524889765268746089e-01
3.577726848801236043e-06,2.566972633103895247e-06,1.849217446735881880e-06,3.086014032624942019e-06,2.510507076042036319e-06,3.704558711867581023e-06,6.940810680541077415e-01
1.298805269755551328e-01,2.566972633103895247e-06,1.849217446735881880e-06,3.086014032624942019e-06,2.510507076042036319e-06,8.017004286285580594e-01,2.645612385625158991e-01
6.110849478717838013e-01,2.566972633103895247e-06,1.849217446735881880e-06,4.565915431152571258e-01,2.510507076042036319e-06,6.588146616268966138e-01,5.951652231162494200e-01
7.334137616618225941e-01,3.874729371357074625e-01,6.441628451462778904e-02,5.973350577530919248e-01,4.206116681502977128e-01,6.370921139226992658e-01,6.605175163060045262e-01
3.577726848801236043e-06,2.566972633103895247e-06,1.849217446735881880e-06,3.086014032624942019e-06,2.510507076042036319e-06,3.704558711867581023e-06,5.980144528242832269e-01
6.340928185104053316e-01,4.559347531650848051e-01,4.202667671901359481e-01,5.543756244103683617e-01,5.852888202162800368e-01,5.884221951275038220e-01,6.101057506221896354e-01
3.577726848801236043e-06,2.566972633103895247e-06,1.849217446735881880e-06,3.086014032624942019e-06,2.510507076042036319e-06,3.704558711867581023e-06,6.960535975412887044e-01
6.265343982126850841e-01,5.708777629181162050e-01,4.576964638283156361e-01,5.409756474852942532e-01,5.790673265805983405e-01,5.851172759045426552e-01,6.004864640271022624e-01
3.577726848801236043e-06,2.566972633103895247e-06,1.849217446735881880e-06,3.086014032624942019e-06,2.510507076042036319e-06,3.704558711867581023e-06,6.951988593020371754e-01
6.219443026998062729e-01,5.769018688506208914e-01,4.300581777981720144e-01,5.437570757687723022e-01,5.786905342086031689e-01,5.938384995619948592e-01,6.001989338378127536e-01
6.757216582646207170e-01,5.889331927355337948e-01,2.036036370464109901e-01,3.086014032624942019e-06,5.056825564113871518e-01,6.126544751522154941e-01,6.173155379118093755e-01
2.330552237510636893e-01,2.566972633103895247e-06,1.849217446735881880e-06,2.633500581182685041e-01,2.510507076042036319e-06,1.855336874104121792e-01,8.664125661305632775e-01
7.444412444366980131e-01,2.566972633103895247e-06,1.849217446735881880e-06,2.307174290842959052e-01,2.273206348041003355e-01,6.243453702699789387e-01,7.805236116760936316e-01
6.272307675133053095e-01,2.566972633103895247e-06,1.849217446735881880e-06,2.308011626375517378e-01,5.340259789187541406e-01,6.373802710693863283e-01,7.169657596143328426e-01
4.163399387735185475e-01,2.566972633103895247e-06,1.849217446735881880e-06,3.086014032624942019e-06,1.207472356403755664e-01,6.162740594844918762e-01,8.447251706455172204e-01
3.577726848801236043e-06,2.566972633103895247e-06,1.849217446735881880e-06,3.086014032624942019e-06,2.510507076042036319e-06,6.320785356086659756e-02,7.119165896208042854e-01
7.260746504289130598e-01,5.157096844295200322e-01,2.148540669375180109e-02,3.086014032624942019e-06,2.687095452940559959e-01,6.348365981614284559e-01,6.939172120405399102e-01
1.293306900709171314e-01,2.566972633103895247e-06,1.849217446735881880e-06,3.086014032624942019e-06,2.510507076042036319e-06,8.000352088115378901e-01,2.633532375549639815e-01
7.471416448467951277e-01,2.566972633103895247e-06,1.849217446735881880e-06,4.597555751425285164e-01,2.510507076042036319e-06,6.393851566428279121e-01,6.944354043829612522e-01
7.122964413953242202e-01,4.515408573230144662e-01,1.849217446735881880e-06,5.900259691204264856e-01,3.534034962815842951e-01,6.440027917562523019e-01,6.742194616652077421e-01
6.767514475658674700e-01,5.133169399415883349e-01,3.770934379697069017e-01,5.460868343031304306e-01,5.878533364310067899e-01,6.000560201610207756e-01,5.966147139019405410e-01
3.577726848801236043e-06,2.566972633103895247e-06,1.849217446735881880e-06,3.086014032624942019e-06,2.510507076042036319e-06,3.704558711867581023e-06,7.924216072281176082e-01
6.375702536242713325e-01,5.674447485711580086e-01,4.767215043266923580e-01,5.283405000182209710e-01,6.425516489556702959e-01,5.864995362146068203e-01,5.894871306775326669e-01
3.577726848801236043e-06,2.566972633103895247e-06,1.849217446735881880e-06,3.086014032624942019e-06,2.510507076042036319e-06,5.904112668820638010e-02,1.000000000000000000e+00
6.160112542641928979e-01,5.121755898263241624e-01,5.694258570759357374e-01,5.442316919137505371e-01,6.434339545907472591e-01,5.716117288274925601e-01,5.972523475241884316e-01
3.577726848801236043e-06,2.566972633103895247e-06,1.849217446735881880e-06,3.086014032624942019e-06,2.510507076042036319e-06,5.841841046613368421e-02,7.929609640500151491e-01
6.429686686931448403e-01,6.254346550067958477e-01,2.522018567463925054e-01,5.446207221605026128e-01,6.704597871589198510e-01,6.094894244144156703e-01,5.873338749395201619e-01
3.577726848801236043e-06,2.566972633103895247e-06,1.849217446735881880e-06,3.086014032624942019e-06,2.510507076042036319e-06,6.275285217881419741e-02,7.101517787640766466e-01
1.897229125396169835e-01,2.566972633103895247e-06,1.849217446735881880e-06,3.079751654219664569e-01,2.510507076042036319e-06,3.704558711867581023e-06,8.738935654890648275e-01
7.632027478093401651e-01,2.566972633103895247e-06,1.849217446735881880e-06,2.298218958970029702e-01,4.068830658852930493e-01,6.236449883162256125e-01,7.355196465568735187e-01
6.015126383600724047e-01,2.566972633103895247e-06,1.849217446735881880e-06,2.295901826623837350e-01,6.877666852945679699e-01,7.293125362600342276e-01,6.776731366378181409e-01
4.961194179270935756e-01,2.566972633103895247e-06,1.849217446735881880e-06,3.086014032624942019e-06,6.720906542837008502e-01,6.843144900528090879e-01,7.012719606779921344e-01
4.026174572896496495e-01,2.566972633103895247e-06,1.849217446735881880e-06,3.086014032624942019e-06,2.971550992551576509e-01,6.165887245938070915e-01,7.876080684394238807e-01
6.181397045557587289e-01,5.901224333984618209e-01,1.849217446735881880e-06,2.990145411348357207e-01,3.997518077677865711e-01,6.531964808652531707e-01,6.634953278951458699e-01
1.052170236951020660e-01,2.566972633103895247e-06,1.849217446735881880e-06,3.086014032624942019e-06,2.510507076042036319e-06,8.354712091820255537e-01,1.529586531342416178e-01
8.486084137616618506e-01,2.311152515001577978e-01,1.849217446735881880e-06,5.456184556463179458e-01,1.051567448539416361e-01,7.106353896270287684e-01,7.069452067576403875e-01
6.565641201727248077e-01,4.893941999247617969e-01,4.439520667823261268e-01,5.488260366818740188e-01,4.800289416727726577e-01,5.958395388820355576e-01,6.165292621626895508e-01
6.475723134729588493e-01,4.965563873312217047e-01,5.111843535922611093e-01,5.392088884130756821e-01,6.409389428271551337e-01,5.891247081135467800e-01,5.909721409809534087e-01
3.577726848801236043e-06,2.566972633103895247e-06,1.849217446735881880e-06,3.086014032624942019e-06,2.510507076042036319e-06,2.237220589181570241e-01,9.886863894667882180e-01
6.102911228804175359e-01,5.065402045852500645e-01,5.695808573681180320e-01,5.416894429492113971e-01,6.433538723252981706e-01,5.745591024133577251e-01,5.970420523484075703e-01
1.801762498546042035e-01,2.566972633103895247e-06,1.849217446735881880e-06,3.086014032624942019e-06,2.510507076042036319e-06,2.607232505290417723e-01,9.739609421493798935e-01
6.028566716230274736e-01,5.340201177939087884e-01,5.170169341172120570e-01,5.415910418480263111e-01,6.522121397565943113e-01,5.790107768901711083e-01,5.949744360693770551e-01
3.577726848801236043e-06,2.566972633103895247e-06,1.849217446735881880e-06,3.086014032624942019e-06,2.510507076042036319e-06,3.704558711867581023e-06,6.953112457553716208e-01
6.246460985493551554e-01,6.433301194995452166e-01,3.063265122347727520e-01,5.408408799379547105e-01,6.870917338003671437e-01,5.969991323060233057e-01,5.815072630665661935e-01
6.505892085535577296e-01,2.566972633103895247e-06,1.849217446735881880e-06,2.282437546866217803e-01,2.510507076042036319e-06,4.664280291662434852e-01,9.264130065971216688e-01
7.310109049541881898e-01,2.566972633103895247e-06,1.849217446735881880e-06,3.351019447505224069e-01,3.410663113036262462e-01,5.908844729972740906e-01,7.544614262638430491e-01
7.460144898831539972e-01,2.566972633103895247e-06,1.849217446735881880e-06,3.043970208849249293e-01,6.012481337885818844e-01,7.329749491436940989e-01,6.827352507043017438e-01
7.451399994886389599e-01,2.566972633103895247e-06,1.849217446735881880e-06,2.287314128523103562e-01,3.248350899428170124e-01,7.358762716415424565e-01,7.366879871702766147e-01
1.231798405453845557e-01,2.566972633103895247e-06,1.849217446735881880e-06,3.086014032624942019e-06,2.510507076042036319e-06,7.338055709550070360e-02,7.078896946591344275e-01
8.531137925955641910e-01,1.965437114411756614e-01,1.849217446735881880e-06,6.583880455552868494e-01,3.494017014341874172e-01,7.092260496139660697e-01,7.106793570930483028e-01
1.544650528844543624e-01,2.566972633103895247e-06,1.849217446735881880e-06,5.057113843912188766e-01,2.510507076042036319e-06,1.816262577898326014e-01,4.282405132853127614e-06
6.291092090721209784e-01,5.019571237462037150e-01,6.279000525928062348e-01,5.336340861112081058e-01,6.262116789696146046e-01,5.758201017884974071e-01,5.922651986574726246e-01
3.577726848801236043e-06,2.566972633103895247e-06,1.849217446735881880e-06,3.086014032624942019e-06,2.510507076042036319e-06,3.704558711867581023e-06,7.945707527628694811e-01
6.311596047827381373e-01,4.884123694103509883e-01,6.772794287405795588e-01,5.384918040917620052e-01,6.211780883716010448e-01,5.788663864584436825e-01,5.954514036865579119e-01
1.898221687973976890e-01,2.566972633103895247e-06,1.849217446735881880e-06,3.086014032624942019e-06,2.510507076042036319e-06,1.012397046451618127e-01,7.711631451937890347e-01
6.148397153231495160e-01,4.535479516613513118e-01,7.089990698066519492e-01,5.489559654505152819e-01,6.188270121635204291e-01,5.696041404813908526e-01,6.019553402490672722e-01
6.428242182027964491e-01,5.988241508614652320e-01,2.937453119117436895e-01,5.412894876474296790e-01,6.957953429602713458e-01,6.007245405832229990e-01,5.871989130414111413e-01
1.553757234228203277e-01,2.566972633103895247e-06,1.849217446735881880e-06,2.124584488780762448e-01,2.510507076042036319e-06,1.627501844902222439e-01,6.605572073733120275e-01
5.300811731630524770e-01,2.566972633103895247e-06,1.849217446735881880e-06,2.275346845925272088e-01,2.510507076042036319e-06,5.888906583964594876e-01,9.167649485792100927e-01
4.361348325814765614e-01,2.566972633103895247e-06,1.849217446735881880e-06,2.328723867381777557e-01,2.510507076042036319e-06,6.735965930926902656e-01,9.185425808162581696e-01
3.764422767017789329e-01,2.566972633103895247e-06,1.849217446735881880e-06,3.086014032624942019e-06,2.510507076042036319e-06,6.377974856105942392e-01,7.181776561130347458e-01
6.370905375520858893e-01,2.566972633103895247e-06,1.849217446735881880e-06,3.459353276057314797e-01,2.510507076042036319e-06,6.594140014642790870e-01,8.082669929145617216e-01
1.535147811248718519e-01,2.566972633103895247e-06,1.849217446735881880e-06,5.377781598396791374e-01,2.510507076042036319e-06,3.704558711867581023e-06,4.282405132853127614e-06
6.302654882075463538e-01,5.203956284200635940e-01,5.841251632149244699e-01,5.311353861549537037e-01,6.240903200440887089e-01,5.793911921420835665e-01,5.895327723376204698e-01
6.736704072846620983e-01,6.317807716331063084e-01,1.849217446735881880e-06,5.602373133649033443e-01,5.395543117634472585e-01,6.345107061502943679e-01,6.206733899367623541e-01
4.815907775676716018e-01,2.566972633103895247e-06,1.849217446735881880e-06,2.118863010999602337e-01,2.510507076042036319e-06,2.740561839906251462e-01,6.218295839793356317e-01
2.941442769156862869e-01,1.285902062790005296e-01,1.849217446735881880e-06,2.083755214351091789e-01,2.510507076042036319e-06,2.448706052786605303e-01,5.031515750329568215e-01
3.593825567547732081e-01,3.378164812422580487e-01,1.849217446735881880e-06,3.086014032624942019e-06,5.175836389951365968e-03,6.187591549926811929e-01,4.829307246098175077e-01
7.791052658303152523e-01,2.566972633103895247e-06,1.849217446735881880e-06,3.451165533258362395e-01,2.510507076042036319e-06,6.542943263292365641e-01,7.897891754055006430e-01
5.677062270450210502e-01,1.504261788255831234e-01,1.849217446735881880e-06,3.086014032624942019e-06,7.808267666761174730e-03,3.605290823016105151e-01,2.893089257603431164e-01
3.563070982313750190e-01,5.429609908460214518e-01,2.519023579587093692e-02,3.086014032624942019e-06,2.510507076042036319e-06,4.402127456313578158e-01,4.623429311896148919e-01
9.126114596008575441e-01,2.566972633103895247e-06,1.849217446735881880e-06,5.800056522983669804e-01,2.510507076042036319e-06,6.244747395228836817e-01,4.325925438336307716e-01
5.206506132911375984e-01,2.063394580077650975e-01,2.587636714951780520e-02,4.247031220253796868e-01,2.510507076042036319e-06,1.116234713351728081e-01,2.756966380439064279e-01
5.380795170014941453e-01,2.566972633103895247e-06,1.849217446735881880e-06,5.887522362340148474e-01,2.510507076042036319e-06,5.236176071501227325e-01,4.031556975054808589e-01
4.438294657753619754e-01,6.223026032846081801e-01,5.941641144626385457e-02,2.647475767925520085e-01,2.510507076042036319e-06,1.024879113295136257e-01,4.282405132853127614e-06
5.028396292560453062e-01,2.566972633103895247e-06,1.849217446735881880e-06,4.193778192501435576e-01,2.510507076042036319e-06,1.325226609295812319e-01,4.282405132853127614e-06
3.577726848801236043e-06,2.566972633103895247e-06,1.849217446735881880e-06,3.086014032624942019e-06,2.510507076042036319e-06,3.704558711867581023e-06,6.936529321055153741e-01
5.168873381605335604e-01,4.343308665326589546e-01,1.996013747893653212e-02,3.086014032624942019e-06,2.646496690689736364e-01,6.603656892990265037e-01,7.142781161061259043e-01
3.577726848801236043e-06,2.566972633103895247e-06,1.849217446735881880e-06,2.334947179438093823e-01,2.510507076042036319e-06,7.844664586432642528e-01,7.269735524370223301e-01
3.577726848801236043e-06,2.566972633103895247e-06,1.849217446735881880e-06,2.093663747824628663e-01,8.823368492893302051e-02,3.704558711867581023e-06,5.673977941213910192e-01
6.918851684772568955e-01,6.065746937035468855e-01,1.849217446735881880e-06,2.961314228927761638e-01,3.514732625215480910e-01,6.275830320348209090e-01,6.560100342944317209e-01
6.478793551665290584e-01,6.549098261102633822e-01,2.384816006606192973e-01,2.898424281959263715e-01,4.686588538962340733e-01,6.056647931947510832e-01,6.196496425932879193e-01
6.345685733351147384e-01,7.427901201453495084e-01,1.375818948546225495e-01,3.086014032624942019e-06,5.495925609468061968e-01,6.209521431479879672e-01,5.982428451636740974e-01
3.577726848801236043e-06,2.566972633103895247e-06,1.849217446735881880e-06,2.659774015425724336e-01,2.510507076042036319e-06,3.346257611033799373e-01,9.748913203978897268e-01
5.919824621169699208e-01,2.566972633103895247e-06,1.849217446735881880e-06,2.321344351837276720e-01,4.933527855635536086e-01,7.473504251825229261e-01,7.113143528236514079e-01
4.638855768458602924e-01,2.566972633103895247e-06,1.849217446735881880e-06,3.086014032624942019e-06,3.795030455894136678e-01,6.883227019077728936e-01,7.522918524054228451e-01
3.577726848801236043e-06,2.566972633103895247e-06,1.849217446735881880e-06,3.086014032624942019e-06,1.709528388873298443e-01,5.351591740784142903e-01,8.180124688843810610e-01
7.015720840807186942e-01,5.856417204622295092e-01,4.922383100753063845e-02,3.086014032624942019e-06,4.459853813640163867e-01,6.470555734758622890e-01,6.412374116590026096e-01
1.492166250495605972e-01,2.566972633103895247e-06,1.849217446735881880e-06,3.086014032624942019e-06,2.510507076042036319e-06,8.396804137653874900e-01,3.801732505886025737e-01
7.682588300707658968e-01,3.669493364559092696e-01,1.849217446735881880e-06,6.194018921741676342e-01,2.715363091928934547e-01,6.598229517583147352e-01,7.046035564791311989e-01
6.633026972854291214e-01,6.434445714702289321e-01,1.629858607737177667e-01,5.366703441384773621e-01,6.532130231731414494e-01,6.123055056206756497e-01,5.851663868558889536e-01
3.577726848801236043e-06,2.566972633103895247e-06,1.849217446735881880e-06,3.086014032624942019e-06,8.733564539881982780e-02,1.328265149482559249e-01,8.763699322804138214e-01
6.563652025295806380e-01,5.588882875469322054e-01,3.942467637222678567e-01,5.393296688657404081e-01,6.625419308906471683e-01,5.939334084634830813e-01,5.832847112646623033e-01
3.577726848801236043e-06,2.566972633103895247e-06,1.849217446735881880e-06,3.086014032624942019e-06,2.102869244207922206e-01,2.305621528041630064e-01,9.206866346066722162e-01
6.394276735629584874e-01,4.459439529046236306e-01,7.000435878448348914e-01,5.416606748977316199e-01,6.192126435310386645e-01,5.794054336749464573e-01,5.985806793331679421e-01
3.577726848801236043e-06,2.566972633103895247e-06,1.849217446735881880e-06,3.086014032624942019e-06,8.374808186552072653e-02,3.704558711867581023e-06,7.759638626021623242e-01
6.226022749084141328e-01,5.998703637046899351e-01,4.199510666568314621e-01,2.898996996781758595e-01,5.782298438299222632e-01,5.976482655320288773e-01,5.972578073464300807e-01
3.577726848801236043e-06,2.566972633103895247e-06,1.849217446735881880e-06,3.086014032624942019e-06,2.510507076042036319e-06,3.704558711867581023e-06,5.938609390636601093e-01
3.577726848801236043e-06,2.566972633103895247e-06,1.849217446735881880e-06,2.660362229461236683e-01,2.510507076042036319e-06,3.371301138667726627e-01,9.745407261943929145e-01
5.041523776667747869e-01,2.566972633103895247e-06,1.849217446735881880e-06,2.291845758182941839e-01,1.391934585637066846e-01,4.778853423544954793e-01,8.592429606787896912e-01
5.909208027792112183e-01,2.566972633103895247e-06,1.849217446735881880e-06,2.335833469802013895e-01,4.910945429587257327e-01,6.400064305198751580e-01,7.293751994138727435e-01
6.093920097317047091e-01,2.566972633103895247e-06,1.849217446735881880e-06,3.086014032624942019e-06,4.674401351255402792e-01,7.269741181450538603e-01,7.089756471683735795e-01
3.577726848801236043e-06,2.566972633103895247e-06,1.849217446735881880e-06,3.086014032624942019e-06,2.168761057800751568e-01,6.453788148986392414e-01,8.331843946992609773e-01
6.293064161765823394e-01,5.877038864541362928e-01,4.279211280342648527e-01,2.935235290906619277e-01,6.439833730283123225e-01,6.000767587435474892e-01,5.913052514840134721e-01
6.689550823345288277e-01,4.227449197885327914e-01,4.488958564245130317e-02,3.086014032624942019e-06,4.408832523253078950e-01,6.557170762528052865e-01,6.640219860293578025e-01
1.024247268449780257e-01,2.566972633103895247e-06,1.849217446735881880e-06,3.086014032624942019e-06,2.510507076042036319e-06,9.007765377710920118e-01,4.282405132853127614e-06
7.038964360656457808e-01,1.959437548051503608e-01,1.849217446735881880e-06,7.198239773279023757e-01,2.510507076042036319e-06,7.057541302264476180e-01,8.625935124919812402e-01
3.577726848801236043e-06,2.566972633103895247e-06,1.849217446735881880e-06,3.086014032624942019e-06,2.510507076042036319e-06,3.704558711867581023e-06,5.934497960449660603e-01
6.900784795147687500e-01,6.828999940372058042e-01,1.324042456476818563e-01,5.453147844800406707e-01,6.419150480759245880e-01,6.261014968058944419e-01,5.934951923197846479e-01
3.577726848801236043e-06,2.566972633103895247e-06,1.849217446735881880e-06,3.086014032624942019e-06,1.176162509038235215e-01,3.868958250582577585e-01,9.140350988046853642e-01
6.433518293581014236e-01,4.971769339312503977e-01,5.105319249829241013e-01,5.378867677396809155e-01,6.404690270487752857e-01,5.894337077955552617e-01,5.930211693258352623e-01
3.577726848801236043e-06,2.566972633103895247e-06,1.849217446735881880e-06,3.086014032624942019e-06,2.125944335580434719e-01,3.900649819314450095e-01,8.787391884017180521e-01
6.288744601449888227e-01,4.866910830870792015e-01,6.771948395823613742e-01,5.329334082739184408e-01,6.207004928102257679e-01,5.759504585929511311e-01,5.920506092394792752e-01
3.577726848801236043e-06,2.566972633103895247e-06,1.849217446735881880e-06,3.086014032624942019e-06,2.063251224055978328e-01,2.300162447032153001e-01,9.237897153757858026e-01
6.102862163352482661e-01,5.107176272279009277e-01,5.705044885900434348e-01,5.428330958551474961e-01,6.424131230586208607e-01,5.719604904534431045e-01,5.954274172764848494e-01
3.577726848801236043e-06,2.566972633103895247e-06,1.849217446735881880e-06,3.086014032624942019e-06,2.510507076042036319e-06,6.206096836602111727e-02,7.101275469687342579e-01
1.846599318557400060e-01,2.566972633103895247e-06,1.849217446735881880e-06,3.086014032624942019e-06,2.114067720229852454e-01,2.261535147843223847e-01,8.790308901405855524e-01
1.305807337346677199e-01,2.566972633103895247e-06,1.849217446735881880e-06,2.110460736410705862e-01,2.510507076042036319e-06,3.704558711867581023e-06,7.818434776932827734e-01
6.068287225012900521e-01,2.566972633103895247e-06,1.849217446735881880e-06,2.351298093112920984e-01,2.510507076042036319e-06,5.318013948593888207e-01,9.247338351993757977e-01
7.452559109914894675e-01,2.566972633103895247e-06,1.849217446735881880e-06,2.966187030288788828e-01,6.777119173326906498e-01,7.365949492871488591e-01,6.715354375897227834e-01
7.432134827900002128e-01,2.566972633103895247e-06,1.849217446735881880e-06,2.974696665280054386e-01,6.773660372947650776e-01,7.352974624810975079e-01,6.748011474460576808e-01
6.348014766810363696e-01,2.566972633103895247e-06,1.849217446735881880e-06,3.086014032624942019e-06,6.852006234631378145e-01,6.669613901648805410e-01,6.963149328530816584e-01
6.315947118066421728e-01,5.704148044490764402e-01,4.192218084836315528e-01,5.379433209657173975e-01,6.740840168259698562e-01,5.940523824369258188e-01,5.895787207292948473e-01
6.095772430653861873e-01,6.594333780575910575e-01,1.849217446735881880e-06,2.873564111322757242e-01,4.555398042186641905e-01,6.388953830509750409e-01,6.428226004986106190e-01
1.041893500601209360e-01,2.566972633103895247e-06,1.849217446735881880e-06,3.086014032624942019e-06,2.510507076042036319e-06,8.344499769276771950e-01,1.542330768668742635e-01
6.502175715176223836e-01,2.566972633103895247e-06,1.849217446735881880e-06,4.613529013543892776e-01,2.510507076042036319e-06,5.508202863047079179e-01,1.785022627895875846e-01
7.225211413578364050e-01,4.510092078616171896e-01,1.849217446735881880e-06,5.986617147815163076e-01,2.945577145352210047e-01,6.385848240770473083e-01,6.933284100868805089e-01
6.608491996299474813e-01,5.405343713481600698e-01,3.323098013256452488e-01,5.427838764030756824e-01,5.796629686177018348e-01,6.030605677839270262e-01,5.975118424464617162e-01
3.577726848801236043e-06,2.566972633103895247e-06,1.849217446735881880e-06,3.086014032624942019e-06,2.510507076042036319e-06,2.252263598091052421e-01,9.870856186625803774e-01
6.292200789872747224e-01,4.898104564429773822e-01,6.828795567259876576e-01,5.339534077023376790e-01,6.096526661163627070e-01,5.751941500356921866e-01,5.948000898355471078e-01
2.103604717197539720e-01,2.566972633103895247e-06,1.849217446735881880e-06,3.086014032624942019e-06,2.510507076042036319e-06,3.731257441070979786e-01,9.639235804017410869e-01
6.299986891871988126e-01,4.730691194815181966e-01,7.236960289078419040e-01,5.358556147751503129e-01,6.127416776993108716e-01,5.746940331407746072e-01,5.945931687072190108e-01
1.713602235115882777e-01,2.566972633103895247e-06,1.849217446735881880e-06,3.086014032624942019e-06,2.510507076042036319e-06,3.516239141740779006e-01,9.658109612004787126e-01
6.208019329447229673e-01,4.830276295278358445e-01,6.600987767622182867e-01,5.466003496924880523e-01,6.269448325928058674e-01,5.682666318494106195e-01,6.021018352548329622e-01
3.577726848801236043e-06,2.566972633103895247e-06,1.849217446735881880e-06,3.086014032624942019e-06,2.510507076042036319e-06,6.302856747539514748e-02,6.913296243758855208e-01
3.577726848801236043e-06,2.566972633103895247e-06,1.849217446735881880e-06,3.086014032624942019e-06,2.510507076042036319e-06,7.792302784136512228e-02,6.824590695837168264e-01
3.872953070380924512e-01,2.566972633103895247e-06,1.849217446735881880e-06,2.379193463293856337e-01,2.510507076042036319e-06,3.434981321242098762e-01,7.296725450139338598e-01
7.600478842797173673e-01,2.566972633103895247e-06,1.849217446735881880e-06,3.472248243258712064e-01,2.587250787419259623e-01,6.295256498842849435e-01,7.691621510153705543e-01
8.702446574475233287e-01,3.531220368337857246e-06,1.849217446735881880e-06,3.821897257909475099e-01,8.230173239482199143e-01,7.230328518898254675e-01,6.447486294772613036e-01
7.452879160705289108e-01,2.566972633103895247e-06,1.849217446735881880e-06,3.086014032624942019e-06,7.762894186597474322e-01,7.410910635836623905e-01,6.609719084784106968e-01
4.646862439919579590e-01,2.566972633103895247e-06,1.849217446735881880e-06,3.086014032624942019e-06,4.585199464250609980e-01,7.031297379734673392e-01,7.371610899694660546e-01
6.284646961020964318e-01,5.721880918840824837e-01,4.192204194204445233e-01,5.360644761213075871e-01,6.763677621064050349e-01,5.958288837205869548e-01,5.865201160402400138e-01
6.172548609007948439e-01,5.879489850274437490e-01,1.849217446735881880e-06,2.957354747046039289e-01,4.827807190112303748e-01,6.552888946917648783e-01,6.498228287682573656e-01
1.048791247839769708e-01,2.566972633103895247e-06,1.849217446735881880e-06,3.086014032624942019e-06,2.510507076042036319e-06,9.055378876230788521e-01,4.282405132853127614e-06
9.172829407436989824e-01,2.566972633103895247e-06,1.849217446735881880e-06,7.879986644970792264e-01,2.510507076042036319e-06,6.630452285095529419e-01,6.848908989486897081e-01
6.280436335010621818e-01,7.235837819130822579e-01,1.849217446735881880e-06,5.522892413233515541e-01,4.264599919531330552e-01,6.044103428456724103e-01,6.276046035994216066e-01
6.320977452219253001e-01,5.176184719042450366e-01,5.853918451453199445e-01,5.344656377911035650e-01,6.248400890468422952e-01,5.794651025790584775e-01,5.904208829734952646e-01
3.779154331282007506e-01,2.566972633103895247e-06,1.849217446735881880e-06,3.086014032624942019e-06,2.510507076042036319e-06,5.071939491988929349e-01,9.440146146558683338e-01
6.325437456763883803e-01,4.396185871981385107e-01,8.111177743567440368e-01,5.416576128580866678e-01,5.992207676788362525e-01,5.715277869458367244e-01,5.999136734622640965e-01
3.096428827366314307e-01,2.566972633103895247e-06,1.849217446735881880e-06,3.086014032624942019e-06,2.510507076042036319e-06,2.373445788773534681e-01,9.684779923460653528e-01
6.335215886186877920e-01,4.414665086097002700e-01,8.097111802343014419e-01,5.409655918983118372e-01,5.984084978006357636e-01,5.700515013330386127e-01,6.010892529411111518e-01
1.664728543813017714e-01,2.566972633103895247e-06,1.849217446735881880e-06,3.086014032624942019e-06,2.510507076042036319e-06,3.590446363944347352e-01,8.738071285279577216e-01
6.369353736878817784e-01,4.415608039589783429e-01,8.094978392882631324e-01,5.361292325893559640e-01,5.996418033289685479e-01,5.688507426023813318e-01,5.975480981199992048e-01
3.577726848801236043e-06,2.566972633103895247e-06,1.849217446735881880e-06,3.086014032624942019e-06,2.510507076042036319e-06,8.486066193397313884e-02,5.038120908315658619e-01
5.551653226634131189e-01,2.566972633103895247e-06,1.849217446735881880e-06,2.370852240483067308e-01,1.009426148743389484e-01,3.254912990991138955e-01,7.567950401747830513e-01
7.387344822631543018e-01,2.566972633103895247e-06,1.849217446735881880e-06,4.559975074241230386e-01,2.510507076042036319e-06,6.218061153557924436e-01,9.023876416126057620e-01
7.388155077797099457e-01,2.566972633103895247e-06,1.849217446735881880e-06,2.991527298499268017e-01,6.801021652641000559e-01,7.344051316920781058e-01,6.717470823844847727e-01
9.047223651672384737e-01,2.566972633103895247e-06,1.849217446735881880e-06,3.009334760168201894e-01,5.905601459834975975e-01,6.332728882483548150e-01,6.900383457425686151e-01
4.269661651847399542e-01,2.566972633103895247e-06,1.849217446735881880e-06,3.086014032624942019e-06,2.510507076042036319e-06,2.820096902716088816e-01,9.518685996236894153e-01
6.457591874833222834e-01,6.307929981344972958e-01,2.066218318582120905e-01,5.460108881593421781e-01,7.289927264243944993e-01,6.106677293414350949e-01,5.882588547121057054e-01
6.295377440263487667e-01,2.694298934878562313e-01,1.849217446735881880e-06,3.086014032624942019e-06,2.510507076042036319e-06,7.196889503688816969e-01,7.674692380425445215e-01
3.577726848801236043e-06,2.566972633103895247e-06,1.849217446735881880e-06,7.978178317765318717e-01,2.510507076042036319e-06,3.704558711867581023e-06,4.282405132853127614e-06
7.903404440126284847e-01,3.060654195776558728e-01,4.276857297227908833e-02,6.332291937430357676e-01,2.510507076042036319e-06,7.044158419485078149e-01,5.281911173354447708e-01
3.577726848801236043e-06,2.566972633103895247e-06,1.849217446735881880e-06,3.086014032624942019e-06,2.510507076042036319e-06,3.704558711867581023e-06,6.943747942214468782e-01
1.694923265234687670e-01,2.566972633103895247e-06,1.849217446735881880e-06,3.086014032624942019e-06,2.510507076042036319e-06,3.602022287271260947e-01,8.575450786542605508e-01
6.326391757292206819e-01,4.601703675280097716e-01,7.669141913401010813e-01,5.381469277006319940e-01,6.055503095821956894e-01,5.690150399942784931e-01,5.985085360639970098e-01
3.577726848801236043e-06,2.566972633103895247e-06,1.849217446735881880e-06,3.086014032624942019e-06,2.510507076042036319e-06,1.423986961824687536e-01,5.843621366357937275e-01
6.127511926055753122e-01,4.693037437432757697e-01,7.520664949337512173e-01,2.043696931261670680e-01,6.116967442067146044e-01,5.764398683500228104e-01,6.010591318993059318e-01
7.418138120056768647e-01,2.566972633103895247e-06,1.849217446735881880e-06,2.286868053611853524e-01,2.510507076042036319e-06,6.344221903456752631e-01,9.023890525779041383e-01
6.663323763919734022e-01,1.150851213626708086e-01,1.849217446735881880e-06,2.360693262408934678e-01,2.510507076042036319e-06,5.080637222314797752e-01,9.058650576100198970e-01
1.840807457084384924e-01,2.566972633103895247e-06,1.849217446735881880e-06,3.086014032624942019e-06,2.510507076042036319e-06,2.527695623306673856e-01,6.801196277726311301e-01
8.835672329930142066e-01,3.516800799691048997e-04,1.849217446735881880e-06,7.317336482168571576e-01,2.510507076042036319e-06,7.135500180825886662e-01,8.735257329704003704e-01
6.773466700133206064e-01,5.868454719115747675e-01,3.327484818497340457e-01,5.393924973829011815e-01,6.817837962374859728e-01,6.009076014545491340e-01,5.857037805956322174e-01
5.042970532280025564e-01,8.061979357440586524e-02,1.849217446735881880e-06,4.624483176851766353e-01,2.510507076042036319e-06,3.303250000961563404e-01,5.967646443014761326e-01
6.153322604354563019e-01,1.054976763922282346e-01,1.849217446735881880e-06,2.299342840928628173e-01,2.510507076042036319e-06,4.647093256363912239e-01,6.705158004495089807e-01
4.531165204546215852e-01,2.964138646651752196e-01,1.849217446735881880e-06,3.086014032624942019e-06,2.492551304814451252e-02,5.401917367715650675e-01,5.368500886791690574e-01
3.613318056122233890e-01,3.371911554924366672e-01,1.849217446735881880e-06,3.086014032624942019e-06,6.322553421584826798e-03,6.205281716751296361e-01,4.832012311960501294e-01
8.337469836000753753e-01,2.175443480338330182e-01,1.849217446735881880e-06,6.841147734113344203e-01,2.510507076042036319e-06,7.024446370805231821e-01,7.510191617062546010e-01
5.841623294007748379e-01,1.137221103180308807e-01,1.849217446735881880e-06,2.516824017701462246e-01,2.510507076042036319e-06,1.912905152118802299e-01,5.000730021176135187e-01
5.714586987734177059e-01,1.661357146804982310e-01,1.289115300866296443e-01,2.257445821933851127e-01,2.510507076042036319e-06,4.238150498905844943e-01,5.092195846645739543e-01
3.478587251697304317e-01,5.140976004408901456e-01,1.849217446735881880e-06,2.736440305574923126e-01,2.510507076042036319e-06,5.430169658237515851e-01,4.608202849205169649e-01
8.437464326265627923e-01,1.644021585711005762e-01,1.849217446735881880e-06,5.533606527754403315e-01,2.510507076042036319e-06,7.296111406625805929e-01,6.424223157780826199e-01
5.416315406047672587e-01,5.987286173904792230e-01,5.656544906496888125e-02,2.548090466713814339e-01,2.510507076042036319e-06,3.365758635540566646e-01,2.461731247059594230e-01
5.615793925823120425e-01,2.566972633103895247e-06,1.849217446735881880e-06,4.612474310999496452e-01,2.510507076042036319e-06,3.803355201189718704e-01,1.330170051378154195e-01
5.225331961541328507e-01,4.139182510827622008e-01,1.849217446735881880e-06,3.086014032624942019e-06,3.773620766519623637e-01,6.746517659344820617e-01,6.899508045477497076e-01
2.909409331186577075e-01,2.804495233627623541e-01,1.849217446735881880e-06,3.086014032624942019e-06,2.159715819048856345e-01,6.916860945777079106e-01,7.636138060377903880e-01
3.577726848801236043e-06,2.566972633103895247e-06,1.849217446735881880e-06,3.086014032624942019e-06,2.510507076042036319e-06,8.395184553113692605e-01,3.838849174987118973e-01
8.193427399156542890e-02,2.566972633103895247e-06,1.849217446735881880e-06,2.363651154903066431e-01,2.510507076042036319e-06,6.849032267051402556e-01,7.221855337163347599e-01
6.315235443946007887e-01,2.566972633103895247e-06,1.849217446735881880e-06,3.536621011277529814e-01,2.423654745936839328e-01,7.197699295958908117e-01,7.591756453647918734e-01
3.577726848801236043e-06,2.566972633103895247e-06,1.849217446735881880e-06,3.086014032624942019e-06,8.786113696530718775e-02,3.704558711867581023e-06,5.677831103404923363e-01
5.329016713943555139e-01,1.910051132693168369e-02,1.849217446735881880e-06,4.923739713625955305e-01,2.345495324267969361e-01,7.067634079094147204e-01,7.642595987202421837e-01
3.577726848801236043e-06,2.566972633103895247e-06,1.849217446735881880e-06,3.086014032624942019e-06,2.130593985329199413e-01,3.704558711867581023e-06,6.636399825113918904e-01
5.893243300180093236e-01,4.855147684147822496e-01,1.849217446735881880e-06,3.086014032624942019e-06,3.621045455138233726e-01,6.559694216617457663e-01,6.777321517950821717e-01
3.577726848801236043e-06,2.566972633103895247e-06,1.849217446735881880e-06,3.086014032624942019e-06,8.251848340225012568e-02,2.390627626432326458e-01,8.118694940529960213e-01
3.577726848801236043e-06,2.566972633103895247e-06,1.849217446735881880e-06,2.108571155526059171e-01,8.924044289646637651e-02,3.704558711867581023e-06,7.673974628512774121e-01
3.577726848801236043e-06,2.566972633103895247e-06,1.849217446735881880e-06,3.086014032624942019e-06,1.182367073340961638e-01,3.824726596353689168e-01,9.118006818888555465e-01
3.577726848801236043e-06,2.566972633103895247e-06,1.849217446735881880e-06,3.086014032624942019e-06,2.171646530984060464e-01,6.394597947493650958e-01,8.289598419031787291e-01
2.735748241836318817e-01,2.566972633103895247e-06,1.849217446735881880e-06,3.086014032624942019e-06,3.003580517694654506e-01,6.712816163328967356e-01,7.828591886691879109e-01
6.379588159903316624e-01,6.485309735459944269e-01,2.649106592877075728e-01,2.893828954314217050e-01,5.961729081406182962e-01,4.321171618683269378e-01,6.204995958197883077e-01
5.152771360756929209e-01,4.332970349065138893e-01,4.291444556261370114e-02,3.086014032624942019e-06,4.406655135722051808e-01,6.596617729502561867e-01,6.716459836535375594e-01
3.577726848801236043e-06,2.566972633103895247e-06,1.849217446735881880e-06,3.086014032624942019e-06,2.510507076042036319e-06,7.386132967474937638e-01,1.598296553864489711e-01
3.577726848801236043e-06,2.566972633103895247e-06,1.849217446735881880e-06,2.462823625457963850e-01,2.510507076042036319e-06,5.173651064357071006e-01,6.517267117263546572e-01
7.291630730349601963e-01,4.234499062890441645e-01,1.849217446735881880e-06,5.968479288288235374e-01,3.659130658225023258e-01,6.412433648230604355e-01,6.748286305962181153e-01
3.577726848801236043e-06,2.566972633103895247e-06,1.849217446735881880e-06,3.086014032624942019e-06,2.510507076042036319e-06,3.704558711867581023e-06,5.923821860846062437e-01
6.710386534927579305e-01,6.060820203135162121e-01,2.296642825871828830e-01,5.415718001421089278e-01,6.723091658451553210e-01,6.134668142657746515e-01,5.872681116873507134e-01
3.577726848801236043e-06,2.566972633103895247e-06,1.849217446735881880e-06,3.086014032624942019e-06,2.510507076042036319e-06,3.704558711867581023e-06,7.907698576342148122e-01
6.457103020883336875e-01,5.040116629083895017e-01,5.046175334261291390e-01,5.375137659473671059e-01,6.549645933023597877e-01,5.902749977624160982e-01,5.906411162526823411e-01
3.577726848801236043e-06,2.566972633103895247e-06,1.849217446735881880e-06,3.086014032624942019e-06,2.086703542505183862e-01,2.304310423419483611e-01,9.260529650607570717e-01
6.370821649153751709e-01,5.523637328200707852e-01,3.726532974923098540e-01,5.457669834705807244e-01,6.420625095695409179e-01,6.026898201419143009e-01,5.935207123877906943e-01
3.577726848801236043e-06,2.566972633103895247e-06,1.849217446735881880e-06,3.086014032624942019e-06,8.508164116479606520e-02,6.281131912873835765e-02,7.086062196454587792e-01
3.577726848801236043e-06,2.566972633103895247e-06,1.849217446735881880e-06,3.086014032624942019e-06,8.694861935372935613e-02,2.234087711833705470e-01,8.751728815905038816e-01
3.577726848801236043e-06,2.566972633103895247e-06,1.849217446735881880e-06,2.788067050049151674e-01,2.510507076042036319e-06,2.143213348245708305e-01,8.807384035369342223e-01
5.990307817737962059e-01,2.566972633103895247e-06,1.849217446735881880e-06,2.320492651180457999e-01,4.087695393724120052e-01,6.436860475910447521e-01,7.439042771695324463e-01
7.447488713145543615e-01,2.566972633103895247e-06,1.849217446735881880e-06,2.296665257372370872e-01,6.474058031145142333e-01,6.281626208412255385e-01,6.993666054082791073e-01
7.447074132585833617e-01,2.566972633103895247e-06,1.849217446735881880e-06,3.086014032624942019e-06,7.094550686809272255e-01,7.410402306670931249e-01,6.737235380359742898e-01
4.053617915353903145e-01,2.566972633103895247e-06,1.849217446735881880e-06,3.086014032624942019e-06,5.367510943690768643e-01,6.099587193057284251e-01,7.373762928506326642e-01
6.304810160815844666e-01,4.965468785565045895e-01,6.284305789327970793e-01,5.312519326762574767e-01,6.257561567467859742e-01,5.787842637506938059e-01,5.935504040053746211e-01
6.427552114711965192e-01,6.454466142719973432e-01,2.800984845799616707e-01,3.086014032624942019e-06,6.377968489705467814e-01,6.055881280087187513e-01,5.934607770357668288e-01
5.189835583021805698e-01,3.867573027885076176e-01,1.849217446735881880e-06,3.086014032624942019e-06,3.024993829608316753e-01,6.751284414742128037e-01,7.112038681061538803e-01
3.577726848801236043e-06,2.566972633103895247e-06,1.849217446735881880e-06,3.086014032624942019e-06,2.510507076042036319e-06,9.131383962017312061e-01,4.282405132853127614e-06
7.446471392771011333e-01,2.566972633103895247e-06,1.849217446735881880e-06,4.535997035643200004e-01,2.510507076042036319e-06,6.240610593766927616e-01,7.946065176658683171e-01
7.363817263332568253e-01,6.546023262028748402e-01,1.849217446735881880e-06,5.647121251779951834e-01,3.497178283505709695e-01,6.330001161152716271e-01,6.525770330307589795e-01
3.577726848801236043e-06,2.566972633103895247e-06,1.849217446735881880e-06,3.086014032624942019e-06,2.510507076042036319e-06,3.704558711867581023e-06,9.250062741946041278e-01
6.716513864546223012e-01,5.773639853968992597e-01,2.523576234182641764e-01,5.430492153693522450e-01,6.974072279799127250e-01,6.082228115883664410e-01,5.866908428413479815e-01
3.577726848801236043e-06,2.566972633103895247e-06,1.849217446735881880e-06,3.086014032624942019e-06,2.090301448387752725e-01,2.323769347044429834e-01,9.227017384380749032e-01
6.458228825421701291e-01,4.986422757350530421e-01,5.045051630041700319e-01,5.353523817905265769e-01,6.539651589014722211e-01,5.893314182456489414e-01,5.913999088516417313e-01
3.577726848801236043e-06,2.566972633103895247e-06,1.849217446735881880e-06,3.086014032624942019e-06,2.979753145692245475e-01,4.963477744902128896e-01,8.264263003440853739e-01
6.283057510471197205e-01,4.843579170157344405e-01,6.763950744777361690e-01,5.341225381390268812e-01,6.200623946142985732e-01,5.769333322660846752e-01,5.940883498619738967e-01
3.577726848801236043e-06,2.566972633103895247e-06,1.849217446735881880e-06,3.086014032624942019e-06,1.183851227630216968e-01,2.194239487071962535e-01,9.210845881671420043e-01
2.690714934947313619e-01,2.566972633103895247e-06,1.849217446735881880e-06,3.086014032624942019e-06,3.786104760934151381e-01,7.099564739253646506e-01,7.638743438474582259e-01
1.861028950237008650e-01,2.566972633103895247e-06,1.849217446735881880e-06,3.046536651707280052e-01,2.510507076042036319e-06,3.704558711867581023e-06,6.658632343974690837e-01
6.542273442752591928e-01,2.566972633103895247e-06,1.849217446735881880e-06,2.281095352821816968e-01,2.510507076042036319e-06,4.625364003704461879e-01,9.264065652338028256e-01
7.653092311830841377e-01,2.566972633103895247e-06,1.849217446735881880e-06,2.967865103620177525e-01,7.529202254088760426e-01,6.269424749143714948e-01,6.792799807274410018e-01
5.915588787220871225e-01,2.566972633103895247e-06,1.849217446735881880e-06,2.963874434297626426e-01,8.355878245976203766e-01,7.526608536956933548e-01,6.639326657913364738e-01
5.964490837454531347e-01,2.566972633103895247e-06,1.849217446735881880e-06,3.086014032624942019e-06,8.582622148397557327e-01,7.558307382384429340e-01,6.603947009787253242e-01
6.201296012140142810e-01,4.991684774609352893e-01,6.192088279276423135e-01,5.418994005811675896e-01,6.345129447813943058e-01,5.693128647508651774e-01,5.962955290129126062e-01
6.277821461534666136e-01,5.681895530657973259e-01,4.183238988800319080e-01,5.414616801237638333e-01,6.766820053024312775e-01,5.960826844686520909e-01,5.887172957414552599e-01
6.127284154325880472e-01,6.538533120944284294e-01,6.171975362808934662e-02,3.086014032624942019e-06,5.029335805032044693e-01,6.409756344005161921e-01,6.331074909558658259e-01
1.731806755583468471e-01,2.566972633103895247e-06,1.849217446735881880e-06,3.086014032624942019e-06,2.510507076042036319e-06,8.514008834532204029e-01,1.334876847574707204e-01
5.102532839641860107e-01,2.566972633103895247e-06,1.849217446735881880e-06,4.567373113235435600e-01,2.510507076042036319e-06,3.961994442475694211e-01,4.282405132853127614e-06
8.850475691804863265e-01,1.079908615691528660e-03,1.849217446735881880e-06,7.258030444688299276e-01,2.510507076042036319e-06,7.238724266355750503e-01,7.694085791720541856e-01
6.380000489754233950e-01,6.483871038035297074e-01,3.023853448085918674e-02,5.532541240381604331e-01,5.622678737289114048e-01,6.099358496909119687e-01,6.143701171782142145e-01
1.829639665123340697e-01,2.566972633103895247e-06,1.849217446735881880e-06,3.086014032624942019e-06,1.204709083541065789e-01,2.635480897582483939e-01,9.122481419274043324e-01
6.575853117663814640e-01,5.569378001330832495e-01,3.958593463356034348e-01,5.381081796680869944e-01,6.577059860285909831e-01,5.954655687033895139e-01,5.851687180159472756e-01
3.895922904040940438e-01,2.566972633103895247e-06,1.849217446735881880e-06,3.086014032624942019e-06,1.218261727004483763e-01,5.124794290413545728e-01,8.736121699315074762e-01
6.310983404893869553e-01,4.618709524563245350e-01,7.678296797778265681e-01,5.385730426497514767e-01,6.093368773036330621e-01,5.743957405966121366e-01,5.983208776793080830e-01
3.925853729856606522e-01,2.566972633103895247e-06,1.849217446735881880e-06,3.086014032624942019e-06,5.357551859062941180e-01,6.234293902201833992e-01,7.385067214399305691e-01
6.316248262902953714e-01,4.774732669713304678e-01,7.232600546620313597e-01,5.346025223041236396e-01,6.104236873487891568e-01,5.743816549929411375e-01,5.946996659140905139e-01
3.577726848801236043e-06,2.566972633103895247e-06,1.849217446735881880e-06,3.086014032624942019e-06,1.191525093811688779e-01,2.195571642135019930e-01,9.216819786052264929e-01
1.965912880284259034e-01,2.566972633103895247e-06,1.849217446735881880e-06,3.086014032624942019e-06,3.765139194859278837e-01,2.340456889164802823e-01,8.433116901480942618e-01
1.713854877177920788e-01,2.566972633103895247e-06,1.849217446735881880e-06,2.119817346688967485e-01,2.510507076042036319e-06,7.877070440804548324e-02,7.829018243597269944e-01
6.059964103895598697e-01,2.566972633103895247e-06,1.849217446735881880e-06,2.339991417216283898e-01,2.510507076042036319e-06,5.330324038532806563e-01,9.228733240876253463e-01
7.397471661775726348e-01,2.566972633103895247e-06,1.849217446735881880e-06,2.980308514481330717e-01,7.486854288434294791e-01,6.510526623818018166e-01,6.802766743449761844e-01
8.748153068364289409e-01,2.566972633103895247e-06,1.849217446735881880e-06,2.838424938218624960e-01,8.280242526580984253e-01,7.247272304657366160e-01,6.520400073689196496e-01
7.331056846422074891e-01,2.566972633103895247e-06,1.849217446735881880e-06,3.086014032624942019e-06,9.289337031865303462e-01,7.468578448652153368e-01,6.458386921897610877e-01
6.342971378546531369e-01,4.625720760171070922e-01,7.682324602033396843e-01,5.389875898935453380e-01,6.079161657500032900e-01,5.738005588710144433e-01,5.993325397982699476e-01
6.141745408464033273e-01,5.444087513215710716e-01,4.736611586319739442e-01,5.401671178071744128e-01,6.642729249975004580e-01,5.925185589523055407e-01,5.905113074452282840e-01
5.995133787532369585e-01,6.153408430202325086e-01,6.264992901408127091e-02,3.086014032624942019e-06,4.722074449458575351e-01,6.491329141471541275e-01,6.398773638039673139e-01
1.042067930532683401e-01,2.566972633103895247e-06,1.849217446735881880e-06,3.086014032624942019e-06,2.510507076042036319e-06,9.044175883554573803e-01,4.282405132853127614e-06
6.691095709860949148e-01,2.566972633103895247e-06,1.849217446735881880e-06,4.676292131586352596e-01,2.510507076042036319e-06,3.755757295589043920e-01,1.709972923575923398e-01
7.182808059914228549e-01,4.346493114359458176e-01,1.849217446735881880e-06,6.062967783260214683e-01,1.386004006045293280e-01,6.420359529056417491e-01,7.385861649208629309e-01
1.811916346195744099e-01,2.566972633103895247e-06,1.849217446735881880e-06,3.086014032624942019e-06,2.510507076042036319e-06,2.593278661786568295e-01,9.755236168905305760e-01
4.488921651206397856e-01,1.578921270118734954e-01,1.849217446735881880e-06,3.086014032624942019e-06,1.764296833755882310e-01,6.655207603606372313e-01,7.858677961096250941e-01
6.345160417918811468e-01,4.405075585844524522e-01,8.108237719483958328e-01,5.413616156924012657e-01,5.991610199331424136e-01,5.713109933926564521e-01,5.985633796716830490e-01
2.256751946322936020e-01,2.566972633103895247e-06,1.849217446735881880e-06,3.086014032624942019e-06,1.195196657990282851e-01,4.967513712153256433e-01,8.775993738258698329e-01
6.325475718813369230e-01,4.389175626870925884e-01,8.082966349225813030e-01,5.378423492633488401e-01,5.996773042126266606e-01,5.685684587885903030e-01,5.970892276664284681e-01
2.123572780540047555e-01,2.566972633103895247e-06,1.849217446735881880e-06,3.086014032624942019e-06,2.510507076042036319e-06,3.800411777810049352e-01,8.559373143698779662e-01
1.363125462970798674e-01,2.566972633103895247e-06,1.849217446735881880e-06,2.105750865801160332e-01,2.510507076042036319e-06,3.704558711867581023e-06,5.768788674635512148e-01
8.576262836692530867e-01,8.728733897731939806e-02,4.951552230212794697e-02,2.326471000065172268e-01,1.966914383943747235e-01,6.200463504720652441e-01,7.659931229551355525e-01
8.476616756148845910e-01,2.050575147472444545e-05,5.554221842012743021e-02,3.786757895790550110e-01,7.047335477554506067e-01,7.073215824401276608e-01,6.576624586978250253e-01
8.557085897490838144e-01,2.566972633103895247e-06,1.849217446735881880e-06,2.925505187397582363e-01,7.525354634507535057e-01,5.451775726835340619e-01,5.839447976390501616e-01
5.837365853254506964e-01,2.566972633103895247e-06,1.849217446735881880e-06,3.086014032624942019e-06,6.471459946067636970e-01,6.893008977051484631e-01,7.068483409225885250e-01
6.342583356350581791e-01,4.618709524563245350e-01,7.667305476070273018e-01,5.380447085006303531e-01,6.066632502097449864e-01,5.700299831045523291e-01,5.989445243412064857e-01
6.518743182603065067e-01,5.635721514930064346e-01,3.221155384440001490e-01,5.458341593279782966e-01,5.339301989836604534e-01,6.032285035236358839e-01,6.129808684761335336e-01
6.409852540762136508e-01,4.760143634004091462e-01,1.849217446735881880e-06,3.086014032624942019e-06,1.425565876840431123e-01,6.722620990917540507e-01,7.456958963669300111e-01
7.710190993347625366e-01,3.651964285042162417e-01,1.849217446735881880e-06,6.299248749364720901e-01,2.510507076042036319e-06,6.999581382096065063e-01,5.191608780792860145e-01
6.640753656141391570e-01,5.650144147081727075e-01,1.389428534614975674e-01,5.712867023254414311e-01,1.964366410657799877e-01,6.102761911404983586e-01,7.031062769122460310e-01
6.274297751848012528e-01,5.191961856342620640e-01,5.839429085450377199e-01,5.328959833449237182e-01,6.248054092720579655e-01,5.756955663405425305e-01,5.912744556327176326e-01
5.384517842358915729e-01,2.566972633103895247e-06,1.849217446735881880e-06,3.086014032624942019e-06,2.510507076042036319e-06,5.044384204954993622e-01,8.226066945886474358e-01
6.360084417784849231e-01,4.379848113171851964e-01,8.096315725440644817e-01,5.371542220083078689e-01,5.992844277668109010e-01,5.685371689974095810e-01,5.990389363235655296e-01
5.340635322875879609e-01,2.566972633103895247e-06,1.849217446735881880e-06,3.086014032624942019e-06,2.510507076042036319e-06,4.944402407089331097e-01,9.316718583032578271e-01
6.392749854784268715e-01,4.353874300733621694e-01,8.396248954610204818e-01,5.415528986628186381e-01,5.922437572782849324e-01,4.280309334410006827e-01,6.184298324196515484e-01
3.693202238248869396e-01,2.566972633103895247e-06,1.849217446735881880e-06,3.086014032624942019e-06,2.510507076042036319e-06,6.191278235788015838e-01,9.268408358141272396e-01
6.340640994662039009e-01,4.190227792603322121e-01,8.526245151450996262e-01,5.404045581900185358e-01,5.920624371187579449e-01,5.697654232422439957e-01,5.992176994922426836e-01
3.577726848801236043e-06,2.566972633103895247e-06,1.849217446735881880e-06,3.086014032624942019e-06,2.510507076042036319e-06,6.772719480992803187e-02,6.030145457639539686e-01
4.403788591103109940e-01,2.566972633103895247e-06,6.506185761814940738e-02,2.129102131345926019e-01,2.510507076042036319e-06,7.509430987350919351e-02,7.206626113888088270e-01
7.641791953121876979e-01,2.182240892327191525e-02,7.925528131403461463e-02,3.479507545394927015e-01,1.877503114176155008e-01,6.112462786198935571e-01,7.769027066424626371e-01
7.836962616267114656e-01,2.566972633103895247e-06,1.849217446735881880e-06,3.630768523563113193e-01,1.850515318269044529e-01,5.152065786318169582e-01,7.639361809353191202e-01
7.283143757632153381e-01,2.566972633103895247e-06,1.849217446735881880e-06,3.086014032624942019e-06,2.384928836425935228e-01,7.388409013913146417e-01,7.657931953069821995e-01
4.629803867834058062e-01,2.566972633103895247e-06,1.849217446735881880e-06,3.086014032624942019e-06,2.510507076042036319e-06,4.508864654962223034e-04,6.154807309070169374e-01
6.046090734894232765e-01,5.210972967543976431e-01,5.216525253647728011e-01,5.430395000089971447e-01,6.530557083730403889e-01,5.816840789330202099e-01,5.938175672173132691e-01
6.889523598771725155e-01,6.583385317936778502e-01,1.849217446735881880e-06,5.626215081596174228e-01,4.905851173533632426e-01,6.461227010969410323e-01,6.361018047043668355e-01
2.532220021729242876e-01,2.566972633103895247e-06,1.849217446735881880e-06,3.086014032624942019e-06,2.510507076042036319e-06,7.841285081079540920e-01,2.860142297690734248e-01
7.985177192001304824e-01,3.388656160527134809e-01,1.849217446735881880e-06,6.293977126790669674e-01,2.510507076042036319e-06,6.879856349712170083e-01,6.315270257826915978e-01
6.674857746201433573e-01,5.380913095940169644e-01,3.189648078446625235e-01,5.525583227825275889e-01,4.121718764414686875e-01,6.064732860549093552e-01,6.339146244528751639e-01
6.485194567473188121e-01,6.709039813834039023e-01,3.184080569496747226e-01,2.197040474418057443e-01,5.881391547698455735e-02,2.318407981661895489e-01,3.653299876687767789e-01
5.147407921702702449e-01,2.566972633103895247e-06,1.849217446735881880e-06,3.086014032624942019e-06,2.510507076042036319e-06,3.704558711867581023e-06,2.400773405291745655e-01
1.846538774490862622e-01,2.566972633103895247e-06,1.849217446735881880e-06,3.086014032624942019e-06,2.510507076042036319e-06,1.034142086941751415e-01,6.669664865681931287e-01
1.868290524551991794e-01,2.566972633103895247e-06,1.849217446735881880e-06,3.086014032624942019e-06,2.510507076042036319e-06,2.752394786517863290e-01,6.919976244252079578e-01
6.336992595708240694e-01,4.407705356352227821e-01,8.101016506860535538e-01,5.417566188066089694e-01,6.017200781888849548e-01,5.724343072913218311e-01,5.988604185401575908e-01
3.858856881209030143e-01,2.566972633103895247e-06,1.849217446735881880e-06,2.518695453165989973e-01,2.510507076042036319e-06,1.911042318039209154e-01,7.453187392080324880e-01
3.708576379873549933e-01,2.566972633103895247e-06,1.849217446735881880e-06,3.086014032624942019e-06,2.510507076042036319e-06,3.681991612880624598e-01,7.709030981546598493e-01
4.410587532225648255e-01,2.566972633103895247e-06,1.849217446735881880e-06,3.086014032624942019e-06,2.510507076042036319e-06,3.875900478089297496e-01,6.853896445085200240e-01
6.830162954917762264e-01,5.451064576664397254e-01,1.849217446735881880e-06,5.761094903722668858e-01,3.250051319304607667e-01,6.298300236669327479e-01,6.709239374986541993e-01
6.237766947567128240e-01,2.566972633103895247e-06,1.849217446735881880e-06,3.086014032624942019e-06,2.510507076042036319e-06,7.294714281066110306e-01,3.595194792041198628e-01
4.968660230479782780e-01,4.784169138122678494e-02,1.849217446735881880e-06,3.086014032624942019e-06,2.510507076042036319e-06,6.832640470631724527e-01,4.282405132853127614e-06
3.503280903222042442e-01,1.691453904530713370e-01,1.849217446735881880e-06,3.086014032624942019e-06,5.815429939851359670e-02,3.319777195896234656e-01,5.359784802026539285e-01
7.261488337907373580e-01,5.237579212550631524e-01,1.167002995586610969e-01,5.788034426095896023e-01,2.510507076042036319e-06,6.356099549770051205e-01,6.735588845202813424e-01
5.667183909556797738e-01,8.934511582777152072e-02,8.442201559774262232e-02,3.086014032624942019e-06,2.510507076042036319e-06,1.969856210415425468e-01,3.595821444672646083e-01
8.114214828533802271e-01,3.154754417073480366e-01,5.798428131307663963e-02,5.224437299181233785e-01,1.389605534467011072e-01,6.946023343015843565e-01,5.594622798978485800e-01
5.163075555754017554e-01,6.219374564304971376e-01,2.565205140683361751e-02,2.670512890884481627e-01,2.510507076042036319e-06,1.219137064982243335e-01,4.282405132853127614e-06
5.013144589494124004e-01,6.843184853155793723e-01,7.852147276142887322e-02,2.539066711485854499e-01,2.510507076042036319e-06,3.166667203756105553e-01,2.368755381989101627e-01
4.475208532671108852e-01,6.206244531216416060e-01,2.474355618377401672e-02,3.086014032624942019e-06,2.510507076042036319e-06,2.769475270201900430e-01,1.524188362149641318e-01
6.243232568800566318e-01,2.566972633103895247e-06,1.849217446735881880e-06,3.435627005163430780e-01,2.510507076042036319e-06,3.745614101653982342e-01,1.244082150816608473e-01
5.005226595959599845e-01,6.995027108922420300e-01,4.483312202010022313e-02,2.622800075726886559e-01,2.510507076042036319e-06,3.704558711867581023e-06,4.282405132853127614e-06
4.621834558139049087e-01,3.188582873626997216e-01,1.849217446735881880e-06,3.086014032624942019e-06,3.328782413970883742e-05,6.970298919379513958e-01,6.535548319825590369e-01
3.577726848801236043e-06,2.566972633103895247e-06,1.849217446735881880e-06,3.086014032624942019e-06,7.331528986833760198e-02,7.772562928084105760e-01,3.925662189019414328e-01
3.577726848801236043e-06,2.566972633103895247e-06,1.849217446735881880e-06,3.086014032624942019e-06,2.510507076042036319e-06,8.782822964960319556e-01,1.487804628174756172e-01
3.577726848801236043e-06,2.566972633103895247e-06,1.849217446735881880e-06,3.086014032624942019e-06,2.510507076042036319e-06,7.137526220793033449e-01,6.245948305789552624e-01
5.825118846427116415e-01,1.312508679233172770e-01,1.849217446735881880e-06,3.086014032624942019e-06,3.016957830263271578e-01,7.101179126154096855e-01,7.445655291239494655e-01
4.958772866751197106e-01,2.848963860514991397e-01,1.849217446735881880e-06,3.086014032624942019e-06,2.168191353143953393e-01,6.823245217053954814e-01,7.526414037215252151e-01
3.577726848801236043e-06,2.566972633103895247e-06,1.849217446735881880e-06,3.086014032624942019e-06,2.510507076042036319e-06,3.704558711867581023e-06,7.949912817681137334e-01
3.577726848801236043e-06,2.566972633103895247e-06,1.849217446735881880e-06,2.226401465303159410e-01,2.510507076042036319e-06,3.704558711867581023e-06,7.871861898151985004e-01
2.538321018055005873e-01,2.566972633103895247e-06,1.849217446735881880e-06,2.455169849448961272e-01,2.958519028715143051e-01,4.209482137323513062e-01,8.325693978681050211e-01
1.381648008590865562e-01,2.566972633103895247e-06,1.849217446735881880e-06,3.086014032624942019e-06,2.981643628122689349e-01,5.564378433495835719e-01,8.117933632731990645e-01
3.577726848801236043e-06,2.566972633103895247e-06,1.849217446735881880e-06,3.086014032624942019e-06,1.183526889625096112e-01,5.843086531033911402e-02,9.329816635244060352e-01
6.437989101527853419e-01,5.805091612091912712e-01,3.244642287490097088e-01,2.928925032045567867e-01,6.758181504667520878e-01,6.092843255506301681e-01,5.922641557700781823e-01
6.741462521377231676e-01,6.785039686257978708e-01,6.792199260635194136e-02,3.086014032624942019e-06,5.078186469961181171e-01,6.261041476021572683e-01,6.182802700980197796e-01
2.764521303048755874e-01,2.566972633103895247e-06,1.849217446735881880e-06,3.086014032624942019e-06,1.704604029905751328e-01,7.541920263840509175e-01,6.874685485099378823e-01
5.939892841053504569e-01,2.566972633103895247e-06,1.849217446735881880e-06,2.294216381715525610e-01,2.510507076042036319e-06,6.514385351554318193e-01,9.091569009975341009e-01
3.577726848801236043e-06,2.566972633103895247e-06,1.849217446735881880e-06,3.086014032624942019e-06,2.510507076042036319e-06,3.704558711867581023e-06,7.979697068204283372e-01
7.542395251112480326e-01,5.278338674425298027e-01,1.849217446735881880e-06,2.988953295049521230e-01,4.443829632466838042e-01,6.595005941421976381e-01,6.428019881359903209e-01
1.069246589636008160e-01,2.566972633103895247e-06,1.849217446735881880e-06,3.086014032624942019e-06,2.473053621790490819e-01,1.369184477851869419e-01,7.710421702560295021e-01
6.842476132583673598e-01,6.500200872865898871e-01,1.384525381058351323e-01,5.401084098124988575e-01,6.994860341455709785e-01,6.244835235340291391e-01,5.813071513794608736e-01
3.577726848801236043e-06,2.566972633103895247e-06,1.849217446735881880e-06,3.086014032624942019e-06,1.273452801454425243e-01,3.704558711867581023e-06,7.797197908802196986e-01
6.350770984798532748e-01,5.550070236168248572e-01,3.629792866729446010e-01,5.463173567445543943e-01,6.622401492292927516e-01,6.039275860674564456e-01,5.938700796649410973e-01
3.577726848801236043e-06,2.566972633103895247e-06,1.849217446735881880e-06,3.086014032624942019e-06,8.517289292595385530e-02,6.353067246750981889e-02,7.059504148759421227e-01
3.577726848801236043e-06,2.566972633103895247e-06,1.849217446735881880e-06,3.086014032624942019e-06,2.990626559201225443e-01,3.755509628055861415e-01,8.275208413377497241e-01
2.312526535856672116e-01,2.566972633103895247e-06,1.849217446735881880e-06,2.542124403790638754e-01,1.163882825831698831e-01,3.282885908377461970e-01,8.888105360091533846e-01
5.908268581941824582e-01,2.566972633103895247e-06,1.849217446735881880e-06,2.305112706496771080e-01,4.920858628719200767e-01,6.416565252052781609e-01,7.283226806475742166e-01
7.317421152269272255e-01,2.566972633103895247e-06,1.849217446735881880e-06,2.893669803858593403e-01,8.365854235786726045e-01,7.390406986625744912e-01,6.588361364408351628e-01
6.025848310149832798e-01,2.566972633103895247e-06,1.849217446735881880e-06,3.086014032624942019e-06,7.831748995711396155e-01,7.589128346461359031e-01,6.681639053360070024e-01
6.310641297157301155e-01,4.960131985755062978e-01,6.293918585569645563e-01,5.325313738094147320e-01,6.282542114432630997e-01,5.773210242136205261e-01,5.921736699520278036e-01
3.577726848801236043e-06,2.566972633103895247e-06,1.849217446735881880e-06,3.086014032624942019e-06,2.510507076042036319e-06,3.704558711867581023e-06,5.974686546390668429e-01
6.225339884036280580e-01,5.656301573959745532e-01,4.603229907200999116e-01,2.941426659462935134e-01,6.662424270819095051e-01,5.984573301325575301e-01,5.858805193358377350e-01
7.579160129107859190e-01,5.484779126020782325e-01,1.512981992951222820e-01,3.086014032624942019e-06,6.763548175665133888e-01,2.622577237186284882e-01,5.109228344918688158e-01
3.217643675346240073e-01,2.439027210745549346e-01,1.849217446735881880e-06,3.086014032624942019e-06,1.060832333915032594e-01,7.085705232910913809e-01,7.642456117598926957e-01
3.577726848801236043e-06,2.566972633103895247e-06,1.849217446735881880e-06,3.086014032624942019e-06,2.510507076042036319e-06,8.251286857632801341e-01,4.282405132853127614e-06
4.445776013782260505e-01,2.566972633103895247e-06,1.849217446735881880e-06,4.780232878321802881e-01,2.510507076042036319e-06,2.563285681718788789e-01,6.216633968057094783e-01
8.421291633161115397e-01,3.851663411562155082e-01,1.849217446735881880e-06,6.069212832017715220e-01,3.679413979426875425e-01,6.819322558348963614e-01,6.750092341544149388e-01
3.577726848801236043e-06,2.566972633103895247e-06,1.849217446735881880e-06,3.086014032624942019e-06,2.510507076042036319e-06,3.704558711867581023e-06,6.927104072861757222e-01
7.189759148951188061e-01,6.736766806610737790e-01,2.767440466667752536e-02,5.474184057161702865e-01,5.752339073528367486e-01,6.305752612515646005e-01,6.042886474284206999e-01
3.577726848801236043e-06,2.566972633103895247e-06,1.849217446735881880e-06,3.086014032624942019e-06,2.510507076042036319e-06,2.307976058839776579e-01,8.831145917920958377e-01
6.669000501637976086e-01,5.792925828189515736e-01,2.786044992235615636e-01,5.454535591409898077e-01,6.987723939332611822e-01,6.109287028323290292e-01,5.872501985626925602e-01
3.577726848801236043e-06,2.566972633103895247e-06,1.849217446735881880e-06,3.086014032624942019e-06,1.166956912553353959e-01,2.285465081164782808e-01,9.565150923903145141e-01
6.008159539602211385e-01,4.545300793249720805e-01,5.128626772133284550e-01,5.497913352292272959e-01,6.631071435989008833e-01,5.689653505584499893e-01,5.033519014321726770e-01
4.271576104746906966e-01,2.566972633103895247e-06,1.849217446735881880e-06,3.086014032624942019e-06,5.386800723155414916e-01,7.765628756918968589e-01,7.095416282919890794e-01
3.942837128268434355e-01,2.566972633103895247e-06,1.849217446735881880e-06,3.086014032624942019e-06,6.115985009449996790e-01,6.096762795627453935e-01,7.269512223775169701e-01
3.577726848801236043e-06,2.566972633103895247e-06,1.849217446735881880e-06,3.086014032624942019e-06,2.555058731019705931e-01,1.477998235089452994e-01,7.012593846829410227e-01
5.038470915260634397e-01,2.566972633103895247e-06,1.849217446735881880e-06,2.301546942428664699e-01,2.510507076042036319e-06,4.695845557748843935e-01,9.346837784448304154e-01
5.682564803307857959e-01,2.566972633103895247e-06,1.849217446735881880e-06,2.318706083357943148e-01,5.609585431789760879e-01,6.484047248208399949e-01,7.175268943788798426e-01
7.368053547423154548e-01,2.566972633103895247e-06,1.849217446735881880e-06,3.086014032624942019e-06,8.576771023164447838e-01,7.436762136566736903e-01,6.532669337153654832e-01
7.314770717594384353e-01,2.566972633103895247e-06,1.849217446735881880e-06,3.086014032624942019e-06,9.275203333122421512e-01,7.422262800773117286e-01,6.454369965039347123e-01
6.673129201848245762e-01,3.798120343052819869e-01,7.641725158999835843e-01,5.552992640973658522e-01,6.121284059716833870e-01,5.807058831356445294e-01,6.110774762885747835e-01
3.577726848801236043e-06,2.566972633103895247e-06,1.849217446735881880e-06,3.086014032624942019e-06,2.013448435087238086e-01,6.013816002098183039e-02,8.228219588161314046e-01
6.346605823105812005e-01,5.117030235328307031e-01,5.820345752196874889e-01,5.342937099354794217e-01,6.359362645632111732e-01,5.797737384262856564e-01,5.902075204818483245e-01
6.748130921389764447e-01,6.200924569861661073e-01,4.077778437715843807e-01,2.932448267785271456e-01,6.809514333421401444e-01,2.794834294567499766e-01,5.099293922291515679e-01
4.822619839439836187e-01,4.979446189150527613e-01,5.342985446449698139e-02,3.086014032624942019e-06,2.191264029490366805e-01,6.621474401988159952e-01,7.259451427734314732e-01
3.577726848801236043e-06,2.566972633103895247e-06,1.849217446735881880e-06,3.086014032624942019e-06,2.510507076042036319e-06,9.135780125701797871e-01,4.282405132853127614e-06
8.243571165431418102e-01,2.566972633103895247e-06,1.849217446735881880e-06,5.889110086600529703e-01,1.144583627765265316e-01,7.031083756741728363e-01,7.179471166525376313e-01
7.390708731993879121e-01,5.557296904953259453e-01,7.093906179798423195e-02,5.647882603365763643e-01,4.331407269518361414e-01,6.361709882095700763e-01,6.377618360511081441e-01
3.577726848801236043e-06,2.566972633103895247e-06,1.849217446735881880e-06,3.086014032624942019e-06,2.510507076042036319e-06,5.837085855964463388e-02,9.980845225879287907e-01
6.724311670231188920e-01,6.300347724005436190e-01,2.207524842676619470e-01,5.422144126350189053e-01,7.195240852967897949e-01,6.079307042354838986e-01,5.815353596798997771e-01
2.266410187896372441e-01,2.566972633103895247e-06,1.849217446735881880e-06,3.086014032624942019e-06,1.205548908867058178e-01,4.946886359116779430e-01,8.796231274880149664e-01
6.291088039445381641e-01,5.358769041568995917e-01,5.324495219227699527e-01,5.293193698277046666e-01,6.329501813926102782e-01,5.808400342171018416e-01,5.911421929725707569e-01
2.246674397701323989e-01,2.566972633103895247e-06,1.849217446735881880e-06,3.086014032624942019e-06,2.973056761324419650e-01,4.976178177584846263e-01,8.193182865949033555e-01
6.330092372690007130e-01,4.609539499945423668e-01,7.675082313968515368e-01,5.350725642911136060e-01,6.061888424828206778e-01,5.737445283147142305e-01,5.968758038284641687e-01
1.905455691106243132e-01,2.566972633103895247e-06,1.849217446735881880e-06,3.086014032624942019e-06,3.807660559387665566e-01,5.382551481841889585e-01,7.781747838784577320e-01
2.623398035509342807e-01,2.566972633103895247e-06,1.849217446735881880e-06,3.086014032624942019e-06,7.575144261584034755e-01,5.519482261027338632e-01,7.099475568737106945e-01
3.577726848801236043e-06,2.566972633103895247e-06,1.849217446735881880e-06,3.086014032624942019e-06,3.706523130395470433e-01,3.704558711867581023e-06,6.254511024761397753e-01
5.051831122657147732e-01,2.566972633103895247e-06,1.849217446735881880e-06,2.303505324697927847e-01,2.510507076042036319e-06,4.732515425815075893e-01,9.305689742104376050e-01
9.008428634345527763e-01,2.566972633103895247e-06,1.849217446735881880e-06,2.946139932338752709e-01,6.763399410057424621e-01,6.338819996484316155e-01,6.808648628354623256e-01
8.459983117883483894e-01,2.566972633103895247e-06,5.368420869860106998e-02,2.826840032546835135e-01,7.962814394135157015e-01,7.160673909335075749e-01,6.533982761807525241e-01
7.331143723781493593e-01,2.566972633103895247e-06,1.849217446735881880e-06,3.086014032624942019e-06,9.286525941485849200e-01,7.401026284360167073e-01,6.466177290734368421e-01
6.303586675515853166e-01,4.604499849345350393e-01,7.673466210798481901e-01,5.394318502627835077e-01,6.068309979225945394e-01,5.705173657821288602e-01,5.975275471036961550e-01
3.577726848801236043e-06,2.566972633103895247e-06,1.849217446735881880e-06,3.086014032624942019e-06,6.895744772313754101e-02,6.318015014110033023e-02,6.342109885118591972e-01
6.341724035733332654e-01,4.832065628770699783e-01,6.766847660003314502e-01,5.312539362330621628e-01,6.199450243458780596e-01,5.771356244044154593e-01,5.937499022293067918e-01
6.336393907169245443e-01,5.661250594050795115e-01,5.013496904305042579e-01,5.443333062664149624e-01,6.492650834077563493e-01,2.961310796921874378e-01,6.456531195798611567e-01
4.839825157738675276e-01,5.052356700288769265e-01,5.505032839369691094e-02,3.086014032624942019e-06,3.920821678819882972e-01,6.560739461967363129e-01,6.776827066633204222e-01
1.031443122068001622e-01,2.566972633103895247e-06,1.849217446735881880e-06,3.086014032624942019e-06,2.510507076042036319e-06,9.054991132306854373e-01,4.282405132853127614e-06
7.110304176991417702e-01,2.018179613424725960e-01,1.849217446735881880e-06,7.249431027670404371e-01,2.510507076042036319e-06,7.137954506306868341e-01,7.673167310976812816e-01
6.810982414581999711e-01,6.852558424982403418e-01,1.849217446735881880e-06,5.506414481617857293e-01,4.588752933652954225e-01,6.278263855270266314e-01,6.257318845705239774e-01
1.801598421875016953e-01,2.566972633103895247e-06,1.849217446735881880e-06,3.086014032624942019e-06,2.510507076042036319e-06,2.611904923526606748e-01,9.751021063442091297e-01
6.293269426407764877e-01,5.886729395525209796e-01,4.605838472068813361e-01,5.308659644691504642e-01,6.387959452677804961e-01,4.312295349432641034e-01,6.072697717186974486e-01
3.804421688478135666e-01,2.566972633103895247e-06,1.849217446735881880e-06,3.086014032624942019e-06,1.215636110629447625e-01,6.222667821651516329e-01,8.493340581196237027e-01
6.320263977531804800e-01,4.751118222001759483e-01,7.225990042811885061e-01,5.383526135982685812e-01,6.146445250633824076e-01,5.777893835297815972e-01,5.940587195907072182e-01
5.788020413388584862e-01,2.566972633103895247e-06,1.849217446735881880e-06,3.086014032624942019e-06,5.247421355882593286e-01,5.978093403872927203e-01,7.296424239721286398e-01
6.323816496291011502e-01,4.423593429357430828e-01,8.099608284181252227e-01,5.389994222195810814e-01,5.997242523199948216e-01,5.722126279567942841e-01,6.011874683951441423e-01
2.055816542745641518e-01,2.566972633103895247e-06,1.849217446735881880e-06,3.086014032624942019e-06,3.787063767798138358e-01,6.537369834208806019e-01,7.745381128412749394e-01
2.788372739343074058e-01,2.566972633103895247e-06,1.849217446735881880e-06,3.086014032624942019e-06,6.088787468526172253e-01,4.229443412828460813e-01,7.431983037497874589e-01
5.035560298649250921e-01,2.566972633103895247e-06,1.849217446735881880e-06,2.311451128561964885e-01,2.510507076042036319e-06,4.707366645976595598e-01,9.326718646219285258e-01
7.415494887650019296e-01,2.566972633103895247e-06,1.849217446735881880e-06,3.236832964905699273e-01,4.293153739112458567e-01,6.381913107730127210e-01,7.264345023467113638e-01
7.998176385707387315e-01,1.658880160516041091e-01,1.849217446735881880e-06,2.736806238213982390e-01,8.026025287255279528e-01,6.977989866889485748e-01,6.377156422741644404e-01
9.088988704322765733e-01,2.566972633103895247e-06,1.849217446735881880e-06,3.086014032624942019e-06,9.107026711637672411e-01,6.598290329968000689e-01,6.509676737421259407e-01
6.337446788742711057e-01,4.020157413803452373e-01,8.936814868532354517e-01,5.434247499598910958e-01,5.872480825900285861e-01,5.712110427806291746e-01,6.016531482899376559e-01
3.577726848801236043e-06,2.566972633103895247e-06,1.849217446735881880e-06,3.086014032624942019e-06,2.510507076042036319e-06,6.306851783377760701e-02,7.105932882098451309e-01
6.320608786118924183e-01,4.752148339262780574e-01,7.238357495049666523e-01,5.343727559218712786e-01,6.128252859028647803e-01,5.760746302061249269e-01,5.948866494892888213e-01
6.268694837378187001e-01,5.663429688256801375e-01,5.189634906295713668e-01,5.417083066255431456e-01,6.458560325661439894e-01,3.904086238822605526e-01,5.034431540791896031e-01
6.360896023375681718e-01,4.396023925661984300e-01,5.930110722705626836e-02,3.086014032624942019e-06,2.039415399462221890e-01,6.696252325034193209e-01,7.222367578912988195e-01
7.131734975978635260e-01,4.672861006079870871e-01,5.560868389615938184e-02,6.009373394791871492e-01,2.510507076042036319e-06,6.305132014331763513e-01,8.213881726876748335e-01
6.290447937864592776e-01,5.863624558708661061e-01,4.645824332363543974e-01,5.306139699472527393e-01,4.802899576935727999e-01,5.783540551101582494e-01,6.045785701240857790e-01
2.265169822280432566e-01,2.566972633103895247e-06,1.849217446735881880e-06,3.086014032624942019e-06,2.510507076042036319e-06,5.027950307653493711e-01,8.415075563019630556e-01
6.264521122992052771e-01,4.870979298803142510e-01,6.813053170464876684e-01,5.348557643236544479e-01,6.115315081210083159e-01,5.779765505364952149e-01,5.956981999211454770e-01
7.646630977027285558e-01,7.156522380585142451e-02,1.849217446735881880e-06,3.086014032624942019e-06,2.567903047328232713e-01,7.170731342214574644e-01,7.446011099879963346e-01
7.909850470110046938e-01,2.429218779622061702e-02,1.849217446735881880e-06,3.086014032624942019e-06,3.695174439750170126e-01,7.184149049180170721e-01,7.225355144566584231e-01
6.312880752406547780e-01,4.200788970772205699e-01,8.534902368017442953e-01,5.459150576593405635e-01,5.946153129076865440e-01,5.705894570451979231e-01,5.990458684574229142e-01
3.940025992985711212e-01,2.566972633103895247e-06,1.849217446735881880e-06,3.086014032624942019e-06,2.183298548907418035e-01,6.274259073857525459e-01,8.071309204640702006e-01
3.577726848801236043e-06,2.566972633103895247e-06,1.849217446735881880e-06,3.086014032624942019e-06,7.037203114804062298e-02,3.704558711867581023e-06,5.007479649739520200e-01
5.050793996045234158e-01,2.566972633103895247e-06,1.849217446735881880e-06,2.305296428875472370e-01,2.510507076042036319e-06,4.684478839421103435e-01,9.308851531299167092e-01
8.531936477435474453e-01,2.566972633103895247e-06,1.849217446735881880e-06,3.351078798150195492e-01,3.440126672948954356e-01,5.213231610672667271e-01,7.657974282028774393e-01
6.992363885234738063e-01,2.267901704626157644e-01,1.849217446735881880e-06,3.648271671415474482e-01,5.592977297305652407e-01,6.838730025340572505e-01,6.679425678231081243e-01
5.543803654646921597e-01,7.692434075962036044e-02,1.849217446735881880e-06,3.086014032624942019e-06,4.082929581219984505e-01,6.873115530745026458e-01,7.321144965212650346e-01
6.338325015313822641e-01,4.406795584521220333e-01,8.096679755793112498e-01,5.389187885089288255e-01,5.994708194811461111e-01,5.717505058083104386e-01,5.989944602435068877e-01
6.327181756078624764e-01,4.986280620978457145e-01,6.267789828033977217e-01,5.368206865047520093e-01,6.258927506229560178e-01,5.762379400464731072e-01,5.915200862872761478e-01
6.617572705996572768e-01,6.349132690791088329e-01,7.766714501532280546e-02,5.555453613577250316e-01,5.329347735260975272e-01,6.298709290916157943e-01,6.222533643393980407e-01
6.140674971361981260e-01,2.566972633103895247e-06,1.849217446735881880e-06,3.086014032624942019e-06,2.510507076042036319e-06,7.168015575455123356e-01,3.654816664383561120e-01
6.905636423022337711e-01,3.004414745811632148e-01,6.397898706638475985e-02,6.464691507444385588e-01,2.510507076042036319e-06,7.215110349529837430e-01,4.056978582221579810e-01
6.815446020260700344e-01,5.565039622866146951e-01,1.923335567010803215e-01,5.586251683932790257e-01,3.867945165383402384e-01,6.190088496053588463e-01,6.452754103041078437e-01
6.309232803594507777e-01,5.044924503300237673e-01,6.301972278130685279e-01,5.309788441034718476e-01,6.181247708743988767e-01,5.762962575642550656e-01,5.937018067165260593e-01
5.210261215461973183e-01,2.566972633103895247e-06,3.042265720123885422e-02,3.086014032624942019e-06,2.510507076042036319e-06,3.105287756408663946e-01,7.078693890281007040e-01
5.577949607890516637e-01,3.270444261840751987e-01,8.333992100541351977e-01,5.570032324553823022e-01,6.064182699622434614e-01,5.896389625885326558e-01,6.114427322619117033e-01
5.135805067731930018e-01,2.566972633103895247e-06,1.849217446735881880e-06,3.086014032624942019e-06,1.013846189885774102e-01,4.582722047587302616e-01,7.771400555441826397e-01
3.745180782331972158e-01,2.566972633103895247e-06,1.849217446735881880e-06,3.086014032624942019e-06,2.510507076042036319e-06,6.351899337103423804e-01,7.197253623527588573e-01
6.399725701617953177e-01,3.814285012447580225e-01,9.322519396590951413e-01,5.454278153261964412e-01,5.858842207507736211e-01,5.716730089999211284e-01,6.000197412449143064e-01
3.577726848801236043e-06,2.566972633103895247e-06,1.849217446735881880e-06,3.086014032624942019e-06,2.510507076042036319e-06,2.568768411989041933e-01,7.716128750460787833e-01
3.494267039576103295e-01,2.566972633103895247e-06,6.545448950011927003e-02,4.606372157425431269e-01,2.510507076042036319e-06,4.718501549572333142e-01,8.353622503105196939e-01
5.996572440592990993e-01,2.566972633103895247e-06,1.849217446735881880e-06,6.532422312273910014e-01,2.510507076042036319e-06,6.331461178153156011e-01,8.008993615504717001e-01
7.428405403429647613e-01,2.566972633103895247e-06,1.026526526556493200e-02,3.086014032624942019e-06,7.211211179059212606e-02,5.497675043771923509e-01,7.682109763652883450e-01
4.666285606663250207e-01,2.566972633103895247e-06,1.849217446735881880e-06,3.086014032624942019e-06,2.510507076042036319e-06,4.684214929263761512e-02,7.468116018400705602e-01
6.302850243598714375e-01,4.602475272728497324e-01,7.674063028981605861e-01,5.398512362852756485e-01,6.080590386940312175e-01,5.702412671596177596e-01,5.988462475408561358e-01
6.470896714793422655e-01,6.960445874370464470e-01,1.849217446735881880e-06,5.464573411001779624e-01,6.034697162972240125e-01,6.306570721009306935e-01,6.076887057196913577e-01
6.900938293487385300e-01,8.720327051334902935e-02,1.849217446735881880e-06,3.086014032624942019e-06,2.510507076042036319e-06,7.342633920566135064e-01,7.832557926106765711e-01
7.358375612147777245e-02,1.098171735008673794e-01,1.849217446735881880e-06,5.088489165445253537e-01,2.510507076042036319e-06,1.615117038892170953e-01,4.282405132853127614e-06
6.157775856772814693e-01,5.575586438823217916e-01,7.186725537399807351e-02,5.801782984102041851e-01,2.510507076042036319e-06,6.683115290614071169e-01,4.990073859125666589e-01
6.697788417528448557e-01,5.245316482728004104e-01,3.361487648354343216e-01,5.528474020067927208e-01,4.689719378797326810e-01,6.030480414721752780e-01,6.219023407116798241e-01
6.279525698232887310e-01,4.889344110472944593e-01,6.814540426049628952e-01,5.358590170414224696e-01,6.099657984003833411e-01,5.711835992428494491e-01,5.959394136408566744e-01
3.577726848801236043e-06,2.566972633103895247e-06,1.849217446735881880e-06,3.086014032624942019e-06,2.510507076042036319e-06,1.410147596335913356e-01,5.859489204796520800e-01
1.339571682914383333e-01,2.566972633103895247e-06,1.849217446735881880e-06,3.086014032624942019e-06,2.510507076042036319e-06,3.704558711867581023e-06,6.813121388350591445e-01
3.935179766812164637e-01,2.566972633103895247e-06,1.849217446735881880e-06,2.500159150455624202e-01,2.510507076042036319e-06,2.057915272443122390e-01,5.336005129042898920e-01
3.701447934983684851e-01,2.566972633103895247e-06,1.849217446735881880e-06,3.086014032624942019e-06,2.510507076042036319e-06,3.973349206232053010e-01,5.394201926433864758e-01
6.641782230059890546e-01,5.694297548182248869e-01,1.693051522748544035e-01,5.547917593784226220e-01,6.169110753579913897e-01,6.078478538581716384e-01,6.065048444880057898e-01
6.533098653427937830e-01,2.566972633103895247e-06,1.849217446735881880e-06,3.086014032624942019e-06,2.510507076042036319e-06,7.334879042087472101e-01,5.866840334001252044e-01
4.745339502316069380e-01,6.709420164822723631e-01,1.849217446735881880e-06,2.743582796569124516e-01,2.510507076042036319e-06,3.704558711867581023e-06,4.282405132853127614e-06
6.169907177168233448e-01,5.014031880940631458e-01,9.150289691522595081e-02,5.924742777328930732e-01,2.510507076042036319e-06,6.510093140664451328e-01,6.042855187662372618e-01
1.492695504668330175e-01,2.566972633103895247e-06,3.316813160942608946e-02,3.692014230848151835e-01,2.510507076042036319e-06,6.089307301197297573e-01,4.282405132853127614e-06
8.124692328107967487e-01,2.566972633103895247e-06,1.849217446735881880e-06,5.862589799037960514e-01,2.510507076042036319e-06,6.112974753712440146e-01,2.090101391352880700e-01
5.673119928928017641e-01,7.240837849836241347e-01,5.254954165704700531e-02,3.086014032624942019e-06,2.510507076042036319e-06,4.648271041526958469e-01,2.866955419692548412e-01
5.399490907676645080e-01,5.923938419590135673e-01,2.764063606161309625e-02,3.086014032624942019e-06,1.090301689890362663e-01,4.411215529383245015e-01,5.230636080946956534e-01
5.100491896908174727e-01,6.064362716965971956e-01,2.853783017792462309e-02,2.400315488371129458e-01,2.510507076042036319e-06,3.704558711867581023e-06,4.282405132853127614e-06
5.193031139366409699e-01,7.346938937224060107e-01,8.932910283761659465e-02,2.472838763274697871e-01,3.451776577724475353e-02,4.296717243512852002e-01,3.024396755589585095e-01
5.543615945533567624e-01,5.751170421212966621e-01,2.356245581342103143e-02,3.086014032624942019e-06,2.510507076042036319e-06,3.584274166763775638e-01,2.437776583705792421e-01
5.663066012748735334e-01,2.566972633103895247e-06,1.849217446735881880e-06,3.086014032624942019e-06,2.510507076042036319e-06,1.697548746324099300e-01,4.282405132853127614e-06
5.451265312472203250e-01,7.494648837978205025e-01,4.577582591781152732e-02,2.544807468775890369e-01,2.510507076042036319e-06,2.478459161780798559e-01,4.282405132853127614e-06
4.983671557846997002e-01,2.844278312723394486e-01,1.849217446735881880e-06,3.086014032624942019e-06,2.153587931824779145e-01,6.815773609940631861e-01,7.505276550118683554e-01
2.940316964618497897e-01,8.301925487260321257e-02,1.849217446735881880e-06,3.086014032624942019e-06,1.763125425346471764e-01,6.992906573153504501e-01,6.588265664153328816e-01
3.577726848801236043e-06,2.566972633103895247e-06,1.849217446735881880e-06,3.086014032624942019e-06,7.185562394372796424e-02,7.381178577283341591e-01,1.633194019936448915e-01
8.074332831395263088e-02,2.566972633103895247e-06,1.849217446735881880e-06,3.086014032624942019e-06,1.798436004947905342e-01,7.430247414927891869e-01,7.776830317988022712e-01
3.577726848801236043e-06,2.566972633103895247e-06,1.849217446735881880e-06,3.086014032624942019e-06,2.137449519916961860e-01,3.704558711867581023e-06,8.472307996302289590e-01
3.577726848801236043e-06,2.566972633103895247e-06,1.849217446735881880e-06,2.511971629938068440e-01,1.203133037508736375e-01,4.049425499682892116e-01,9.018490209465159779e-01
2.667549514693167145e-01,2.566972633103895247e-06,1.849217446735881880e-06,3.086014032624942019e-06,3.837612920582832987e-01,7.082379783011015784e-01,7.654463432288419744e-01
6.335359031266126761e-01,6.829608105755007319e-01,1.054020906837926930e-01,2.840862851017481594e-01,6.599946579622686382e-01,6.260295614720172708e-01,5.925255524281884956e-01
6.785671843777042467e-01,6.683133850465404757e-01,6.705244503860158245e-02,3.086014032624942019e-06,5.935238177118979941e-01,6.318553879409144480e-01,6.036737119435819920e-01
4.991662474346421075e-01,2.808805382917367588e-01,1.849217446735881880e-06,3.086014032624942019e-06,3.899792114553382039e-01,6.793689878251526482e-01,7.066037531554245632e-01
3.577726848801236043e-06,2.566972633103895247e-06,1.849217446735881880e-06,3.086014032624942019e-06,2.510507076042036319e-06,8.261029313544602237e-01,2.729662054793671744e-01
8.148464426917324810e-02,2.566972633103895247e-06,1.849217446735881880e-06,2.370103741903173411e-01,1.239278250130049219e-01,6.634875996270589438e-01,8.550213525059388031e-01
7.151667703193089753e-01,4.931104469936324897e-01,1.849217446735881880e-06,3.105217050223045283e-01,3.601786829510266741e-01,6.687982880222159698e-01,6.619056607743732945e-01
3.577726848801236043e-06,2.566972633103895247e-06,1.849217446735881880e-06,3.086014032624942019e-06,8.595003021197650250e-02,1.327846479602226848e-01,8.792389155026254510e-01
7.615672027434879920e-01,5.165415536426629650e-01,1.849217446735881880e-06,3.003494770111892476e-01,5.338440791529633911e-01,6.664891326189211762e-01,6.245913338388678904e-01
3.577726848801236043e-06,2.566972633103895247e-06,1.849217446735881880e-06,3.086014032624942019e-06,2.099194057490179344e-01,6.318080634311636079e-02,7.228175234773890345e-01
7.173917310039277240e-01,6.932415789399657413e-01,6.250571192362260053e-02,2.827347348250985881e-01,6.626219165550522039e-01,6.342876234530394619e-01,5.895724634049279711e-01
3.577726848801236043e-06,2.566972633103895247e-06,1.849217446735881880e-06,3.086014032624942019e-06,1.651964792783515712e-01,3.704558711867581023e-06,6.532454011579853503e-01
8.330941767681478149e-02,2.566972633103895247e-06,1.849217446735881880e-06,3.086014032624942019e-06,4.597038888199264650e-01,6.699643784958675408e-01,7.612700699844923147e-01
3.577726848801236043e-06,2.566972633103895247e-06,1.849217446735881880e-06,2.102073204975655751e-01,2.510507076042036319e-06,2.278874993749838151e-01,9.217192771661584239e-01
4.258430164827507469e-01,2.566972633103895247e-06,1.849217446735881880e-06,2.370604253074779233e-01,2.323273944621519482e-01,5.439222387357011135e-01,8.190767047972881132e-01
5.768567537288843416e-01,2.566972633103895247e-06,1.849217446735881880e-06,2.341764375973709733e-01,6.441298202109669857e-01,6.511379556497876031e-01,7.072287494363039828e-01
4.485588351483649205e-01,2.566972633103895247e-06,1.849217446735881880e-06,3.086014032624942019e-06,6.162443349525278391e-01,7.474543779771430918e-01,6.960230470752621912e-01
6.793488555415871932e-01,4.766335233041248953e-01,4.575092276904477728e-01,5.497716776907654035e-01,6.753530647405706633e-01,5.976303336749568818e-01,5.931200595893587613e-01
3.577726848801236043e-06,2.566972633103895247e-06,1.849217446735881880e-06,3.086014032624942019e-06,2.886446197324054608e-01,1.476473897297341797e-01,7.314377239485655435e-01
5.380207735019912896e-01,5.032018322616481631e-01,4.667140225449745161e-01,2.994555693511152250e-01,6.705943041126445348e-01,5.768336415360438840e-01,5.199947585706480302e-01
5.982056719302042413e-01,5.879842962585546395e-01,2.567137974209407481e-01,3.086014032624942019e-06,6.469198032623139083e-01,3.111584956824766102e-01,6.365271187223623395e-01
4.451517121771988439e-01,4.947945896656655296e-01,4.360291796671804387e-02,3.086014032624942019e-06,5.267923478449031416e-01,4.865699746282414195e-01,6.708747990984790244e-01
3.577726848801236043e-06,2.566972633103895247e-06,1.849217446735881880e-06,3.086014032624942019e-06,7.158500215661831034e-02,7.881228422648361986e-01,4.007093290633024774e-01
7.494024368154018623e-01,2.566972633103895247e-06,1.849217446735881880e-06,2.328831038769353379e-01,2.510507076042036319e-06,6.398429647503349749e-01,8.027874171586999452e-01
3.577726848801236043e-06,2.566972633103895247e-06,1.849217446735881880e-06,3.086014032624942019e-06,2.510507076042036319e-06,3.704558711867581023e-06,5.985957091809119834e-01
7.014122387422246918e-01,4.243259516847270874e-01,1.849217446735881880e-06,5.931206327187026339e-01,3.653342082167881921e-01,6.775294391715543929e-01,6.714229284437537304e-01
3.577726848801236043e-06,2.566972633103895247e-06,1.849217446735881880e-06,3.086014032624942019e-06,2.510507076042036319e-06,3.704558711867581023e-06,8.340781491963294991e-01
7.035355124035661545e-01,7.444818896471036007e-01,3.523387812551191656e-02,5.449094233551818878e-01,7.271275051669483513e-01,4.644563045342857688e-01,5.978840918999733800e-01
3.577726848801236043e-06,2.566972633103895247e-06,1.849217446735881880e-06,3.086014032624942019e-06,1.198303830569496936e-01,3.704558711867581023e-06,8.826920383583799490e-01
6.573330523248381851e-01,5.600188412409030647e-01,4.047083494193237097e-01,5.376389693461857133e-01,6.771440963962497284e-01,5.942464103280843402e-01,5.811297991760820958e-01
3.577726848801236043e-06,2.566972633103895247e-06,1.849217446735881880e-06,3.086014032624942019e-06,2.097657617885876624e-01,6.032012289091474161e-02,9.025978754420692640e-01
4.526996441719426389e-01,2.566972633103895247e-06,1.849217446735881880e-06,3.086014032624942019e-06,9.665290906798830184e-01,7.445868921139434660e-01,6.628681231468427359e-01
3.577726848801236043e-06,2.566972633103895247e-06,1.849217446735881880e-06,3.086014032624942019e-06,7.549610673642550562e-01,5.905993304816309353e-01,7.223114163594800408e-01
3.577726848801236043e-06,2.566972633103895247e-06,1.849217446735881880e-06,2.085196074117387777e-01,2.510507076042036319e-06,1.315578620486122785e-01,8.987639146483779040e-01
3.691233768338325061e-01,2.566972633103895247e-06,1.849217446735881880e-06,2.352063224994590529e-01,2.510507076042036319e-06,4.864125900971865146e-01,9.443907289273713035e-01
7.583893819841744932e-01,2.566972633103895247e-06,1.849217446735881880e-06,3.086014032624942019e-06,6.994257067936132666e-01,7.373768822082816810e-01,6.682440236264298727e-01
7.363019161994495132e-01,2.566972633103895247e-06,1.849217446735881880e-06,3.086014032624942019e-06,9.289711843915897660e-01,7.432294765217934973e-01,6.487989587321483231e-01
6.292717102469910229e-01,4.736197864923497036e-01,7.234836459364153427e-01,5.370315514077140806e-01,6.127313896881283473e-01,5.742902804864700173e-01,5.982094727670508316e-01
3.577726848801236043e-06,2.566972633103895247e-06,1.849217446735881880e-06,3.086014032624942019e-06,4.560085607845164035e-01,3.993515268742403035e-01,7.760829358040849391e-01
5.615618370537249771e-01,3.240434172634578114e-01,6.994085464747012981e-01,5.687305796751032094e-01,6.314259135198474482e-01,6.026385194377692489e-01,6.166724444673198358e-01
3.577726848801236043e-06,2.566972633103895247e-06,1.849217446735881880e-06,3.086014032624942019e-06,1.048653236545527279e-01,3.704558711867581023e-06,5.252576591337274614e-01
6.159484144746864009e-01,3.950134945361193917e-01,5.893552256078109508e-01,5.648091275697127989e-01,6.714093754211202247e-01,5.185853043389584416e-01,2.328279695283026474e-01
7.507592991184783848e-01,6.373542012639142884e-01,2.887137897571438461e-01,3.086014032624942019e-06,6.557459508464907882e-01,3.704558711867581023e-06,4.048089194109992794e-01
4.951986529597900977e-01,2.687636106719356044e-01,1.849217446735881880e-06,3.086014032624942019e-06,8.741370507991079453e-02,7.539565733042362661e-01,5.522355610246478808e-01
3.577726848801236043e-06,2.566972633103895247e-06,1.849217446735881880e-06,3.086014032624942019e-06,2.510507076042036319e-06,6.323598188768088102e-01,4.282405132853127614e-06
7.778717873832827756e-01,2.380634667130483439e-01,1.849217446735881880e-06,6.646353624903016399e-01,2.510507076042036319e-06,6.971652904529441752e-01,8.523842583632054160e-01
7.143718649877219828e-01,6.996361804123598649e-01,1.849217446735881880e-06,5.544918685080033605e-01,4.269902833839925305e-01,6.223944361969452332e-01,6.297785330463716580e-01
3.577726848801236043e-06,2.566972633103895247e-06,1.849217446735881880e-06,3.086014032624942019e-06,2.510507076042036319e-06,2.258517398215400818e-01,9.857678384201802313e-01
6.482009364389033079e-01,5.279542128725434047e-01,4.526588585349310967e-01,5.394763443450327767e-01,6.482565685087359197e-01,5.928196582219228405e-01,5.890403454484743895e-01
1.713580290705148945e-01,2.566972633103895247e-06,1.849217446735881880e-06,3.086014032624942019e-06,1.206456113421217752e-01,5.231749241742328360e-01,8.749999463219723106e-01
6.292276863829957545e-01,4.941230819761373572e-01,6.284603719432227953e-01,5.358135022792915869e-01,6.265920455802366229e-01,5.770421188656545963e-01,5.952309863684188684e-01
2.037897524688474793e-01,2.566972633103895247e-06,1.849217446735881880e-06,3.086014032624942019e-06,4.563543925219200048e-01,6.433816218319996505e-01,7.608599698531927080e-01
5.172269701174293521e-01,8.629345534808156859e-02,1.849217446735881880e-06,3.086014032624942019e-06,9.761383829275043222e-01,7.602387525415158498e-01,6.531385358732099133e-01
1.593360593618142196e-01,2.566972633103895247e-06,1.849217446735881880e-06,3.086014032624942019e-06,9.597901052516674136e-01,5.565635742546766185e-01,6.928246341290298371e-01
3.577726848801236043e-06,2.566972633103895247e-06,1.849217446735881880e-06,3.086014032624942019e-06,4.517702865814871016e-01,3.704558711867581023e-06,5.132104079916584016e-01
2.356168004427954543e-01,2.566972633103895247e-06,1.849217446735881880e-06,2.610321319099461190e-01,2.510507076042036319e-06,1.924979269213932809e-01,7.569692637159782800e-01
5.222470860523396041e-01,6.938454480405882585e-02,1.849217446735881880e-06,2.262074416182448533e-01,1.403990758178123577e-01,6.045504192364230533e-01,8.239215302078162217e-01
7.361787574142849566e-01,2.566972633103895247e-06,1.849217446735881880e-06,2.896592539601245408e-01,8.347286549125736421e-01,7.396321380875658935e-01,6.595656668464318084e-01
8.790654552931809196e-01,2.566972633103895247e-06,1.849217446735881880e-06,3.086014032624942019e-06,9.128897187991910078e-01,7.309450629231463159e-01,6.418493411742924870e-01
6.316950484046436332e-01,4.467523473301837078e-01,8.238117043422115149e-01,5.395098377663350986e-01,5.207940026207863449e-01,5.708370726019831309e-01,5.870882442849617577e-01
1.568374800092044996e-01,2.566972633103895247e-06,1.849217446735881880e-06,3.086014032624942019e-06,3.796132190800585726e-01,4.462507397540746990e-01,7.940405365422528172e-01
6.843638398604487971e-01,2.398343274295068051e-01,8.018050636622028327e-01,4.006886791782362511e-01,5.269311635450844022e-01,4.746742405286789590e-01,6.363472513199733838e-01
3.577726848801236043e-06,2.566972633103895247e-06,1.849217446735881880e-06,3.086014032624942019e-06,1.383807660559387698e-01,8.601070469495519788e-02,5.449973703901079825e-01
3.315163286222096994e-01,4.085155336730474929e-01,7.111315212924227414e-01,4.334155698894293640e-01,6.753275137644412229e-01,3.704558711867581023e-06,1.250346913424457695e-01
7.047147037545063997e-01,6.711774081813893789e-01,4.782027725701213372e-01,3.086014032624942019e-06,6.639050682220722921e-01,3.704558711867581023e-06,4.857035474796264074e-01
5.064466151680486750e-01,4.506856618968935746e-01,4.895189494563015331e-02,3.086014032624942019e-06,1.224750660630389426e-01,6.773934169397939353e-01,6.371995970528493425e-01
5.392197710903117169e-01,1.046490553923766220e-01,1.849217446735881880e-06,4.538469727163951251e-01,2.510507076042036319e-06,6.599088687430683109e-01,5.804943126749405602e-01
7.713709301333175894e-01,4.708523368507215312e-01,1.849217446735881880e-06,5.895487823742646682e-01,1.969339190898636016e-01,6.534488782505909477e-01,7.216323739730396980e-01
3.577726848801236043e-06,2.566972633103895247e-06,1.849217446735881880e-06,3.086014032624942019e-06,2.510507076042036319e-06,6.268559472069495930e-02,7.094712640660204572e-01
6.676281094442261255e-01,5.364176661940673885e-01,3.504745087745684828e-01,5.480547429179559726e-01,5.806757822631789523e-01,6.038327811187628180e-01,6.005881148749053766e-01
2.251436672436883946e-01,2.566972633103895247e-06,1.849217446735881880e-06,3.086014032624942019e-06,2.510507076042036319e-06,4.929810033544527181e-01,9.511932993626056598e-01
3.523201926750772484e-01,3.555567843225661551e-01,7.086645450722265371e-01,5.648707841951575714e-01,6.141792461351129884e-01,6.112174836957837698e-01,6.277688890372106201e-01
2.822807008383079741e-01,2.566972633103895247e-06,1.849217446735881880e-06,3.086014032624942019e-06,3.833472116833166465e-01,6.729661713697163705e-01,7.632083682266074254e-01
6.318128955170562167e-01,4.751813055904265393e-01,7.233209818473390618e-01,5.361660526710133601e-01,6.142586521932542620e-01,5.760498374646079167e-01,5.957920597866485091e-01
2.329886027707845642e-01,2.566972633103895247e-06,1.849217446735881880e-06,3.086014032624942019e-06,7.535462484743072897e-01,7.103550289399382933e-01,7.015900413333082675e-01
3.521576464860313727e-01,2.566972633103895247e-06,1.849217446735881880e-06,3.086014032624942019e-06,9.748629593440015784e-01,7.020397409454777193e-01,6.720692118967440676e-01
3.577726848801236043e-06,2.566972633103895247e-06,1.849217446735881880e-06,3.086014032624942019e-06,8.997179732521369822e-01,1.855659907413403920e-01,7.766717991040615887e-01
3.607635466561129323e-01,2.566972633103895247e-06,1.849217446735881880e-06,2.433517826892389602e-01,2.510507076042036319e-06,3.176879786181575627e-01,8.897252709467460274e-01
7.606585465894919462e-01,2.566972633103895247e-06,1.849217446735881880e-06,3.537454944543815816e-01,2.607010772465417903e-01,6.282310737564829051e-01,7.702877332455999593e-01
8.808662924128066729e-01,2.566972633103895247e-06,1.849217446735881880e-06,3.086014032624942019e-06,8.531278693528840940e-01,7.295361387212621063e-01,6.456965527725253562e-01
8.749294627864206975e-01,2.566972633103895247e-06,1.849217446735881880e-06,3.086014032624942019e-06,9.134671032389847234e-01,7.344566922782096441e-01,6.445269238864584915e-01
6.376184638066220156e-01,3.815741538824822254e-01,9.311267026801255398e-01,5.432976564131434261e-01,5.850735447897985608e-01,5.687998577094147690e-01,6.002870271494875620e-01
2.022281206797644781e-01,2.566972633103895247e-06,1.849217446735881880e-06,3.086014032624942019e-06,2.988675459615692254e-01,6.505758309128791828e-01,7.921774488851748286e-01
6.189565317909916375e-01,1.694055693487816483e-01,9.524429789561716930e-01,5.234643341938798322e-01,5.147843550745252461e-01,6.285566539092332095e-01,5.331575311469055611e-01
1.940103552410725185e-01,2.112503810938617110e-01,8.331020463295681910e-01,5.832376918481246841e-01,6.727016558867952023e-01,3.704558711867581023e-06,1.511984892610510889e-01
5.420790715412097116e-01,6.044451243658588435e-01,5.076826210951757012e-01,5.588153928808561322e-01,6.483605112320448560e-01,1.735537385531080862e-02,6.439109455142253413e-01
4.930538625223855331e-01,4.501363815823750114e-01,5.588967581181163852e-02,3.086014032624942019e-06,1.714290578838285617e-01,6.912427359086529277e-01,5.306511046600687065e-01
7.459526854196923962e-01,2.566972633103895247e-06,1.849217446735881880e-06,7.493036316999884816e-01,2.510507076042036319e-06,7.631713128541476321e-01,5.700735977903547136e-01
6.817317259551377573e-01,6.362960034025565426e-01,9.277983516130855479e-02,5.546421730713194664e-01,3.582463722685451102e-01,6.247153902424293914e-01,6.456921358376781495e-01
1.839909086669573868e-01,2.566972633103895247e-06,1.849217446735881880e-06,3.086014032624942019e-06,2.510507076042036319e-06,2.652637006924607466e-01,8.698358746760991300e-01
6.481549319511700213e-01,6.412828109681338873e-01,3.643407601911733962e-01,5.281331507904069023e-01,6.643198731048686190e-01,5.897836648786439762e-01,5.801898509020699812e-01
6.930736777626009815e-01,3.127547125883697182e-02,1.849217446735881880e-06,3.086014032624942019e-06,2.613664652373898223e-01,4.813716072276714719e-01,8.003019711123872115e-01
6.677479821945526695e-01,3.603910552937230616e-01,8.060649372670325441e-01,5.567604618553783080e-01,6.076973160848949673e-01,5.814577217227347994e-01,6.081947514912829922e-01
6.563044784063397641e-01,2.607977337024058317e-01,1.849217446735881880e-06,3.086014032624942019e-06,4.606133393483583527e-01,6.341813836969376617e-01,6.847526856957626418e-01
6.311551933935034553e-01,4.414704210742974033e-01,8.074356073415341895e-01,5.418801966782086366e-01,6.023980243154487546e-01,5.689104634828905382e-01,5.979963556606731068e-01
6.032771040255997530e-01,1.256274579308220413e-04,1.849217446735881880e-06,3.086014032624942019e-06,5.248855398380289916e-01,6.956036076193655715e-01,6.960834118515073499e-01
2.662894598767043819e-01,2.566972633103895247e-06,1.849217446735881880e-06,3.086014032624942019e-06,7.604632696265548608e-01,1.342096978393723383e-01,7.044941146490282247e-01
3.577726848801236043e-06,2.566972633103895247e-06,1.849217446735881880e-06,3.086014032624942019e-06,5.488041032259435292e-01,3.704558711867581023e-06,4.801275353129340062e-01
3.415413231935001126e-01,2.566972633103895247e-06,1.849217446735881880e-06,2.772726042412802516e-01,2.510507076042036319e-06,3.704558711867581023e-06,7.616239768891245321e-01
9.081364203214876696e-01,2.566972633103895247e-06,1.849217446735881880e-06,3.775802976423504598e-01,2.510507076042036319e-06,6.656217505006106760e-01,8.877847642372073134e-01
8.622108874526765998e-01,2.566972633103895247e-06,1.849217446735881880e-06,2.297433980535105447e-01,6.355806278198448123e-01,6.338896401788362001e-01,6.955812308979070213e-01
5.829557244167332675e-01,2.566972633103895247e-06,1.849217446735881880e-06,3.086014032624942019e-06,6.507807537876061366e-01,6.817866699460308766e-01,7.062323625503553748e-01
6.390473487910812711e-01,4.027387054080561746e-01,8.935652845328293514e-01,5.404898416645761428e-01,5.890341875924652859e-01,5.690178467197332113e-01,5.998141083892499781e-01
1.917745236329825020e-01,2.566972633103895247e-06,1.849217446735881880e-06,3.086014032624942019e-06,2.510507076042036319e-06,3.655884908039719328e-01,9.452354063705818987e-01
5.947654635397779943e-01,2.521836257314575280e-01,8.386454622179603247e-01,5.828945165901308068e-01,5.914302315865127557e-01,5.928342116131696260e-01,6.273418573223301653e-01
2.954823232932515253e-01,3.489648014874893178e-01,7.549865452465778226e-01,5.737493382592100399e-01,6.145737164981541767e-01,4.266761686451135960e-01,6.499839855438630520e-01
4.529948921514363458e-01,6.386407087682194339e-01,5.745185698588615997e-02,3.086014032624942019e-06,5.856502047217624352e-01,6.360150590176398833e-01,6.303356803002926334e-01
5.051689778144933252e-01,1.858763890982690348e-01,1.849217446735881880e-06,3.086014032624942019e-06,2.510507076042036319e-06,7.746070558375159898e-01,5.638266409511083488e-01
2.110331185496936712e-01,2.566972633103895247e-06,1.849217446735881880e-06,5.041965820379393781e-01,2.510507076042036319e-06,2.164538484416072828e-01,4.282405132853127614e-06
7.580238668761566379e-01,4.281163870063385835e-01,1.849217446735881880e-06,6.226456128381266941e-01,2.510507076042036319e-06,6.546617474818214877e-01,7.413119658384443866e-01
6.581314237479667373e-01,6.850046028412615229e-01,2.790831751876911571e-01,5.349627088934786334e-01,5.278472312450280812e-01,5.969442972068611519e-01,5.976191371554583354e-01
3.531811563097450590e-01,1.693746534497339307e-01,1.849217446735881880e-06,3.086014032624942019e-06,2.510507076042036319e-06,3.499476233844306394e-01,7.294132954769299015e-01
6.419125460990174892e-01,4.440247156826834796e-01,6.456315878716581969e-01,4.789248505913668019e-01,5.986330469273380972e-01,5.798695309265281539e-01,6.036791104195063928e-01
6.973440375843160677e-01,3.760849165278154493e-02,1.849217446735881880e-06,3.086014032624942019e-06,2.163280880576476384e-01,5.934435309188356156e-01,6.988272485863814554e-01
6.334400229320217290e-01,4.420322311805005011e-01,8.092312349538112182e-01,5.389025710396977420e-01,5.997921628539039096e-01,5.701569094667835458e-01,5.961387278258368783e-01
8.887553868464256324e-01,2.062892397912903242e-01,1.849217446735881880e-06,3.086014032624942019e-06,2.341480584880680782e-01,6.397603222786120147e-01,7.531767116864795941e-01
6.362060540105289874e-01,3.820156928459743084e-01,9.296307295264061299e-01,5.443477091936341772e-01,5.829223844422086742e-01,5.684637783244077536e-01,6.010526291896697293e-01
4.703285008514881405e-01,2.566972633103895247e-06,1.849217446735881880e-06,3.086014032624942019e-06,1.243179483290675902e-01,6.979833989466047717e-01,8.359113611968715940e-01
3.363471824546986344e-01,2.566972633103895247e-06,1.849217446735881880e-06,2.092486752709224740e-01,2.510507076042036319e-06,7.639559745361391985e-02,6.493062314300863669e-01
8.003204469151424805e-01,2.566972633103895247e-06,1.849217446735881880e-06,3.606722817669223979e-01,2.510507076042036319e-06,5.083443947769542559e-01,9.136805784368798866e-01
7.041462197275165646e-01,2.566972633103895247e-06,1.849217446735881880e-06,2.335551648745796127e-01,3.252505468826601409e-01,5.287174273013927062e-01,7.832455477756837814e-01
6.542684872319991518e-01,2.566972633103895247e-06,1.849217446735881880e-06,3.086014032624942019e-06,4.939691002240661488e-01,2.392386767599286035e-01,6.985070208099590783e-01
5.921798942923105491e-01,2.428985796069666747e-01,9.123032679387931276e-01,1.930342491780502601e-01,5.620767968639437395e-01,4.335288148310699752e-01,1.237046571731604677e-01
3.577726848801236043e-06,2.566972633103895247e-06,1.849217446735881880e-06,3.086014032624942019e-06,2.510507076042036319e-06,5.952170695478500168e-02,5.172371802606936519e-01
6.622913637962867250e-01,3.793984026050873370e-01,7.658984029605246935e-01,5.566991832595192813e-01,6.131453251615289757e-01,5.793267933858162744e-01,6.081167189756490066e-01
6.499192175599940446e-01,5.996089714497058187e-01,1.773706279236187677e-01,5.490018204392733692e-01,7.387967180761322306e-01,6.105437136574533019e-01,5.910158195588868235e-01
6.786977705018863993e-01,2.823925077590611066e-01,1.849217446735881880e-06,3.086014032624942019e-06,2.510507076042036319e-06,7.516405570164965688e-01,5.368437086621674625e-01
2.317260901803195883e-01,2.566972633103895247e-06,1.849217446735881880e-06,6.836786784811497153e-01,2.510507076042036319e-06,3.704558711867581023e-06,4.282405132853127614e-06
7.274436215452970700e-01,5.732985880063843354e-01,1.849217446735881880e-06,5.785533760385795921e-01,2.510507076042036319e-06,6.388181981009695143e-01,7.980600085995267490e-01
6.266903723320548236e-01,5.346499255443130094e-01,5.675404193438065015e-01,5.367449671787153376e-01,5.621152923799647150e-01,5.788923226807014544e-01,5.995870043225228763e-01
6.310630043613334461e-01,3.264226662247727839e-01,8.788452382434960297e-01,4.566112762596361563e-01,6.001418586330662386e-01,5.840601799360503055e-01,6.128389744441671283e-01
3.290500694478705190e-01,2.566972633103895247e-06,1.849217446735881880e-06,3.086014032624942019e-06,2.510507076042036319e-06,3.600255609526691325e-01,6.488198778263551958e-01
3.171287401828583596e-01,2.566972633103895247e-06,1.849217446735881880e-06,3.086014032624942019e-06,2.510507076042036319e-06,4.034547255952882772e-01,8.487330482488172345e-01
6.516653174417688099e-01,3.977579894012819861e-01,9.213519129316034562e-01,5.401809536900148423e-01,5.986847284858607399e-01,5.916175481049353868e-01,4.816782475222068927e-01
1.550532193598407882e-01,2.566972633103895247e-06,1.849217446735881880e-06,3.086014032624942019e-06,2.510507076042036319e-06,2.696457527850772973e-01,6.784392907948562090e-01
3.687473734228383093e-01,2.566972633103895247e-06,1.849217446735881880e-06,2.343213363376100700e-01,2.510507076042036319e-06,4.982828557620670451e-01,7.437454515539850819e-01
4.302544957458002695e-01,2.566972633103895247e-06,1.849217446735881880e-06,3.086014032624942019e-06,2.510507076042036319e-06,4.613706737315758089e-01,6.444612219806062914e-01
6.295014626006021352e-01,4.756574376744389654e-01,7.254937640642648011e-01,5.371214846461771497e-01,6.125697278410487945e-01,5.752640063136769122e-01,5.975862555293736111e-01
6.583532986208016080e-01,7.233281840676913932e-01,9.644077705152657998e-02,5.401994771397192752e-01,7.069146061261484260e-01,6.219379274993708240e-01,5.832777177844875593e-01
7.247624421882938872e-01,1.408601905043394553e-01,1.849217446735881880e-06,3.086014032624942019e-06,2.510507076042036319e-06,7.322524252446866999e-01,7.798588016352719920e-01
6.951820967459072520e-01,5.978114168292237851e-01,1.281138605514676732e-01,5.643700084028416830e-01,1.331487206882244756e-01,6.290105637869420896e-01,6.359243298083534501e-01
6.854935606321143071e-01,6.098816672606349742e-01,2.001152323711117009e-01,5.437993016735067631e-01,5.217448466965582954e-01,6.160064330147422273e-01,6.106546774695895685e-01
6.843241373573365482e-01,2.566972633103895247e-06,1.849217446735881880e-06,3.240442013361380380e-01,2.510507076042036319e-06,7.534288569423470694e-01,6.810328903986081484e-01
3.577726848801236043e-06,5.248545256518017538e-02,1.849217446735881880e-06,3.086014032624942019e-06,2.510507076042036319e-06,5.752353673187591276e-01,4.254905420235463032e-01
9.252554014310186981e-01,2.566972633103895247e-06,1.849217446735881880e-06,5.882162658872603922e-01,2.510507076042036319e-06,5.458280053194723980e-01,4.464804298806378524e-01
4.717730957833241034e-01,6.103344731316694416e-01,2.852164938799791813e-02,3.086014032624942019e-06,2.510507076042036319e-06,1.666918535625298292e-01,2.579129847885058280e-01
5.921032351508136449e-01,7.349259672553456468e-01,2.834924688825896794e-02,3.086014032624942019e-06,1.724562409345957725e-01,5.802029075388749346e-01,5.527229575157734942e-01
5.417588857082872300e-01,3.901586150291334789e-03,1.849217446735881880e-06,3.086014032624942019e-06,2.510507076042036319e-06,3.909874850191029094e-01,4.282405132853127614e-06
5.740983300460981154e-01,6.915421826084906520e-01,4.659510436654407672e-01,2.249479604472180705e-01,2.078561040509164792e-01,3.415630768405543694e-01,3.390179693792311211e-01
6.963526903892574005e-01,6.622348017588856051e-01,1.849217446735881880e-06,5.185394781588870128e-01,5.780946385937592996e-02,4.111206724581540350e-01,4.008752401785006247e-01
6.211900451690246516e-01,2.003169987771319382e-01,1.849217446735881880e-06,5.537657114766304511e-01,2.510507076042036319e-06,4.451118329362163117e-01,2.735486274160250364e-01
4.519448914852265409e-01,5.090048096571115899e-01,9.594148068387892136e-02,5.503676413327871497e-01,4.783593133790996904e-02,2.872603979042701039e-01,4.566273868241729206e-01
3.577726848801236043e-06,2.566972633103895247e-06,1.849217446735881880e-06,3.086014032624942019e-06,2.510507076042036319e-06,6.764940693371377378e-01,6.334357550998573894e-01
3.577726848801236043e-06,2.566972633103895247e-06,1.849217446735881880e-06,3.086014032624942019e-06,2.510507076042036319e-06,8.070597669315973111e-01,6.152160828940885784e-01
3.577726848801236043e-06,2.566972633103895247e-06,1.849217446735881880e-06,3.086014032624942019e-06,2.510507076042036319e-06,7.843941074982085926e-01,5.147774383213390426e-01
3.577726848801236043e-06,2.566972633103895247e-06,1.849217446735881880e-06,3.086014032624942019e-06,2.510507076042036319e-06,3.320864802009947936e-01,6.598244869592145845e-01
3.577726848801236043e-06,2.566972633103895247e-06,1.849217446735881880e-06,3.086014032624942019e-06,2.510507076042036319e-06,3.481276178562210388e-01,5.694541226780341914e-01
3.577726848801236043e-06,2.566972633103895247e-06,1.849217446735881880e-06,3.086014032624942019e-06,2.510507076042036319e-06,6.943655298354396432e-01,8.385954466186738010e-01
3.577726848801236043e-06,2.566972633103895247e-06,1.849217446735881880e-06,3.086014032624942019e-06,8.673229339089467971e-02,2.465814343843203416e-01,8.613014363565391074e-01
3.577726848801236043e-06,2.566972633103895247e-06,1.849217446735881880e-06,3.086014032624942019e-06,1.220863193118528062e-01,3.704558711867581023e-06,6.889010463657306849e-01
3.577726848801236043e-06,2.566972633103895247e-06,1.849217446735881880e-06,3.086014032624942019e-06,2.510507076042036319e-06,3.704558711867581023e-06,5.928293393915684550e-01
3.577726848801236043e-06,2.566972633103895247e-06,1.849217446735881880e-06,3.086014032624942019e-06,2.510507076042036319e-06,3.704558711867581023e-06,8.925331532369047416e-01
6.926490140274975671e-01,6.268171417059019701e-01,1.996352990653041670e-01,3.086014032624942019e-06,6.650085902478347633e-01,6.310576022186020761e-01,5.876057004715752319e-01
6.916355198579136054e-01,5.452861834135669383e-01,5.316669285130605493e-02,3.086014032624942019e-06,6.015438295841663008e-01,6.295721687598774263e-01,6.188757588002672394e-01
4.985137669554896012e-01,2.801283793541521350e-01,1.849217446735881880e-06,3.086014032624942019e-06,3.899431068151553714e-01,6.766185008322980199e-01,7.045723925499314255e-01
2.743461645941540072e-01,2.566972633103895247e-06,1.849217446735881880e-06,3.086014032624942019e-06,1.800892207242083543e-01,7.438432138212309752e-01,7.802580434684054378e-01
3.577726848801236043e-06,2.566972633103895247e-06,1.849217446735881880e-06,3.086014032624942019e-06,2.510507076042036319e-06,7.019300707471534118e-01,4.282405132853127614e-06
4.833331862870254847e-01,4.014391481009491058e-01,1.849217446735881880e-06,2.843547806150662494e-01,1.486159726928169000e-01,6.787425163083743440e-01,7.453203342122829422e-01
6.998480861592932811e-01,5.580745444355937890e-01,1.849217446735881880e-06,2.996522014401717393e-01,5.236976851008828815e-01,6.601687507296186697e-01,6.260042008731175889e-01
7.118959952868357810e-01,6.946826535582925066e-01,6.264125335650354287e-02,2.822784342135525315e-01,6.625701866960076458e-01,6.337453536999034798e-01,5.898318969808838963e-01
3.577726848801236043e-06,2.566972633103895247e-06,1.849217446735881880e-06,3.086014032624942019e-06,8.456317128669209315e-02,3.704558711867581023e-06,7.775841415352786612e-01
2.793295489615589822e-01,2.566972633103895247e-06,1.849217446735881880e-06,3.086014032624942019e-06,4.600854146430760627e-01,6.721395387468969140e-01,7.479815374577239995e-01
9.024525816170028691e-02,2.566972633103895247e-06,1.849217446735881880e-06,3.086014032624942019e-06,3.821192916631849790e-01,4.483237144079924574e-01,7.554733951143915993e-01
2.325264872413620454e-01,2.566972633103895247e-06,1.849217446735881880e-06,2.469018396280551753e-01,2.510507076042036319e-06,3.843651202614288276e-01,9.525372131361851125e-01
5.709641280231970706e-01,2.566972633103895247e-06,1.849217446735881880e-06,2.325054145177574971e-01,5.572536033396913169e-01,6.463652749431871847e-01,7.178969353649679030e-01
5.773082909269787732e-01,2.566972633103895247e-06,1.849217446735881880e-06,3.086014032624942019e-06,5.613590994077872764e-01,7.561443118434146848e-01,6.965380494091828467e-01
6.673144056526281176e-01,4.493912799385257895e-01,5.043885295951886505e-01,5.509977410464070857e-01,6.605831515221185501e-01,5.973412929295155438e-01,5.982306985928442788e-01
3.577726848801236043e-06,2.566972633103895247e-06,1.849217446735881880e-06,3.086014032624942019e-06,2.981012581802971462e-01,3.704558711867581023e-06,8.297466697691544546e-01
6.759241320276581089e-01,4.973363544823670712e-01,4.487622489028795791e-01,3.009000582014350056e-01,6.765597566812904251e-01,5.991009018840508515e-01,5.918049785849208710e-01
5.182275902327161399e-01,6.123836636080768336e-01,3.454771623642430289e-01,3.086014032624942019e-06,6.726078079725807957e-01,2.740730243433535662e-01,4.425694794587071157e-01
6.805571710643115724e-01,5.847944490150395191e-01,9.014054325782258625e-02,3.086014032624942019e-06,6.748947410874669428e-01,3.704558711867581023e-06,4.327319840129043027e-01
2.398112213498274914e-01,1.444973463585057794e-01,1.849217446735881880e-06,3.086014032624942019e-06,1.865498502442315965e-01,7.671738592818047042e-01,6.572281267711832520e-01
3.577726848801236043e-06,2.566972633103895247e-06,1.849217446735881880e-06,3.086014032624942019e-06,2.510507076042036319e-06,8.226535177469770366e-01,4.282405132853127614e-06
3.577726848801236043e-06,2.566972633103895247e-06,1.849217446735881880e-06,2.099496933348393990e-01,2.510507076042036319e-06,5.914705068769451346e-01,4.255417355253517386e-01
8.002603079761878568e-01,2.808190531677195456e-01,1.849217446735881880e-06,3.619561836491921869e-01,7.519747064656527591e-02,6.954930538222870995e-01,7.947273699109932421e-01
3.577726848801236043e-06,2.566972633103895247e-06,1.849217446735881880e-06,3.086014032624942019e-06,2.510507076042036319e-06,3.704558711867581023e-06,5.001763706623015837e-01
7.056804378834983238e-01,7.616870270003639476e-01,1.849217446735881880e-06,5.432238272350357056e-01,5.182935328982100076e-01,6.243736454301156424e-01,6.087215323181295323e-01
3.577726848801236043e-06,2.566972633103895247e-06,1.849217446735881880e-06,3.086014032624942019e-06,2.510507076042036319e-06,3.704558711867581023e-06,8.335738211216229265e-01
6.392216886942035936e-01,6.445517494263534042e-01,1.732353149676827131e-01,5.478061506623305155e-01,7.339357535436885627e-01,4.809344337498964173e-01,5.876806043250257794e-01
3.577726848801236043e-06,2.566972633103895247e-06,1.849217446735881880e-06,3.086014032624942019e-06,2.102776024200493643e-01,1.327901834465362030e-01,8.944803466950315141e-01
7.422038598395406250e-01,2.566972633103895247e-06,1.849217446735881880e-06,3.086014032624942019e-06,9.285987873670951132e-01,7.386392329697515358e-01,6.452433261801482356e-01
2.865485398661746785e-01,2.566972633103895247e-06,1.849217446735881880e-06,3.086014032624942019e-06,9.038686303082877904e-01,6.739389616217716927e-01,6.956684040148219950e-01
3.577726848801236043e-06,2.566972633103895247e-06,1.849217446735881880e-06,3.086014032624942019e-06,5.346971629722402364e-01,2.575126164908010384e-01,7.715472958328611908e-01
3.577726848801236043e-06,2.566972633103895247e-06,1.849217446735881880e-06,3.086014032624942019e-06,2.510507076042036319e-06,3.892693792178196777e-01,8.897619560445048092e-01
5.777123381695363769e-01,2.566972633103895247e-06,1.849217446735881880e-06,3.086014032624942019e-06,2.451480193646452810e-01,6.919959778584705568e-01,7.859756429354777252e-01
7.516219507847411441e-01,2.566972633103895247e-06,1.849217446735881880e-06,3.086014032624942019e-06,6.373213786321388907e-01,7.367088295736552439e-01,6.809872487385203454e-01
6.330428628583714135e-01,4.958068779740921750e-01,6.298785096597370181e-01,5.366867884254599153e-01,6.265595393289414838e-01,5.775829332796659221e-01,5.937176954127125761e-01
1.717049420703568030e-01,2.566972633103895247e-06,1.849217446735881880e-06,3.086014032624942019e-06,4.550403768213522882e-01,3.558342882263792473e-01,8.056423520742447275e-01
3.500995758584293238e-01,2.935825527058505968e-01,7.167026226470946115e-01,5.766122697213876824e-01,6.326897449780739535e-01,6.487233401363506902e-01,5.380835177352509824e-01
3.577726848801236043e-06,2.566972633103895247e-06,1.849217446735881880e-06,3.086014032624942019e-06,2.139453750076677208e-01,3.704558711867581023e-06,8.568026041757088596e-01
5.451686195016534064e-01,4.057433544064949493e-01,5.935003338541522400e-01,5.702708612224660634e-01,6.427152428236292403e-01,3.518121207087376856e-01,4.282405132853127614e-06
4.723439655616346600e-01,6.876322933044953789e-01,3.481745075292014824e-01,3.086014032624942019e-06,6.395499647164687440e-01,3.704558711867581023e-06,2.988420207795926542e-01
5.130396614501838704e-01,6.042323655315633424e-01,1.557905374141774490e-01,3.086014032624942019e-06,5.855743729022480082e-01,3.704558711867581023e-06,5.527608081935613260e-01
2.211085965192158276e-01,1.342780878804921418e-01,1.849217446735881880e-06,3.086014032624942019e-06,7.828285365279942509e-02,8.198284966003798191e-01,5.989582659162866474e-01
3.577726848801236043e-06,2.566972633103895247e-06,1.849217446735881880e-06,5.154610320298419479e-01,2.510507076042036319e-06,1.630108201345336350e-01,4.282405132853127614e-06
7.491113751542636257e-01,2.566972633103895247e-06,1.849217446735881880e-06,4.572290522087588127e-01,2.510507076042036319e-06,6.355766900827266586e-01,6.965735075805951082e-01
8.083841063227631407e-01,3.907928614458607286e-01,1.849217446735881880e-06,6.078360391935025975e-01,2.053965448704604124e-01,6.672685186965857662e-01,7.246036828525448392e-01
3.577726848801236043e-06,2.566972633103895247e-06,1.849217446735881880e-06,3.086014032624942019e-06,2.510507076042036319e-06,3.704558711867581023e-06,7.921669586649127126e-01
6.938020521422606501e-01,7.202939439604324479e-01,3.768928081492984444e-02,5.403864883758170423e-01,7.300431178759748674e-01,6.276318378718950264e-01,5.812238430805372058e-01
3.577726848801236043e-06,2.566972633103895247e-06,1.849217446735881880e-06,3.086014032624942019e-06,2.510507076042036319e-06,2.257039449357888805e-01,9.879561229053837046e-01
6.422979574727673002e-01,6.024915168853057779e-01,3.953855799913590929e-01,5.370749492041645423e-01,6.870471041180542526e-01,6.461375663465717123e-01,3.437862039125822444e-01
1.689432323527325364e-01,2.566972633103895247e-06,1.849217446735881880e-06,3.086014032624942019e-06,2.964339241614183940e-01,3.558208523276745749e-01,8.422125481806308489e-01
8.746348900195649589e-01,2.566972633103895247e-06,1.849217446735881880e-06,3.086014032624942019e-06,9.866894387527646026e-01,7.320828782366611831e-01,6.381867206448823548e-01
3.107591667768013766e-01,8.156373756455319313e-02,1.849217446735881880e-06,3.086014032624942019e-06,9.777799244676437240e-01,6.231859847515803796e-01,6.696527191111016908e-01
3.577726848801236043e-06,2.566972633103895247e-06,1.849217446735881880e-06,3.086014032624942019e-06,8.844572301292860095e-01,3.663825082374793096e-01,7.318324261542171749e-01
5.055108154660065134e-01,2.566972633103895247e-06,1.849217446735881880e-06,2.310371854094491473e-01,2.510507076042036319e-06,4.720211053279861346e-01,9.340252257283755410e-01
7.569531596890493041e-01,2.566972633103895247e-06,1.849217446735881880e-06,3.086014032624942019e-06,4.895610979867859314e-01,6.358272682941585874e-01,7.196083135793079899e-01
9.092186511376162406e-01,5.916859211100543303e-02,1.849217446735881880e-06,2.794179032392448137e-01,8.287008463700467065e-01,7.252897190374262282e-01,6.383122965564410611e-01
6.457186297108685746e-01,3.730253692128457921e-01,8.195536987878747626e-01,4.859832678056849042e-01,5.829443128791892414e-01,5.807592109192847296e-01,6.064194504142931264e-01
2.062813096100223897e-01,2.566972633103895247e-06,1.849217446735881880e-06,3.086014032624942019e-06,6.112859965677649443e-01,6.483379871266937711e-01,7.358919573567025418e-01
2.999919109525971961e-01,1.032655100992102004e-01,9.383250197103276680e-01,4.119656041464704321e-01,5.325903425038314154e-01,7.106926676168645596e-01,4.160758760698874403e-01
3.577726848801236043e-06,2.566972633103895247e-06,1.849217446735881880e-06,3.086014032624942019e-06,3.794051162810916367e-01,3.960674501866004449e-01,7.911473215246989099e-01
2.867142145404431020e-01,1.557708283271945493e-01,8.073656751948760091e-01,4.610425390644433130e-01,6.001239391394103118e-01,2.720755713947273779e-01,1.240095867117005923e-01
4.356499848932425811e-01,4.315059680437815515e-01,5.796307774251366896e-01,5.125790856794983918e-01,6.914609507184944492e-01,3.704558711867581023e-06,5.651357713627661039e-02
7.243164867480066382e-01,6.665336098537847365e-01,2.067771674415084526e-01,3.086014032624942019e-06,5.935697032077825730e-01,3.704558711867581023e-06,6.522432477182084076e-01
4.293816258616163228e-01,4.348916366166273861e-01,1.849217446735881880e-06,3.086014032624942019e-06,7.858726769260195033e-02,7.050203274492240491e-01,5.113369834801115843e-01
8.418639397919193135e-01,1.082032323296755645e-02,1.849217446735881880e-06,6.967412640008927571e-01,2.510507076042036319e-06,7.344617339887488106e-01,7.642698435552349734e-01
6.826082870017425863e-01,6.768076923610267803e-01,8.925553038743366807e-02,5.524679737115202327e-01,3.140191299047369045e-01,6.202960970611401947e-01,6.511982745489404145e-01
3.577726848801236043e-06,2.566972633103895247e-06,1.849217446735881880e-06,3.086014032624942019e-06,2.510507076042036319e-06,2.295814621397165023e-01,9.236367790067012695e-01
6.774391291305458251e-01,7.097813496873692785e-01,3.415086567375791304e-01,2.362226928438545814e-01,6.642627335873618755e-01,4.342129021842665026e-01,5.983855366977657297e-01
1.679048003297198277e-01,2.566972633103895247e-06,1.849217446735881880e-06,3.086014032624942019e-06,1.182633329968396929e-01,3.518645129172262576e-01,9.020817075281194475e-01
5.492112976218470610e-01,3.072385151335121356e-01,7.433790063695732142e-01,5.721102775810763541e-01,6.262322549919796533e-01,6.036016420799249493e-01,6.206144974721329310e-01
4.003239850293654478e-01,2.566972633103895247e-06,1.849217446735881880e-06,3.086014032624942019e-06,6.098778914503728554e-01,6.036854800087860795e-01,7.220798340115884839e-01
7.224863904140691462e-01,1.728763587890496112e-01,1.849217446735881880e-06,3.086014032624942019e-06,1.000000000000000000e+00,7.084384512655265143e-01,6.277841029239066284e-01
3.082023390806232777e-01,8.171376077190647957e-02,1.849217446735881880e-06,3.086014032624942019e-06,9.815045709198979562e-01,6.274044931100607458e-01,6.663400793220152218e-01
3.577726848801236043e-06,2.566972633103895247e-06,1.849217446735881880e-06,3.086014032624942019e-06,7.852437075287472812e-01,3.704558711867581023e-06,6.398341146502550814e-01
1.339403104825771795e-01,2.566972633103895247e-06,1.849217446735881880e-06,3.086014032624942019e-06,2.510507076042036319e-06,3.704558711867581023e-06,5.772720360112698623e-01
6.177415991844151799e-01,2.566972633103895247e-06,1.849217446735881880e-06,3.086014032624942019e-06,2.510507076042036319e-06,5.637802371391941181e-01,8.299311994916598323e-01
9.050533093881925062e-01,2.566972633103895247e-06,1.849217446735881880e-06,2.993787348378003643e-01,5.967007362448566443e-01,6.345950638431285817e-01,6.916659862337637410e-01
7.638151206577975527e-01,7.117695502884427428e-02,1.849217446735881880e-06,3.086014032624942019e-06,8.397029324695911567e-01,7.373555718853845864e-01,6.429232084590191798e-01
5.826603864088878426e-01,2.445791564884808034e-01,9.585623291811520286e-01,5.023595472657195193e-01,4.981618753353867501e-01,6.010977311159093617e-01,6.115459167676478014e-01
6.736413281270537956e-01,2.566972633103895247e-06,1.849217446735881880e-06,3.086014032624942019e-06,6.836829244613646939e-01,6.002419397341989260e-01,7.006627304006644019e-01
3.067623581018134038e-01,2.566972633103895247e-06,9.366125442943511459e-01,4.247434955851436822e-01,5.050850306539262924e-01,4.475883523388495266e-01,6.017598908820784853e-01
1.574555246438208433e-01,2.566972633103895247e-06,1.849217446735881880e-06,3.086014032624942019e-06,2.163727901907435969e-01,4.410151052766334567e-01,8.366370881307942931e-01
3.577726848801236043e-06,2.566972633103895247e-06,9.789463045650363959e-01,3.541761079555721392e-01,5.944534095579970812e-01,3.704558711867581023e-06,7.603019484142498063e-02
1.405260015187107621e-03,2.024628494152796998e-01,7.248746250726862961e-01,4.379003238806279397e-01,6.706360840641605314e-01,3.704558711867581023e-06,3.298193038088640394e-01
6.608282680381706298e-01,6.167201106028978863e-01,3.025052952046665133e-01,3.086014032624942019e-06,5.538200158329110723e-01,6.146652340585531116e-01,6.041124608050710831e-01
4.913467899310851039e-01,4.627147571627321931e-01,5.941958473716529854e-02,3.086014032624942019e-06,5.559148955066507518e-03,6.954367114076029921e-01,4.997869442399396900e-01
4.672229278444367528e-01,1.266207384593684981e-01,1.849217446735881880e-06,5.738002588444179874e-01,5.475703388426518547e-02,7.171769830632830356e-01,4.691386921836264712e-01
7.554576987384866715e-01,5.431170437060924838e-01,1.849217446735881880e-06,5.832691817126222089e-01,1.384598219352956572e-01,4.666789712124565503e-01,7.478870641290475962e-01
6.611917124940986934e-01,5.958506282427645795e-01,2.755923636011798350e-01,5.441734375545780322e-01,5.292952808941006060e-01,6.049560430410308998e-01,6.063238115055876731e-01
1.818642589424261380e-01,2.566972633103895247e-06,1.849217446735881880e-06,3.086014032624942019e-06,2.510507076042036319e-06,2.587507462511243750e-01,9.750979961409486085e-01
6.271094543093510554e-01,5.672190637462314333e-01,5.328890885733745808e-01,2.129542913842974727e-01,6.316988597695775143e-01,5.866136763830996914e-01,5.879363571219424767e-01
6.764498976017527809e-01,2.566972633103895247e-06,1.849217446735881880e-06,3.086014032624942019e-06,2.992018097239577124e-01,5.904978725540817042e-01,7.632843763137697746e-01
6.524310986015715574e-01,3.505914705498389683e-01,8.604852716193315265e-01,4.819816734281038295e-01,5.745752331345445052e-01,5.825729792798171047e-01,6.103349404637057329e-01
7.524494913938297724e-01,2.566972633103895247e-06,1.849217446735881880e-06,3.086014032624942019e-06,7.442245375345771796e-01,7.185755639621025370e-01,6.613044055182975001e-01
6.459334373580928323e-01,1.634651852061690669e-01,1.849217446735881880e-06,3.086014032624942019e-06,8.177527602540800578e-01,6.297511754722133759e-01,6.453591480272526937e-01
2.986499258346438368e-01,2.566972633103895247e-06,1.849217446735881880e-06,3.086014032624942019e-06,8.528247352769141587e-01,4.237347723449390591e-01,7.088608068623463154e-01
3.577726848801236043e-06,2.566972633103895247e-06,1.849217446735881880e-06,3.086014032624942019e-06,5.194328939112845545e-01,3.704558711867581023e-06,6.141689012573970929e-01
6.484530158237432618e-01,2.566972633103895247e-06,1.849217446735881880e-06,2.284074414972753764e-01,2.510507076042036319e-06,4.683138887898449787e-01,9.298485230598045881e-01
9.219073370585865179e-01,2.566972633103895247e-06,1.849217446735881880e-06,3.086014032624942019e-06,6.281362615685788242e-01,4.826302156885349803e-01,6.732946045852569172e-01
7.413121740298455054e-01,2.566972633103895247e-06,1.849217446735881880e-06,3.086014032624942019e-06,8.561766949015418016e-01,7.544096515595881680e-01,6.546599858891201107e-01
6.350258723477197886e-01,4.004286426877819438e-01,8.924206006692411153e-01,5.433696710492392778e-01,5.882702182362484766e-01,5.716356899466524810e-01,6.009252742349087129e-01
4.215293980380301342e-01,2.566972633103895247e-06,1.849217446735881880e-06,3.086014032624942019e-06,1.900077208384391148e-01,5.619824255326358875e-01,7.318267822930235589e-01
5.024196019810558411e-01,2.417698088082553542e-01,9.195741994445663092e-01,1.813202464027082739e-01,4.795888273164568005e-01,5.456510256866315967e-01,3.726407509967089582e-01
1.528119185293832782e-01,2.566972633103895247e-06,1.849217446735881880e-06,3.086014032624942019e-06,2.510507076042036319e-06,2.668020201354484033e-01,9.518611153729761298e-01
3.577726848801236043e-06,2.566972633103895247e-06,9.916103457426170831e-01,4.552825400684898938e-01,5.943598997474365264e-01,3.607620015320563145e-02,3.160593248334738758e-01
2.128710698573194615e-01,4.370960875552127867e-01,6.950790760143275016e-01,4.956043475821756972e-01,6.205518238035598877e-01,1.883932208848233258e-01,5.262649043178421193e-01
6.704791272867651752e-01,6.875551830845236800e-01,7.655201466850725112e-02,3.086014032624942019e-06,5.886968567469308411e-01,6.303076867582123599e-01,6.038190413693185210e-01
4.683803773484345734e-01,2.801321680065784747e-01,1.849217446735881880e-06,3.086014032624942019e-06,2.510507076042036319e-06,7.477727334106673007e-01,5.446711306745880554e-01
7.769537682807069467e-01,2.566972633103895247e-06,1.849217446735881880e-06,8.070979288666264573e-01,2.510507076042036319e-06,7.150181434010089987e-01,3.489821449703043865e-01
6.930387917763062289e-01,6.689030281287384749e-01,1.849217446735881880e-06,5.618545239329775232e-01,1.734640554760475406e-01,6.267176769960054461e-01,7.096538307063715578e-01
3.577726848801236043e-06,2.566972633103895247e-06,1.849217446735881880e-06,3.086014032624942019e-06,2.510507076042036319e-06,1.405921135588644733e-01,5.830173640137717994e-01
6.398223578569363079e-01,5.649481999592311787e-01,4.774162754138689957e-01,5.324352030827859128e-01,6.409437245788315307e-01,5.826764642868614841e-01,5.864886453794536658e-01
5.351026395232386657e-01,2.566972633103895247e-06,1.849217446735881880e-06,3.086014032624942019e-06,2.510507076042036319e-06,6.016486289509987984e-01,8.112268300327276638e-01
5.678593652713112006e-01,3.620222063566554960e-01,7.466953228805530696e-01,5.487556097700385660e-01,6.081541907223391163e-01,5.878728565843336362e-01,6.097096987975569871e-01
7.168761836477544058e-01,2.852962498383013190e-01,1.849217446735881880e-06,3.086014032624942019e-06,1.907062309122374566e-01,5.926265659059158919e-01,6.809147373914453683e-01
6.323708912410695993e-01,4.007109344371964088e-01,8.950016716656975513e-01,5.454372660658415306e-01,5.876662202088418496e-01,5.707056762695832397e-01,6.029744866187425334e-01
7.836829374306556462e-01,2.540077256813581819e-02,1.849217446735881880e-06,3.086014032624942019e-06,3.711250302482018704e-01,7.180759668311581523e-01,7.278371245459682726e-01
5.537168114982770062e-01,2.566972633103895247e-06,1.849217446735881880e-06,3.086014032624942019e-06,6.586276565890847312e-01,3.704558711867581023e-06,6.347483209052851016e-01
3.577726848801236043e-06,2.566972633103895247e-06,1.849217446735881880e-06,3.086014032624942019e-06,5.193567722886380800e-01,3.704558711867581023e-06,6.105001460962546922e-01
5.434353036458241526e-01,2.566972633103895247e-06,1.849217446735881880e-06,4.228182287075969992e-01,2.510507076042036319e-06,4.687851068078581207e-01,8.229248365902809281e-01
7.295344850000161641e-01,2.566972633103895247e-06,1.849217446735881880e-06,3.086014032624942019e-06,2.865496811924046483e-01,5.520281658017966997e-01,7.808945728569415268e-01
5.516478249330278860e-01,2.566972633103895247e-06,1.849217446735881880e-06,3.086014032624942019e-06,7.084262675626735728e-01,3.901965082048381439e-01,7.171618837908122490e-01
6.530713352248890269e-01,3.288803873399381295e-01,9.419291117946791969e-01,4.914694221696811471e-01,5.677952888636867979e-01,5.807621735739313396e-01,6.075849690970993588e-01
1.563951932242501897e-01,2.566972633103895247e-06,1.849217446735881880e-06,3.086014032624942019e-06,2.510507076042036319e-06,2.685329381186685738e-01,8.563091343991683368e-01
3.903416864038823375e-01,2.566972633103895247e-06,9.420873692005414801e-01,4.021715380315152855e-01,5.743470131681712720e-01,6.630489708101592328e-01,6.637796067296174440e-01
4.437917438959877448e-01,2.566972633103895247e-06,8.700505523202624047e-01,4.946334541969524823e-01,6.284781809637016714e-01,6.614893150560757773e-01,6.585245584951552322e-01
6.242931423964034332e-01,6.020692678580237267e-01,3.585319613859593302e-01,5.356819101804728422e-01,6.858013370550495313e-01,6.005422073814592476e-01,5.895186626846362632e-01
7.315780835700779194e-01,5.898320690955114465e-01,1.849217446735881880e-06,3.086014032624942019e-06,2.510507076042036319e-06,6.553409230654723139e-01,8.183903008527689815e-01
2.337240668831428447e-01,2.566972633103895247e-06,1.849217446735881880e-06,6.815403919320018877e-01,2.510507076042036319e-06,3.704558711867581023e-06,4.282405132853127614e-06
7.964090751459449447e-01,3.408609234723905534e-01,1.849217446735881880e-06,6.297908634483042611e-01,2.510507076042036319e-06,6.893954947482527906e-01,6.306641898295535231e-01
6.505755692582708694e-01,6.119269452724451774e-01,2.759408747649370053e-01,5.462066318788720842e-01,3.632334494638883582e-01,6.009395669388948313e-01,6.381530415166724035e-01
6.442852433088228636e-01,4.463510968470685847e-01,6.450237529804985215e-01,4.790931115600086665e-01,6.001952307098582517e-01,5.866178864712818797e-01,6.026587984698019707e-01
5.946805217899220342e-01,2.566972633103895247e-06,1.849217446735881880e-06,3.086014032624942019e-06,2.510507076042036319e-06,4.035561575346389152e-01,7.445709275998737553e-01
6.352076395898595962e-01,3.110739437979908595e-01,9.202269633450174124e-01,4.549611771175969821e-01,5.974586197353034533e-01,5.862508291534780369e-01,6.153648477135951200e-01
7.367591251837029009e-01,1.921079794665933871e-01,1.849217446735881880e-06,3.086014032624942019e-06,1.116782209565338746e-01,6.538549698427744694e-01,7.268458294043572687e-01
6.341010561045884453e-01,3.978437417107751894e-01,8.934544468702489972e-01,5.417545774468456310e-01,5.890803628914818013e-01,5.719921960558023155e-01,6.017069490102293639e-01
5.444451516671630076e-01,2.566972633103895247e-06,1.849217446735881880e-06,3.086014032624942019e-06,1.046757199555055640e-01,6.089300024501673736e-01,7.548633059886213914e-01
4.530985597984517055e-01,2.566972633103895247e-06,1.849217446735881880e-06,3.086014032624942019e-06,3.307924038735086669e-01,3.704558711867581023e-06,5.173044771707961953e-01
5.655286212734114137e-01,2.566972633103895247e-06,1.849217446735881880e-06,2.166316119831749598e-01,2.510507076042036319e-06,4.907981505966214630e-01,7.274554277595889351e-01
6.045117978553805616e-01,2.566972633103895247e-06,1.849217446735881880e-06,1.077862054433538497e-01,2.510507076042036319e-06,4.016943889711906412e-01,7.133398855289988516e-01
5.649240808915543255e-01,2.566972633103895247e-06,1.849217446735881880e-06,3.086014032624942019e-06,2.827777726793893609e-01,5.348269766805814542e-05,5.656821830111558036e-01
6.944943701670529546e-01,2.712223965717697749e-01,8.905740088076186112e-01,5.031710255746087990e-01,5.775606400978375854e-01,5.865705359733324187e-01,6.174262680145761184e-01
3.969402694296487732e-01,9.143348898710550350e-04,9.146801945454841043e-01,5.180198764931979172e-01,6.188737670688007064e-01,3.869243860885796527e-01,6.839831574912718093e-01
5.594134904964270794e-01,4.694715835220065747e-01,2.834709623525557554e-01,5.662383818277246794e-01,6.482582107264833748e-01,5.697317945131843420e-01,6.232874792104998729e-01
6.725019293075775728e-01,4.512153303635580981e-01,1.849217446735881880e-06,3.086014032624942019e-06,1.486684632850827081e-01,6.704831029410220911e-01,7.482943423297503394e-01
3.577726848801236043e-06,2.566972633103895247e-06,1.849217446735881880e-06,3.086014032624942019e-06,2.510507076042036319e-06,7.127896033899422390e-01,4.282405132853127614e-06
3.577726848801236043e-06,2.566972633103895247e-06,1.849217446735881880e-06,6.735459734632303075e-01,2.510507076042036319e-06,1.854469777855996537e-01,4.282405132853127614e-06
7.809860481262759224e-01,5.763459026788794182e-01,1.849217446735881880e-06,5.837455367936952300e-01,7.936080658973682089e-02,6.695105725709532551e-01,5.935154366045010121e-01
6.323686855464523138e-01,5.610898660431551388e-01,5.246194206361143308e-01,5.341265074496778231e-01,4.704286333222403305e-01,5.810626491267809612e-01,6.096204399058530177e-01
6.430312834117720699e-01,5.100864823060522468e-01,6.665794750107533195e-01,5.354479476698180695e-01,6.087567397340862829e-01,4.247722991998441611e-01,6.129912360037610419e-01
3.075505338141087397e-01,2.566972633103895247e-06,1.849217446735881880e-06,3.086014032624942019e-06,2.510507076042036319e-06,1.443309447406694868e-01,5.444292421453862385e-01
3.577726848801236043e-06,2.566972633103895247e-06,1.849217446735881880e-06,3.086014032624942019e-06,2.510507076042036319e-06,1.357811392415458618e-01,5.844826821493320779e-01
3.612679755108478830e-01,2.566972633103895247e-06,1.849217446735881880e-06,3.086014032624942019e-06,2.510507076042036319e-06,2.414856683920404978e-01,5.504116736643388519e-01
6.258784066278152425e-01,4.723697292911268053e-01,7.277051526580442520e-01,5.360231574875791161e-01,6.033351027424553870e-01,5.747328595095653192e-01,5.974277366454128213e-01
6.725578369140009505e-01,6.718022634449617447e-01,2.490938997134697908e-01,5.380793360106900236e-01,5.788458686873029224e-01,6.028296886270756438e-01,5.976519574352258113e-01
9.036908203131329698e-01,5.012060295932879023e-02,1.849217446735881880e-06,4.377713779889098045e-01,2.510507076042036319e-06,7.382198354198564738e-01,6.656299343526923540e-01
7.633500341927680344e-01,2.566972633103895247e-06,1.849217446735881880e-06,3.376245361765997099e-01,2.510507076042036319e-06,6.751268302058961446e-01,6.907407610759088712e-01
9.024573418661004931e-01,2.566972633103895247e-06,5.139763705982264286e-02,5.884351828204000823e-01,4.670815037498110556e-02,4.921789035911636190e-01,5.486758796157046314e-01
5.023052659743606485e-01,6.921185530259793550e-01,2.856075091797917187e-01,2.160268024488454230e-01,1.671867022866916075e-01,2.035326200231170335e-01,3.521082306084137303e-01
3.577726848801236043e-06,2.566972633103895247e-06,1.849217446735881880e-06,3.086014032624942019e-06,2.510507076042036319e-06,6.660832489323268435e-01,7.417946386631361078e-01
3.577726848801236043e-06,2.566972633103895247e-06,1.849217446735881880e-06,3.086014032624942019e-06,2.510507076042036319e-06,7.807143344978472177e-01,1.617588743736004253e-01
3.577726848801236043e-06,2.566972633103895247e-06,1.849217446735881880e-06,3.086014032624942019e-06,2.510507076042036319e-06,7.070308264735750692e-01,7.308275121301607280e-01
3.577726848801236043e-06,2.566972633103895247e-06,1.849217446735881880e-06,3.086014032624942019e-06,8.970881305814272511e-02,3.704558711867581023e-06,7.681725122243272530e-01
3.577726848801236043e-06,2.566972633103895247e-06,1.849217446735881880e-06,3.086014032624942019e-06,2.510507076042036319e-06,3.704558711867581023e-06,5.967534792717235081e-01
3.577726848801236043e-06,2.566972633103895247e-06,1.849217446735881880e-06,3.086014032624942019e-06,2.510507076042036319e-06,3.704558711867581023e-06,7.913832594611204252e-01
7.183929363035006510e-01,7.182844229035479922e-01,6.185760617472115669e-02,3.086014032624942019e-06,6.652819229017408187e-01,6.423018641542800333e-01,5.874425192674980201e-01
7.368984890721785863e-01,7.028960062948088616e-01,1.598773529053932885e-01,3.086014032624942019e-06,6.735696645673650007e-01,4.585151424397575504e-01,6.011433603929894343e-01
6.738658138220888771e-01,5.340222473632464384e-01,1.465031771227998936e-01,3.086014032624942019e-06,7.101666802713136883e-01,6.522374123820876557e-01,4.982524581315985190e-01
2.709659150859788923e-01,2.566972633103895247e-06,1.849217446735881880e-06,3.086014032624942019e-06,1.777856360043683082e-01,7.444943221503342867e-01,7.784223162688531650e-01
3.577726848801236043e-06,2.566972633103895247e-06,1.849217446735881880e-06,3.086014032624942019e-06,2.510507076042036319e-06,8.075013064267463347e-01,3.971732353133695659e-01
2.166125356197173557e-01,2.566972633103895247e-06,1.849217446735881880e-06,3.086014032624942019e-06,2.510507076042036319e-06,6.688887789299328146e-01,8.367243225940266260e-01
2.564125619440074111e-01,2.566972633103895247e-06,1.849217446735881880e-06,2.302592194233415712e-01,1.243799299739032221e-01,7.921965443804106499e-01,8.278294746601981835e-01
7.521909299676654559e-01,5.290848656162507879e-01,1.849217446735881880e-06,2.989141364768458931e-01,4.452661382911565213e-01,6.589942920560002415e-01,6.405381249878457917e-01
5.839191628227561326e-01,2.566972633103895247e-06,1.849217446735881880e-06,3.086014032624942019e-06,6.447835194754949484e-01,6.660272703524239279e-01,7.037958708652658490e-01
3.577726848801236043e-06,2.566972633103895247e-06,1.849217446735881880e-06,3.086014032624942019e-06,5.320564285338231780e-01,6.354324555801912355e-01,7.586182527256015717e-01
3.577726848801236043e-06,2.566972633103895247e-06,1.849217446735881880e-06,3.086014032624942019e-06,2.510507076042036319e-06,3.704558711867581023e-06,5.964875429861313805e-01
3.577726848801236043e-06,2.566972633103895247e-06,1.849217446735881880e-06,2.539172181740294021e-01,2.510507076042036319e-06,4.131862924518524549e-01,8.793366401861197890e-01
4.641961746593237237e-01,2.566972633103895247e-06,1.849217446735881880e-06,3.086014032624942019e-06,5.373850387201134504e-01,6.852131619623003100e-01,7.255745496704875119e-01
6.628919429306677769e-01,5.906463569804014657e-01,3.207870192524157615e-01,2.915149822953623793e-01,6.625926464387300596e-01,6.181833604632801515e-01,5.244024914702546392e-01
3.577726848801236043e-06,2.566972633103895247e-06,1.849217446735881880e-06,3.086014032624942019e-06,2.101861212314121430e-01,1.332683922899875473e-01,8.946508281108702665e-01
6.218979831128419455e-01,5.534914140716791220e-01,4.212176048910351578e-01,3.086014032624942019e-06,6.801887681000168273e-01,5.703424132287832071e-01,5.950538795503094169e-01
3.577726848801236043e-06,2.566972633103895247e-06,1.849217446735881880e-06,3.086014032624942019e-06,1.642219679468076010e-01,3.704558711867581023e-06,6.555616540611231002e-01
5.430917104414522134e-01,5.647805582799736435e-01,3.255282511502879950e-01,3.086014032624942019e-06,6.396472419677439181e-01,3.617384691142213615e-01,5.690684997273462997e-01
5.911280930590661065e-01,5.949723542280073163e-01,2.071083871635233942e-01,3.086014032624942019e-06,7.104208376179921292e-01,2.321595694108922470e-01,1.913925963706168965e-01
3.902142962861864239e-01,3.707497015136186347e-01,4.176854926240744503e-02,3.086014032624942019e-06,4.806379146539436764e-01,5.098311276456116703e-01,6.744264441398531984e-01
3.577726848801236043e-06,2.566972633103895247e-06,1.849217446735881880e-06,3.086014032624942019e-06,7.174092831671231851e-02,7.048546786709968259e-01,3.039304830893662102e-01
3.577726848801236043e-06,2.566972633103895247e-06,1.849217446735881880e-06,2.385860393069114960e-01,2.510507076042036319e-06,6.944635573207663670e-01,6.225634699734622357e-01
6.541266025496749181e-01,3.543194797749352198e-01,1.849217446735881880e-06,3.350870503848416559e-01,3.637280709592628503e-01,6.964126722198942243e-01,6.879328787857502681e-01
7.481779161893663543e-01,7.813962407455354864e-01,1.849217446735881880e-06,2.806701640451826907e-01,7.336956033483853501e-01,4.842146122077380377e-01,4.323196140678638999e-01
3.577726848801236043e-06,2.566972633103895247e-06,1.849217446735881880e-06,3.086014032624942019e-06,2.510507076042036319e-06,3.704558711867581023e-06,8.326313576486005230e-01
3.891317053566509254e-01,2.566972633103895247e-06,1.849217446735881880e-06,3.086014032624942019e-06,6.180145973837539719e-01,7.196803742633255396e-01,7.078558928382898685e-01
3.577726848801236043e-06,2.566972633103895247e-06,1.849217446735881880e-06,3.086014032624942019e-06,2.510507076042036319e-06,5.293192490117467480e-02,6.243801184683271943e-01
5.950497280603607164e-01,2.566972633103895247e-06,1.849217446735881880e-06,3.086014032624942019e-06,7.128135971765446888e-01,7.217198761173756472e-01,6.783272110731084492e-01
8.276676053322712390e-02,2.566972633103895247e-06,1.849217446735881880e-06,3.086014032624942019e-06,7.559656216204728718e-01,6.695312072006853743e-01,7.201893858969846685e-01
3.577726848801236043e-06,2.566972633103895247e-06,1.849217446735881880e-06,3.086014032624942019e-06,2.970400474117923517e-01,3.704558711867581023e-06,8.300976933968725602e-01
2.273475612940027146e-01,2.566972633103895247e-06,1.849217446735881880e-06,3.086014032624942019e-06,2.510507076042036319e-06,4.926367636750680901e-01,9.508846046938398411e-01
5.839735399472001376e-01,2.566972633103895247e-06,1.849217446735881880e-06,3.086014032624942019e-06,4.002555580618159525e-01,5.617641246639336616e-01,7.663149457358082728e-01
6.760267643486286282e-01,4.750873073903583710e-01,4.639038040213858127e-01,5.516819745967143085e-01,6.584339231954079441e-01,6.022125728618131779e-01,5.967815145387398434e-01
3.577726848801236043e-06,2.566972633103895247e-06,1.849217446735881880e-06,3.086014032624942019e-06,2.113685421598351100e-01,3.489891526298342095e-01,8.778208953777206780e-01
5.428123074518627078e-01,4.473823036551928256e-01,6.381708815952960023e-01,5.504505054179956725e-01,6.512853010402482878e-01,4.570066314606271995e-01,3.854468560840547675e-01
3.577726848801236043e-06,2.566972633103895247e-06,1.849217446735881880e-06,3.086014032624942019e-06,2.098393476338298869e-01,5.965453263811090062e-02,9.037151759194601564e-01
4.429606921811816700e-01,3.603711215342249585e-01,6.560034831956883528e-01,5.797997773859374648e-01,5.499426914306663194e-01,4.955728583827169742e-01,4.282405132853127614e-06
5.814996058558761227e-01,5.101161972270431555e-01,4.843143153020158520e-01,3.086014032624942019e-06,6.847141406057175583e-01,2.804973070508789412e-01,4.282405132853127614e-06
4.888225299911448385e-01,5.622804438775277358e-01,2.654184576800345807e-01,3.086014032624942019e-06,6.656544165272794134e-01,1.650157576843724883e-01,4.223917861698040510e-01
5.276700788612349591e-01,3.715889004072727153e-01,1.849217446735881880e-06,3.086014032624942019e-06,3.964937443578952503e-01,6.783165177560208647e-01,6.920982937319338779e-01
3.577726848801236043e-06,2.566972633103895247e-06,1.849217446735881880e-06,3.086014032624942019e-06,2.510507076042036319e-06,6.375303269284204877e-01,1.361209907651094175e-01
3.577726848801236043e-06,2.566972633103895247e-06,1.849217446735881880e-06,7.814722861218231786e-01,2.510507076042036319e-06,3.704558711867581023e-06,9.408351883948472272e-02
1.607708974710315708e-01,2.566972633103895247e-06,1.849217446735881880e-06,5.067455599291058599e-01,2.510507076042036319e-06,1.573829067924938929e-01,3.232780686854226648e-02
8.135220243559101450e-01,2.566972633103895247e-06,1.849217446735881880e-06,4.509086621548079599e-01,2.510507076042036319e-06,7.064622046870028260e-01,7.930807734077456317e-01
3.577726848801236043e-06,2.566972633103895247e-06,1.849217446735881880e-06,3.086014032624942019e-06,2.510507076042036319e-06,3.704558711867581023e-06,6.976311794375487096e-01
7.347002668080231391e-01,6.520513002357978261e-01,1.849217446735881880e-06,5.615966321495412528e-01,3.466818507407609662e-01,6.322115302152830907e-01,6.532042991253794728e-01
3.577726848801236043e-06,2.566972633103895247e-06,1.849217446735881880e-06,3.086014032624942019e-06,2.510507076042036319e-06,5.859542258422281713e-02,8.962650951048890535e-01
6.628617834328386360e-01,7.332250851778210343e-01,9.300675539746845744e-02,5.504883461795346822e-01,7.789889348334188002e-01,3.206703842958097406e-01,5.838498335398352168e-01
3.577726848801236043e-06,2.566972633103895247e-06,1.849217446735881880e-06,3.086014032624942019e-06,1.170671826450428443e-01,2.284940639315924116e-01,9.532952695793366349e-01
9.277794363000796407e-01,7.908890560738388031e-02,1.849217446735881880e-06,3.086014032624942019e-06,9.112947389622439998e-01,7.346470818215564691e-01,6.316054877225467656e-01
3.577726848801236043e-06,2.566972633103895247e-06,1.849217446735881880e-06,3.086014032624942019e-06,2.510507076042036319e-06,5.509342185676115861e-02,7.226550170828022202e-01
7.531928554940522380e-01,2.566972633103895247e-06,1.849217446735881880e-06,3.086014032624942019e-06,9.372584913525160433e-01,7.672534351460864599e-01,5.188246389140426240e-01
2.915351427471539192e-01,2.566972633103895247e-06,1.849217446735881880e-06,3.086014032624942019e-06,8.872949823968747651e-01,6.737364615778516086e-01,6.913636715819994061e-01
3.577726848801236043e-06,2.566972633103895247e-06,1.849217446735881880e-06,3.086014032624942019e-06,3.864520899877365023e-01,5.359517621609956040e-01,7.928142236589802438e-01
3.577726848801236043e-06,2.566972633103895247e-06,1.849217446735881880e-06,3.086014032624942019e-06,2.510507076042036319e-06,5.706706961541935935e-02,8.798037310462117899e-01
5.145552887515336682e-01,2.566972633103895247e-06,1.849217446735881880e-06,3.086014032624942019e-06,2.510507076042036319e-06,4.945465324414322072e-01,9.306378047784732432e-01
9.239380165601751571e-01,2.402235464649248031e-02,1.849217446735881880e-06,3.086014032624942019e-06,6.307878636244421688e-01,7.518706045509909730e-01,6.633774202732524161e-01
5.570456998317909747e-01,3.390298652784912159e-01,6.460497437896900452e-01,5.670072562022936413e-01,6.389879398426658863e-01,6.047935648230395866e-01,6.141277992247911044e-01
1.768097296700676946e-01,2.566972633103895247e-06,1.849217446735881880e-06,3.086014032624942019e-06,4.588078175360841282e-01,5.333786706121603771e-01,7.803819016830791933e-01
2.801127731145092170e-01,1.979705600410779087e-01,7.539231455287972450e-01,5.066241368261452660e-01,6.053351307567580442e-01,5.122996946594563505e-01,4.997492776011037696e-01
1.763915029621128394e-01,2.566972633103895247e-06,1.849217446735881880e-06,3.086014032624942019e-06,3.794217075103930581e-01,5.290586523497333715e-01,7.934194664256819518e-01
3.577726848801236043e-06,1.393476638822465086e-01,8.370048348978655905e-01,3.742997190937754071e-01,6.071834468315099320e-01,2.367035799575269717e-01,4.282405132853127614e-06
3.577726848801236043e-06,2.566972633103895247e-06,1.849217446735881880e-06,3.086014032624942019e-06,2.073917428325647849e-01,4.013033965224255817e-01,7.444541242116921032e-01
2.683098086249321446e-01,1.977221309203761046e-01,7.403671820889402566e-01,4.394222331901205814e-01,6.416425848314142311e-01,3.704558711867581023e-06,4.282405132853127614e-06
3.872028929350431192e-01,6.125212436922651271e-01,4.911884537235994275e-01,3.086014032624942019e-06,6.506419380874248759e-01,3.704558711867581023e-06,2.985162411614526445e-01
4.243263538553561087e-01,5.577168263117304736e-01,1.662437887321110142e-01,3.086014032624942019e-06,4.912733997916315376e-01,4.754376698523693490e-01,6.670041532070289936e-01
9.140887460779148488e-02,1.405092077625674785e-01,1.849217446735881880e-06,3.086014032624942019e-06,2.510507076042036319e-06,7.879891069945573756e-01,1.514446106861481178e-01
3.577726848801236043e-06,2.566972633103895247e-06,1.849217446735881880e-06,6.200110490487339421e-01,2.510507076042036319e-06,3.704558711867581023e-06,4.282405132853127614e-06
3.021485401182540387e-01,2.566972633103895247e-06,1.849217446735881880e-06,4.616647757626784476e-01,2.510507076042036319e-06,6.116341264966214109e-01,5.028922641496353929e-01
8.695758368225321444e-01,2.684816408341652028e-01,1.849217446735881880e-06,6.492418465444844689e-01,2.510507076042036319e-06,6.926173037119152109e-01,7.387562169124803901e-01
3.577726848801236043e-06,2.566972633103895247e-06,1.849217446735881880e-06,3.086014032624942019e-06,2.510507076042036319e-06,3.704558711867581023e-06,6.945329450275037342e-01
7.126191030079193078e-01,7.113765456959026956e-01,1.849217446735881880e-06,5.495124628037788561e-01,4.982006123540176912e-01,6.291863479626447209e-01,6.121510981880322610e-01
1.532191392713393163e-01,2.566972633103895247e-06,1.849217446735881880e-06,3.086014032624942019e-06,2.510507076042036319e-06,1.422785397459871981e-01,9.855658249972378826e-01
6.747445355491351604e-01,7.416747705859524364e-01,2.287960941459129538e-01,5.269806519921630406e-01,7.094781563304354277e-01,6.005496400062746432e-01,5.703973836531818220e-01
2.750798056323897622e-01,2.566972633103895247e-06,1.849217446735881880e-06,3.086014032624942019e-06,2.125246393037769632e-01,4.366080785251094110e-01,8.438455871477502646e-01
8.934094925173835522e-01,2.027110556740740754e-01,1.849217446735881880e-06,2.684635509165780864e-01,9.168549018509243309e-01,7.288306630805724273e-01,6.217735134453030721e-01
3.577726848801236043e-06,2.566972633103895247e-06,1.849217446735881880e-06,3.086014032624942019e-06,2.510507076042036319e-06,3.704558711867581023e-06,5.566620045510378700e-01
7.155315201863370334e-01,1.494084923065097936e-01,1.849217446735881880e-06,3.086014032624942019e-06,9.425754128124862463e-01,7.444515455753480948e-01,6.360834621554875001e-01
3.104862683356242603e-01,8.262485739314168187e-02,1.849217446735881880e-06,3.086014032624942019e-06,9.762804830631804931e-01,6.256173366649511181e-01,6.666826985042602072e-01
1.371756818657331456e-01,2.566972633103895247e-06,1.849217446735881880e-06,3.086014032624942019e-06,4.594746062420696497e-01,3.069696658468602513e-01,7.503221448488386347e-01
2.133881702025601790e-01,2.566972633103895247e-06,1.849217446735881880e-06,2.363550599033242272e-01,2.510507076042036319e-06,5.057737461187924444e-01,7.547448462498720367e-01
8.836388955609900675e-01,2.566972633103895247e-06,1.849217446735881880e-06,2.354853461367417689e-01,2.510507076042036319e-06,5.304601959031995939e-01,9.116295870098436449e-01
9.094107716402048958e-01,6.115414932223236372e-02,1.849217446735881880e-06,2.797005181575926702e-01,8.299775257671209161e-01,7.256491878012226726e-01,6.388446598981638580e-01
4.933997064355507001e-01,1.195654876248249537e-01,9.227318753598392487e-01,3.979730658456469006e-01,5.765259463159018161e-01,6.511971567663238369e-01,5.546770217614405141e-01
6.045458735865099076e-01,2.566972633103895247e-06,1.849217446735881880e-06,3.086014032624942019e-06,3.002731636020790629e-01,6.409748027781592139e-01,7.617777107603341813e-01
1.102730271817200652e-01,2.566972633103895247e-06,9.285987034771604476e-01,4.221124474708988772e-01,4.886076456828268855e-01,5.709516285816546022e-01,3.588453751962238369e-01
4.649748298734237562e-01,2.566972633103895247e-06,1.849217446735881880e-06,3.086014032624942019e-06,4.579955959584054992e-01,6.450373819447093870e-01,7.350149504042630122e-01
3.577726848801236043e-06,2.566972633103895247e-06,1.000000000000000000e+00,3.564169539313489232e-01,5.126627546463894403e-01,3.704558711867581023e-06,7.712194457765115217e-03
3.577726848801236043e-06,2.566972633103895247e-06,1.849217446735881880e-06,3.086014032624942019e-06,3.019771335668824386e-01,3.917785138097649167e-01,8.120989906260986935e-01
3.577726848801236043e-06,1.722504015971571822e-01,8.279286960336976753e-01,4.379676887528183848e-01,6.304779674753945296e-01,3.704558711867581023e-06,4.282405132853127614e-06
3.777158852865944438e-01,5.536232492711424813e-01,5.544478282236564581e-01,4.878912965341188901e-01,6.683101724280334777e-01,3.704558711867581023e-06,3.071335276825563620e-01
4.541651706955554535e-01,6.068090453804292350e-01,1.109648337099770204e-01,3.086014032624942019e-06,5.778341659538314135e-01,6.369922672634665828e-01,6.326064755822946584e-01
4.236957052514978006e-01,2.500514068133144474e-01,1.849217446735881880e-06,3.086014032624942019e-06,2.510507076042036319e-06,8.602867163609536627e-01,1.174921002813526100e-01
8.206550606917130120e-01,3.651297185065914830e-01,1.849217446735881880e-06,6.203906663587993586e-01,2.510507076042036319e-06,6.051664434973420548e-01,7.193351384282717920e-01
6.823865921856110406e-01,7.286584465950562972e-01,1.849217446735881880e-06,5.527426878115246911e-01,1.699743669129832324e-01,6.167229276516617009e-01,6.994930401682802890e-01
3.577726848801236043e-06,2.566972633103895247e-06,1.849217446735881880e-06,3.086014032624942019e-06,2.510507076042036319e-06,6.176188318179961362e-02,7.122497614701817081e-01
6.566153913190342362e-01,6.728381751155761981e-01,3.019147517552489557e-01,2.477281934011457964e-01,6.906833123145561526e-01,6.064150724899219913e-01,5.762753423937345687e-01
1.669784536046091672e-01,2.566972633103895247e-06,1.849217446735881880e-06,3.086014032624942019e-06,2.510507076042036319e-06,3.542032428905904085e-01,9.635662381033387458e-01
3.788700937699300275e-01,3.423288653317799746e-01,6.507794081441253820e-01,5.745604763414720040e-01,6.407259858257288165e-01,6.416065758874631708e-01,5.011528506682791928e-01
5.071142204102916384e-01,2.566972633103895247e-06,1.849217446735881880e-06,3.086014032624942019e-06,2.180516438841154647e-01,5.940158430296168524e-01,7.994678452357560916e-01
8.240237415566910029e-01,2.915100607788994047e-01,1.849217446735881880e-06,2.623944938327497090e-01,8.605177526153524603e-01,7.022611084216212607e-01,6.119661390413054791e-01
5.889522428403152210e-01,4.249195939000417754e-02,1.849217446735881880e-06,3.086014032624942019e-06,9.324922924442043959e-01,6.909941847767161471e-01,6.587271240349533707e-01
7.363658025685448916e-02,2.566972633103895247e-06,1.849217446735881880e-06,3.086014032624942019e-06,9.064553164626050208e-01,5.691819881824383698e-01,7.079764996981454672e-01
3.577726848801236043e-06,1.028544444425283647e-05,1.849217446735881880e-06,3.086014032624942019e-06,4.089911904677953625e-01,3.704558711867581023e-06,5.206112890597369702e-01
3.712760222449253966e-01,2.566972633103895247e-06,1.849217446735881880e-06,2.328286676165794156e-01,2.510507076042036319e-06,4.950037688085689447e-01,7.472063040457221916e-01
9.374037371849143208e-01,2.566972633103895247e-06,1.849217446735881880e-06,2.275364235286219117e-01,1.305481964343588597e-01,6.950575955656232985e-01,7.927006716256166374e-01
8.602316141399249938e-01,9.232090335073450750e-06,1.849217446735881880e-06,3.795114995843942851e-01,7.438180403415619590e-01,7.200009646819340858e-01,6.531962627578101754e-01
3.810154243774449556e-01,2.566972633103895247e-06,9.764617016119838677e-01,7.222992394498368995e-02,4.711526098462546219e-01,6.936005931962272442e-01,5.634503426406534121e-01
7.696989235850153488e-01,2.566972633103895247e-06,1.849217446735881880e-06,3.086014032624942019e-06,3.001979596893503688e-01,6.619578822778261484e-01,7.557774274630408851e-01
9.958734829772591945e-02,2.566972633103895247e-06,8.928698907621550607e-01,4.310125870243007862e-01,4.831042359074774750e-01,5.482088881510550626e-01,4.996512461860227461e-01
2.025864560267319481e-01,2.566972633103895247e-06,1.849217446735881880e-06,3.086014032624942019e-06,2.999348184455829514e-01,6.414351057527372113e-01,7.941636586011187049e-01
3.577726848801236043e-06,2.566972633103895247e-06,9.081993047020268106e-01,3.560037675940639912e-01,6.053830931750879829e-01,3.704558711867581023e-06,4.282405132853127614e-06
3.577726848801236043e-06,2.566972633103895247e-06,1.849217446735881880e-06,3.086014032624942019e-06,2.510507076042036319e-06,5.946379875113191882e-02,9.032236692250739107e-01
3.577726848801236043e-06,2.566972633103895247e-06,9.040582678477855350e-01,4.395659600386436772e-01,6.761016745307966147e-01,3.704558711867581023e-06,1.965467299130839174e-01
5.294717712502020612e-01,5.684913576133292512e-01,6.188758838513261917e-01,4.872134516838118046e-01,6.452108824940071541e-01,3.704558711867581023e-06,4.014230627921887007e-01
5.448641886302834081e-01,6.172547810812626379e-01,5.453678814104068878e-02,3.086014032624942019e-06,5.214512761239410432e-01,6.309494393357998332e-01,6.366961891729026046e-01
2.439744924471614618e-01,1.599708590722328239e-01,1.849217446735881880e-06,3.086014032624942019e-06,2.510507076042036319e-06,9.525757995191351801e-01,4.282405132853127614e-06
4.689646613511527229e-01,2.566972633103895247e-06,1.849217446735881880e-06,6.719365503046238475e-01,2.510507076042036319e-06,1.513638970488944968e-01,4.282405132853127614e-06
7.843993830537112633e-01,4.806393918029211454e-01,1.849217446735881880e-06,5.930787092376368363e-01,1.154791701583919028e-01,6.635054795077336420e-01,6.654759550962133785e-01
6.295471970032803233e-01,7.279834226398775865e-01,5.545845551501193960e-02,5.369031347574161339e-01,5.173656798709023175e-01,6.161138162515849004e-01,6.018163908403323381e-01
1.843343330681698200e-01,2.566972633103895247e-06,1.849217446735881880e-06,3.086014032624942019e-06,2.510507076042036319e-06,2.837329677244244674e-01,5.815978102309339315e-01
6.319493334841007615e-01,5.120647531710278422e-01,5.861310662544820804e-01,5.319729863082219845e-01,6.249368349923757338e-01,5.773778863922777171e-01,5.913277655824706880e-01
5.100760181396325477e-01,2.566972633103895247e-06,1.849217446735881880e-06,3.086014032624942019e-06,2.510507076042036319e-06,5.064705417011313715e-01,8.187154976808944662e-01
5.564962568011918576e-01,1.370470108869527581e-01,9.182403155951560647e-01,3.962336383124819839e-01,5.926002634310468808e-01,6.550942430838386787e-01,5.234224840510310894e-01
7.723550300460620965e-01,2.566972633103895247e-06,1.849217446735881880e-06,3.086014032624942019e-06,2.989977400185763745e-01,6.585098200566730231e-01,7.580308617372405466e-01
8.981995409994515400e-01,2.566972633103895247e-06,1.849217446735881880e-06,3.086014032624942019e-06,8.496459813241201697e-01,6.521680238916787165e-01,6.613738495495063985e-01
3.101332896755846225e-01,2.566972633103895247e-06,1.849217446735881880e-06,3.086014032624942019e-06,8.715801177663327071e-01,1.798107872022882969e-01,7.710343179274121717e-01
5.396738290822545858e-01,2.566972633103895247e-06,1.849217446735881880e-06,3.086014032624942019e-06,2.510507076042036319e-06,2.115044219959539562e-01,7.274743224253241713e-01
7.345301582374321736e-01,2.566972633103895247e-06,1.849217446735881880e-06,3.086014032624942019e-06,2.510507076042036319e-06,6.886060252495100897e-01,8.983169453803677706e-01
7.357471614960983120e-01,2.566972633103895247e-06,1.849217446735881880e-06,3.086014032624942019e-06,7.037852636073438362e-01,6.494476312328666401e-01,6.865900692458826171e-01
6.347935091719084655e-01,2.575295133547769177e-01,8.249310018785882548e-01,5.141186489706480733e-01,4.998679946734184143e-01,5.999707788694322863e-01,6.148844447026442506e-01
7.580497050131027592e-01,2.566972633103895247e-06,1.849217446735881880e-06,3.086014032624942019e-06,1.841882565974890529e-01,6.665860166235072493e-01,7.066416651795296433e-01
3.839648882225990545e-01,1.572675441350769032e-01,8.780463832147520353e-01,2.060410753338870748e-01,5.335403654707296939e-01,7.341276816832369434e-01,2.626804524928904039e-01
1.570029296125936003e-01,2.566972633103895247e-06,1.849217446735881880e-06,3.086014032624942019e-06,2.510507076042036319e-06,2.712857900376007825e-01,8.551886439132766471e-01
1.722330371280523797e-01,2.566972633103895247e-06,9.415862526811314970e-01,4.428479750996447972e-01,6.446236447477288189e-01,3.011433196139899904e-01,3.687353524164958540e-01
1.303543124300704792e-01,2.814440817683309670e-01,7.601261748361144432e-01,5.390589240763867807e-01,6.851787433266791627e-01,3.704558711867581023e-06,5.876669317645526192e-02
6.433133422377375066e-01,5.670094745035082484e-01,4.902127086827944846e-01,5.297706237442801891e-01,6.420189424987116089e-01,5.886883662581287036e-01,5.905570717979508055e-01
4.835777483044960690e-01,5.522673574263233798e-01,1.849217446735881880e-06,3.086014032624942019e-06,1.457172772416151507e-01,6.769921071761628717e-01,6.190193705291187065e-01
5.479346505801606648e-01,2.566972633103895247e-06,1.849217446735881880e-06,8.185154052348629916e-01,2.510507076042036319e-06,7.296648842573991711e-01,4.708662351525808587e-01
6.927626748215548469e-01,6.845827004880576938e-01,1.849217446735881880e-06,5.671556706176806850e-01,2.456789296459426994e-02,6.247738636894032416e-01,7.696577065666999617e-01
6.204072486507451467e-01,5.364542650717546435e-01,5.660110607748672917e-01,5.344338833058959182e-01,4.648562504014980834e-01,5.739606461747294164e-01,6.082028492051695379e-01
3.577726848801236043e-06,2.566972633103895247e-06,1.849217446735881880e-06,3.086014032624942019e-06,2.510507076042036319e-06,1.395538070579997458e-01,5.852071821569082566e-01
5.468521946931527156e-01,2.045377185359101846e-01,8.608594565026838064e-01,4.679850524077536211e-01,6.019734144266897236e-01,6.138686957697762070e-01,6.296507486673892373e-01
5.846917861372903369e-01,2.566972633103895247e-06,1.849217446735881880e-06,3.086014032624942019e-06,2.510507076042036319e-06,3.969979316512454171e-01,8.254799720530716645e-01
5.081409937617554773e-01,2.080635301048797958e-01,8.965673853711528807e-01,5.874385078174250152e-01,5.898138546183268049e-01,6.897318859916437006e-01,2.777627820113212076e-01
8.991099076921303945e-01,2.566972633103895247e-06,1.849217446735881880e-06,3.086014032624942019e-06,1.158563006340409540e-01,6.765039968290239569e-01,7.299989074220885055e-01
4.406101869600774767e-01,2.566972633103895247e-06,1.849217446735881880e-06,3.086014032624942019e-06,4.542199924554584656e-01,3.704558711867581023e-06,6.319457757447335400e-01
3.754009412644229715e-01,2.566972633103895247e-06,1.849217446735881880e-06,3.086014032624942019e-06,2.510507076042036319e-06,3.854539738086775746e-01,6.466149684891573379e-01
7.825707271734014814e-01,2.566972633103895247e-06,1.849217446735881880e-06,3.086014032624942019e-06,2.510507076042036319e-06,5.031462352819735528e-01,8.042589312723097406e-01
8.391470641934557495e-01,2.566972633103895247e-06,1.849217446735881880e-06,3.086014032624942019e-06,3.220499127934075556e-01,3.854607567285265324e-01,7.187689119193869658e-01
6.407013046548618584e-01,3.290468156599218319e-01,8.996942145039271699e-01,4.885171245134192208e-01,4.741476769139443825e-01,6.372695093667185562e-01,3.394485898536749313e-01
3.293263889664133082e-01,2.566972633103895247e-06,1.849217446735881880e-06,3.086014032624942019e-06,2.510507076042036319e-06,4.236206841528434297e-01,6.534682723288172124e-01
4.829065419281839966e-01,1.348606241440864495e-01,8.933354664234688380e-01,5.295448644756374224e-01,5.790164178304274545e-01,6.679747739832351261e-01,3.168253869710360160e-01
1.333492068322155999e-01,2.566972633103895247e-06,1.849217446735881880e-06,3.086014032624942019e-06,2.510507076042036319e-06,1.661420082494858841e-01,5.083319341260790214e-01
4.656255998138933982e-01,9.037040441413170255e-02,8.969128310161523787e-01,6.311809538412266329e-01,6.118297638442579123e-01,6.394813649542487877e-01,6.426496038837616886e-01
5.267019589809223135e-01,5.518992390801131798e-01,4.367906796734072894e-01,2.416144721217545477e-01,6.141335538413164041e-01,5.487988202605244004e-01,6.117098954738503513e-01
7.078694772557774240e-01,6.722346650702490933e-01,1.849217446735881880e-06,3.086014032624942019e-06,3.855910848828543180e-01,6.521300291452449827e-01,6.506275084125738850e-01
1.538687838574123723e-01,2.566972633103895247e-06,1.849217446735881880e-06,3.086014032624942019e-06,2.510507076042036319e-06,9.101846814953942211e-01,1.109132521971030183e-01
3.577726848801236043e-06,2.566972633103895247e-06,1.849217446735881880e-06,5.601920632234824726e-01,2.510507076042036319e-06,3.704558711867581023e-06,4.282405132853127614e-06
6.521758232102453645e-01,5.374753192818735315e-01,2.894928626101551106e-01,5.636861150791616648e-01,1.714135775665327488e-01,6.055450395753486648e-01,7.082247682443487680e-01
6.224544933690517867e-01,5.162369757025052630e-01,6.142701814116522385e-01,5.389901604947288094e-01,5.570021025217219979e-01,5.717435929474682377e-01,6.032371102031992560e-01
4.674651941389382226e-01,1.078199346113258572e-01,1.849217446735881880e-06,3.086014032624942019e-06,1.010302984344351868e-01,5.266521451542768295e-01,6.485049871795398602e-01
6.336054500283229141e-01,3.125159841512497594e-01,9.227173141457405414e-01,4.567243071057918713e-01,5.979091187038458877e-01,5.822790527530286031e-01,6.154146609232608034e-01
5.388719915675844740e-01,2.566972633103895247e-06,1.849217446735881880e-06,3.086014032624942019e-06,2.510507076042036319e-06,6.089527681121892355e-01,7.124223900071265936e-01
6.549817818627442501e-01,4.164951785559697361e-01,8.684086796331723646e-01,5.329083449123795946e-01,6.147420921177895181e-01,6.188199673775339749e-01,3.958703928992373666e-01
3.223101194028023531e-01,2.566972633103895247e-06,1.849217446735881880e-06,3.086014032624942019e-06,2.510507076042036319e-06,4.118049157405425653e-01,7.629096730075651811e-01
4.004189649404390483e-01,2.566972633103895247e-06,1.849217446735881880e-06,3.086014032624942019e-06,2.510507076042036319e-06,2.289420225118092844e-01,6.355548409391212905e-01
2.625093719514149382e-01,2.566972633103895247e-06,1.849217446735881880e-06,3.086014032624942019e-06,2.510507076042036319e-06,1.636934001722082088e-01,7.533559042793780414e-01
4.655256683434747522e-01,3.272358150376913910e-02,1.849217446735881880e-06,3.086014032624942019e-06,2.510507076042036319e-06,3.704558711867581023e-06,7.122674905558877834e-01
6.253859965580360614e-01,1.518474806402337340e-01,9.176498200444691555e-01,5.219427651110144506e-01,5.850857648218604767e-01,6.087737094234559887e-01,6.367461250752028956e-01
3.501575091027666620e-01,3.188991701414964908e-01,8.784523728552146027e-01,5.848140374179732204e-01,6.033800705284222410e-01,4.122939616628330528e-01,6.519773727789335283e-01
6.366964384423943191e-01,6.023907833031463266e-01,2.114827866331886463e-01,5.411773262693212461e-01,7.255011782912338392e-01,6.086707961567819902e-01,5.896971191217268426e-01
6.365135908600336734e-01,4.883205998293571048e-01,1.849217446735881880e-06,5.844418294877895548e-01,2.113398758000377686e-01,6.364190715539310705e-01,7.159761821696070117e-01
2.442825694667764835e-01,2.566972633103895247e-06,1.849217446735881880e-06,3.086014032624942019e-06,2.510507076042036319e-06,7.342493584293398046e-01,1.219314878806976032e-01
3.577726848801236043e-06,2.566972633103895247e-06,1.849217446735881880e-06,7.963536475847916574e-01,2.510507076042036319e-06,3.704558711867581023e-06,4.282405132853127614e-06
7.280324069656015640e-01,3.671273535950795308e-01,1.849217446735881880e-06,6.272123992494449407e-01,2.510507076042036319e-06,6.968550953137976345e-01,6.332870516266682070e-01
6.502714534861318008e-01,5.367685994109709924e-01,4.309911013738313978e-01,5.497386379049661320e-01,2.473477941876117969e-01,5.971917568344544680e-01,5.948513753568285267e-01
4.862985851504355583e-01,3.436648481795351873e-01,7.135898757411130999e-01,5.132292209611659661e-01,5.969668238204650645e-01,4.323981462721852020e-01,6.365148494588979133e-01
7.094442981983886121e-01,8.723581701868612370e-01,1.889789102600218640e-04,5.318830908727175677e-01,5.697348929249878013e-01,6.112288665267947563e-01,5.950704430559864422e-01
8.909409151129873417e-01,4.124828780149006682e-03,1.849217446735881880e-06,7.249180016025430495e-01,2.510507076042036319e-06,7.360745615972804634e-01,6.666833119674334673e-01
3.577726848801236043e-06,2.566972633103895247e-06,1.849217446735881880e-06,6.837452116882514197e-01,2.510507076042036319e-06,2.398190712004915626e-01,1.305970309486649827e-01
7.843740850868755610e-01,4.703490651388707033e-01,1.849217446735881880e-06,5.972574860820847320e-01,2.510507076042036319e-06,6.720572081335577375e-01,6.059229133218865249e-01
8.687457754195951898e-01,1.577130203256002505e-01,1.849217446735881880e-06,2.953680488486806754e-01,2.510507076042036319e-06,6.586350831741902834e-01,6.682193624068663018e-01
6.026809812946293254e-01,2.566972633103895247e-06,1.849217446735881880e-06,6.603728520925978840e-01,2.510507076042036319e-06,1.661739217574342564e-01,4.282405132853127614e-06
7.159186420987697641e-01,1.739455635523910748e-01,4.257857966373174846e-02,5.547268895014983991e-01,4.465970410617227382e-02,7.052441897924385250e-01,6.229116103242662295e-01
4.769596291264044940e-01,2.566972633103895247e-06,2.232706881802218601e-01,4.373971286989628005e-01,3.405388937538247895e-01,5.504159619100328360e-01,5.573571810189341669e-01
3.994737122614653857e-01,3.606751794632653274e-01,1.849217446735881880e-06,5.770984535716915387e-01,9.032209082333553241e-02,2.906182031114942776e-01,4.282405132853127614e-06
3.577726848801236043e-06,2.566972633103895247e-06,1.849217446735881880e-06,3.946281088586092167e-01,2.510507076042036319e-06,6.483889759724550395e-01,4.282405132853127614e-06
7.183096600781517793e-01,2.566972633103895247e-06,1.849217446735881880e-06,3.267725920687276076e-01,2.510507076042036319e-06,4.984913330916777574e-01,4.282405132853127614e-06
6.624902814394308947e-01,5.764713986951980340e-01,3.597797592418205959e-02,5.071058977302952409e-01,1.731295260607881303e-01,5.760442240136984804e-01,5.611166673833961616e-01
5.216840937548052892e-01,3.849055431996512011e-01,1.849217446735881880e-06,2.835590850413843844e-01,6.833954518296479763e-02,4.520568151919940325e-01,4.282405132853127614e-06
3.577726848801236043e-06,2.566972633103895247e-06,1.849217446735881880e-06,3.086014032624942019e-06,2.510507076042036319e-06,5.364802581688444816e-01,1.874419855545372826e-01
6.504005991566864653e-01,3.840597079736424724e-01,1.849217446735881880e-06,3.086014032624942019e-06,5.368598188440621977e-01,7.086493195094134556e-01,6.506486115457327246e-01
6.967818555419472704e-01,7.272654606238667663e-01,5.742043541862053291e-02,3.086014032624942019e-06,5.676599508010883310e-01,6.378789846015764375e-01,6.001545804503887194e-01
6.219145483295599464e-01,4.910905257144012048e-01,5.640120431778317123e-02,3.086014032624942019e-06,6.911488810459575083e-01,6.410130054301821367e-01,6.160481229959308136e-01
4.786218675985441373e-01,3.031903276347378551e-01,7.513377516719052518e-02,3.086014032624942019e-06,6.648359158817429559e-01,6.217166119996244689e-01,5.660399547337793269e-01
3.577726848801236043e-06,2.566972633103895247e-06,1.849217446735881880e-06,3.086014032624942019e-06,9.172255238312360115e-02,7.430891402490563680e-01,8.215200672699177753e-01
3.013656085574469290e-01,2.566972633103895247e-06,1.849217446735881880e-06,3.086014032624942019e-06,2.510507076042036319e-06,7.255177914688228924e-01,9.141471785264332350e-01
6.880715674980364405e-01,2.566972633103895247e-06,1.849217446735881880e-06,3.086014032624942019e-06,3.300793915679846591e-01,7.667842442075684106e-01,7.352174545977439024e-01
3.577726848801236043e-06,2.566972633103895247e-06,1.849217446735881880e-06,3.086014032624942019e-06,2.510507076042036319e-06,3.704558711867581023e-06,5.957638404806803178e-01
3.577726848801236043e-06,2.566972633103895247e-06,1.849217446735881880e-06,3.086014032624942019e-06,2.973029713032108723e-01,5.193419767309985779e-01,8.285440365643682581e-01
3.577726848801236043e-06,2.566972633103895247e-06,1.849217446735881880e-06,3.086014032624942019e-06,4.645460161487965367e-01,6.262009276539486358e-01,7.737439847635378953e-01
3.577726848801236043e-06,2.566972633103895247e-06,1.849217446735881880e-06,3.086014032624942019e-06,3.797371340692078934e-01,4.203902211190289617e-01,7.837426369849462837e-01
3.577726848801236043e-06,2.566972633103895247e-06,1.849217446735881880e-06,3.086014032624942019e-06,2.510507076042036319e-06,3.704558711867581023e-06,5.942660087969392491e-01
3.577726848801236043e-06,2.566972633103895247e-06,1.849217446735881880e-06,3.086014032624942019e-06,2.510507076042036319e-06,3.800367597872335579e-01,9.728439484035755758e-01
6.999338831784905901e-01,7.097182550051317484e-01,1.849217446735881880e-06,2.900589446411962480e-01,6.731693015406416958e-01,3.658428892806060984e-01,6.162863307460932916e-01
3.577726848801236043e-06,2.566972633103895247e-06,1.849217446735881880e-06,3.086014032624942019e-06,2.510507076042036319e-06,3.704558711867581023e-06,6.943560835946634979e-01
6.977307093549900419e-01,6.952937409084722908e-01,1.923739113816005653e-01,3.086014032624942019e-06,6.926569199433337820e-01,6.454173294090460589e-01,4.335002852910487259e-01
3.577726848801236043e-06,2.566972633103895247e-06,1.849217446735881880e-06,3.086014032624942019e-06,8.494013271051420455e-02,3.704558711867581023e-06,6.778263797384892486e-01
6.982646224949160541e-01,6.224629648082228295e-01,2.827510444318204752e-01,3.086014032624942019e-06,6.402520611040243281e-01,6.193774662150818289e-01,5.879821828209821355e-01
6.208273209399104431e-01,5.953587472506269851e-01,2.211246095055988958e-01,3.086014032624942019e-06,6.908994088499114117e-01,3.894670714449885440e-01,2.970946016038258364e-01
3.586298747201468462e-01,5.129542198060249580e-01,5.001089696120873673e-02,3.086014032624942019e-06,6.024055108963562999e-01,4.556419391728538382e-01,5.663488947878144719e-01
8.202947897351833828e-02,2.566972633103895247e-06,1.849217446735881880e-06,3.086014032624942019e-06,9.234927580612363462e-02,7.768300343740706104e-01,8.147127118219322783e-01
3.577726848801236043e-06,2.566972633103895247e-06,1.849217446735881880e-06,3.086014032624942019e-06,2.510507076042036319e-06,7.499458146058042285e-01,4.282405132853127614e-06
4.277414893498260318e-01,2.566972633103895247e-06,1.849217446735881880e-06,3.086014032624942019e-06,1.697654067797510768e-01,7.234376960484736330e-01,7.607115731115901003e-01
7.538597405094812354e-01,3.714763551440193323e-01,1.849217446735881880e-06,3.307759253824034129e-01,3.756199492747918089e-01,6.929284864026106217e-01,6.707792828824082898e-01
3.577726848801236043e-06,2.566972633103895247e-06,1.849217446735881880e-06,3.086014032624942019e-06,2.510507076042036319e-06,3.704558711867581023e-06,6.922683457235513371e-01
2.886775753420267043e-01,2.566972633103895247e-06,1.849217446735881880e-06,3.086014032624942019e-06,4.639080628544352547e-01,5.838002979494999467e-01,7.664802127146745914e-01
4.675485603926388678e-01,2.566972633103895247e-06,1.849217446735881880e-06,3.086014032624942019e-06,6.123528584973417788e-01,6.459542975696563882e-01,7.095962265144059034e-01
2.774943660257488398e-01,2.566972633103895247e-06,1.849217446735881880e-06,3.086014032624942019e-06,4.610600708761859456e-01,6.745011903114748186e-01,7.467879835079014317e-01
3.577726848801236043e-06,2.566972633103895247e-06,1.849217446735881880e-06,3.086014032624942019e-06,3.805574459843187318e-01,5.373625575131830701e-01,7.948587737226976424e-01
3.577726848801236043e-06,2.566972633103895247e-06,1.849217446735881880e-06,3.086014032624942019e-06,2.510507076042036319e-06,6.852736494946698453e-02,6.025781280625231995e-01
2.087845704369220012e-01,2.566972633103895247e-06,1.849217446735881880e-06,3.086014032624942019e-06,2.510507076042036319e-06,3.714652541422329701e-01,9.602114533942518459e-01
7.250666029746087871e-01,7.426510047902433742e-01,5.716777560211099007e-02,5.416756448693295090e-01,7.814433258580225639e-01,4.757575326014155670e-01,4.422771029103490514e-01
3.577726848801236043e-06,2.566972633103895247e-06,1.849217446735881880e-06,3.086014032624942019e-06,1.170627269218898481e-01,2.262069465207571517e-01,9.545836649357394288e-01
4.892574119441694402e-01,4.086782476279073872e-01,5.323520959047542966e-01,5.669899802502222919e-01,6.770466259428865596e-01,4.200603269253019301e-01,4.025874158949657722e-01
3.577726848801236043e-06,2.566972633103895247e-06,1.849217446735881880e-06,3.086014032624942019e-06,1.711884367584360356e-01,3.545517706227531152e-01,7.440602195081656989e-01
4.482210937868553735e-01,4.080813739149348751e-01,5.812999044899311851e-01,5.648009999336179865e-01,6.330851330510328667e-01,4.797815452811616255e-01,2.174841206591269227e-01
3.577726848801236043e-06,2.566972633103895247e-06,1.849217446735881880e-06,3.086014032624942019e-06,1.704430751783134468e-01,3.704558711867581023e-06,8.461526381032896671e-01
4.164978935166262497e-01,4.895987871557848092e-01,6.031073343494250949e-01,3.086014032624942019e-06,6.334217393887375813e-01,3.490074743098859900e-01,1.437684533556650157e-01
5.604343669908528058e-01,6.418611623803553989e-01,3.976009441797773714e-01,3.086014032624942019e-06,6.288059966064053485e-01,3.704558711867581023e-06,2.945186390663041553e-01
4.618941046914494253e-01,4.443253316333757308e-01,9.972362432450815328e-02,3.086014032624942019e-06,6.083349312756023419e-01,3.074370116232738037e-01,6.539988566273376991e-01
8.311092204156933505e-02,7.776426395447356976e-02,1.849217446735881880e-06,3.086014032624942019e-06,1.028247715023056230e-01,8.201583907941067952e-01,5.628566943279256218e-01
1.728573724937457201e-01,2.566972633103895247e-06,1.849217446735881880e-06,2.319359507497007200e-01,2.510507076042036319e-06,5.440812345350727330e-01,5.298604119761016751e-01
8.342985873111160577e-01,6.512243154127927459e-03,1.849217446735881880e-06,6.982942851452972333e-01,2.510507076042036319e-06,7.260957690069108628e-01,8.704081131240815061e-01
3.577726848801236043e-06,2.566972633103895247e-06,1.849217446735881880e-06,3.086014032624942019e-06,2.510507076042036319e-06,3.704558711867581023e-06,5.953302447098463013e-01
7.141793393575505133e-01,7.165069753796031726e-01,1.849217446735881880e-06,5.503167207475792022e-01,4.345529376135968125e-01,6.242951090937800540e-01,6.239157268461974493e-01
3.577726848801236043e-06,2.566972633103895247e-06,1.849217446735881880e-06,3.086014032624942019e-06,2.510507076042036319e-06,3.704558711867581023e-06,9.268427375499642684e-01
7.905181599789405933e-01,2.566972633103895247e-06,1.849217446735881880e-06,3.086014032624942019e-06,5.667464913293317474e-01,7.748477585334588857e-01,6.799833776018583409e-01
3.577726848801236043e-06,2.566972633103895247e-06,1.849217446735881880e-06,3.086014032624942019e-06,2.510507076042036319e-06,6.401755487226228059e-02,6.062251666273335005e-01
7.309524765539163749e-01,2.566972633103895247e-06,1.849217446735881880e-06,3.086014032624942019e-06,7.871829734863944328e-01,7.413577025018630584e-01,6.668252673457172319e-01
3.577726848801236043e-06,2.566972633103895247e-06,1.849217446735881880e-06,3.086014032624942019e-06,2.510507076042036319e-06,5.327063559129545378e-02,6.243362558514418126e-01
5.739781872107163618e-01,2.566972633103895247e-06,1.849217446735881880e-06,3.086014032624942019e-06,7.835634772704989093e-01,6.780922915780251969e-01,6.894799102159838711e-01
8.086716231175521130e-02,2.566972633103895247e-06,1.849217446735881880e-06,3.086014032624942019e-06,7.582232363185148483e-01,6.704169369872463591e-01,7.175686098746590913e-01
3.577726848801236043e-06,2.566972633103895247e-06,1.849217446735881880e-06,3.086014032624942019e-06,2.058488551085771445e-01,3.704558711867581023e-06,7.721446862709456793e-01
3.577726848801236043e-06,2.566972633103895247e-06,1.849217446735881880e-06,3.086014032624942019e-06,2.510507076042036319e-06,3.600001185061858511e-01,8.137934986031750695e-01
4.857789415042585435e-01,2.566972633103895247e-06,1.849217446735881880e-06,3.086014032624942019e-06,2.437210528934186105e-01,5.005096805520226066e-01,8.096264886527410054e-01
6.189002190569854456e-01,7.031626481858347377e-01,2.898887695678289411e-01,5.315194264111731126e-01,6.975928468858962894e-01,5.834672331955369495e-01,7.447872347147521666e-02
3.577726848801236043e-06,2.566972633103895247e-06,1.849217446735881880e-06,3.086014032624942019e-06,2.945741125624344869e-01,3.516578287733227448e-01,8.514402612322500286e-01
1.003060727634346588e-02,2.264532032585778454e-01,7.405883305280643869e-01,6.127350380048264267e-01,6.581063973558362035e-01,4.638413198013129346e-01,2.784940301138029151e-01
3.577726848801236043e-06,2.566972633103895247e-06,1.849217446735881880e-06,3.086014032624942019e-06,2.967203462567820083e-01,5.183855070676984811e-01,8.254224292074233693e-01
2.149057556205600239e-01,2.541808398585648776e-01,7.591788816412787799e-01,5.450696322936461335e-01,5.347879679535696429e-01,4.695147514732969651e-01,1.868741180316641493e-01
3.577726848801236043e-06,2.566972633103895247e-06,1.849217446735881880e-06,3.086014032624942019e-06,2.943733514428090170e-01,3.502858338017272866e-01,8.519407244889651842e-01
3.577726848801236043e-06,1.746223084967439276e-01,8.052708721113472912e-01,4.427896073315965020e-01,5.405963955252464093e-01,3.704558711867581023e-06,4.282405132853127614e-06
3.577726848801236043e-06,2.566972633103895247e-06,1.849217446735881880e-06,3.086014032624942019e-06,6.916113706190822608e-02,3.704558711867581023e-06,5.004373992425079631e-01
4.399356495347515050e-01,4.575098420770808971e-01,6.796825080541715192e-01,3.086014032624942019e-06,5.453388305767420396e-01,3.704558711867581023e-06,8.129807476047177552e-04
6.065242916299200537e-01,5.968726234253816099e-01,3.747339704503151459e-01,3.086014032624942019e-06,6.297821984562187447e-01,2.131001233815719431e-01,5.027407387458493471e-01
4.965248155949271713e-01,4.653057001736737863e-01,1.849217446735881880e-06,3.086014032624942019e-06,2.338536668065771817e-01,6.720376650081690828e-01,7.307159845252687580e-01
3.577726848801236043e-06,2.566972633103895247e-06,1.849217446735881880e-06,3.086014032624942019e-06,2.510507076042036319e-06,6.972685675543992545e-01,4.282405132853127614e-06
3.577726848801236043e-06,2.566972633103895247e-06,1.849217446735881880e-06,5.162381096464229158e-01,2.510507076042036319e-06,1.632544984792226039e-01,4.282405132853127614e-06
8.259363038608118490e-01,2.566972633103895247e-06,1.849217446735881880e-06,4.500581333897051284e-01,2.510507076042036319e-06,7.279583432045174662e-01,6.874518009653088901e-01
7.992283129803238184e-01,4.436506543522751311e-01,1.849217446735881880e-06,5.951610852110440497e-01,2.369312311658152148e-01,6.672363453066508798e-01,7.006399095706206115e-01
3.577726848801236043e-06,2.566972633103895247e-06,1.849217446735881880e-06,3.086014032624942019e-06,2.510507076042036319e-06,3.704558711867581023e-06,6.944322143744604547e-01
6.857339813454053079e-01,7.489999443340480401e-01,4.791690216875872654e-02,5.424922265776270791e-01,5.370665933786746837e-01,6.201101774879620443e-01,6.001793030162696496e-01
3.577726848801236043e-06,2.566972633103895247e-06,1.849217446735881880e-06,3.086014032624942019e-06,2.510507076042036319e-06,2.237567791515601701e-01,9.883639532229422375e-01
9.284459161879259348e-01,7.476639986299440932e-02,1.849217446735881880e-06,3.086014032624942019e-06,7.670694286193150413e-01,7.304678676194424902e-01,6.467546540537002508e-01
8.872335475888066814e-01,1.709802496806141214e-01,1.849217446735881880e-06,3.086014032624942019e-06,9.774259782425468446e-01,7.153446071525135785e-01,6.226729731498824583e-01
3.577726848801236043e-06,2.566972633103895247e-06,1.849217446735881880e-06,3.086014032624942019e-06,2.510507076042036319e-06,6.448044367260649667e-02,6.034090639306536330e-01
7.081984858671692695e-01,2.566972633103895247e-06,1.849217446735881880e-06,3.086014032624942019e-06,9.365625774317742902e-01,7.611449090522197647e-01,6.516310114713319557e-01
7.389929986751428426e-02,2.566972633103895247e-06,1.849217446735881880e-06,3.086014032624942019e-06,7.664651890892985042e-01,5.828900353034085491e-01,7.082743974150624844e-01
3.577726848801236043e-06,2.566972633103895247e-06,1.849217446735881880e-06,3.086014032624942019e-06,2.462581827121805567e-01,6.004931286682992087e-02,8.552332426859700076e-01
3.577726848801236043e-06,2.566972633103895247e-06,1.849217446735881880e-06,3.086014032624942019e-06,2.510507076042036319e-06,3.704558711867581023e-06,5.962847320610639157e-01
5.108322112799762449e-01,2.566972633103895247e-06,1.849217446735881880e-06,3.086014032624942019e-06,2.510507076042036319e-06,3.448648255032796817e-01,9.444602956512148095e-01
7.515178329959670833e-01,2.566972633103895247e-06,1.849217446735881880e-06,3.086014032624942019e-06,2.387784121783003977e-01,4.961344113792550137e-01,7.938630616462394318e-01
3.395253858345069764e-01,2.630232079475923745e-01,6.154580220315001293e-01,4.856791052009461485e-01,6.838152195910781606e-01,5.452556932086911612e-01,2.400428332256807629e-01
3.903083308995669021e-01,2.566972633103895247e-06,1.849217446735881880e-06,3.086014032624942019e-06,2.130105425549334019e-01,4.825400366392019746e-01,8.343005295966228196e-01
1.958185473649244442e-05,1.231382116253091075e-01,7.979527124572144414e-01,4.147511151494751580e-01,6.051678660491284223e-01,6.260222327999965808e-01,3.761843213290655408e-02
3.699803792210242803e-01,2.566972633103895247e-06,1.849217446735881880e-06,3.086014032624942019e-06,3.792961986040183087e-01,6.233259052131391309e-01,7.627035493813623113e-01
3.577726848801236043e-06,2.566972633103895247e-06,9.085024078691866789e-01,3.541087430833816940e-01,5.990053473507888082e-01,2.314456476056396816e-01,2.886681443051876059e-02
3.577726848801236043e-06,2.566972633103895247e-06,1.849217446735881880e-06,3.086014032624942019e-06,2.135954618761564949e-01,6.524068034609211697e-01,8.306345963660772824e-01
3.577726848801236043e-06,1.420800746795394254e-01,8.539809113978861221e-01,3.761774298494278135e-01,5.243978494675591850e-01,3.704558711867581023e-06,4.282405132853127614e-06
3.577726848801236043e-06,2.566972633103895247e-06,1.849217446735881880e-06,3.086014032624942019e-06,1.077594426312965120e-01,6.920518264973801736e-02,6.756726332299382021e-01
4.366766682163547020e-01,2.443600337086063723e-01,7.546644741821052493e-01,4.314244124550768444e-01,6.922605658599352285e-01,3.704558711867581023e-06,5.239060617339033610e-02
4.511301799162592552e-01,6.093599722977696143e-01,4.286450694483694979e-01,3.086014032624942019e-06,5.955500729096379064e-01,1.981282441718086040e-01,5.163256966779190549e-01
4.994452452966487987e-01,4.666130576475410185e-01,1.849217446735881880e-06,3.086014032624942019e-06,1.850089911421672617e-01,6.785494239923673954e-01,6.988866931678667793e-01
3.577726848801236043e-06,2.566972633103895247e-06,1.849217446735881880e-06,3.086014032624942019e-06,2.510507076042036319e-06,6.343242148367457256e-01,4.282405132853127614e-06
3.467586012186957833e-01,2.566972633103895247e-06,1.849217446735881880e-06,4.699529610225791076e-01,2.510507076042036319e-06,5.662006220327324701e-01,8.122043069163617512e-02
9.547978449373276666e-01,1.142098064587956097e-01,1.849217446735881880e-06,6.796674821520891641e-01,2.510507076042036319e-06,7.196564651205629159e-01,7.573494268444245225e-01
6.882546851654522957e-01,7.326860069861760305e-01,1.849217446735881880e-06,5.510624597114969214e-01,3.241824532897726874e-01,6.228828064260707453e-01,6.471570245490171347e-01
3.577726848801236043e-06,2.566972633103895247e-06,1.849217446735881880e-06,3.086014032624942019e-06,2.510507076042036319e-06,6.321676751300527031e-02,7.080671695551478129e-01
6.226133934098526668e-01,8.522248254694115843e-01,1.407821886654359866e-01,5.342981706845919554e-01,6.562750830648226286e-01,3.406220961436527972e-01,6.034421295956903242e-01
1.667118571480530609e-01,2.566972633103895247e-06,1.849217446735881880e-06,3.086014032624942019e-06,2.510507076042036319e-06,3.531503829984788401e-01,9.645055729141777112e-01
8.770541318872139280e-01,2.266027435984650507e-01,1.849217446735881880e-06,3.086014032624942019e-06,7.512781042624727679e-01,7.227284781071776631e-01,6.399024544477521781e-01
6.111622372117426760e-01,2.108626013749292094e-01,1.849217446735881880e-06,3.086014032624942019e-06,9.055775993771164600e-01,7.382761778345405812e-01,6.265310430462814884e-01
6.791216689960002384e-01,2.566972633103895247e-06,1.849217446735881880e-06,3.086014032624942019e-06,8.120843075951121870e-01,5.101746916318312675e-01,6.109614704025183585e-01
7.507100761171708880e-02,2.088953683649800649e-02,1.849217446735881880e-06,3.086014032624942019e-06,7.810814100467984300e-01,4.192321869869604645e-01,7.297188614835121712e-01
3.577726848801236043e-06,2.566972633103895247e-06,1.849217446735881880e-06,3.086014032624942019e-06,1.392899509314997064e-01,6.734575952121837905e-02,6.344530610800129811e-01
1.361622214567811684e-01,2.566972633103895247e-06,1.849217446735881880e-06,3.086014032624942019e-06,2.510507076042036319e-06,3.704558711867581023e-06,5.767110239393574700e-01
5.305773194094284273e-01,2.566972633103895247e-06,1.849217446735881880e-06,3.086014032624942019e-06,2.510507076042036319e-06,5.062059818388230381e-01,7.375453019548555700e-01
9.206089481699576416e-01,2.566972633103895247e-06,1.849217446735881880e-06,2.303563730268934906e-01,3.987553196987400073e-01,5.670841168342091176e-01,7.385118131842682843e-01
2.151995406393381327e-01,2.566972633103895247e-06,9.286552239792541519e-01,8.556918931857747379e-02,5.620004820392093814e-01,7.613890421903851680e-01,3.873407089192699160e-01
7.525666632936044431e-01,2.566972633103895247e-06,1.849217446735881880e-06,3.086014032624942019e-06,2.178998353435205593e-01,6.743674030647986983e-01,7.838330614566793031e-01
1.545705323520483176e-01,2.566972633103895247e-06,9.100673551949526319e-01,4.214006555637865303e-01,5.572355872449913372e-01,5.632227383016462641e-01,3.768802416210592643e-01
7.596710255993817107e-01,2.566972633103895247e-06,1.849217446735881880e-06,3.086014032624942019e-06,2.195521479000623610e-01,6.721269084823505713e-01,7.816594387413159373e-01
3.577726848801236043e-06,2.566972633103895247e-06,9.902832635129503736e-01,3.470185713838559449e-01,5.850506986429002687e-01,3.704558711867581023e-06,4.282405132853127614e-06
1.719819705621694339e-01,2.566972633103895247e-06,1.849217446735881880e-06,3.086014032624942019e-06,3.025045752669449084e-01,5.277672987585645403e-01,8.136517886101605201e-01
3.577726848801236043e-06,2.566972633103895247e-06,9.566248255288738456e-01,3.525554195153086101e-01,5.926265872155280778e-01,3.704558711867581023e-06,5.162611315960096738e-03
3.577726848801236043e-06,2.566972633103895247e-06,1.849217446735881880e-06,3.086014032624942019e-06,2.510507076042036319e-06,8.403699196580036168e-02,5.064638774172979252e-01
9.044138492594087225e-03,1.945195929293543624e-01,7.700235853349414183e-01,4.365248254297175445e-01,6.757328517449288086e-01,3.704558711867581023e-06,2.358936443804288685e-01
6.262694897877238986e-01,6.217912094943530699e-01,5.011065564740403433e-01,3.086014032624942019e-06,6.345687801848074461e-01,2.471091767344081869e-01,4.823983919412532795e-01
4.369878061999284968e-01,4.671914585846307921e-01,5.603879653481423639e-02,3.086014032624942019e-06,9.837756131630515100e-02,4.705034984793265429e-01,7.960267462581966935e-01
3.577726848801236043e-06,6.090966361917040522e-02,1.849217446735881880e-06,3.086014032624942019e-06,2.510507076042036319e-06,5.150319379368550887e-01,4.282405132853127614e-06
8.921561178046190088e-01,2.566972633103895247e-06,1.849217446735881880e-06,7.844754287573759699e-01,2.510507076042036319e-06,7.180427539132769876e-01,5.720814014099960820e-01
7.241547958283022224e-01,6.110875978041862000e-01,1.849217446735881880e-06,5.716833687698267275e-01,1.380299835150318455e-01,6.273071932942962947e-01,7.281548984696977200e-01
6.760872183868144036e-01,8.321556649813023343e-01,1.331998794867938485e-01,5.309339341886781805e-01,5.994832327152959106e-01,6.069732989970322290e-01,5.793958455169675448e-01
3.577726848801236043e-06,2.566972633103895247e-06,1.849217446735881880e-06,3.086014032624942019e-06,2.510507076042036319e-06,2.303133937666369813e-01,8.808309137834562375e-01
3.522411702893475383e-01,4.332693009802556228e-01,5.742751245606488864e-01,5.666733804721105772e-01,6.352995187818994971e-01,6.106341525887728494e-01,6.129732001864682811e-01
4.492182478106004906e-01,2.566972633103895247e-06,1.849217446735881880e-06,3.086014032624942019e-06,2.510507076042036319e-06,3.923607274242337239e-01,9.482057337090099569e-01
8.986201534587272555e-01,2.566972633103895247e-06,1.849217446735881880e-06,3.086014032624942019e-06,7.010361910981172118e-01,6.577161404697481339e-01,6.842718532605904791e-01
5.931174945613872929e-01,2.566972633103895247e-06,1.849217446735881880e-06,3.086014032624942019e-06,8.566601831265990841e-01,6.843654269221729480e-01,6.809279268496696291e-01
5.324689051075964796e-01,1.044271096950080274e-01,1.849217446735881880e-06,3.086014032624942019e-06,7.637156818753739751e-01,3.996297565290411469e-01,5.810537910889198576e-01
5.830791983011290175e-02,2.566972633103895247e-06,1.849217446735881880e-06,3.086014032624942019e-06,3.647093926644065509e-01,3.704558711867581023e-06,7.253373848077194763e-01
1.343576931747345882e-01,2.566972633103895247e-06,1.849217446735881880e-06,3.086014032624942019e-06,2.510507076042036319e-06,3.704558711867581023e-06,6.829723542207524201e-01
6.544800088443852859e-01,2.566972633103895247e-06,1.849217446735881880e-06,2.269835363579026932e-01,2.510507076042036319e-06,4.642677861412421447e-01,9.263526418208765101e-01
9.141424817503528422e-01,2.566972633103895247e-06,1.849217446735881880e-06,3.086014032624942019e-06,2.960086380653515481e-01,6.648017708566469341e-01,7.503576643665682555e-01
3.891293196053300929e-01,2.566972633103895247e-06,9.422851909578692231e-01,7.541367966589443417e-02,6.014290192434109672e-01,7.471146082679270828e-01,3.585297790667593132e-01
6.507348744266544527e-01,2.566972633103895247e-06,1.849217446735881880e-06,3.086014032624942019e-06,1.247640640252399152e-01,5.952322986322619025e-01,8.266884331580035550e-01
3.577726848801236043e-06,2.566972633103895247e-06,9.805375003951645185e-01,3.332967306186877809e-02,5.792481154343834815e-01,3.618293498449180468e-01,4.282405132853127614e-06
6.149860113947084317e-01,2.566972633103895247e-06,1.849217446735881880e-06,3.086014032624942019e-06,2.145502182942091163e-01,5.445622241157801469e-01,8.144031583047239842e-01
3.577726848801236043e-06,2.566972633103895247e-06,8.830516089662592272e-01,3.501735307010679366e-01,5.874736943282146129e-01,1.535654743038567249e-01,2.804435969075812218e-02
1.537158369413695880e-01,2.566972633103895247e-06,1.849217446735881880e-06,3.086014032624942019e-06,2.510507076042036319e-06,2.664360543219881916e-01,9.508438093928205381e-01
3.577726848801236043e-06,2.566972633103895247e-06,9.244827655577472214e-01,4.412393458031684812e-01,6.940420823127835259e-01,3.704558711867581023e-06,5.116687750373491439e-02
2.983841663604202069e-03,3.012475413379123168e-01,7.516016856521268164e-01,5.234924217921052003e-01,6.205087880384723142e-01,3.704558711867581023e-06,5.756308993302639010e-01
7.228646445338565707e-01,6.354239695212073880e-01,2.852790436347855674e-01,3.086014032624942019e-06,5.516291524562505488e-01,4.570298129338274951e-01,6.247739004792189910e-01
4.947592695891790404e-01,4.094792133232196818e-01,1.849217446735881880e-06,3.086014032624942019e-06,2.510507076042036319e-06,7.020388573467234439e-01,6.424397381322021205e-01
5.149093252447061175e-01,2.566972633103895247e-06,1.849217446735881880e-06,6.356708868377507482e-01,2.510507076042036319e-06,4.422311970444973150e-01,4.282405132853127614e-06
8.030611800268140366e-01,4.935369551595899518e-01,1.849217446735881880e-06,6.096196961882067722e-01,2.510507076042036319e-06,6.640960353339706579e-01,8.156045032368464121e-01
6.424641047958823403e-01,7.534758533580535600e-01,1.451734484882681586e-01,2.593456852232317589e-01,3.353718971140920990e-01,6.063188641785011157e-01,6.374619139057193795e-01
6.258187628447950956e-01,5.222965414407260143e-01,5.840375564366793171e-01,5.337639014709736340e-01,5.206399239556581682e-01,5.760779566955527287e-01,5.990196122336090001e-01
1.865301020597406600e-01,2.566972633103895247e-06,1.849217446735881880e-06,3.086014032624942019e-06,2.510507076042036319e-06,2.741351881145364100e-01,6.878829428834498660e-01
5.390823878255740498e-01,1.463350656471939515e-01,9.047889150841724737e-01,3.974195927290696817e-01,5.857090347575386602e-01,4.999642402386506590e-01,5.572119742858322455e-01
6.530370344228804136e-01,2.566972633103895247e-06,1.849217446735881880e-06,3.086014032624942019e-06,1.057479794684141189e-01,6.025627378504911924e-01,7.477091598088130286e-01
6.304250634609851467e-01,2.566972633103895247e-06,1.849217446735881880e-06,3.086014032624942019e-06,3.782959430942570145e-01,5.551710745943424508e-01,7.682480295409510607e-01
5.529499049840775893e-01,2.566972633103895247e-06,1.849217446735881880e-06,3.086014032624942019e-06,5.834378476128191382e-01,2.173953489024819941e-01,6.074182911529346640e-01
3.162589312626332139e-01,2.566972633103895247e-06,1.849217446735881880e-06,3.086014032624942019e-06,3.328157127394075765e-01,3.704558711867581023e-06,5.235609426892274820e-01
1.818221594344490988e-01,2.566972633103895247e-06,1.849217446735881880e-06,3.086014032624942019e-06,2.510507076042036319e-06,1.029092320061091026e-01,6.679373533861356904e-01
6.550227897769566043e-01,2.566972633103895247e-06,1.849217446735881880e-06,2.286339379236105029e-01,2.510507076042036319e-06,4.749747680579258224e-01,8.147604392568089660e-01
9.393224214169526576e-01,1.277118827393749767e-01,1.849217446735881880e-06,3.086014032624942019e-06,1.595742743691831167e-01,6.881612112413304505e-01,7.764778220486885374e-01
5.504017875309292762e-01,1.859162813796994274e-01,8.664179125924804659e-01,2.077935448877622493e-01,5.880020537381946966e-01,6.630212673903929099e-01,4.813770371041544704e-01
3.153971123586239989e-01,2.566972633103895247e-06,1.849217446735881880e-06,3.086014032624942019e-06,2.510507076042036319e-06,5.219593521703420613e-01,8.325014261485119693e-01
2.432394784765618267e-01,2.566972633103895247e-06,9.546642346884522956e-01,6.655037437025941582e-02,5.495251334181168179e-01,6.837195162328005837e-01,3.627321551691296553e-01
1.723779715207913177e-01,2.566972633103895247e-06,1.849217446735881880e-06,3.086014032624942019e-06,2.510507076042036319e-06,3.679026879178057818e-01,7.508562258874466044e-01
2.133804727784874011e-01,2.566972633103895247e-06,9.346440980621131267e-01,4.380941396492701867e-01,6.707732092460723106e-01,3.097006357025249290e-01,1.679508189027879850e-01
3.577726848801236043e-06,2.566972633103895247e-06,8.560781094179441553e-01,4.365513253036825136e-01,7.010799030705124890e-01,3.704558711867581023e-06,9.449035994767650271e-02
5.367202689470967902e-01,5.233536497549806654e-01,5.425737808096610104e-01,5.466693400918974932e-01,6.277331937126244821e-01,4.231777932713642887e-01,6.230907415708473174e-01
7.430851023604353456e-01,6.022507765004103675e-01,1.849217446735881880e-06,3.086014032624942019e-06,3.013824816904796533e-01,6.600490490866135485e-01,6.777998167830886489e-01
3.577726848801236043e-06,2.566972633103895247e-06,1.849217446735881880e-06,3.086014032624942019e-06,2.510507076042036319e-06,7.530623193885164213e-01,4.282405132853127614e-06
3.577726848801236043e-06,2.566972633103895247e-06,1.849217446735881880e-06,7.994514488286299514e-01,2.510507076042036319e-06,3.704558711867581023e-06,4.282405132853127614e-06
4.639199676762205682e-01,2.566972633103895247e-06,1.849217446735881880e-06,8.320551396978091985e-01,2.510507076042036319e-06,7.154292767037316869e-01,3.653654151670303607e-01
6.951131800426589846e-01,5.964654794829366002e-01,1.264416799425981675e-01,5.644909022643821439e-01,1.339103233188640996e-01,6.300275339767110738e-01,6.337358612841980099e-01
6.304788554011429014e-01,5.555370387575676583e-01,5.163761448994078629e-01,5.344666962739438310e-01,4.698569483440407368e-01,5.755686399783113139e-01,6.098850879187813767e-01
5.498062049700691567e-01,1.946957900296139021e-01,7.374137463608939624e-01,4.065206928102855777e-01,5.984787750601220369e-01,6.241548767738375192e-01,6.378488251290711508e-01
1.716382423152699177e-01,2.566972633103895247e-06,1.849217446735881880e-06,3.086014032624942019e-06,2.510507076042036319e-06,3.748330388177407158e-01,6.659823689457089468e-01
6.558210711717333830e-01,3.627519800537602479e-01,8.532564909964756028e-01,4.784864874836672333e-01,6.002948746867107221e-01,6.321199478032227814e-01,3.538042415702645216e-01
1.701440305080876014e-01,2.566972633103895247e-06,1.849217446735881880e-06,3.086014032624942019e-06,2.510507076042036319e-06,3.591609855598133505e-01,8.561771784706080357e-01
4.244347029766614154e-01,2.566972633103895247e-06,1.849217446735881880e-06,3.086014032624942019e-06,2.140945511698144899e-01,1.592896349396153710e-01,6.710027675164134120e-01
3.577726848801236043e-06,2.566972633103895247e-06,1.849217446735881880e-06,3.086014032624942019e-06,2.510507076042036319e-06,2.663326472795397581e-01,6.667691968116846724e-01
7.066891155362646781e-01,2.566972633103895247e-06,1.849217446735881880e-06,6.698496190747076084e-02,2.510507076042036319e-06,4.739206347440801936e-01,8.138862542349662998e-01
8.593528473987027683e-01,1.908056982917288036e-01,1.849217446735881880e-06,3.086014032624942019e-06,2.510507076042036319e-06,3.926695451888515542e-01,7.911936993405945806e-01
6.384784596365087328e-01,2.556844643855776256e-01,8.696112251633106860e-01,1.684027108350386326e-01,5.615726843159993820e-01,6.559418221947740379e-01,3.766161763981454302e-01
3.945997123414105578e-01,2.566972633103895247e-06,9.662216235945314535e-01,3.972350386852796511e-01,6.269317431513482530e-01,6.436858396854554520e-01,3.112850476878665229e-01
2.043336812629033272e-01,2.566972633103895247e-06,9.660391294309917942e-01,4.656468260106734203e-01,6.140580118249338026e-01,3.951814605180529183e-01,7.018632778306617137e-01
6.055137683959432859e-01,6.492161500991785461e-01,3.266235514226402126e-01,5.336016133697875086e-01,6.737232602272732462e-01,5.595259690193644664e-01,5.906181727300037210e-01
6.810132546941682907e-01,7.081498519503586220e-01,1.849217446735881880e-06,3.086014032624942019e-06,3.071194727901424559e-01,6.377569959970897928e-01,6.670513898713672507e-01
5.444911561548962942e-01,2.566972633103895247e-06,1.849217446735881880e-06,3.086014032624942019e-06,2.510507076042036319e-06,8.340905081638807506e-01,2.754435538117933069e-01
3.577726848801236043e-06,2.566972633103895247e-06,1.849217446735881880e-06,7.000343553287580178e-01,2.510507076042036319e-06,3.704558711867581023e-06,4.282405132853127614e-06
5.783589217916506042e-01,3.107383880526999875e-01,5.598119831128235691e-02,6.584781678085428469e-01,2.510507076042036319e-06,6.825452134883740474e-01,6.429184234462680392e-01
6.746691818187383616e-01,5.645630945831877634e-01,1.904980653702715576e-01,5.597476894453685681e-01,2.865335729683230470e-01,6.181429228261728914e-01,6.679907860285234644e-01
6.270923939366985778e-01,3.915875127204624384e-01,7.036362321325759783e-01,4.603403491088103872e-01,5.079758651951751247e-01,5.806131052664460501e-01,6.183309421561279384e-01
2.351960304339042462e-01,6.326797594240377021e-02,8.519179130714678028e-01,5.003751565609529939e-01,6.212049434618239774e-01,6.896975815694189604e-01,5.672603170242717097e-01
7.056541496047935569e-01,2.404435823595588717e-01,8.937045740413787076e-01,5.076302625687654224e-01,5.604538993252899948e-01,6.214463347336121046e-01,4.508929171198370334e-01
1.737339447938945070e-01,2.566972633103895247e-06,1.849217446735881880e-06,3.086014032624942019e-06,2.510507076042036319e-06,1.174967392607147582e-01,5.783142485962582402e-01
3.577726848801236043e-06,2.566972633103895247e-06,1.849217446735881880e-06,3.086014032624942019e-06,2.510507076042036319e-06,1.502127627835689316e-01,5.870037090596915696e-01
5.713704709887237332e-01,2.566972633103895247e-06,1.849217446735881880e-06,4.472900495506059726e-01,2.510507076042036319e-06,1.666013106784156872e-01,6.423141622206434143e-01
2.731836059811956208e-01,2.566972633103895247e-06,1.849217446735881880e-06,1.527359645553411915e-01,2.510507076042036319e-06,3.704558711867581023e-06,5.284483424439772037e-01
1.097020448679698196e-01,2.528165535485657478e-01,7.522449177051909741e-01,5.452818203001584818e-01,6.161957929279341384e-01,3.350403768247223746e-01,6.786848601030973649e-01
6.414933740933694839e-01,6.414680835005127646e-01,3.693420103480417604e-01,5.325091456697693681e-01,5.642983310720638412e-01,5.907554675791504284e-01,5.925997814721484236e-01
6.349307573941185279e-01,6.984006339975542543e-01,1.849217446735881880e-06,2.941686932832761614e-01,4.886961911053622730e-03,5.064313514975595787e-01,6.759525564758798177e-01
7.364031530809682646e-01,9.222228162455038680e-02,1.849217446735881880e-06,3.086014032624942019e-06,2.510507076042036319e-06,8.300086457539285201e-01,3.368044408844494964e-01
2.234263314202908912e-01,2.566972633103895247e-06,1.849217446735881880e-06,8.993421377935986172e-01,7.373261845340763065e-02,3.704558711867581023e-06,4.282405132853127614e-06
5.771747338671894267e-01,3.271174753648447564e-01,5.114552807871485668e-02,6.367726162626210495e-01,7.724547919189363177e-02,6.742662569956332508e-01,6.364452213887370480e-01
6.269129674317035494e-01,5.622296808875014706e-01,4.199098258497953040e-01,5.456288892628861076e-01,1.824787682980489878e-01,5.829305768933104037e-01,6.908484852091267836e-01
5.928110830662792763e-01,3.418994847234600454e-01,7.341741636163158224e-01,9.737457129554821789e-02,4.945488513894369387e-01,5.187970561815996584e-01,6.489361290976809471e-01
6.828481225307473368e-01,7.455925343440104047e-01,1.841240495694383139e-01,5.326554809224345322e-01,4.355113648713201391e-01,5.979273268091865878e-01,6.167242207591397962e-01
8.440870999095034799e-01,2.414085991811756315e-01,1.849217446735881880e-06,6.637240843707599147e-01,2.510507076042036319e-06,7.158799640448073598e-01,6.523109740525322442e-01
3.577726848801236043e-06,2.566972633103895247e-06,1.849217446735881880e-06,6.720344599673473418e-01,2.510507076042036319e-06,1.845275802876810423e-01,4.282405132853127614e-06
5.109156225478527213e-01,3.483038425949129269e-01,8.049578658816383681e-02,6.287023650589370627e-01,2.510507076042036319e-06,6.862618377544283943e-01,6.387987728528068399e-01
6.934047570260826188e-01,6.458463790090628320e-01,1.710119995899868628e-01,5.572920470589374231e-01,7.880611132014503362e-02,6.164288971720786048e-01,6.377743506998418965e-01
9.138255819522683732e-01,2.566972633103895247e-06,1.849217446735881880e-06,5.827107564084709201e-01,2.510507076042036319e-06,6.661396952998055454e-01,6.867545387226237086e-01
6.376311127900398112e-01,5.287194216129298407e-01,1.849217446735881880e-06,2.929165080832554224e-01,2.510507076042036319e-06,3.910703613846138182e-01,3.096986012487533690e-01
3.577726848801236043e-06,2.566972633103895247e-06,1.849217446735881880e-06,6.209300389718260815e-01,2.510507076042036319e-06,3.704558711867581023e-06,4.282405132853127614e-06
4.605227028095688069e-01,2.783418440168709540e-01,1.849217446735881880e-06,6.696718506619827593e-01,2.510507076042036319e-06,6.639059056726104302e-01,4.282405132853127614e-06
9.459881205789326675e-01,2.566972633103895247e-06,1.849217446735881880e-06,3.270043998107432515e-01,2.510507076042036319e-06,5.871029302109794790e-01,3.286973410113566141e-01
5.316315964223453649e-01,9.213759409972605008e-02,1.849217446735881880e-06,5.900497849843321374e-01,2.510507076042036319e-06,3.310075281574336170e-01,4.282405132853127614e-06
3.447632128309847110e-01,3.589503768743429468e-01,1.849217446735881880e-06,3.086014032624942019e-06,2.510507076042036319e-06,5.880258231216172193e-01,4.484358437452859447e-01
6.589109792455840608e-01,1.574115500709295234e-01,1.849217446735881880e-06,3.086014032624942019e-06,4.819672899205021954e-01,7.272239167105261082e-01,6.931852891285675833e-01
6.640592955533556330e-01,2.222245471396516181e-01,1.849217446735881880e-06,3.086014032624942019e-06,6.112077497221511946e-01,7.238232569637197411e-01,6.586589682764083520e-01
4.433839604768333720e-01,3.384287571892775071e-01,1.849217446735881880e-06,3.086014032624942019e-06,5.221325066859997532e-01,6.828316554139498562e-01,6.744155858416871485e-01
2.131274255888664371e-01,2.308018828958735558e-01,1.849217446735881880e-06,3.086014032624942019e-06,4.452488467042863274e-01,6.954949769489875422e-01,7.187891562041033300e-01
7.982571433895963020e-02,2.566972633103895247e-06,1.849217446735881880e-06,3.086014032624942019e-06,2.603770773450748699e-01,7.334623837976679273e-01,7.666498352820706463e-01
3.577726848801236043e-06,2.566972633103895247e-06,1.849217446735881880e-06,3.086014032624942019e-06,2.510507076042036319e-06,7.658601558397925002e-01,1.624172277145239374e-01
1.826489685631799142e-01,2.566972633103895247e-06,1.849217446735881880e-06,3.086014032624942019e-06,2.510507076042036319e-06,6.049649829813682489e-01,8.470637536081603303e-01
3.577726848801236043e-06,2.566972633103895247e-06,1.849217446735881880e-06,3.086014032624942019e-06,1.170402430289064072e-01,2.271788011976609289e-01,9.566109766842891826e-01
3.577726848801236043e-06,2.566972633103895247e-06,1.849217446735881880e-06,3.086014032624942019e-06,1.181652587869517074e-01,3.794123933145462924e-01,7.661642178341474541e-01
3.577726848801236043e-06,2.566972633103895247e-06,1.849217446735881880e-06,3.086014032624942019e-06,2.201959455575836500e-01,6.641330945052528190e-01,7.154442482521053970e-01
3.577726848801236043e-06,2.566972633103895247e-06,1.849217446735881880e-06,3.086014032624942019e-06,1.260270019238097783e-01,1.513016553131156794e-01,6.775409966703059839e-01
3.577726848801236043e-06,2.566972633103895247e-06,1.849217446735881880e-06,3.086014032624942019e-06,2.510507076042036319e-06,1.430639420916404170e-01,6.821704965070327642e-01
7.693009982703753469e-01,4.126187185380892908e-01,1.849217446735881880e-06,3.086014032624942019e-06,3.788402175262308158e-01,6.993975727646173368e-01,6.713730538877706877e-01
3.577726848801236043e-06,2.566972633103895247e-06,1.849217446735881880e-06,3.086014032624942019e-06,2.510507076042036319e-06,3.704558711867581023e-06,5.923465438742420153e-01
7.829933202564151040e-01,5.688107434891140901e-01,1.849217446735881880e-06,3.086014032624942019e-06,6.956092410490680722e-01,6.148334816566457528e-01,5.026706199051500512e-01
3.577726848801236043e-06,2.566972633103895247e-06,1.849217446735881880e-06,3.086014032624942019e-06,2.510507076042036319e-06,3.704558711867581023e-06,5.958154940798656707e-01
7.447644912335792400e-01,7.593003740712354066e-01,8.348679887035634350e-02,3.086014032624942019e-06,7.184938351628765707e-01,6.315512740402532410e-01,5.752871759143070030e-01
6.073279747258006900e-01,6.903445227179485499e-01,1.787552604780868193e-01,3.086014032624942019e-06,6.721034539220265280e-01,4.048210291513782422e-01,6.085068815538188236e-01
4.245059604170545176e-01,4.762148895922300729e-01,1.849217446735881880e-06,3.086014032624942019e-06,7.769063612270458163e-01,6.673730952079737211e-01,6.308251012198898833e-01
3.930777380412639466e-01,1.707402769311776591e-01,1.849217446735881880e-06,3.086014032624942019e-06,3.433751970057540293e-01,7.460332912982883258e-01,7.196832787790757857e-01
3.577726848801236043e-06,2.566972633103895247e-06,1.849217446735881880e-06,3.086014032624942019e-06,7.056849352120948826e-02,8.141487238079239130e-01,2.906424720062951161e-01
2.652084894574999741e-01,2.566972633103895247e-06,1.849217446735881880e-06,3.086014032624942019e-06,2.510507076042036319e-06,6.961227998520960192e-01,9.200595525510038009e-01
3.577726848801236043e-06,2.566972633103895247e-06,1.849217446735881880e-06,3.086014032624942019e-06,2.510507076042036319e-06,2.220325921117916601e-01,9.884821675764223770e-01
2.257980608253151167e-01,2.566972633103895247e-06,1.849217446735881880e-06,3.086014032624942019e-06,3.798260553301799347e-01,4.967490842538440088e-01,7.998327331311890775e-01
2.035757775838767103e-01,2.566972633103895247e-06,1.849217446735881880e-06,3.086014032624942019e-06,5.342917283907087089e-01,6.405127326060726656e-01,7.481509146398508392e-01
3.577726848801236043e-06,2.566972633103895247e-06,1.849217446735881880e-06,3.086014032624942019e-06,3.810950066437368000e-01,6.541041446914790392e-01,7.847995726860920174e-01
3.577726848801236043e-06,2.566972633103895247e-06,1.849217446735881880e-06,3.086014032624942019e-06,8.954952397420558319e-02,3.704558711867581023e-06,7.652938362839787345e-01
7.150927220000122819e-01,6.891513695904234460e-01,1.849217446735881880e-06,5.456038637043059136e-01,6.707372736577164041e-01,6.376147885740494070e-01,5.907593306061623695e-01
3.577726848801236043e-06,2.566972633103895247e-06,1.849217446735881880e-06,3.086014032624942019e-06,2.510507076042036319e-06,3.704558711867581023e-06,9.238140698637626880e-01
6.822095514319369558e-01,6.987735067311229287e-01,2.342775290769243957e-01,5.386596870308180129e-01,7.334999379338292824e-01,5.158611693795400743e-01,2.801169776117228283e-01
3.577726848801236043e-06,2.566972633103895247e-06,1.849217446735881880e-06,3.086014032624942019e-06,1.180302226026156698e-01,5.892226966165756141e-02,9.335041501090399763e-01
5.622846296755774631e-01,4.248632965059809252e-01,5.076731371465192932e-01,3.130958218809270499e-01,6.695239645454847954e-01,6.401189074436541837e-01,4.282405132853127614e-06
3.577726848801236043e-06,2.566972633103895247e-06,1.849217446735881880e-06,3.086014032624942019e-06,1.666907283767015691e-01,3.704558711867581023e-06,5.482547371472870079e-01
6.059979858857151847e-01,4.805859049451373655e-01,5.479890675937306721e-01,3.086014032624942019e-06,6.828875114653364387e-01,5.609347892684540815e-01,2.088689812591294770e-01
6.391342711646751384e-01,6.747367604674275876e-01,3.446556033372003558e-01,3.086014032624942019e-06,6.244307421230300692e-01,4.574202596304207669e-01,5.992249997040040022e-01
5.250293222341579913e-01,4.178963856553001843e-01,2.393409517860957680e-01,3.086014032624942019e-06,6.716093395821328693e-01,4.301572098903599373e-01,5.205208032416865915e-01
2.800260307976187857e-01,3.268527154188149986e-01,1.849217446735881880e-06,3.086014032624942019e-06,1.782522552721227393e-01,7.056983595521338914e-01,6.265309816999641290e-01
3.577726848801236043e-06,2.566972633103895247e-06,1.849217446735881880e-06,3.086014032624942019e-06,2.510507076042036319e-06,6.945920949513142428e-01,4.282405132853127614e-06
4.260468406710641309e-01,2.566972633103895247e-06,1.849217446735881880e-06,3.086014032624942019e-06,1.453581628606660237e-01,7.253313521316715473e-01,6.871537192094397950e-01
7.842112237985986445e-01,3.197626362206265616e-01,1.849217446735881880e-06,3.372533867292562548e-01,3.772005114059267528e-01,6.954237692846727548e-01,6.711528206085837223e-01
3.577726848801236043e-06,2.566972633103895247e-06,1.849217446735881880e-06,3.086014032624942019e-06,2.510507076042036319e-06,3.704558711867581023e-06,6.941667688594069796e-01
3.577726848801236043e-06,2.566972633103895247e-06,1.849217446735881880e-06,3.086014032624942019e-06,1.713505574604744786e-01,3.936897379152537457e-01,8.724230942628494745e-01
4.683283859753113454e-01,2.566972633103895247e-06,1.849217446735881880e-06,3.086014032624942019e-06,5.624705910196771130e-01,5.018462536088511561e-01,7.537045967470379360e-01
3.577726848801236043e-06,2.566972633103895247e-06,1.849217446735881880e-06,3.086014032624942019e-06,2.510507076042036319e-06,3.704558711867581023e-06,6.929493511921460680e-01
4.643802376244327013e-01,2.566972633103895247e-06,1.849217446735881880e-06,3.086014032624942019e-06,6.096543083341101621e-01,6.531632159709747087e-01,7.096227894698065031e-01
2.817889434740788457e-01,2.566972633103895247e-06,1.849217446735881880e-06,3.086014032624942019e-06,6.096552743445498024e-01,6.712715848882159220e-01,7.218930344753420325e-01
3.577726848801236043e-06,2.566972633103895247e-06,1.849217446735881880e-06,3.086014032624942019e-06,2.149093085248972301e-01,3.783416535417600812e-01,8.527909844470522582e-01
2.099268276565656177e-01,2.566972633103895247e-06,1.849217446735881880e-06,3.086014032624942019e-06,2.510507076042036319e-06,3.783775432441026654e-01,8.869495954731816401e-01
6.717886346768324746e-01,7.755209570423273746e-01,7.666362469811825731e-02,5.525307266227638125e-01,7.643479357081411907e-01,1.432316699257600301e-01,6.108358331446422929e-01
3.577726848801236043e-06,2.566972633103895247e-06,1.849217446735881880e-06,3.086014032624942019e-06,2.510507076042036319e-06,5.792687617382196591e-02,9.986784162859259073e-01
5.270786376045544230e-01,5.701372175621521876e-01,3.909451042228478945e-01,5.402589411935664332e-01,6.930390253727471972e-01,4.632710867464240878e-01,2.397795501683128161e-01
1.700779384443749098e-01,2.566972633103895247e-06,1.849217446735881880e-06,3.086014032624942019e-06,1.186853829579336272e-01,3.509106940501890426e-01,9.022007807300420623e-01
1.645195542480237805e-02,2.350854868561990108e-01,7.046194493753527022e-01,6.105437895107072022e-01,6.636395119522057184e-01,4.635759802930450313e-01,2.817475627261493698e-01
3.577726848801236043e-06,2.566972633103895247e-06,1.849217446735881880e-06,3.086014032624942019e-06,2.119995401790307210e-01,3.478404482610828463e-01,8.813639519346696538e-01
3.577726848801236043e-06,2.097495794843431127e-01,7.499065495766231715e-01,5.595557638246553278e-01,5.436773892215452930e-01,2.434232965073628296e-01,4.282405132853127614e-06
3.577726848801236043e-06,2.566972633103895247e-06,1.849217446735881880e-06,3.086014032624942019e-06,8.465456191185058432e-02,3.704558711867581023e-06,6.756752711215830987e-01
4.021994556525740894e-01,4.622324344701799759e-01,6.715523691191136457e-01,3.086014032624942019e-06,5.436341602543698359e-01,2.307350360471908252e-02,2.418497583292502362e-01
5.601618061559946460e-01,6.089448053266570682e-01,4.963866155619143794e-01,3.086014032624942019e-06,6.158060560160473207e-01,6.275744559292646685e-02,2.924707456282927276e-01
4.826226825351839778e-01,5.292368079122514724e-01,1.549163496569014031e-01,3.086014032624942019e-06,5.115196744931223005e-01,4.832406784749418427e-01,6.404889865876706168e-01
3.577726848801236043e-06,1.553618272021876634e-01,1.849217446735881880e-06,3.086014032624942019e-06,2.510507076042036319e-06,7.988715612285598455e-01,2.604293800519075774e-01
2.324767015628561861e-01,2.566972633103895247e-06,1.849217446735881880e-06,4.534193078459737847e-01,2.510507076042036319e-06,6.618585553825665491e-01,1.123642229626995309e-01
7.848907577974455485e-01,1.879208870934032938e-01,1.849217446735881880e-06,5.722608845680611234e-01,2.510507076042036319e-06,7.257052703339202937e-01,6.516658561795709570e-01
7.332367209081483983e-01,6.551674544752552620e-01,1.849217446735881880e-06,5.632347099507518662e-01,3.474563013102482389e-01,6.329359252645936351e-01,6.503125564194411901e-01
3.577726848801236043e-06,2.566972633103895247e-06,1.849217446735881880e-06,3.086014032624942019e-06,2.510507076042036319e-06,3.704558711867581023e-06,8.930226968491365991e-01
3.819238104463857919e-01,2.566972633103895247e-06,1.849217446735881880e-06,3.086014032624942019e-06,2.112290985528680609e-01,3.621952896701796099e-01,8.881668291014905847e-01
9.365273111808370965e-01,2.566972633103895247e-06,1.849217446735881880e-06,3.086014032624942019e-06,6.318233302147295838e-01,6.856829766175860374e-01,6.772511353209581531e-01
3.577726848801236043e-06,2.566972633103895247e-06,1.849217446735881880e-06,3.086014032624942019e-06,2.510507076042036319e-06,5.307239436342998939e-02,7.051426065694421652e-01
7.790608818529131119e-01,2.566972633103895247e-06,1.849217446735881880e-06,3.086014032624942019e-06,7.828506098665408697e-01,7.113714273893367857e-01,6.682227364543190662e-01
5.800971441926491279e-01,2.566972633103895247e-06,1.849217446735881880e-06,3.086014032624942019e-06,7.113159911919167966e-01,6.374812092329624758e-01,6.986309403709501931e-01
1.077853525132134588e-01,2.566972633103895247e-06,1.849217446735881880e-06,3.086014032624942019e-06,4.547855915678880590e-01,4.243971335640600029e-01,7.857362696052860862e-01
3.577726848801236043e-06,2.566972633103895247e-06,1.849217446735881880e-06,3.086014032624942019e-06,7.308446167377731506e-02,5.995162322808563621e-02,7.198360311092082409e-01
1.897323880236364002e-01,2.566972633103895247e-06,1.849217446735881880e-06,3.086014032624942019e-06,2.510507076042036319e-06,2.292909920433491566e-01,9.697391499375770385e-01
6.564768376857239573e-01,8.832259072906351038e-01,1.365507908559407402e-01,5.392990484692901099e-01,7.420121321251118562e-01,7.829459411163552929e-02,5.083100948371123140e-01
3.577726848801236043e-06,2.566972633103895247e-06,1.849217446735881880e-06,3.086014032624942019e-06,2.510507076042036319e-06,2.228941268854048308e-01,9.873983008419721097e-01
3.577726848801236043e-06,2.272782380398928881e-01,6.223739281461562189e-01,5.457368167096334766e-01,6.438395823743666702e-01,5.641573778780760717e-01,4.282405132853127614e-06
2.230673883819492553e-01,2.566972633103895247e-06,1.849217446735881880e-06,3.086014032624942019e-06,2.967653623432708332e-01,4.977919906658706539e-01,8.143548174066740364e-01
1.738445361838350176e-02,2.074077960859109782e-01,7.667291106451097349e-01,6.290034278210722141e-01,6.138222086766091934e-01,4.914579389840755819e-01,2.087206458638441731e-01
3.577726848801236043e-06,2.566972633103895247e-06,1.849217446735881880e-06,3.086014032624942019e-06,3.015540934450878785e-01,5.351862018050155267e-01,8.290497756043732069e-01
3.577726848801236043e-06,2.566972633103895247e-06,8.479769971136225104e-01,4.606485944330758198e-01,5.527147066878351778e-01,3.704558711867581023e-06,4.282405132853127614e-06
3.577726848801236043e-06,2.566972633103895247e-06,1.849217446735881880e-06,3.086014032624942019e-06,1.237114869750397389e-01,5.886290611887979446e-02,8.390635190198428850e-01
3.577726848801236043e-06,1.748924542722033459e-01,8.059765162103673664e-01,4.409430840167730126e-01,5.424946060392075164e-01,3.704558711867581023e-06,4.282405132853127614e-06
5.132474468859733463e-01,4.680468025853565806e-01,6.212289089914538875e-01,3.086014032624942019e-06,6.127056455099110233e-01,5.416380449972146155e-02,6.662508817766286118e-01
4.355985336902297167e-01,6.507519657905981303e-01,2.109475901669654041e-01,3.086014032624942019e-06,5.575507964514572201e-01,4.543124349060594369e-01,6.404909496698248939e-01
2.922466818250403220e-01,4.238622998675308784e-01,1.849217446735881880e-06,3.086014032624942019e-06,2.510507076042036319e-06,6.091718486268511423e-01,3.079224719964797075e-01
5.722805675963474892e-01,2.566972633103895247e-06,1.849217446735881880e-06,4.452469130482052950e-01,2.510507076042036319e-06,9.117511461575252829e-01,4.282405132853127614e-06
8.276803330904968226e-01,3.917841264476861762e-01,1.849217446735881880e-06,6.120533750557026753e-01,2.510507076042036319e-06,6.798494576418869784e-01,7.200409891553820607e-01
7.041337958149780363e-01,7.239859238438270950e-01,1.849217446735881880e-06,5.478197597274194752e-01,4.270593048299072825e-01,6.246415317818517776e-01,6.269954960147284817e-01
3.577726848801236043e-06,2.566972633103895247e-06,1.849217446735881880e-06,3.086014032624942019e-06,2.510507076042036319e-06,2.394216336784600885e-01,8.111569565772975832e-01
9.443264672910792745e-01,2.566972633103895247e-06,1.849217446735881880e-06,2.305029539987893950e-01,5.525939553828758122e-01,5.712431641941667637e-01,7.064821034081744111e-01
9.133760703920879021e-01,6.454741377175651773e-02,1.849217446735881880e-06,3.086014032624942019e-06,8.465193919350686436e-01,7.303238929988936645e-01,6.386581670935040922e-01
3.577726848801236043e-06,2.566972633103895247e-06,1.849217446735881880e-06,3.086014032624942019e-06,2.510507076042036319e-06,5.380903310283187413e-02,6.270459840338847846e-01
8.972532529944330371e-01,1.672834163601242263e-01,1.849217446735881880e-06,3.086014032624942019e-06,9.360417046027016408e-01,7.648462002810675342e-01,6.238356699020919383e-01
3.577726848801236043e-06,2.566972633103895247e-06,1.849217446735881880e-06,3.086014032624942019e-06,2.510507076042036319e-06,5.898407609510890326e-02,7.088432618155920961e-01
4.029305758969614626e-01,2.566972633103895247e-06,1.849217446735881880e-06,3.086014032624942019e-06,7.161871954350210734e-01,6.572247036331813064e-01,7.065730186504460830e-01
7.352665001262197186e-02,2.566972633103895247e-06,1.849217446735881880e-06,3.086014032624942019e-06,5.352850769258263863e-01,5.677760786115981784e-01,7.549958140340374824e-01
3.577726848801236043e-06,2.566972633103895247e-06,1.849217446735881880e-06,3.086014032624942019e-06,2.510507076042036319e-06,8.515191167630015157e-02,5.024117384460499158e-01
3.577726848801236043e-06,2.566972633103895247e-06,1.849217446735881880e-06,3.086014032624942019e-06,2.510507076042036319e-06,3.704558711867581023e-06,6.934590163964596821e-01
5.100674204320424510e-01,2.566972633103895247e-06,1.849217446735881880e-06,3.086014032624942019e-06,2.510507076042036319e-06,3.445261992748044899e-01,9.495628369408137814e-01
4.241900059166632819e-01,6.116977937067362703e-01,5.455700859015834014e-01,5.655358516454644935e-01,6.610528257978883770e-01,5.320382318107817754e-02,2.255880611968776872e-01
3.100678390638779702e-01,2.566972633103895247e-06,1.849217446735881880e-06,3.086014032624942019e-06,1.208849645788122040e-01,3.402025166763671948e-01,8.839744831220024412e-01
3.577726848801236043e-06,2.566972633103895247e-06,8.226706607821479000e-01,3.567344987834251691e-01,5.856779775219030926e-01,1.352251996959172864e-01,7.940398157230242615e-02
3.710801205515640855e-01,2.566972633103895247e-06,1.849217446735881880e-06,3.086014032624942019e-06,2.169277873385977717e-01,6.229905015212972019e-01,8.052530483445174969e-01
3.577726848801236043e-06,2.566972633103895247e-06,8.702884174163616482e-01,3.554682508828124754e-01,5.941381037504872564e-01,3.704558711867581023e-06,4.282405132853127614e-06
3.969300962259034726e-01,2.566972633103895247e-06,1.849217446735881880e-06,3.086014032624942019e-06,2.970284069859943088e-01,4.505533978998000899e-01,8.068881117401085490e-01
3.577726848801236043e-06,2.566972633103895247e-06,8.845454745758327686e-01,4.572873443708899699e-01,6.360704917138039205e-01,3.704558711867581023e-06,4.282405132853127614e-06
3.577726848801236043e-06,2.566972633103895247e-06,1.849217446735881880e-06,3.086014032624942019e-06,2.510507076042036319e-06,2.355337211950704335e-01,9.557270989443096276e-01
5.328776710138900829e-05,1.643303475120390100e-01,8.386234288018898919e-01,4.402824017096614861e-01,6.591691537410444557e-01,3.704558711867581023e-06,2.741872732525087453e-01
3.577726848801236043e-06,2.566972633103895247e-06,1.849217446735881880e-06,3.086014032624942019e-06,2.510507076042036319e-06,5.891379101184635730e-02,5.171852199299216135e-01
3.957826398689475167e-01,4.415135077097343541e-01,6.686745654866654842e-01,1.871203921406741910e-01,6.296193773966115570e-01,2.166952398248145895e-01,5.444904044237565133e-01
4.139082279791552188e-01,7.342409888016349084e-01,1.655669916435874578e-01,3.086014032624942019e-06,4.860228915493889912e-01,4.433885035070034286e-01,6.491426208017877508e-01
3.141981147703034605e-01,3.967755150635829953e-01,1.849217446735881880e-06,3.086014032624942019e-06,2.510507076042036319e-06,7.372087385629836342e-01,4.300136059997188842e-01
8.482210217641740213e-01,1.436129560225112359e-02,1.849217446735881880e-06,6.890264362137826781e-01,2.510507076042036319e-06,7.631553561001734876e-01,5.636175113553566485e-01
6.929278318328008224e-01,6.688733132077475663e-01,1.849217446735881880e-06,5.607815247566283468e-01,1.760165931613222878e-01,6.214563661782929183e-01,7.081325033830960791e-01
6.748278567886598633e-01,8.165486951286745620e-01,1.459207285588517422e-01,5.266871120187853750e-01,6.706553559724319769e-01,6.058824183702883337e-01,5.709188886967385690e-01
1.690442329098279517e-01,2.566972633103895247e-06,1.849217446735881880e-06,3.086014032624942019e-06,2.510507076042036319e-06,3.609327569913192146e-01,8.549268178309451516e-01
9.126513421606732290e-01,2.566972633103895247e-06,1.849217446735881880e-06,3.261077136332136139e-01,3.389038486338921685e-01,6.302522799186798252e-01,7.426481499760412275e-01
9.115123934829556518e-01,6.386505394545806402e-02,1.849217446735881880e-06,3.086014032624942019e-06,8.460652704273775582e-01,7.324659962612337649e-01,6.408003191480812211e-01
5.695733700456947490e-01,2.566972633103895247e-06,1.849217446735881880e-06,3.086014032624942019e-06,8.611863284406514607e-01,6.758545517446346018e-01,6.792336029115453311e-01
2.596582640805242259e-01,2.566972633103895247e-06,1.849217446735881880e-06,3.086014032624942019e-06,4.589390500543139573e-01,5.503138282893185185e-01,7.466312436671429520e-01
3.577726848801236043e-06,2.566972633103895247e-06,1.849217446735881880e-06,3.086014032624942019e-06,1.031956470603577758e-01,5.428231458381822527e-01,7.933330908108922053e-01
2.191361878682834829e-01,2.566972633103895247e-06,1.849217446735881880e-06,3.086014032624942019e-06,2.510507076042036319e-06,3.963146499322071636e-01,6.657588843117038246e-01
7.343293049847258169e-01,2.566972633103895247e-06,1.849217446735881880e-06,2.267632396167747755e-01,2.510507076042036319e-06,5.030498710413606744e-01,9.199210939128074083e-01
3.577726848801236043e-06,2.566972633103895247e-06,8.410268913053265960e-01,1.254601659640608713e-01,6.751044619539203762e-01,9.210432655689321235e-02,2.936669067966014568e-01
4.601378316059293594e-01,2.566972633103895247e-06,1.849217446735881880e-06,3.086014032624942019e-06,1.043143837505451921e-01,5.111002873151290204e-01,7.687519895377536994e-01
3.577726848801236043e-06,2.566972633103895247e-06,9.496616912658580878e-01,3.725359889836130090e-02,5.829126277367679965e-01,3.704558711867581023e-06,4.282405132853127614e-06
4.993594032632756585e-01,2.566972633103895247e-06,1.849217446735881880e-06,3.086014032624942019e-06,1.048226018428581180e-01,6.024966758495100549e-01,7.546444836747326912e-01
3.577726848801236043e-06,2.566972633103895247e-06,9.256517819764740196e-01,3.502773376253300319e-01,6.651401608697184997e-01,3.704558711867581023e-06,4.282405132853127614e-06
1.700775558238800667e-01,2.566972633103895247e-06,1.849217446735881880e-06,3.086014032624942019e-06,1.209928920951848785e-01,3.555951448223556022e-01,8.972720949037343852e-01
3.577726848801236043e-06,2.566972633103895247e-06,9.398844107833453920e-01,4.375979002119838590e-01,6.908480170945207055e-01,3.704558711867581023e-06,4.020195560403823365e-02
1.527136300763836663e-01,2.566972633103895247e-06,1.849217446735881880e-06,3.086014032624942019e-06,2.510507076042036319e-06,2.798300080740135365e-01,6.570478299445730030e-01
3.577726848801236043e-06,3.941011040776993407e-02,8.403045784480619451e-01,5.874778985002658827e-01,6.713334953010837713e-01,3.019586567099034283e-04,2.361365757970251555e-01
5.232020617932999773e-01,5.513567931974225900e-01,6.246553446840551471e-01,4.845079695441220080e-01,6.310033322530116395e-01,3.704558711867581023e-06,5.111221793500075883e-01
5.101301251790213431e-01,6.699271528806931553e-01,1.323725127386674028e-01,3.086014032624942019e-06,4.998482880604490641e-01,6.138133928830382668e-01,6.279938459828314778e-01
1.417395791282590745e-01,2.573720242735246799e-01,1.849217446735881880e-06,3.086014032624942019e-06,2.510507076042036319e-06,7.765465031267441143e-01,3.743304432878755139e-01
5.240767322445184506e-01,2.566972633103895247e-06,1.849217446735881880e-06,6.095193293331754303e-01,2.510507076042036319e-06,5.814392181252924230e-01,4.282405132853127614e-06
8.104043425355512698e-01,4.688128532485045241e-01,1.849217446735881880e-06,6.089872148881962932e-01,2.510507076042036319e-06,6.671097308028035577e-01,7.081899848824270149e-01
6.244725238872225193e-01,8.314635054216854559e-01,1.317230059518962638e-02,5.348514169834176490e-01,4.454876927854959368e-01,6.116160387103575236e-01,6.097350348266110664e-01
3.577726848801236043e-06,2.566972633103895247e-06,1.849217446735881880e-06,3.086014032624942019e-06,2.510507076042036319e-06,3.704558711867581023e-06,6.920820369578435383e-01
6.381499461810513640e-01,5.993656557716579014e-01,5.634904379764127391e-01,5.385721731817041391e-01,5.167076335593958625e-01,3.128322136404569909e-01,6.538800901570017698e-01
2.967076091602767751e-01,2.566972633103895247e-06,1.849217446735881880e-06,3.086014032624942019e-06,2.510507076042036319e-06,3.464186599008644007e-01,8.476013313868555610e-01
8.670005758213376046e-01,2.566972633103895247e-06,1.849217446735881880e-06,2.304444161174274697e-01,4.805905318418776107e-01,6.414117163739476712e-01,7.169760044493257434e-01
9.097387449255519565e-01,2.566972633103895247e-06,1.849217446735881880e-06,3.086014032624942019e-06,6.220652240588764315e-01,6.568535921563873892e-01,6.933596353623975306e-01
5.615295168754543820e-01,2.566972633103895247e-06,1.849217446735881880e-06,3.086014032624942019e-06,4.997961234967066013e-01,5.431484141325487736e-01,7.294895489493614660e-01
3.577726848801236043e-06,2.566972633103895247e-06,1.849217446735881880e-06,3.086014032624942019e-06,2.114915877395887045e-01,2.868924829759106898e-01,8.720494338440394344e-01
5.132786417098472720e-01,2.566972633103895247e-06,1.849217446735881880e-06,2.386021622687460597e-01,2.510507076042036319e-06,3.221871335339137055e-01,7.650171030465379163e-01
8.646459743102298257e-01,2.566972633103895247e-06,1.849217446735881880e-06,2.278008552238925677e-01,2.510507076042036319e-06,5.279439145566241498e-01,7.982556420054675028e-01
3.577726848801236043e-06,2.566972633103895247e-06,9.236867844528384719e-01,3.499169242182234574e-01,6.046201381298327293e-01,3.704558711867581023e-06,5.514349302372746342e-01
3.226394206063373238e-01,2.566972633103895247e-06,1.849217446735881880e-06,3.086014032624942019e-06,2.510507076042036319e-06,4.136315222712105277e-01,7.656330200724537072e-01
3.577726848801236043e-06,2.566972633103895247e-06,9.662747911854839833e-01,3.500418110172640040e-02,5.772389103209037975e-01,3.704558711867581023e-06,5.539447844495919669e-03
4.598957003539554944e-01,2.566972633103895247e-06,1.849217446735881880e-06,3.086014032624942019e-06,2.510507076042036319e-06,4.076070679999929114e-01,7.527577776854856850e-01
1.845646255918914069e-01,2.566972633103895247e-06,9.647434687685907395e-01,3.440442724057001245e-01,6.575499270420614994e-01,3.704558711867581023e-06,4.758108556848129195e-02
1.735970679386352467e-01,2.566972633103895247e-06,1.849217446735881880e-06,3.086014032624942019e-06,2.510507076042036319e-06,3.739980639831529952e-01,6.642519120266817678e-01
3.577726848801236043e-06,2.566972633103895247e-06,8.998721103893304596e-01,4.495877133731292496e-01,6.591961537328333565e-01,3.704558711867581023e-06,3.706310149680719923e-01
3.577726848801236043e-06,6.644662437507044273e-02,7.895283795188859921e-01,5.750283635598230081e-01,6.379900027579598065e-01,3.704558711867581023e-06,5.982020498626547944e-01
6.171303516903543507e-01,5.985714749833052073e-01,3.374592022562217797e-01,5.470832824883540280e-01,5.426089333747430299e-01,4.322870727111335909e-01,6.332925727952271044e-01
4.682212522367544261e-01,4.805978404384020353e-01,1.849217446735881880e-06,3.086014032624942019e-06,9.087187151481546099e-02,6.733737702774219569e-01,7.200489028303166394e-01
3.577726848801236043e-06,2.566972633103895247e-06,1.849217446735881880e-06,3.086014032624942019e-06,2.510507076042036319e-06,5.517595517804982919e-01,4.282405132853127614e-06
1.582623924926437886e-01,2.566972633103895247e-06,1.849217446735881880e-06,7.169216929858425180e-01,2.510507076042036319e-06,3.704558711867581023e-06,4.282405132853127614e-06
8.788831478809306930e-01,3.054029501765957999e-01,1.849217446735881880e-06,6.345240206803353100e-01,2.510507076042036319e-06,7.054432074177388046e-01,6.409665063217073744e-01
6.696930897478233780e-01,6.201983906794990009e-01,1.356512886195490042e-01,5.552314077867138709e-01,2.295202164249789123e-01,6.129298461051642111e-01,6.821897592506719343e-01
6.333245165567540358e-01,5.834093870227808898e-01,4.658713880764732140e-01,5.340172190964216359e-01,4.769539372411997769e-01,5.842436046421576323e-01,6.059875109940269233e-01
3.577726848801236043e-06,5.644856219224318348e-05,7.598037684805277747e-01,4.441831755967083351e-01,6.302901267453997480e-01,3.986133580796425990e-01,7.150051313127123720e-01
1.889680698245491397e-01,2.566972633103895247e-06,1.849217446735881880e-06,3.086014032624942019e-06,2.510507076042036319e-06,2.739480730842201450e-01,6.893141524665790110e-01
8.568058552999510136e-01,2.566972633103895247e-06,1.849217446735881880e-06,3.531772781839579434e-01,1.505602256793589222e-01,5.146459612104304915e-01,8.221367204516414340e-01
6.076429389143228610e-01,2.566972633103895247e-06,1.849217446735881880e-06,3.086014032624942019e-06,2.380615116807567322e-01,2.533275029675923773e-01,8.055725399651320062e-01
5.760253419006713393e-01,2.566972633103895247e-06,1.849217446735881880e-06,3.086014032624942019e-06,8.278742070865559299e-02,3.704558711867581023e-06,6.370385016235610154e-01
3.717656864499768177e-01,2.566972633103895247e-06,1.849217446735881880e-06,3.086014032624942019e-06,2.510507076042036319e-06,3.808088691692747552e-01,6.466923261953008151e-01
5.769689290551380800e-01,2.566972633103895247e-06,1.849217446735881880e-06,7.270392579188503235e-02,2.510507076042036319e-06,5.983264535641307225e-01,8.063115177035963255e-01
3.991071168132268032e-01,1.462347530264151707e-01,9.861418434688643542e-01,6.524089406114008671e-02,6.095372278688215850e-01,5.404577519729980573e-01,2.940390949037957613e-01
3.081373836248511577e-01,2.566972633103895247e-06,1.849217446735881880e-06,3.086014032624942019e-06,2.510507076042036319e-06,5.453494066530412132e-01,4.170036470999111122e-01
4.062506864661819539e-01,2.051265568389980254e-01,9.330319225879876166e-01,5.771505271471362442e-02,6.120685133244234688e-01,4.792837673241230334e-01,2.593507277544296885e-01
1.416072149441301997e-01,2.566972633103895247e-06,1.849217446735881880e-06,3.086014032624942019e-06,2.510507076042036319e-06,1.660246325502603981e-01,5.652437408812533981e-01
3.577726848801236043e-06,2.566972633103895247e-06,8.723654021721116703e-01,4.386013419445448647e-01,6.770684577788231850e-01,1.209969009170559686e-03,2.228958473880302549e-01
3.577726848801236043e-06,1.026387481282075992e-01,4.262986423583801920e-02,3.086014032624942019e-06,7.318613427255307724e-02,3.704558711867581023e-06,6.149040141778701063e-01
3.577726848801236043e-06,4.727384543169738107e-02,8.486054284589349406e-01,6.946075138067745458e-01,6.246228815994814276e-01,3.850087959657167991e-01,6.997690372499133504e-01
6.741877101936941674e-01,7.530976319387064910e-01,3.282637955528902585e-01,5.356128441751462077e-01,6.211525373954716045e-01,2.942349547301172374e-01,6.322715246897149255e-01
7.313614753558190795e-01,5.780924466849934884e-01,1.849217446735881880e-06,3.086014032624942019e-06,2.476316563553102312e-01,6.606195939998862343e-01,6.958571052869053641e-01
3.577726848801236043e-06,2.566972633103895247e-06,1.849217446735881880e-06,3.086014032624942019e-06,2.510507076042036319e-06,7.500025208552695277e-01,3.937066469409628011e-01
3.590477188076068860e-01,2.566972633103895247e-06,1.849217446735881880e-06,8.622782270533395632e-01,2.510507076042036319e-06,4.561972030253174104e-01,4.282405132853127614e-06
7.354167124310787562e-01,5.484091720848522922e-01,5.848166771884211190e-02,5.762802841391336806e-01,2.510507076042036319e-06,6.516680109495557316e-01,6.885922290043302585e-01
6.465341965491773202e-01,6.172571087500735576e-01,3.162541707819659376e-01,5.399548541947447600e-01,4.313167060396421726e-01,5.958015441356018238e-01,6.205262814678235150e-01
5.714018008551252636e-01,5.325647800135063781e-01,6.357033784890633310e-01,5.385046949006379036e-01,5.065428370084394949e-01,3.987626602809157816e-01,6.110582748912528617e-01
4.075223819485232490e-01,7.386693960288471519e-05,8.706785046782690163e-01,9.141392364618911026e-02,6.059653076670800109e-01,7.123922958089039525e-01,4.608977959924536738e-01
4.300521570252904269e-01,2.566972633103895247e-06,1.849217446735881880e-06,6.044482325529139388e-02,1.525167590736153100e-01,1.682965208766838139e-01,6.785085507871131405e-01
5.675131612447391616e-01,2.566972633103895247e-06,1.849217446735881880e-06,3.086014032624942019e-06,1.350642952398386498e-01,3.704558711867581023e-06,4.685086041584091698e-01
4.654496394004399851e-01,2.566972633103895247e-06,1.849217446735881880e-06,2.302332298893174645e-01,2.510507076042036319e-06,2.069785772001790924e-01,6.282889831154689908e-01
5.507217482929723795e-01,2.566972633103895247e-06,1.849217446735881880e-06,4.170342626359035410e-01,2.510507076042036319e-06,4.691773207019599434e-01,8.239012245767824982e-01
6.454480044855726018e-01,3.168256381923106324e-01,8.716187567597083463e-01,4.531261080992233792e-01,6.029401010736723521e-01,6.059180741788431357e-01,5.198475274090744724e-01
4.287196924055323710e-01,2.936052598579745876e-01,8.760123157216087586e-01,5.934198809388259166e-01,6.425155201652263948e-01,3.124606603642859359e-01,2.818053509570669912e-01
3.577726848801236043e-06,5.585971803709571110e-02,7.826764182095645728e-01,5.723730459461694453e-01,6.237078765110214418e-01,2.995735284624310713e-01,7.206961678243841707e-01
6.682111330500201118e-01,7.153251139220545562e-01,2.785010858642224529e-01,5.314647255301071516e-01,6.426517759377425865e-01,5.961614287105767573e-01,5.799336073346147424e-01
7.194938029884371256e-01,5.978758982077742035e-01,1.849217446735881880e-06,3.086014032624942019e-06,3.042825174811664146e-01,6.563557622229515554e-01,6.808427168149090436e-01
2.834316683009813209e-01,2.566972633103895247e-06,1.849217446735881880e-06,3.086014032624942019e-06,2.510507076042036319e-06,7.594922675233485299e-01,2.836566907943777749e-01
1.188128915558087501e-01,6.634533363814239249e-02,3.978599086667004847e-02,8.714671434073378853e-01,2.510507076042036319e-06,1.616155657251419631e-01,4.282405132853127614e-06
5.410214634792789301e-01,2.741534020910191827e-01,6.637039106439601710e-02,6.468278252154503472e-01,2.510507076042036319e-06,7.131280217128280752e-01,5.391854816333113698e-01
6.921259493039547683e-01,5.904957518558453522e-01,1.654657457018074151e-01,5.684300461543881910e-01,3.792359557779741153e-02,6.251037059067329205e-01,6.663321043007632838e-01
6.264932552559452361e-01,5.353015737616455549e-01,5.684594043888648862e-01,5.297966321797835665e-01,5.620617271010848182e-01,5.793747156241362273e-01,5.983597098981731088e-01
5.325862120498987551e-01,3.243385854786350886e-01,7.113475924661044614e-01,5.061766254024692158e-01,5.973550634161702844e-01,6.010588007943240552e-01,6.209954581027044007e-01
4.505495420617861013e-01,3.698209864204792252e-01,8.229686866838654691e-01,4.867838966654615129e-01,5.827608191961730633e-01,6.084924651376111271e-01,5.133377322732607384e-01
2.162706754611162241e-01,2.566972633103895247e-06,1.849217446735881880e-06,3.086014032624942019e-06,2.510507076042036319e-06,2.711028071308706489e-01,5.622797935598268237e-01
5.507977322218312599e-01,4.229642747162274362e-03,1.849217446735881880e-06,4.319365752073227836e-03,2.510507076042036319e-06,2.986666442821648837e-01,6.673768934310793099e-01
5.317037991604316449e-01,5.119105327310845555e-01,5.488169492532108951e-01,5.441289434723287632e-01,6.283850092567950796e-01,3.682375198692772744e-01,6.184787254345573970e-01
6.780237732466708467e-01,7.770539002913845472e-01,1.744049540699072476e-01,5.340743393668366812e-01,5.117485706668032375e-01,6.056291893625936895e-01,6.010896823653324450e-01
8.379404141952383478e-01,2.355256638858122809e-01,1.849217446735881880e-06,6.720179778774062473e-01,2.510507076042036319e-06,7.036529323887905640e-01,7.604278463939745381e-01
5.116590766764269604e-01,2.566972633103895247e-06,1.849217446735881880e-06,3.086014032624942019e-06,2.510507076042036319e-06,7.639277253642011711e-01,4.282405132853127614e-06
1.189336195754767123e-01,7.537280711311816761e-02,1.849217446735881880e-06,6.632777070358413241e-01,2.510507076042036319e-06,1.782407101805441874e-01,4.282405132853127614e-06
1.896044577358301786e-01,8.296259223263850735e-02,1.079691752509174957e-01,8.072383290547945345e-01,6.980604563143513741e-02,3.684383826566820508e-01,2.010843329664619150e-01
4.054512347028326191e-01,3.199505335710262632e-01,1.463314242495945272e-01,6.367658117300766252e-01,7.668531388818719541e-02,6.449539598270267460e-01,6.370236558147689410e-01
6.654993890676051960e-01,5.791321717704684957e-01,2.999241763094794289e-01,5.503503275777572590e-01,2.532444668129528731e-01,6.099002978351518722e-01,5.955342212149429271e-01
6.613056433732110717e-01,5.722799109899446846e-01,4.085027431603007742e-01,2.377387426947672744e-01,4.587998962504787892e-01,5.982877311481347160e-01,6.179477117118156171e-01
8.946528740831062310e-01,5.521909065061611672e-03,1.849217446735881880e-06,7.261255037055216466e-01,2.510507076042036319e-06,7.347223956212588503e-01,6.701642247049349743e-01
3.577726848801236043e-06,2.566972633103895247e-06,1.849217446735881880e-06,6.223535471801336927e-01,2.510507076042036319e-06,3.704558711867581023e-06,4.282405132853127614e-06
2.605674829117185509e-01,1.026688592481451445e-01,5.031218596394758380e-02,6.177712237528387718e-01,2.510507076042036319e-06,2.929968249697939009e-01,4.282405132853127614e-06
4.092015907649637074e-01,2.477993624762751257e-01,1.201878899555404029e-01,6.832074267994850958e-01,2.510507076042036319e-06,6.087436670658107341e-01,6.427005826734565330e-01
6.694136867582338724e-01,6.407864232129792947e-01,2.041088249579209590e-01,5.490638550943039986e-01,2.759854634749037694e-01,6.200541469316617205e-01,5.909711594398762147e-01
7.323430994888910917e-01,4.493115944254015837e-01,2.538408076109167077e-01,4.987273633993872246e-01,4.164391007698620313e-03,6.250356168262567458e-01,6.887766973805183879e-01
1.362719547639942852e-01,2.566972633103895247e-06,1.849217446735881880e-06,5.998806333779861388e-01,2.510507076042036319e-06,3.704558711867581023e-06,4.282405132853127614e-06
4.790384737961678741e-01,2.402549668985685116e-01,8.241524439369307675e-02,5.706728200810525786e-01,2.470138202283552187e-01,4.707588065429136326e-01,5.592857251965950294e-01
6.086171807225531083e-01,5.312451898971646269e-01,1.800245888133472638e-01,5.712485969431922994e-01,1.662630151794050326e-01,5.951621304958932823e-01,5.229067455613025661e-01
9.252581923099222339e-01,2.566972633103895247e-06,1.849217446735881880e-06,3.301345225841679221e-01,2.510507076042036319e-06,5.613424921289542624e-01,4.444224143002682426e-01
4.890361672697965956e-01,2.153655262146023375e-01,5.441992721308899772e-02,5.709546789402288880e-01,1.263882656779871938e-01,4.484740821254105114e-01,2.723569138557221936e-01
8.615574616758309157e-01,3.065954347183986184e-01,1.849217446735881880e-06,5.400150365048049794e-01,3.217946203844625208e-02,4.481490217366332907e-01,5.285819547231050963e-01
3.577726848801236043e-06,2.566972633103895247e-06,1.849217446735881880e-06,3.086014032624942019e-06,2.510507076042036319e-06,6.967456849974599242e-01,8.373733666312964674e-01
4.208777278140432010e-01,2.566972633103895247e-06,1.849217446735881880e-06,3.086014032624942019e-06,5.433358079300762977e-01,7.599486722681283446e-01,7.057409785486038478e-01
8.097242233524180877e-02,2.566972633103895247e-06,1.849217446735881880e-06,3.086014032624942019e-06,3.030301815471719840e-01,7.486669353499898483e-01,7.813830122354616936e-01
8.215033640894189859e-02,2.566972633103895247e-06,1.849217446735881880e-06,3.086014032624942019e-06,2.510507076042036319e-06,7.747244705190394765e-01,9.135627935076210404e-01
3.577726848801236043e-06,2.566972633103895247e-06,1.849217446735881880e-06,3.086014032624942019e-06,2.510507076042036319e-06,7.208131478663013514e-01,2.927281854489357515e-01
3.577726848801236043e-06,2.566972633103895247e-06,1.849217446735881880e-06,3.086014032624942019e-06,2.510507076042036319e-06,1.264697885631343166e-01,5.042354417674069778e-01
3.577726848801236043e-06,2.566972633103895247e-06,1.849217446735881880e-06,3.086014032624942019e-06,2.084997568068717999e-01,2.278964653035198129e-01,9.218852189545152509e-01
3.577726848801236043e-06,2.566972633103895247e-06,1.849217446735881880e-06,3.086014032624942019e-06,1.167398500075590290e-01,1.322635715830898229e-01,9.266182100285647039e-01
3.577726848801236043e-06,2.566972633103895247e-06,1.849217446735881880e-06,3.086014032624942019e-06,8.957437459276622327e-02,3.704558711867581023e-06,7.683323807272691708e-01
4.436955936163416436e-01,2.566972633103895247e-06,1.849217446735881880e-06,3.086014032624942019e-06,2.140619724677364499e-01,7.111244875257166642e-01,7.921242002817391326e-01
7.728368617845131627e-01,2.580800070285693137e-01,1.849217446735881880e-06,3.086014032624942019e-06,5.578589054811915471e-01,7.331354522585875610e-01,6.631405007957537068e-01
7.383315153608174253e-01,4.036304501869960037e-01,1.849217446735881880e-06,3.086014032624942019e-06,7.152488128939209489e-01,7.120622976623822709e-01,6.265288345788578850e-01
6.029573683344359170e-01,5.224887474546694444e-01,1.849217446735881880e-06,3.086014032624942019e-06,6.761988551810279580e-01,5.091514322979877605e-01,6.379412740292758066e-01
4.207241844601701808e-01,4.460708356172551903e-01,1.849217446735881880e-06,3.086014032624942019e-06,6.962993106066497351e-01,6.681021681330421291e-01,6.418371332571453092e-01
3.520760132781015628e-01,2.048945699745778892e-01,1.849217446735881880e-06,3.086014032624942019e-06,4.479326169077909037e-01,6.859792420822534709e-01,7.204045274318339187e-01
3.577726848801236043e-06,2.566972633103895247e-06,1.849217446735881880e-06,3.086014032624942019e-06,9.835231221843813987e-02,7.698278780812517486e-01,5.897336201805336575e-01
3.577726848801236043e-06,1.190440031426500400e-01,1.849217446735881880e-06,3.086014032624942019e-06,8.949163579860808237e-02,2.577172995434081626e-01,6.566296320993869617e-01
3.577726848801236043e-06,2.566972633103895247e-06,1.849217446735881880e-06,3.086014032624942019e-06,2.510507076042036319e-06,1.311711576526253253e-01,8.981307593072945794e-01
3.577726848801236043e-06,2.566972633103895247e-06,1.849217446735881880e-06,3.086014032624942019e-06,1.180716040748252399e-01,3.855890084888891622e-01,9.109737948776683858e-01
3.577726848801236043e-06,2.566972633103895247e-06,1.849217446735881880e-06,3.086014032624942019e-06,2.970366663752534997e-01,5.174339231857456589e-01,8.244389250481123366e-01
3.577726848801236043e-06,2.566972633103895247e-06,1.849217446735881880e-06,3.086014032624942019e-06,2.137764197817685896e-01,1.436889452751947405e-01,8.424745583019143114e-01
3.577726848801236043e-06,2.566972633103895247e-06,1.849217446735881880e-06,3.086014032624942019e-06,6.849084656807885585e-02,3.704558711867581023e-06,5.062387364327251005e-01
7.891262316328657711e-01,2.396591579702648800e-01,1.849217446735881880e-06,3.086014032624942019e-06,4.281887642359750723e-01,7.321414036600323305e-01,6.788901248808577593e-01
3.577726848801236043e-06,2.566972633103895247e-06,1.849217446735881880e-06,3.086014032624942019e-06,2.510507076042036319e-06,3.704558711867581023e-06,5.960144401869418296e-01
7.372910126857149526e-01,6.946942919023472163e-01,1.849217446735881880e-06,3.086014032624942019e-06,6.781948259514840593e-01,6.410040135134474903e-01,5.872886013573362929e-01
3.577726848801236043e-06,2.566972633103895247e-06,1.849217446735881880e-06,3.086014032624942019e-06,2.510507076042036319e-06,3.704558711867581023e-06,5.959516215580038523e-01
6.398694426848903216e-01,6.952069238143102625e-01,2.202572592921142325e-01,3.086014032624942019e-06,7.358343987623474636e-01,5.067887412054636886e-01,4.360525068037666707e-01
3.577726848801236043e-06,2.566972633103895247e-06,1.849217446735881880e-06,3.086014032624942019e-06,2.510507076042036319e-06,3.704558711867581023e-06,6.948552585787149960e-01
6.712006595116933871e-01,5.697512702633474868e-01,4.007971546238081606e-01,3.086014032624942019e-06,6.460570110381183007e-01,6.079630335546106767e-01,5.886664396443950231e-01
3.577726848801236043e-06,2.566972633103895247e-06,1.849217446735881880e-06,3.086014032624942019e-06,2.510507076042036319e-06,3.704558711867581023e-06,5.984234487218709209e-01
6.436227246684526060e-01,6.454586488149987034e-01,3.246845629097137587e-01,3.086014032624942019e-06,6.438281351506566219e-01,4.866849464190913244e-01,4.488502074456393598e-01
5.430931508950799236e-01,4.436924533411358285e-01,2.445217742839379260e-01,3.086014032624942019e-06,6.573677374731389245e-01,6.508629485316199670e-01,6.214540218246885628e-01
2.846776381818162394e-01,4.783933894998166347e-01,1.849217446735881880e-06,3.086014032624942019e-06,2.691029288953525889e-01,3.443779885778748273e-01,7.079524519417551565e-01
3.577726848801236043e-06,7.438653793238429734e-02,1.849217446735881880e-06,3.086014032624942019e-06,2.510507076042036319e-06,8.565825144538564695e-01,1.488422538955985197e-01
3.854398677231433701e-01,2.566972633103895247e-06,1.849217446735881880e-06,3.086014032624942019e-06,2.510507076042036319e-06,7.131621702058608125e-01,8.170581042257981652e-01
3.577726848801236043e-06,2.566972633103895247e-06,1.849217446735881880e-06,3.086014032624942019e-06,2.510507076042036319e-06,3.704558711867581023e-06,5.973529554845969924e-01
2.266139652699428186e-01,2.566972633103895247e-06,1.849217446735881880e-06,3.086014032624942019e-06,3.033604605164967882e-01,5.014831984736403125e-01,8.184409115645598920e-01
3.507811805093660196e-01,2.566972633103895247e-06,1.849217446735881880e-06,3.086014032624942019e-06,5.692287517551202214e-01,4.933236837419180398e-01,7.666225975171795382e-01
3.577726848801236043e-06,2.566972633103895247e-06,1.849217446735881880e-06,3.086014032624942019e-06,2.510507076042036319e-06,3.704558711867581023e-06,5.934735370697697965e-01
4.035817959791897502e-01,2.566972633103895247e-06,1.849217446735881880e-06,3.086014032624942019e-06,5.679610562551349329e-01,6.485357053420613971e-01,7.241076365306767793e-01
3.577726848801236043e-06,2.566972633103895247e-06,1.849217446735881880e-06,3.086014032624942019e-06,4.577939412791234286e-01,5.011510692948288881e-01,7.937461355654231721e-01
3.577726848801236043e-06,2.566972633103895247e-06,1.849217446735881880e-06,3.086014032624942019e-06,8.737863890095060038e-02,6.039261047401330712e-02,8.883824614068783765e-01
7.391681038192547959e-01,6.526680829458342270e-01,1.849217446735881880e-06,5.580456490382398327e-01,3.483645443256305207e-01,6.354781948098240374e-01,6.463189111617599902e-01
3.577726848801236043e-06,2.566972633103895247e-06,1.849217446735881880e-06,3.086014032624942019e-06,2.510507076042036319e-06,3.704558711867581023e-06,6.962783091016402359e-01
6.627418206541604295e-01,8.385809223471856200e-01,8.986883770856304854e-02,5.504240433469892446e-01,7.837605917007145484e-01,1.189505840639742129e-01,4.242575423916855604e-01
3.577726848801236043e-06,2.566972633103895247e-06,1.849217446735881880e-06,3.086014032624942019e-06,2.510507076042036319e-06,5.960618159451320369e-02,9.111124989011341047e-01
5.377954775517905794e-01,4.440873646411061526e-01,5.459076761547665413e-01,5.553803514435210475e-01,6.583778945899068091e-01,4.283233266640685266e-01,3.692303865241280958e-01
3.577726848801236043e-06,2.566972633103895247e-06,1.849217446735881880e-06,3.086014032624942019e-06,1.177908572907947482e-01,1.317491092025147026e-01,9.294203871112123316e-01
2.295478542102478980e-01,3.478724314669919826e-01,6.680254418897390023e-01,5.753053080343837333e-01,6.304362841249225857e-01,5.903632017086513084e-01,2.017347764665956833e-02
3.577726848801236043e-06,2.566972633103895247e-06,1.849217446735881880e-06,3.086014032624942019e-06,2.510507076042036319e-06,3.704558711867581023e-06,5.947164134587195061e-01
5.349089885386706378e-01,4.948659550009122388e-01,5.804422777187558946e-01,3.086014032624942019e-06,6.725274842045217971e-01,3.759061954930018601e-01,2.675897222097655126e-01
3.577726848801236043e-06,2.566972633103895247e-06,1.849217446735881880e-06,3.086014032624942019e-06,2.510507076042036319e-06,3.704558711867581023e-06,6.952167724266953286e-01
6.600345780893318581e-01,6.194005450508908162e-01,4.656300263730410727e-01,3.086014032624942019e-06,6.078002444972422369e-01,6.170226755349488279e-01,4.901859388474143486e-01
4.634405216890903345e-01,5.266335827339668763e-01,2.526002544380568926e-01,3.086014032624942019e-06,5.752273867823689546e-01,6.215081346700137566e-01,6.322989464935580006e-01
3.720288618291672234e-01,3.674092739079816150e-01,1.849217446735881880e-06,3.086014032624942019e-06,1.915254681407342063e-01,7.088410084626930452e-01,6.186408024049229182e-01
2.820952424337472286e-01,2.566972633103895247e-06,1.849217446735881880e-06,2.263526238806732871e-01,2.510507076042036319e-06,6.944380888860844925e-01,5.002490660483285279e-01
8.640430544387038836e-01,2.674907472688520804e-01,1.849217446735881880e-06,6.496531427338404496e-01,2.510507076042036319e-06,6.876324033750977893e-01,7.529133519462150037e-01
1.932136718495388594e-01,2.566972633103895247e-06,1.849217446735881880e-06,3.086014032624942019e-06,2.510507076042036319e-06,3.713403028830995489e-01,9.614802179291115358e-01
8.191386231351976965e-01,2.566972633103895247e-06,1.849217446735881880e-06,3.086014032624942019e-06,4.109147104552758889e-01,5.944069654193752106e-01,7.436350895291222729e-01
7.422274022535176874e-01,2.566972633103895247e-06,1.849217446735881880e-06,3.086014032624942019e-06,6.366483108582954298e-01,6.380519620518244617e-01,6.967169352704946084e-01
3.577726848801236043e-06,2.566972633103895247e-06,1.849217446735881880e-06,3.086014032624942019e-06,2.510507076042036319e-06,5.822945027371290855e-02,5.191567065297081340e-01
7.274196289895613621e-01,2.566972633103895247e-06,1.849217446735881880e-06,3.086014032624942019e-06,7.064988835334343742e-01,5.429252794588965703e-01,7.115711485079624365e-01
3.577726848801236043e-06,2.566972633103895247e-06,1.849217446735881880e-06,3.086014032624942019e-06,2.510507076042036319e-06,3.704558711867581023e-06,5.940544866948119784e-01
6.881930945193259763e-02,2.566972633103895247e-06,1.849217446735881880e-06,3.086014032624942019e-06,6.825910911619221810e-01,6.006937705560154717e-01,7.461353813842268590e-01
3.577726848801236043e-06,2.566972633103895247e-06,1.849217446735881880e-06,3.086014032624942019e-06,8.714583038498896483e-02,2.458021522594503738e-01,8.614380546052159415e-01
6.339421560637875652e-01,6.466487809255564434e-01,1.849217446735881880e-06,5.640189323265044630e-01,2.427207007826133467e-01,6.312621813184146058e-01,6.804224331949340066e-01
3.577726848801236043e-06,2.566972633103895247e-06,1.849217446735881880e-06,3.086014032624942019e-06,2.510507076042036319e-06,5.867229567584441446e-02,9.090035352042283856e-01
4.061268524683793180e-01,6.597240890346196540e-01,3.862475559672717829e-01,4.903050532424429453e-01,6.665156148342494813e-01,2.177266464589364126e-01,5.233329184277405455e-01
3.577726848801236043e-06,2.566972633103895247e-06,1.849217446735881880e-06,3.086014032624942019e-06,2.510507076042036319e-06,2.235768888404700006e-01,9.880898578771463159e-01
3.868036171951270696e-01,3.356426614347274850e-01,5.977571898389548721e-01,5.901315905867003941e-01,6.454177053291414445e-01,3.452197723205101543e-01,2.888154713203819335e-02
3.577726848801236043e-06,2.566972633103895247e-06,1.849217446735881880e-06,3.086014032624942019e-06,1.180340262687218922e-01,3.459343698189277228e-01,9.166472249962686059e-01
3.050333410997791428e-01,2.066785547811406942e-01,7.182213476978432931e-01,5.008185096591851737e-01,6.409113149285804445e-01,5.557661523671454384e-01,4.282405132853127614e-06
3.577726848801236043e-06,2.566972633103895247e-06,1.849217446735881880e-06,3.086014032624942019e-06,1.194341617999865740e-01,3.437416155574088972e-01,9.111584472928084821e-01
2.851731317226420814e-01,2.875345014995139836e-01,7.776498775229458982e-01,6.283285316015344568e-01,6.210349739249632073e-01,1.494364952897429474e-02,1.925385034026041650e-02
3.577726848801236043e-06,2.566972633103895247e-06,1.849217446735881880e-06,3.086014032624942019e-06,2.510507076042036319e-06,6.390158903281384362e-02,6.037656087269307470e-01
4.670434563252659488e-01,4.397482928282642201e-01,5.987342281454857140e-01,3.086014032624942019e-06,6.024068150104497921e-01,3.913536847263510143e-01,3.576912669284395552e-01
5.646548060915344003e-01,7.155437166908117375e-01,4.097722990145314936e-01,3.086014032624942019e-06,6.144945519426228131e-01,2.460400222417399307e-01,4.867329693574531380e-01
4.463116374608691594e-01,5.151936353016430825e-01,1.495376814523661502e-01,3.086014032624942019e-06,1.964421956258081414e-01,4.853718147174495567e-01,5.670274464037162732e-01
3.577726848801236043e-06,7.041500873915826353e-02,1.849217446735881880e-06,3.086014032624942019e-06,2.510507076042036319e-06,8.832354392540929799e-01,4.282405132853127614e-06
6.763198066335049941e-01,2.566972633103895247e-06,1.849217446735881880e-06,4.522296109364866701e-01,2.510507076042036319e-06,7.613194977707843369e-01,4.727127593039818776e-01
8.114104993944692978e-01,3.991351274146097139e-01,1.849217446735881880e-06,6.115521456278837364e-01,5.981068127403253026e-02,6.665391339131334636e-01,7.851721902175076151e-01
4.201214446453477303e-01,2.566972633103895247e-06,1.849217446735881880e-06,3.086014032624942019e-06,2.510507076042036319e-06,3.548995187089561965e-01,9.459124243285507161e-01
8.191702230866544365e-01,2.566972633103895247e-06,1.849217446735881880e-06,3.086014032624942019e-06,4.919834174647925162e-01,5.918067941675413390e-01,7.314458216624520892e-01
3.577726848801236043e-06,2.566972633103895247e-06,1.849217446735881880e-06,3.086014032624942019e-06,2.510507076042036319e-06,3.704558711867581023e-06,5.551881592773698637e-01
9.343058616019356277e-01,2.566972633103895247e-06,1.849217446735881880e-06,3.086014032624942019e-06,6.312172069643556815e-01,6.883983795422563556e-01,6.744031325392706444e-01
3.577726848801236043e-06,2.566972633103895247e-06,1.849217446735881880e-06,3.086014032624942019e-06,2.510507076042036319e-06,5.384230774268481540e-02,6.266068670944917596e-01
5.937770872803262989e-01,6.438496601306387124e-02,1.849217446735881880e-06,3.086014032624942019e-06,7.705870590343469884e-01,6.828815007789702518e-01,6.773599023415705078e-01
3.577726848801236043e-06,2.566972633103895247e-06,1.849217446735881880e-06,3.086014032624942019e-06,2.510507076042036319e-06,5.935375822097681969e-02,7.104183285128419234e-01
3.077439372207095292e-01,2.573184940814811014e-02,1.849217446735881880e-06,3.086014032624942019e-06,4.883719391355462180e-01,7.159785632705045755e-01,7.336794410761566798e-01
3.577726848801236043e-06,2.566972633103895247e-06,1.849217446735881880e-06,3.086014032624942019e-06,1.715138615253015142e-01,6.517488342473729546e-01,7.986315108917012573e-01
6.025578675236406001e-01,8.218074437461878601e-01,1.529966763070845226e-01,4.932977244584688115e-01,6.697029179794345977e-01,5.438636093595353715e-01,5.833861780735133395e-01
3.577726848801236043e-06,2.566972633103895247e-06,1.849217446735881880e-06,3.086014032624942019e-06,2.510507076042036319e-06,3.446927836281832858e-01,8.859650484264761650e-01
2.494184618620095828e-01,5.668420309237239829e-01,4.683339576134553095e-01,5.783459512048483298e-01,6.514765228067819214e-01,1.175378655850863457e-01,4.969630812341185866e-01
1.678344319193000311e-01,2.566972633103895247e-06,1.849217446735881880e-06,3.086014032624942019e-06,2.510507076042036319e-06,3.534024165490354252e-01,9.651173797368328700e-01
3.577726848801236043e-06,1.507434970381157369e-01,7.063773806866570082e-01,4.367505846983603668e-01,6.494921924621239739e-01,2.515609551640162200e-01,4.282405132853127614e-06
1.692227253706737322e-01,2.566972633103895247e-06,1.849217446735881880e-06,3.086014032624942019e-06,2.147132084056432300e-01,3.571543847652605685e-01,8.621201029612051148e-01
2.575789017477383980e-01,3.482506776487732103e-01,7.167035806217063598e-01,5.822573099202977831e-01,6.075505307985863412e-01,4.459045769479896282e-01,3.000169254489492010e-01
1.759072404581650817e-01,2.566972633103895247e-06,1.849217446735881880e-06,3.086014032624942019e-06,8.835090425822231253e-02,5.290532987808104215e-01,8.250837975358042975e-01
3.577726848801236043e-06,2.566972633103895247e-06,8.588383216667991871e-01,4.490495126518185831e-01,6.344662381766359438e-01,3.704558711867581023e-06,1.878840624537410353e-02
3.577726848801236043e-06,2.566972633103895247e-06,1.849217446735881880e-06,3.086014032624942019e-06,2.510507076042036319e-06,5.989923101959707813e-02,7.111091493922082618e-01
4.107250505329138046e-01,3.138350542564742329e-01,6.647697172729528647e-01,5.856907636333723577e-01,6.453810452329558078e-01,4.020179160562472043e-01,5.403283635250256678e-01
5.291171045585675303e-01,6.661077950359838296e-01,4.934787315266570551e-01,3.086014032624942019e-06,5.971165554386146379e-01,3.704558711867581023e-06,5.065240274814324373e-01
4.567154488291452763e-01,6.144757921453162242e-01,1.061643271330023203e-01,3.086014032624942019e-06,2.983189727831388471e-01,6.336002875750110785e-01,6.497258402405707844e-01
5.791666224027270521e-02,2.318349221241255698e-01,1.849217446735881880e-06,3.086014032624942019e-06,2.510507076042036319e-06,5.879006639568945536e-01,1.581795314699553090e-01
9.514442888354400774e-01,1.184347729750321321e-01,1.849217446735881880e-06,6.788143449828442089e-01,2.510507076042036319e-06,7.340543429866324132e-01,6.534965529811028739e-01
6.785358094971268850e-01,7.054035989523707029e-01,1.849217446735881880e-06,5.523624278511634067e-01,2.706529650965938116e-01,6.212569847182115579e-01,6.614963581451990260e-01
5.802321417060660735e-01,2.566972633103895247e-06,1.849217446735881880e-06,3.086014032624942019e-06,2.510507076042036319e-06,4.011751187738643032e-01,9.316306949243344793e-01
9.256607990988522383e-01,2.566972633103895247e-06,1.849217446735881880e-06,3.086014032624942019e-06,3.172279026319437256e-01,5.854000794823067677e-01,7.570924471211615270e-01
9.224867595303113399e-01,2.566972633103895247e-06,1.849217446735881880e-06,3.086014032624942019e-06,4.798187378010994042e-01,6.922122516476777454e-01,6.992771624776231709e-01
5.840419614945138171e-01,2.566972633103895247e-06,1.849217446735881880e-06,3.086014032624942019e-06,6.337888716563360170e-01,6.778177522474334582e-01,7.077449173502537993e-01
3.577726848801236043e-06,2.566972633103895247e-06,1.849217446735881880e-06,3.086014032624942019e-06,2.510507076042036319e-06,6.424954502460614170e-02,6.064487126076558710e-01
2.736091925069042974e-01,2.566972633103895247e-06,1.849217446735881880e-06,3.086014032624942019e-06,3.815721675004141722e-01,6.734370255529482652e-01,7.621302680459854928e-01
3.577726848801236043e-06,2.566972633103895247e-06,1.849217446735881880e-06,3.086014032624942019e-06,9.038183253146417351e-02,3.704558711867581023e-06,7.649610938588226050e-01
1.906971543478472308e-01,2.566972633103895247e-06,1.849217446735881880e-06,3.086014032624942019e-06,2.510507076042036319e-06,2.554449434294089327e-01,6.785089802113344337e-01
5.346228334227014489e-01,6.750541158236114114e-01,3.708002393020580212e-01,4.879879208962507042e-01,6.587273005659372016e-01,2.736552640499738676e-01,6.279287575401525379e-01
1.664386211005569882e-01,2.566972633103895247e-06,1.849217446735881880e-06,3.086014032624942019e-06,2.510507076042036319e-06,3.601632724173421951e-01,8.712361043689804685e-01
3.577726848801236043e-06,2.566972633103895247e-06,7.738618543131370320e-01,4.406787657303781192e-01,6.789807720452034623e-01,1.159290174194737427e-02,2.409126319858349019e-01
3.081431679464496920e-01,2.566972633103895247e-06,1.849217446735881880e-06,3.086014032624942019e-06,2.510507076042036319e-06,5.133024752927596301e-01,9.369998473090161983e-01
3.577726848801236043e-06,2.566972633103895247e-06,7.652319879218560938e-01,4.431564850446203518e-01,7.113725028026377517e-01,3.704558711867581023e-06,4.282405132853127614e-06
3.108839235652091637e-01,2.566972633103895247e-06,1.849217446735881880e-06,3.086014032624942019e-06,2.135705388068128985e-01,3.466192887944812839e-01,8.569344374116344421e-01
3.577726848801236043e-06,2.566972633103895247e-06,8.797493746820721494e-01,6.193771690392559925e-01,6.215179308442786432e-01,3.704558711867581023e-06,1.391256547875862302e-02
1.774880257790783511e-01,2.566972633103895247e-06,1.849217446735881880e-06,3.086014032624942019e-06,1.236612906575681320e-01,5.211835524640918704e-01,8.724040155581622713e-01
3.577726848801236043e-06,4.063875429405370415e-02,7.827652703548050317e-01,5.861858689819012813e-01,6.562910222370773594e-01,3.402340663495344031e-01,4.243304218166644715e-01
3.577726848801236043e-06,2.566972633103895247e-06,1.849217446735881880e-06,3.086014032624942019e-06,2.510507076042036319e-06,5.886597272632108913e-02,7.091129402265409221e-01
4.334774657235056505e-01,2.391897365059096059e-01,7.106813211236275851e-01,4.362947566237965757e-01,6.650090732530546944e-01,3.704558711867581023e-06,3.611492668164212327e-01
5.952567032409846748e-01,6.710746936044972299e-01,4.071229723269874090e-01,3.086014032624942019e-06,5.996135958241300967e-01,2.998353595638805769e-01,6.460154309299666053e-01
4.432188484797632277e-01,5.489024397733028859e-01,6.403020877140713774e-02,3.086014032624942019e-06,9.664932637677015048e-02,6.464240602485449294e-01,7.067581618361247209e-01
7.467616801883248945e-01,2.566972633103895247e-06,1.849217446735881880e-06,7.947962412971918411e-01,2.510507076042036319e-06,7.661551738709244663e-01,3.431299210098683328e-01
7.682562192485657970e-01,5.661285261458618434e-01,1.849217446735881880e-06,5.849467258025908833e-01,2.510507076042036319e-06,6.628987590219330706e-01,6.983175833820678413e-01
6.245187084316593529e-01,8.299181314306803836e-01,1.399161436923598671e-02,5.322600997786409716e-01,4.439649222289145380e-01,6.128739714780558900e-01,6.123458727455305395e-01
3.577726848801236043e-06,2.566972633103895247e-06,1.849217446735881880e-06,3.086014032624942019e-06,2.510507076042036319e-06,5.627681397366730148e-02,6.254031296559937614e-01
7.127198447335034714e-01,2.566972633103895247e-06,1.849217446735881880e-06,2.317142363976260333e-01,2.510507076042036319e-06,6.785831046978243464e-01,9.015347437628739025e-01
9.648162899460298592e-01,2.566972633103895247e-06,1.849217446735881880e-06,3.086014032624942019e-06,3.085083301495239461e-01,5.792710227115026589e-01,7.568655884397036404e-01
7.315713764578740674e-01,2.566972633103895247e-06,1.849217446735881880e-06,3.086014032624942019e-06,2.365233332576625047e-01,6.765389249680163752e-01,7.781874212198260921e-01
5.453236483233300236e-01,2.566972633103895247e-06,1.849217446735881880e-06,3.086014032624942019e-06,3.285172560859865309e-01,4.055330538181289857e-01,7.774975818815369477e-01
3.577726848801236043e-06,2.566972633103895247e-06,1.849217446735881880e-06,3.086014032624942019e-06,2.510507076042036319e-06,3.704558711867581023e-06,5.970026066663693953e-01
3.577726848801236043e-06,2.566972633103895247e-06,1.849217446735881880e-06,3.086014032624942019e-06,2.510507076042036319e-06,2.912769519710021737e-01,9.726940793503572324e-01
3.703908634907305264e-01,2.566972633103895247e-06,1.849217446735881880e-06,3.086014032624942019e-06,2.510507076042036319e-06,3.739053380903518131e-01,7.699729652914192313e-01
3.577726848801236043e-06,6.330435282873790831e-05,7.900679108202274259e-01,1.198652808404474662e-01,6.446682744300417101e-01,3.704558711867581023e-06,5.911863009747254649e-01
1.508973418408925404e-01,2.566972633103895247e-06,1.849217446735881880e-06,3.086014032624942019e-06,2.510507076042036319e-06,2.718732792563965384e-01,7.604471091376137082e-01
2.122676998440348739e-01,1.459938888293489945e-01,7.759307441834176755e-01,4.204747855022327174e-01,6.885722897007348076e-01,3.704558711867581023e-06,6.405709222627442578e-02
4.602338468430478002e-01,2.566972633103895247e-06,1.849217446735881880e-06,3.086014032624942019e-06,2.510507076042036319e-06,4.052254574988479185e-01,7.484010235755738094e-01
3.577726848801236043e-06,2.566972633103895247e-06,8.814013061025857132e-01,4.448992770410989395e-01,6.959807203636450001e-01,3.704558711867581023e-06,4.282405132853127614e-06
3.073969904602357195e-01,2.566972633103895247e-06,1.849217446735881880e-06,3.086014032624942019e-06,2.510507076042036319e-06,3.394246639024232626e-01,9.527857270676577395e-01
3.577726848801236043e-06,2.463248941678326375e-03,8.977754871540394310e-01,6.158794502965944107e-01,6.618498327111420609e-01,2.620950440920975875e-03,2.207731421160442908e-01
1.524991825425663083e-01,2.566972633103895247e-06,1.849217446735881880e-06,3.086014032624942019e-06,2.510507076042036319e-06,2.847913371146508776e-01,6.568842193162743870e-01
3.577726848801236043e-06,8.526535622544433035e-02,5.078092174401194203e-01,6.422080768591608146e-01,4.875984062759766147e-01,1.936412777212216940e-01,1.039773225362996961e-01
4.961833380568208551e-01,4.814680418996233890e-01,6.284732567017509153e-01,5.450646801060721192e-01,6.261465215654585803e-01,4.186708418960116695e-01,6.288475413346885645e-01
6.644358841486360800e-01,6.116366800192315489e-01,2.363639019838696120e-01,3.086014032624942019e-06,5.182921321830724626e-01,6.178361581292488580e-01,6.171346889683432257e-01
4.683253700255284313e-01,4.425075213417515307e-01,1.849217446735881880e-06,3.086014032624942019e-06,2.510507076042036319e-06,5.320186042237475821e-01,5.400164175014418033e-01
1.787606215449369373e-01,2.566972633103895247e-06,1.849217446735881880e-06,6.904409473179481394e-01,2.510507076042036319e-06,1.517383090269176504e-01,4.282405132853127614e-06
7.645338169896463976e-01,2.466403319830212937e-01,1.849217446735881880e-06,6.526054781930609172e-01,2.510507076042036319e-06,7.053879045310008644e-01,7.609609458915052027e-01
6.531281881290056379e-01,8.217977368719974196e-01,1.849217446735881880e-06,5.426078658279248623e-01,2.664644645814687185e-01,6.106085282248989721e-01,6.558405344196702735e-01
5.685536639198416342e-01,6.404020111850924346e-01,3.554234774670001484e-01,4.944737366969498837e-01,4.996428176399302368e-01,5.158641840105840926e-01,6.109919595222275124e-01
1.972320648218537087e-01,2.566972633103895247e-06,1.849217446735881880e-06,3.086014032624942019e-06,2.510507076042036319e-06,1.037124817471886812e-01,6.645191979312549124e-01
8.765297167383953036e-01,2.566972633103895247e-06,1.849217446735881880e-06,3.086014032624942019e-06,2.510507076042036319e-06,6.813720542246883838e-01,8.950571247704957045e-01
7.291762621884884110e-01,2.566972633103895247e-06,1.849217446735881880e-06,3.086014032624942019e-06,2.510507076042036319e-06,5.647642542930685350e-01,9.169237741947574571e-01
4.509952274170181408e-01,2.566972633103895247e-06,1.849217446735881880e-06,3.086014032624942019e-06,1.221946090821403458e-01,2.867772253148755945e-01,8.786058215078593747e-01
3.577726848801236043e-06,2.566972633103895247e-06,1.849217446735881880e-06,3.086014032624942019e-06,2.510507076042036319e-06,3.704558711867581023e-06,5.957747601251636160e-01
2.548164042820365016e-01,2.566972633103895247e-06,1.849217446735881880e-06,3.086014032624942019e-06,1.038501312083679740e-01,2.800945939245205185e-01,8.175818790830958749e-01
1.818936419457215514e-01,2.566972633103895247e-06,1.849217446735881880e-06,3.086014032624942019e-06,2.510507076042036319e-06,7.969070613158282801e-02,5.832671048715908357e-01
5.191584833895890316e-01,2.566972633103895247e-06,1.849217446735881880e-06,2.301051912686052914e-01,2.510507076042036319e-06,4.897958377508939698e-01,7.391762551471861009e-01
4.408727096337178297e-01,2.385696356296958254e-01,7.869790653808093062e-01,1.248343474355002175e-01,6.357319050546978989e-01,3.768586109973116605e-01,4.663223441016773330e-01
1.813977995450327119e-01,2.566972633103895247e-06,1.849217446735881880e-06,3.086014032624942019e-06,2.510507076042036319e-06,2.364445295933335356e-01,6.460035297444061131e-01
2.214597295980450242e-01,2.566972633103895247e-06,9.264879980150766414e-01,3.514150176638104472e-01,6.052642255904859825e-01,3.135156772768858402e-01,3.691590407570822796e-01
1.740591947216017232e-01,2.566972633103895247e-06,1.849217446735881880e-06,3.086014032624942019e-06,2.510507076042036319e-06,3.754043114005757298e-01,6.670962340293298265e-01
3.577726848801236043e-06,2.566972633103895247e-06,8.412948368042350022e-01,4.365933621936240461e-01,6.863622027163247541e-01,2.109758999999064299e-01,2.099907293445262557e-01
1.722521231386188179e-01,2.566972633103895247e-06,1.849217446735881880e-06,3.086014032624942019e-06,2.510507076042036319e-06,3.743075314527372077e-01,6.670630456716584167e-01
2.152215525713357669e-01,1.787210732672882829e-01,8.415360548114754202e-01,5.439465441971778059e-01,6.222483796382387577e-01,4.792889129874567389e-01,5.504622843761297624e-01
3.577726848801236043e-06,1.409913075932122395e-01,7.558168218425875828e-01,5.619864562584234724e-01,6.201748865299987479e-01,7.361602966646434154e-02,7.375590435299358427e-01
5.786936021892014059e-01,7.017137981631820232e-01,3.227187750570234548e-01,5.458028584782737003e-01,5.686362975524676955e-01,2.866230893086526010e-01,6.545990076497016918e-01
6.611282875203059461e-01,4.248785006405546572e-01,1.849217446735881880e-06,3.086014032624942019e-06,2.274364836060783213e-01,6.839062154519384151e-01,6.805988038572355903e-01
3.577726848801236043e-06,7.063203909334625497e-02,1.849217446735881880e-06,3.086014032624942019e-06,2.510507076042036319e-06,9.169118826464427441e-01,1.476315076403464099e-01
5.972636602718928156e-01,2.566972633103895247e-06,1.849217446735881880e-06,8.020497217777854404e-01,2.510507076042036319e-06,8.819557803523189188e-01,4.282405132853127614e-06
7.639852742425644605e-01,5.605355837169364586e-01,1.849217446735881880e-06,5.895167254653884692e-01,2.510507076042036319e-06,6.550749598404366214e-01,8.050564333974995490e-01
6.373197497355866936e-01,6.456921585691195453e-01,3.471311055314412197e-01,5.305230538318667088e-01,5.004888978835194679e-01,5.833105763340443728e-01,6.021710339007724233e-01
4.504997563832802143e-01,6.430644185810174829e-01,4.846788725405199449e-01,1.989722245030007275e-01,5.299735168237963423e-01,2.600998716079033768e-01,6.502977106106492267e-01
4.420972302597533932e-01,2.566972633103895247e-06,1.849217446735881880e-06,3.086014032624942019e-06,2.510507076042036319e-06,3.852540985728216683e-01,7.672790644588454168e-01
4.580010536918286412e-01,2.566972633103895247e-06,1.849217446735881880e-06,3.086014032624942019e-06,2.510507076042036319e-06,1.991823642123848384e-05,7.631769589121384367e-01
1.266749999909971558e-01,2.566972633103895247e-06,1.849217446735881880e-06,3.086014032624942019e-06,2.510507076042036319e-06,3.704558711867581023e-06,5.442304187309446872e-01
3.577726848801236043e-06,2.566972633103895247e-06,1.849217446735881880e-06,3.086014032624942019e-06,2.510507076042036319e-06,1.362259662438248253e-01,6.890960663084982896e-01
3.807348510192830049e-01,2.566972633103895247e-06,1.849217446735881880e-06,3.086014032624942019e-06,2.510507076042036319e-06,5.196049253249902522e-01,7.451669684189772269e-01
3.577726848801236043e-06,2.566972633103895247e-06,8.923187679680113504e-01,3.534810627591109533e-01,6.082034572547625473e-01,2.715250893708163749e-01,5.208439142950231915e-01
3.756935784217165786e-01,1.523289242663732612e-01,9.320282525872499724e-01,3.658988054113876953e-01,5.943172503865249423e-01,5.187875445008919284e-01,4.520698155445065369e-01
3.577726848801236043e-06,2.566972633103895247e-06,8.576169998342704215e-01,4.424590582617685675e-01,6.507622063871644214e-01,2.851295215437488761e-01,3.792011261711548675e-01
3.577726848801236043e-06,2.467496581298339875e-01,6.045737539863718091e-01,6.893839009901199244e-01,6.370532624346071371e-01,1.581105243784376446e-01,7.308405175494330219e-01
6.828678837539517987e-01,7.475330177344591265e-01,2.683945255582836364e-01,5.359235844946780292e-01,6.410153059524114072e-01,4.366680592876052702e-01,6.021217728079626408e-01
7.164586321524374357e-01,5.983908577885482805e-01,1.849217446735881880e-06,3.086014032624942019e-06,3.096620122673665598e-01,6.541795624439759038e-01,6.761018120659250119e-01
3.844940298598834572e-01,2.566972633103895247e-06,1.849217446735881880e-06,3.086014032624942019e-06,2.510507076042036319e-06,8.298865531966471698e-01,1.291128028107901005e-01
3.577726848801236043e-06,2.566972633103895247e-06,1.849217446735881880e-06,6.202930213167858753e-01,2.510507076042036319e-06,3.704558711867581023e-06,4.282405132853127614e-06
5.792446657301317803e-01,3.790486827474574549e-01,1.849217446735881880e-06,6.329179997880010067e-01,2.510507076042036319e-06,7.108001028301044188e-01,5.362799360059756770e-01
6.434002195971555427e-01,6.834593278999930854e-01,1.656876126218903011e-01,5.485020275238805532e-01,2.836840353733702802e-01,6.052631715727361250e-01,6.595363433067518155e-01
6.359133718390596046e-01,5.813271139343367810e-01,4.612313901456983611e-01,5.276908561750149884e-01,5.754093348486817305e-01,5.820228610906872380e-01,5.966990037419412918e-01
2.869465101949906227e-01,1.045208726519517017e-01,6.962715628110424104e-01,4.334793812835132654e-01,6.314923750380970757e-01,2.364974675539938676e-01,7.126644012289630181e-01
3.577726848801236043e-06,2.566972633103895247e-06,1.849217446735881880e-06,3.086014032624942019e-06,2.510507076042036319e-06,1.259399541630547292e-01,5.036691845853635829e-01
2.102606077705991283e-01,2.566972633103895247e-06,1.849217446735881880e-06,2.493122507745448302e-01,2.510507076042036319e-06,3.536400526375370612e-01,6.660571501065247757e-01
2.071798150673610228e-01,2.230396026600004744e-01,7.929958644236010379e-01,5.490739106812864145e-01,6.126588906046307459e-01,5.446393570893882652e-01,6.586648575228712943e-01
1.530066048399962020e-01,1.030161585778359562e-01,7.871710913917359109e-01,4.576731613661626508e-01,6.342968482460390467e-01,4.037914027088642666e-01,5.420290674801515607e-01
2.917959548821114635e-01,4.853589136541844873e-01,5.650004454581945001e-01,5.627755174128743487e-01,6.335808896086739805e-01,4.158433258823435175e-01,6.252121585701694295e-01
6.865847942834156781e-01,7.197839368664902260e-01,1.877638980561737170e-01,5.387809211189856784e-01,4.491667918455194974e-01,6.035804876862197466e-01,6.172689147106444896e-01
6.637474373429680385e-01,3.788113595784760035e-01,1.849217446735881880e-06,5.203965863021130511e-01,2.510507076042036319e-06,6.972050004204890516e-01,6.351897076584190893e-01
1.887240254701010311e-01,2.566972633103895247e-06,1.849217446735881880e-06,3.086014032624942019e-06,2.510507076042036319e-06,9.007858935226078501e-01,4.282405132853127614e-06
3.577726848801236043e-06,2.566972633103895247e-06,1.849217446735881880e-06,7.677439905014774579e-01,2.510507076042036319e-06,3.704558711867581023e-06,1.800453527189332104e-01
7.012026977535765759e-01,4.722601802824066275e-01,1.849217446735881880e-06,6.003825810620181391e-01,7.740035481563449504e-02,6.812770933468028645e-01,6.224330477028350295e-01
6.550415156741160594e-01,5.905916320009096943e-01,2.537622057940220333e-01,5.538404479257440505e-01,3.093411518998285814e-01,6.101865318551384920e-01,6.605469011920018785e-01
6.236388613502164002e-01,5.162531208095770818e-01,6.174954903345151180e-01,5.390002916876284189e-01,5.574048805745444035e-01,5.742422023189581726e-01,6.008485913382558552e-01
4.105397271708806639e-01,3.341054590469949570e-01,7.220758064469775528e-01,1.211451756091077303e-01,6.183505758146727871e-01,2.821839931199882634e-01,6.637197940702281862e-01
7.052935410419449713e-01,8.841956042123079174e-01,3.892603071631832857e-04,5.331682024496620098e-01,4.788434536612037329e-01,6.158487366253034834e-01,6.091985612816276374e-01
8.464862654547169463e-01,2.444715389496250890e-01,1.849217446735881880e-06,6.673663238240746809e-01,2.510507076042036319e-06,7.152487106994764865e-01,6.501896183995273804e-01
3.577726848801236043e-06,2.566972633103895247e-06,1.849217446735881880e-06,3.086014032624942019e-06,2.510507076042036319e-06,7.874879505716936290e-01,4.282405132853127614e-06
3.577726848801236043e-06,2.566972633103895247e-06,1.849217446735881880e-06,9.080510321795416395e-01,7.266478447582583322e-02,2.215901690178883054e-01,1.346857936713544146e-01
6.800665165473911422e-01,5.110221061183219948e-01,1.849217446735881880e-06,5.863340943824955076e-01,1.194454520470002723e-01,6.631112905105339683e-01,5.999348992880575437e-01
5.245506865021932752e-01,2.895896101976854209e-01,1.730698009041364283e-01,6.319280159086946291e-01,2.714815364009638965e-01,6.746713610362680136e-01,6.525612056808898220e-01
6.378278697527425267e-01,5.518448112498313129e-01,5.282141245692706377e-01,5.366834617651048411e-01,4.584411199731835418e-01,5.884443890491551921e-01,5.621430526185153820e-01
3.577726848801236043e-06,2.566972633103895247e-06,1.849217446735881880e-06,6.142914614155030595e-01,2.510507076042036319e-06,3.704558711867581023e-06,4.282405132853127614e-06
1.308777260134761644e-01,3.489494363970935958e-02,1.849217446735881880e-06,5.524548938878512949e-01,2.510507076042036319e-06,3.704558711867581023e-06,4.282405132853127614e-06
9.697655985823054881e-01,1.259312780050749203e-01,1.849217446735881880e-06,6.818453105959122462e-01,2.510507076042036319e-06,7.329266630705929542e-01,6.601050850146467086e-01
3.577726848801236043e-06,2.566972633103895247e-06,1.849217446735881880e-06,7.230772999433409121e-01,2.510507076042036319e-06,1.574352860068831406e-01,4.282405132853127614e-06
6.099827307615713901e-01,2.577482894605731545e-01,7.021930703230002888e-03,6.763938971508515197e-01,1.015946175830322179e-01,6.839935357994193499e-01,3.254794506093744433e-01
7.130475479337953226e-01,6.089935873219506357e-01,1.313833919773458037e-01,5.611950513205404834e-01,9.380490259958239319e-02,6.266372175329694150e-01,6.434250213347154634e-01
8.908321608640993317e-01,2.320909161684630018e-01,1.849217446735881880e-06,5.493842351682738379e-01,7.411604007204505851e-02,4.988243458692434018e-01,6.292540833795833288e-01
4.275120971096217359e-01,2.566972633103895247e-06,1.849217446735881880e-06,8.477099496933347966e-01,2.510507076042036319e-06,4.060334046068344027e-01,4.282405132853127614e-06
9.798901870176955908e-01,2.566972633103895247e-06,1.849217446735881880e-06,3.157629907220954601e-01,2.510507076042036319e-06,5.901877813677297580e-01,4.396141512948643082e-01
6.550050992058419341e-01,7.586313426251231617e-02,1.849217446735881880e-06,2.320781465784012843e-01,2.510507076042036319e-06,4.942143512862235410e-01,1.841708772222780122e-01
3.577726848801236043e-06,2.566972633103895247e-06,1.849217446735881880e-06,3.086014032624942019e-06,2.510507076042036319e-06,6.540703600332274936e-01,8.489015665825015988e-01
3.577726848801236043e-06,2.566972633103895247e-06,1.849217446735881880e-06,3.086014032624942019e-06,2.510507076042036319e-06,6.639934339256806650e-01,7.452570861591236717e-01
3.577726848801236043e-06,2.566972633103895247e-06,1.849217446735881880e-06,3.086014032624942019e-06,1.284867301560927988e-01,7.257632240169210602e-01,8.463533019072508878e-01
3.577726848801236043e-06,2.566972633103895247e-06,1.849217446735881880e-06,3.086014032624942019e-06,2.510507076042036319e-06,8.020842743226929139e-01,4.061880766438804025e-01
3.577726848801236043e-06,2.566972633103895247e-06,1.849217446735881880e-06,3.086014032624942019e-06,2.510507076042036319e-06,3.704558711867581023e-06,6.937967278733189191e-01
3.577726848801236043e-06,2.566972633103895247e-06,1.849217446735881880e-06,3.086014032624942019e-06,2.510507076042036319e-06,3.704558711867581023e-06,6.920922817928363280e-01
1.152114536409806211e-01,2.566972633103895247e-06,1.849217446735881880e-06,3.086014032624942019e-06,7.107415168585727583e-02,3.030022554637848975e-01,5.500364795875957169e-01
2.608566089632947116e-01,2.566972633103895247e-06,1.849217446735881880e-06,3.086014032624942019e-06,1.253698974724819781e-01,7.929659509897917236e-01,8.244114418979520131e-01
5.797299635601244061e-01,2.566972633103895247e-06,1.849217446735881880e-06,3.086014032624942019e-06,5.424972142673946118e-01,7.576241318512297873e-01,6.960768477955537881e-01
5.251271380383110143e-01,3.100419198295393808e-01,1.849217446735881880e-06,3.086014032624942019e-06,6.006912770706313021e-01,7.009055120033772512e-01,6.611614072526192931e-01
4.767039936216713181e-01,2.945060676878166195e-01,1.849217446735881880e-06,3.086014032624942019e-06,6.857936572720541024e-01,6.879573078346830073e-01,6.612816460345709579e-01
1.214866660808821969e-01,8.541168983010791194e-02,1.849217446735881880e-06,3.086014032624942019e-06,2.555010430497722251e-01,7.637906636044945463e-01,7.577672566117067410e-01
3.577726848801236043e-06,2.566972633103895247e-06,1.849217446735881880e-06,3.086014032624942019e-06,9.183444657986418458e-02,7.441338138585915640e-01,8.171575466061775650e-01
3.577726848801236043e-06,2.566972633103895247e-06,1.849217446735881880e-06,3.086014032624942019e-06,2.510507076042036319e-06,5.643763024635460868e-01,3.005859738884307797e-01
3.577726848801236043e-06,2.566972633103895247e-06,1.849217446735881880e-06,3.086014032624942019e-06,8.597357067887832771e-02,2.322385475466048899e-01,9.053207317364191375e-01
3.577726848801236043e-06,2.566972633103895247e-06,1.849217446735881880e-06,3.086014032624942019e-06,1.174522464814277273e-01,5.910531753888432355e-02,9.343793166719598364e-01
3.577726848801236043e-06,2.566972633103895247e-06,1.849217446735881880e-06,3.086014032624942019e-06,2.510507076042036319e-06,3.704558711867581023e-06,5.937685515097727018e-01
5.456834016168371493e-01,2.566972633103895247e-06,1.849217446735881880e-06,3.086014032624942019e-06,2.510507076042036319e-06,7.146922513898747997e-01,9.029007422106893888e-01
7.794276573578551304e-01,2.705603728945245035e-01,1.849217446735881880e-06,3.086014032624942019e-06,3.712658745703064644e-01,7.292902903619854493e-01,6.797247415280275318e-01
7.515556449036930875e-01,6.458964981758009705e-01,1.849217446735881880e-06,3.086014032624942019e-06,6.788485735165340484e-01,4.984273501465890099e-01,5.818192090901500579e-01
6.604895363647920181e-01,7.147479511066727742e-01,6.951534986669782867e-02,3.086014032624942019e-06,6.687072993197837878e-01,5.904665827629009822e-01,4.999872399659969768e-01
3.577726848801236043e-06,2.566972633103895247e-06,1.849217446735881880e-06,3.086014032624942019e-06,2.510507076042036319e-06,3.704558711867581023e-06,6.945161361365573827e-01
6.984150598706544422e-01,6.204620115535575131e-01,2.827659409370332777e-01,3.086014032624942019e-06,6.414141716629531143e-01,6.197616237676006890e-01,5.884380473050041527e-01
6.165731212073306544e-01,4.854193835184011374e-01,2.038512974329154404e-01,3.086014032624942019e-06,6.779023179903505003e-01,6.502734322333291184e-01,5.030312135583704380e-01
4.235409915290523353e-01,4.357038939819162793e-01,1.849217446735881880e-06,3.086014032624942019e-06,6.115082755699340344e-01,6.732251697575124538e-01,6.544059507890884753e-01
3.577726848801236043e-06,6.495418008708056523e-02,1.849217446735881880e-06,3.086014032624942019e-06,1.824979315301460403e-01,7.408252043114214036e-01,6.727675170268236915e-01
3.577726848801236043e-06,2.566972633103895247e-06,1.849217446735881880e-06,3.086014032624942019e-06,2.510507076042036319e-06,5.750040723507292562e-01,4.282405132853127614e-06
3.577726848801236043e-06,2.566972633103895247e-06,1.849217446735881880e-06,3.086014032624942019e-06,2.510507076042036319e-06,2.527114007420774300e-01,8.799923096256604405e-01
3.577726848801236043e-06,2.566972633103895247e-06,1.849217446735881880e-06,3.086014032624942019e-06,2.987118492289546068e-01,5.146055755497205286e-01,8.252435433461116077e-01
2.035189246797601548e-01,2.566972633103895247e-06,1.849217446735881880e-06,3.086014032624942019e-06,3.822288613973051086e-01,6.583757209516130082e-01,7.764358611676400734e-01
3.577726848801236043e-06,2.566972633103895247e-06,1.849217446735881880e-06,3.086014032624942019e-06,8.606334927411560254e-02,5.897872252618596711e-02,8.889553746643512611e-01
7.596828193134581575e-01,1.722111531390149164e-01,1.849217446735881880e-06,3.806177653642942582e-01,1.817100292652862603e-01,7.218913462521014957e-01,7.129755497504216555e-01
7.105124845916476195e-01,6.282542543347631181e-01,1.849217446735881880e-06,2.871994343467701438e-01,5.149736448201795991e-01,6.481854364005887881e-01,6.169483188563181786e-01
5.753114620856399908e-01,8.019281616032111204e-01,1.578537033861528716e-01,2.617125851643952172e-01,6.892246365506472516e-01,2.135073714485957175e-01,4.099060008783565467e-01
3.577726848801236043e-06,2.566972633103895247e-06,1.849217446735881880e-06,3.086014032624942019e-06,2.510507076042036319e-06,5.973024275784269421e-02,9.081818012836961884e-01
6.614009833976915997e-01,5.111149157215505445e-01,4.737581535614143191e-01,2.982805210880780100e-01,6.737006072824629488e-01,6.134043906126052104e-01,4.818075655591222972e-01
3.577726848801236043e-06,2.566972633103895247e-06,1.849217446735881880e-06,3.086014032624942019e-06,2.510507076042036319e-06,2.340226113960746090e-01,8.061880275668265039e-01
5.310696844650317772e-01,5.461806025353959093e-01,5.359005775628934432e-01,3.086014032624942019e-06,6.541433395270702666e-01,4.520608693509842180e-01,5.047478368828415274e-01
3.577726848801236043e-06,2.566972633103895247e-06,1.849217446735881880e-06,3.086014032624942019e-06,2.510507076042036319e-06,3.704558711867581023e-06,6.924329992392442845e-01
6.801675283580305154e-01,6.598856886799423505e-01,3.793532521801107338e-01,3.086014032624942019e-06,5.665232946172449324e-01,6.611078602762171519e-01,3.209235970265930660e-01
4.865816793024459463e-01,5.106716681501015653e-01,2.619550681167847617e-01,3.086014032624942019e-06,6.490567632564404610e-01,5.980253023181161254e-01,5.240291377830311736e-01
4.662432393209269277e-01,4.473879990150494423e-01,8.572993833517424112e-02,3.086014032624942019e-06,1.586790241942144797e-01,2.989286313128063366e-01,6.488203072505764890e-01
3.577726848801236043e-06,7.388158237501062098e-02,1.849217446735881880e-06,3.086014032624942019e-06,2.510507076042036319e-06,8.483055330642134129e-01,1.501823181877659785e-01
3.953041391795104054e-01,2.566972633103895247e-06,1.849217446735881880e-06,3.086014032624942019e-06,2.510507076042036319e-06,7.322695774557990145e-01,6.027368309854359563e-01
3.577726848801236043e-06,2.566972633103895247e-06,1.849217446735881880e-06,3.086014032624942019e-06,2.510507076042036319e-06,1.256650250094830945e-01,5.044983107371330266e-01
3.577726848801236043e-06,2.566972633103895247e-06,1.849217446735881880e-06,3.086014032624942019e-06,7.421961450387394577e-02,8.071347818670150664e-02,6.749304041366558371e-01
3.577726848801236043e-06,2.566972633103895247e-06,1.849217446735881880e-06,3.086014032624942019e-06,3.776504307682053141e-01,3.915648908168204989e-01,8.415019124407693285e-01
3.577726848801236043e-06,2.566972633103895247e-06,1.849217446735881880e-06,3.086014032624942019e-06,2.510507076042036319e-06,3.704558711867581023e-06,5.972665798698071349e-01
1.241295833884006744e-01,2.566972633103895247e-06,1.849217446735881880e-06,3.086014032624942019e-06,5.832784075897508025e-01,2.173412414728821962e-01,7.760241660320901236e-01
2.021824312912622323e-01,2.566972633103895247e-06,1.849217446735881880e-06,3.086014032624942019e-06,5.365630604369940881e-01,6.432320337605411664e-01,7.469715930356470857e-01
3.577726848801236043e-06,2.566972633103895247e-06,1.849217446735881880e-06,3.086014032624942019e-06,2.136959511121436783e-01,5.134505040722987523e-01,8.502567067321510352e-01
7.773996787068183645e-01,4.738767215091851948e-01,1.849217446735881880e-06,5.822618840782859406e-01,2.979639880968193433e-01,6.650152379203994046e-01,6.806324216391281823e-01
6.894278896310025440e-01,7.284641605366435346e-01,4.358874892347602836e-02,5.422030339444862124e-01,6.275667984143904476e-01,6.238107930236448384e-01,5.919822080956649302e-01
3.577726848801236043e-06,2.566972633103895247e-06,1.849217446735881880e-06,3.086014032624942019e-06,2.510507076042036319e-06,3.704558711867581023e-06,6.929670802778521432e-01
5.577304554750381893e-01,6.151232307488417872e-01,3.871713548347541778e-01,5.381860537627628505e-01,6.601432303678905766e-01,3.798928111548833253e-01,6.042201235919716362e-01
3.577726848801236043e-06,2.566972633103895247e-06,1.849217446735881880e-06,3.086014032624942019e-06,2.510507076042036319e-06,5.874723264666621703e-02,9.976469393064688607e-01
6.393014988280109057e-01,4.348430527208071439e-01,5.846942001343080619e-01,5.644250117075763074e-01,6.345814349215671557e-01,3.530205719461969593e-01,4.282405132853127614e-06
3.577726848801236043e-06,2.566972633103895247e-06,1.849217446735881880e-06,3.086014032624942019e-06,2.510507076042036319e-06,3.427313503228929803e-01,9.784198378776333138e-01
3.083986459015673476e-01,3.769782956274097541e-01,6.471306744428658719e-01,5.646634349673435027e-01,6.295210375338525788e-01,5.588194018743312119e-01,6.301162445232307840e-01
3.577726848801236043e-06,2.566972633103895247e-06,1.849217446735881880e-06,3.086014032624942019e-06,8.613762340179610677e-02,6.909720818137600473e-02,6.137675123031572921e-01
6.032399223163358304e-01,5.301942226665813385e-01,5.285507568478420293e-01,3.086014032624942019e-06,5.824943935169107911e-01,6.432029789544448928e-01,3.392707775529162362e-01
6.123706427628188287e-01,6.726153132081437169e-01,4.667412769226789715e-01,3.086014032624942019e-06,6.226001523398463355e-01,3.364107345398025251e-01,3.176548198543920343e-01
4.948624870944357546e-01,6.585197432868545864e-01,2.898993551872888208e-01,3.086014032624942019e-06,4.890910373068401706e-01,3.704558711867581023e-06,6.713264920329230501e-01
2.631034915515594319e-01,3.283676316158042896e-01,1.849217446735881880e-06,3.086014032624942019e-06,7.723910956055701771e-02,5.977452015130121366e-01,3.598596445336719740e-01
1.066842016762918968e-02,2.566972633103895247e-06,1.849217446735881880e-06,2.386149018657877097e-01,2.510507076042036319e-06,5.564220945011986164e-01,1.009290163602653279e-01
6.888984779086629873e-01,2.566972633103895247e-06,1.849217446735881880e-06,4.533517539589904666e-01,2.510507076042036319e-06,7.260749264715895546e-01,6.944655867710838315e-01
3.577726848801236043e-06,2.566972633103895247e-06,1.849217446735881880e-06,3.086014032624942019e-06,2.510507076042036319e-06,2.477282676027685038e-01,7.018972636904582396e-01
5.871717971423561222e-01,2.566972633103895247e-06,1.849217446735881880e-06,3.086014032624942019e-06,2.510507076042036319e-06,2.866240768602014710e-01,9.046829754215366393e-01
4.192019850891442467e-01,2.566972633103895247e-06,1.849217446735881880e-06,3.086014032624942019e-06,3.484115890340426791e-01,3.696901822094979528e-01,7.811257257806119014e-01
3.577726848801236043e-06,2.566972633103895247e-06,1.849217446735881880e-06,3.086014032624942019e-06,2.510507076042036319e-06,5.951591808353459689e-02,5.180479945367423289e-01
4.730590607594143404e-01,2.566972633103895247e-06,1.849217446735881880e-06,3.086014032624942019e-06,4.847110976728325471e-01,5.072153114981874378e-01,7.636268728033800413e-01
3.577726848801236043e-06,2.566972633103895247e-06,1.849217446735881880e-06,3.086014032624942019e-06,2.510507076042036319e-06,5.986328284380749293e-02,7.112597546012344729e-01
2.797004657706805286e-01,2.566972633103895247e-06,1.849217446735881880e-06,3.086014032624942019e-06,5.347820752898876373e-01,6.746334702426289853e-01,7.330765908158305422e-01
3.577726848801236043e-06,2.566972633103895247e-06,1.849217446735881880e-06,3.086014032624942019e-06,2.979144076110030737e-01,3.704558711867581023e-06,8.308025625829057459e-01
3.577726848801236043e-06,2.566972633103895247e-06,1.849217446735881880e-06,3.086014032624942019e-06,8.638146858703102393e-02,3.704558711867581023e-06,6.721362020752600364e-01
6.939505088942610200e-01,7.327382557222518189e-01,1.849217446735881880e-06,5.503862781913673174e-01,3.243854120831483612e-01,6.210782378878622056e-01,6.462388542176543682e-01
3.577726848801236043e-06,2.566972633103895247e-06,1.849217446735881880e-06,3.086014032624942019e-06,2.510507076042036319e-06,3.704558711867581023e-06,6.924701137612243595e-01
6.101304222725820736e-01,8.504896721830106365e-01,1.514294178675676672e-01,4.978659095792545841e-01,6.523660735201565197e-01,3.915821469807274635e-01,6.086865035709384530e-01
3.577726848801236043e-06,2.566972633103895247e-06,1.849217446735881880e-06,3.086014032624942019e-06,2.510507076042036319e-06,3.445727181503970282e-01,8.893138825427827632e-01
4.044155035303718115e-01,4.243169876835614640e-01,5.690462596360271741e-01,4.738858296214608079e-01,6.679337181596921580e-01,5.121934029269572530e-01,2.371598170333816535e-01
3.577726848801236043e-06,2.566972633103895247e-06,1.849217446735881880e-06,3.086014032624942019e-06,2.510507076042036319e-06,3.704558711867581023e-06,7.941047047901719225e-01
2.627696439162621189e-01,2.393975923782416249e-01,7.247309288809228311e-01,4.515542988844044592e-01,6.440551476039801937e-01,1.670127948218202429e-01,1.283510809251785234e-01
1.678412628204874191e-01,2.566972633103895247e-06,1.849217446735881880e-06,3.086014032624942019e-06,1.197472578586156744e-01,3.519300031778369586e-01,9.056821842380821108e-01
3.201089036959519074e-01,2.433295697735069207e-01,6.367194063622926281e-01,4.958316567721202661e-01,6.470169356120231141e-01,4.589447273635253177e-01,6.572229736805281775e-01
4.145022350438600234e-01,2.625640381309790050e-01,6.715539018784923986e-01,4.820294563677495758e-01,6.580702685653924133e-01,4.312846819008100963e-01,4.333551705774228435e-01
5.405879319515302095e-01,6.778619777577873373e-01,4.989639025586544152e-01,3.086014032624942019e-06,6.181177189981892361e-01,3.704558711867581023e-06,2.847085347511857933e-01
5.084343511458628839e-01,6.980170638924287907e-01,2.631675286841548278e-01,3.086014032624942019e-06,4.855251546703465149e-01,3.704558711867581023e-06,5.466029875533843230e-01
2.904652233081241874e-01,4.544197379183588237e-01,5.236279648116765745e-02,3.086014032624942019e-06,1.350654061518442861e-01,5.546179937505658630e-01,4.291531625529564353e-01
9.562751201608410412e-01,1.144757302392308690e-01,1.849217446735881880e-06,6.867218166468805896e-01,2.510507076042036319e-06,7.219395803488052321e-01,7.570542897117870096e-01
1.831151578755181586e-01,2.566972633103895247e-06,1.849217446735881880e-06,3.086014032624942019e-06,2.510507076042036319e-06,2.544664877500467659e-01,6.836552000788668204e-01
5.950126813936245096e-01,2.566972633103895247e-06,1.849217446735881880e-06,3.086014032624942019e-06,2.510507076042036319e-06,5.205668005336104853e-01,9.205437590336286169e-01
4.899745777940389124e-01,2.566972633103895247e-06,1.849217446735881880e-06,3.086014032624942019e-06,3.292304857438594357e-01,5.054741541646972092e-01,7.929479586307428551e-01
3.577726848801236043e-06,2.566972633103895247e-06,1.849217446735881880e-06,3.086014032624942019e-06,2.510507076042036319e-06,8.470149071426069654e-02,5.073456080361712361e-01
8.893772126718145765e-01,2.566972633103895247e-06,1.849217446735881880e-06,3.086014032624942019e-06,4.824567674102854253e-01,6.540694244580759209e-01,7.121499510118982634e-01
3.577726848801236043e-06,2.566972633103895247e-06,1.849217446735881880e-06,3.086014032624942019e-06,2.510507076042036319e-06,2.602690287929489976e-01,5.870003350122389163e-01
4.044584470541462973e-01,2.566972633103895247e-06,1.849217446735881880e-06,3.086014032624942019e-06,5.667123911608112907e-01,6.565733873984888058e-01,7.236606059163492866e-01
8.383158211684023364e-02,2.566972633103895247e-06,1.849217446735881880e-06,3.086014032624942019e-06,2.498853104105495937e-01,6.791100414137538621e-01,7.678414261497388260e-01
6.233927238365906121e-01,8.322280703387837653e-01,1.298343140997577222e-02,5.351700959242513544e-01,4.458780576041685428e-01,6.133269977570106057e-01,6.096120354603798974e-01
5.367493481047050929e-01,6.745759532199979702e-01,3.725016740606340582e-01,4.891182671607664512e-01,6.584487514556569554e-01,2.738588036218401189e-01,6.296979239854101351e-01
3.577726848801236043e-06,2.566972633103895247e-06,1.849217446735881880e-06,3.086014032624942019e-06,2.510507076042036319e-06,6.029850070963375247e-02,8.106917674530426110e-01
1.425036159887471676e-01,2.185599049835686425e-01,6.130034036837955780e-01,5.024172723834720022e-01,6.784959797060526876e-01,4.951707169967289324e-01,2.840057206667829237e-01
1.656526398293350633e-01,2.566972633103895247e-06,1.849217446735881880e-06,3.086014032624942019e-06,2.510507076042036319e-06,3.516360766510484570e-01,9.615201543816883634e-01
3.577726848801236043e-06,2.566972633103895247e-06,7.732476488908091028e-01,4.447357036393210783e-01,7.152320043122706306e-01,3.704558711867581023e-06,8.711540536695618064e-02
3.116660448708507558e-01,2.566972633103895247e-06,1.849217446735881880e-06,3.086014032624942019e-06,1.212218607196487996e-01,3.404158797873250708e-01,8.818428212876874284e-01
1.704842138886377978e-01,1.039855088254305893e-01,7.128129104322477039e-01,4.609786520644422736e-01,6.784211621974998163e-01,3.562753079575552428e-01,3.987822571972572949e-01
3.577726848801236043e-06,2.566972633103895247e-06,1.849217446735881880e-06,3.086014032624942019e-06,2.510507076042036319e-06,2.423915910089564640e-01,8.788853766758970565e-01
2.221724840586797589e-01,2.054298099889282081e-01,7.603502929965350043e-01,5.736475726947113385e-01,6.986434315395646522e-01,2.606591473885342888e-02,5.676497051051852816e-02
6.683485613289337213e-01,6.901410250340285213e-01,4.990459530841513391e-01,1.951441457053041673e-01,6.076912785196469935e-01,3.704558711867581023e-06,3.864466783637734992e-01
5.716547355093065663e-01,7.385922437320830980e-01,2.379705212052470320e-01,3.086014032624942019e-06,5.580934528159445795e-01,2.840522847212988977e-01,6.579285790223691199e-01
5.270685094149849537e-01,4.283888728318260286e-01,6.393695593029392887e-02,3.086014032624942019e-06,2.510507076042036319e-06,7.435511064683483218e-01,3.007625592628430100e-01
9.629100296265299397e-01,1.332158042174981794e-01,1.849217446735881880e-06,6.679626276927236317e-01,2.510507076042036319e-06,7.475643600338511829e-01,5.574140490550918425e-01
7.294062846271547329e-01,5.673604572452802808e-01,1.849217446735881880e-06,5.712312831881624087e-01,3.071996516566354377e-02,6.419139643011549934e-01,7.853218138854567432e-01
3.557210136616223428e-01,2.566972633103895247e-06,1.849217446735881880e-06,3.086014032624942019e-06,2.510507076042036319e-06,3.566098800270401936e-01,8.454978275121914910e-01
4.796560232748497410e-01,2.566972633103895247e-06,1.849217446735881880e-06,3.086014032624942019e-06,1.363118977226786821e-01,4.824359279153899172e-01,8.528970522297024681e-01
7.945683554665035064e-01,2.566972633103895247e-06,1.849217446735881880e-06,3.086014032624942019e-06,1.332337175317853672e-01,7.232506849709519070e-01,7.999130968068812741e-01
7.305130931833052621e-01,2.566972633103895247e-06,1.849217446735881880e-06,3.086014032624942019e-06,2.375007426205255068e-01,6.761504533745208434e-01,7.786600945947943497e-01
2.859929073863941018e-01,2.566972633103895247e-06,1.849217446735881880e-06,3.086014032624942019e-06,3.276347572488215731e-01,6.734911849589454436e-01,7.422469450607533936e-01
3.577726848801236043e-06,2.566972633103895247e-06,1.849217446735881880e-06,3.086014032624942019e-06,2.510507076042036319e-06,3.704558711867581023e-06,6.911576093021138956e-01
5.780484140065389465e-01,6.686114752289484819e-01,3.035144496100564138e-01,4.918857461525282804e-01,5.808934244152376136e-01,5.206918037691412593e-01,5.962318515355320425e-01
1.986610848488405967e-01,2.566972633103895247e-06,1.849217446735881880e-06,3.086014032624942019e-06,2.510507076042036319e-06,1.026452308900718952e-01,6.660392369818667335e-01
1.254848026740581213e-01,5.203456578279304079e-01,5.132545367282675963e-01,5.013198524958798474e-01,6.278500326753031491e-01,2.261820238382469539e-01,6.596734523259670802e-01
1.666082907829333493e-01,2.566972633103895247e-06,1.849217446735881880e-06,3.086014032624942019e-06,2.510507076042036319e-06,3.568502188882020087e-01,8.782495834431688353e-01
3.577726848801236043e-06,1.329416593089220722e-01,7.402132355688310072e-01,6.934998115144485054e-01,6.574520701845224524e-01,1.269045451384344658e-01,2.997660190111010592e-01
2.981176332050489153e-01,2.566972633103895247e-06,1.849217446735881880e-06,3.086014032624942019e-06,2.510507076042036319e-06,3.461932122775319143e-01,8.500483746385244510e-01
3.577726848801236043e-06,4.366389730206346464e-02,8.013927513893026600e-01,5.832048410771182301e-01,6.606874806496033647e-01,3.704558711867581023e-06,3.281499784950484555e-01
3.147505512435976316e-01,2.566972633103895247e-06,1.849217446735881880e-06,3.086014032624942019e-06,1.026160649468138841e-01,3.478032331606088490e-01,7.920425483333831673e-01
3.577726848801236043e-06,2.566972633103895247e-06,7.861964480217344953e-01,4.473030915713162581e-01,6.585992075816363700e-01,3.330713809536234304e-01,5.002209694349949443e-01
3.577726848801236043e-06,3.703768783049182778e-01,6.989603101538602870e-01,5.105563249717725016e-01,6.417240195114788381e-01,3.704558711867581023e-06,4.319049129627651751e-01
5.584189022807062308e-01,5.961804143408963030e-01,5.006570747862040260e-01,5.480899752753529697e-01,5.833351607030816677e-01,2.914456153802733596e-01,6.672409499918930953e-01
6.851930685011323185e-02,3.069302475906646732e-01,1.018782169984931013e-01,3.086014032624942019e-06,3.158181069962823218e-01,3.587506059148516391e-01,6.750680039264096433e-01
5.435919529778318049e-01,3.898257645797745807e-01,1.849217446735881880e-06,3.086014032624942019e-06,2.510507076042036319e-06,7.660504414303447307e-01,3.083838269759019979e-01
3.954097874502638388e-01,2.566972633103895247e-06,1.849217446735881880e-06,4.524798665222896088e-01,2.510507076042036319e-06,7.722491465735443761e-01,1.305179037846812898e-02
8.571939675242526979e-01,4.087733848999469122e-01,1.849217446735881880e-06,6.096181084639463732e-01,2.510507076042036319e-06,6.907948552930319730e-01,6.223885716227763876e-01
6.526910554671877529e-01,8.212265170408138415e-01,1.849217446735881880e-06,5.386027935781543263e-01,2.675671896486185308e-01,6.165980803453228187e-01,6.529262776152747749e-01
4.808252214787480661e-01,2.566972633103895247e-06,1.849217446735881880e-06,3.086014032624942019e-06,2.510507076042036319e-06,2.252896410728302545e-01,8.827113624483364784e-01
5.184115181552975127e-01,2.566972633103895247e-06,1.849217446735881880e-06,3.086014032624942019e-06,2.510507076042036319e-06,4.997108553017640675e-01,8.216032528762067244e-01
5.368456334268787433e-01,2.566972633103895247e-06,1.849217446735881880e-06,3.086014032624942019e-06,2.367821516047123875e-01,2.875346773528753563e-01,8.397537264360359632e-01
3.577726848801236043e-06,2.566972633103895247e-06,1.849217446735881880e-06,3.086014032624942019e-06,2.510507076042036319e-06,8.394843717888332557e-02,5.043026466580335931e-01
4.637124073113104705e-01,2.566972633103895247e-06,1.849217446735881880e-06,3.086014032624942019e-06,1.900266546430567360e-01,5.829418037951293874e-01,7.554201465109557923e-01
3.577726848801236043e-06,2.566972633103895247e-06,1.849217446735881880e-06,3.086014032624942019e-06,2.510507076042036319e-06,3.979565713291331741e-02,8.311717447205512199e-01
1.331954946751831015e-01,2.566972633103895247e-06,1.849217446735881880e-06,3.086014032624942019e-06,2.510507076042036319e-06,3.704558711867581023e-06,6.819240683503490219e-01
4.145040806250704368e-01,5.101118390386312207e-01,5.318896815596593219e-01,4.961960016869192414e-01,5.679689775407402719e-01,2.686389439809824808e-01,6.581435365182664032e-01
3.577726848801236043e-06,2.302896401700583722e-05,8.292193752281177277e-01,4.468705501192380969e-01,5.367075755987694707e-01,3.704558711867581023e-06,6.223813327573323173e-01
3.058365965609889936e-01,2.566972633103895247e-06,1.849217446735881880e-06,3.086014032624942019e-06,2.510507076042036319e-06,3.702890542593046397e-01,6.440523487756533161e-01
3.577726848801236043e-06,2.566972633103895247e-06,8.236773963016431610e-01,4.413077691581991924e-01,6.936643239303487141e-01,7.894752161464470286e-02,1.158656483750556826e-01
3.002571794909653091e-01,2.566972633103895247e-06,1.849217446735881880e-06,3.086014032624942019e-06,2.510507076042036319e-06,3.574820699621019116e-01,7.557664464722401165e-01
3.577726848801236043e-06,2.566972633103895247e-06,8.923570869524816151e-01,6.308829531187365447e-01,6.481366866131722526e-01,3.704558711867581023e-06,3.978476153796935422e-01
1.602132280997931868e-01,2.566972633103895247e-06,1.849217446735881880e-06,3.086014032624942019e-06,2.510507076042036319e-06,3.874193833083621197e-01,5.694589076907853320e-01
3.577726848801236043e-06,1.980929607531266567e-01,5.348851244744311506e-01,5.566298148305240945e-01,5.935246388207717771e-01,6.744591316604764408e-03,4.643806104657921541e-01
3.577726848801236043e-06,2.566972633103895247e-06,1.849217446735881880e-06,3.086014032624942019e-06,2.510507076042036319e-06,8.513071180324729981e-02,5.055236837580164844e-01
5.042857546698605864e-01,5.868874689999086236e-01,5.004687848762632285e-01,5.491194632463759495e-01,6.408332612850546894e-01,2.686564860150746359e-01,5.240726323220127325e-01
7.179593147474002679e-01,6.079913030369243909e-01,3.262662029430896116e-01,2.479098933215629907e-01,4.020349975922190011e-01,4.495118948505008039e-01,6.531140586925983094e-01
4.674250414940673282e-01,5.592969667602950556e-01,1.849217446735881880e-06,3.086014032624942019e-06,1.157243677582423663e-01,6.894221066636756490e-01,5.394511111873169229e-01
3.577726848801236043e-06,2.566972633103895247e-06,1.849217446735881880e-06,6.191258171676541355e-01,2.510507076042036319e-06,3.704558711867581023e-06,4.282405132853127614e-06
5.583528214705375525e-01,2.566972633103895247e-06,1.849217446735881880e-06,7.659286168245242887e-01,2.510507076042036319e-06,7.910721909537991037e-01,5.744507188776175610e-01
7.289108135934168065e-01,5.821868161234745598e-01,1.849217446735881880e-06,5.764637797000834452e-01,2.902702281378554891e-02,6.401504571168213920e-01,7.818405330700513023e-01
6.429313519413534239e-01,6.933972356010902338e-01,2.780289480768180499e-01,5.293327142720836154e-01,5.209301134917364573e-01,5.897752966786770079e-01,5.967266709310536932e-01
5.272056676088433536e-01,2.566972633103895247e-06,1.849217446735881880e-06,3.086014032624942019e-06,2.510507076042036319e-06,3.593895257787857456e-01,7.593353911750991836e-01
4.934359878612972761e-01,2.566972633103895247e-06,1.849217446735881880e-06,3.086014032624942019e-06,2.510507076042036319e-06,3.704558711867581023e-06,7.297910047526832145e-01
5.618473169570561421e-01,2.566972633103895247e-06,1.849217446735881880e-06,3.086014032624942019e-06,2.510507076042036319e-06,2.866371749123236001e-01,8.334325405528296704e-01
3.502390297752568382e-01,2.566972633103895247e-06,1.849217446735881880e-06,3.086014032624942019e-06,2.510507076042036319e-06,2.493476962137585462e-01,6.764276223572236457e-01
3.489311879096965163e-01,2.566972633103895247e-06,1.849217446735881880e-06,3.086014032624942019e-06,2.510507076042036319e-06,8.051175129169144129e-02,5.464172922508497843e-01
2.818982153859893591e-01,3.944307849354859452e-01,6.064586648324645779e-01,4.359896111421347475e-01,5.291267603728992963e-01,1.554943119109839823e-02,6.741330860504179956e-01
3.577726848801236043e-06,2.566972633103895247e-06,8.318282274883150862e-01,4.398963200936787388e-01,6.359471804811794859e-01,3.704558711867581023e-06,5.938162789446495005e-01
3.577726848801236043e-06,2.566972633103895247e-06,8.655464430881653071e-01,4.412893591173704944e-01,6.458264243461678822e-01,3.704558711867581023e-06,3.953334592568740202e-01
3.577726848801236043e-06,2.566972633103895247e-06,7.241469475575957881e-01,4.564143984513489016e-01,6.498092853889472220e-01,3.123072260394265665e-01,7.081843410212333989e-01
2.081711397553317466e-01,4.942308480895979961e-01,4.770894144763375699e-01,5.674536335372122320e-01,6.541354182414649276e-01,4.328928316335838855e-01,6.448112640672473139e-01
7.010964192843610610e-01,8.812168814824338225e-01,1.138929789082729765e-01,2.608081682818358948e-01,4.870898017794878521e-01,6.096811653440925571e-01,5.975814705166224705e-01
7.291326884662517882e-01,7.212879575924495690e-01,1.849217446735881880e-06,3.086014032624942019e-06,2.497315939993363376e-01,5.336185416857462949e-01,4.145360528319392279e-01
3.577726848801236043e-06,2.566972633103895247e-06,1.849217446735881880e-06,3.086014032624942019e-06,2.510507076042036319e-06,8.666521098103266985e-01,2.801816059570218509e-01
3.713569352260414069e-01,2.566972633103895247e-06,1.849217446735881880e-06,6.715455165010669747e-01,2.510507076042036319e-06,4.648876566555620871e-01,1.131195034849922718e-02
7.184062154853806392e-01,3.792489860773708976e-01,1.849217446735881880e-06,6.196518453363019097e-01,2.510507076042036319e-06,6.944624658164229025e-01,6.350027854295380303e-01
6.429427855420228877e-01,6.661885700962110191e-01,1.963571099438722600e-01,5.445704820285490744e-01,3.243822483989584615e-01,5.983172537418067760e-01,6.459739608194567939e-01
6.354567930532682984e-01,6.123989667923871449e-01,4.092223257899219035e-01,5.341682419159506923e-01,4.881306780282374524e-01,5.867439812111561181e-01,6.021717700565802911e-01
3.946634974286102326e-01,2.566972633103895247e-06,1.849217446735881880e-06,3.086014032624942019e-06,2.510507076042036319e-06,2.224048990457237474e-01,7.361026206103872260e-01
3.582019474572932238e-01,2.566972633103895247e-06,1.849217446735881880e-06,3.086014032624942019e-06,2.510507076042036319e-06,1.890961990190156571e-04,7.244478632065461943e-01
5.608131612807505384e-01,2.566972633103895247e-06,1.849217446735881880e-06,3.086014032624942019e-06,2.510507076042036319e-06,2.886655538173493185e-01,8.367016244566173322e-01
3.372633559760639943e-01,2.566972633103895247e-06,1.849217446735881880e-06,3.086014032624942019e-06,2.510507076042036319e-06,7.733900155004011512e-02,6.511411611275134126e-01
6.398161909148428750e-01,4.182363243514372053e-01,5.966272108856570666e-01,4.669906077793347654e-01,6.290265367897830417e-01,5.933257004261336398e-01,6.026178804761480601e-01
2.046716251882042814e-01,1.904608813960624591e-01,7.875055682274307856e-01,4.248768644230156988e-01,6.098387680275660916e-01,2.169708316774519308e-01,6.936677779143074485e-01
1.024638891779799249e-01,1.772732261232190520e-01,6.809946458798948887e-01,4.618635059159362233e-01,6.323428023286647992e-01,3.002356297995654733e-01,6.916480117627882285e-01
2.539082882981508749e-01,5.410280847604254095e-01,4.523251001801950055e-01,5.714559839739649094e-01,6.491547167150235609e-01,2.738744485174304244e-01,6.871862941039379447e-01
6.861067437357372123e-01,6.916630728120557459e-01,2.279177032750278054e-01,5.350104918331244352e-01,5.014317240726420266e-01,6.071254339119588339e-01,6.105611243356731110e-01
6.110510071831821710e-01,5.547847560078122964e-01,1.849217446735881880e-06,3.086014032624942019e-06,1.381475469855402705e-01,6.537708200555295557e-01,6.866033200504242373e-01
5.180944383005096077e-01,5.880472052225360624e-02,1.849217446735881880e-06,3.086014032624942019e-06,2.510507076042036319e-06,7.928865830310992679e-01,3.883526470966597866e-01
5.824530061006811810e-01,2.566972633103895247e-06,1.849217446735881880e-06,7.390868529021860089e-01,2.510507076042036319e-06,9.744803165903150877e-01,4.282405132853127614e-06
7.250783066603334603e-01,6.111787235618919567e-01,1.849217446735881880e-06,5.720279427372880754e-01,2.510507076042036319e-06,6.509082199736770935e-01,5.904364649380950958e-01
6.312449966743526319e-01,6.160523172784936330e-01,4.093955275997275267e-01,5.300916842715044375e-01,4.911214946499926626e-01,5.841175099022832828e-01,6.032103632088466894e-01
4.948479025014557720e-01,4.060667517966136675e-01,5.908370207372763971e-01,5.038720436385256685e-01,5.648365920890506819e-01,5.243410666242815932e-01,6.249203341386673216e-01
4.252852008154408003e-01,2.566972633103895247e-06,3.227397307516555874e-02,6.252158737949740086e-01,2.510507076042036319e-06,1.793983025132355191e-01,2.988383706737119949e-01
6.251458009156243278e-01,5.486266853065064897e-01,6.227489752066590611e-01,2.113479680682945339e-01,4.600643556154911384e-01,5.730464852988398361e-01,6.106135140906663317e-01
5.647686919564709473e-01,4.106395314630497673e-01,6.500454558953279172e-01,5.481758257942892509e-01,6.238824345974707253e-01,5.846420037275392723e-01,6.055483940546338983e-01
5.553447941825839784e-01,5.684975977467373598e-01,3.895199014435719587e-01,5.414766500953617223e-01,5.692072580228374479e-01,5.985603473520260120e-01,5.991231648172490321e-01
5.217373455248527359e-01,9.090821476914775490e-01,1.849217446735881880e-06,5.362549652295947045e-01,4.241819944348138582e-01,6.009806282927697696e-01,6.231039923753889376e-01
7.873303460725852299e-01,3.898553061637264339e-01,1.849217446735881880e-06,5.190900404476536112e-01,2.510507076042036319e-06,6.773335401300927261e-01,7.451605270556583838e-01
3.577726848801236043e-06,2.566972633103895247e-06,1.849217446735881880e-06,6.189077697025617830e-01,2.510507076042036319e-06,3.704558711867581023e-06,4.282405132853127614e-06
5.171790300201339896e-01,2.149091297906148001e-01,1.849217446735881880e-06,6.909134843002044946e-01,2.510507076042036319e-06,7.387958378548468152e-01,5.488553175938722939e-01
7.263821872784177458e-01,5.944083155027298782e-01,1.849217446735881880e-06,5.724910667828578825e-01,1.177354686672098805e-01,6.487579564169592139e-01,6.483081268472525860e-01
6.259826594591169080e-01,6.077744831634267486e-01,4.668289794983853103e-01,5.321835109845568512e-01,2.955396641471504382e-01,5.895303319181546264e-01,5.758394768091595894e-01
6.258836282722154420e-01,5.187119314718453555e-01,6.152965075119579685e-01,5.346404008686213016e-01,5.550063732538758066e-01,5.757548714098732479e-01,6.004305161857044215e-01
7.243633915192572159e-01,6.050143136774414065e-01,6.495398967686558112e-02,5.622292646613860079e-01,1.840254476130123440e-01,6.301401148532846941e-01,6.203327338366716459e-01
6.648990800182793537e-01,2.566972633103895247e-06,1.849217446735881880e-06,5.700288466816335609e-01,2.510507076042036319e-06,7.418229432341856278e-01,2.239876738071530649e-01
3.577726848801236043e-06,2.566972633103895247e-06,1.849217446735881880e-06,6.200645024321667087e-01,2.510507076042036319e-06,3.704558711867581023e-06,4.282405132853127614e-06
5.679560557210676652e-01,1.832109730665937020e-01,1.849217446735881880e-06,7.192793879065916274e-01,2.510507076042036319e-06,7.647952634117036741e-01,1.778338026428852303e-01
6.026360571471167660e-01,2.566972633103895247e-06,1.678200281836130653e-02,7.850219839325328630e-01,3.669645138480011337e-02,6.136743040438364938e-01,7.696839627905138759e-01
6.667686087702738851e-01,4.332024424080258562e-01,1.555632459628554787e-01,5.892535034647923275e-01,1.450769330714156979e-01,6.496815250207619297e-01,6.545961857191049393e-01
9.722727081212415579e-01,2.566972633103895247e-06,1.849217446735881880e-06,5.682097683147395717e-01,2.510507076042036319e-06,7.035532416587497728e-01,6.794022439378643030e-01
3.953410508037191184e-01,2.566972633103895247e-06,1.849217446735881880e-06,8.359669898517201325e-01,2.510507076042036319e-06,6.005234439020302739e-01,4.282405132853127614e-06
6.779166395081138718e-01,3.023814627229287622e-01,1.849217446735881880e-06,6.504826908569311117e-01,2.510507076042036319e-06,6.604509305906151040e-01,5.371297665398413468e-01
3.577726848801236043e-06,2.566972633103895247e-06,1.849217446735881880e-06,6.177062026640803838e-01,2.510507076042036319e-06,3.704558711867581023e-06,4.282405132853127614e-06
9.790601256147586362e-01,5.786726661133417826e-03,3.760460783393318462e-02,3.132208173634734583e-01,2.510507076042036319e-06,5.611026210553682336e-01,5.441770474348742725e-01
7.323578641385745103e-01,1.873017024272534137e-01,1.849217446735881880e-06,6.965666899381679489e-01,2.510507076042036319e-06,7.204357472454329114e-01,4.478384533072014562e-01
1.860412030956788976e-01,5.695941773810417885e-01,5.204197677103161723e-02,3.086014032624942019e-06,2.510507076042036319e-06,3.704558711867581023e-06,4.282405132853127614e-06
6.878702190893956070e-01,2.566972633103895247e-06,1.849217446735881880e-06,2.361147464956279418e-01,2.510507076042036319e-06,3.620762117439422223e-01,2.968080836287720903e-01
3.577726848801236043e-06,2.566972633103895247e-06,1.849217446735881880e-06,6.209067523493404517e-01,2.510507076042036319e-06,3.704558711867581023e-06,4.282405132853127614e-06
3.577726848801236043e-06,2.566972633103895247e-06,1.849217446735881880e-06,3.086014032624942019e-06,2.510507076042036319e-06,2.613976702723386225e-01,5.893514326236157785e-01
3.577726848801236043e-06,2.566972633103895247e-06,1.849217446735881880e-06,3.086014032624942019e-06,2.510507076042036319e-06,5.730201332654036861e-01,5.445604619181385608e-01
1.842566723612600044e-01,2.566972633103895247e-06,1.849217446735881880e-06,3.086014032624942019e-06,2.510507076042036319e-06,6.498032017668649019e-01,8.272960070847634739e-01
2.983145477173671511e-01,2.566972633103895247e-06,1.849217446735881880e-06,3.086014032624942019e-06,1.258446312279296875e-01,7.951467766681279414e-01,8.233687385424249827e-01
3.837158247875420702e-01,2.566972633103895247e-06,1.849217446735881880e-06,3.086014032624942019e-06,3.142607774162215484e-01,6.991633151419407444e-01,7.610430886103998205e-01
3.577726848801236043e-06,2.566972633103895247e-06,1.849217446735881880e-06,3.086014032624942019e-06,2.221854923586159269e-01,5.795146880620922758e-01,8.351047184704006865e-01
3.577726848801236043e-06,2.566972633103895247e-06,1.849217446735881880e-06,3.086014032624942019e-06,9.762064383629794062e-02,7.440281458428601447e-01,6.939563509909915107e-01
3.577726848801236043e-06,2.566972633103895247e-06,1.849217446735881880e-06,3.086014032624942019e-06,2.510507076042036319e-06,3.704558711867581023e-06,7.966697783563689850e-01
3.577726848801236043e-06,2.566972633103895247e-06,1.849217446735881880e-06,3.086014032624942019e-06,2.510507076042036319e-06,3.704558711867581023e-06,5.973931986687603946e-01
1.756288727946204720e-01,2.566972633103895247e-06,1.849217446735881880e-06,3.086014032624942019e-06,2.510507076042036319e-06,5.561219827831302975e-01,5.315492760919844351e-01
5.739721553111505337e-01,2.566972633103895247e-06,1.849217446735881880e-06,3.086014032624942019e-06,1.281149127378619634e-01,7.536789673662031008e-01,8.046196476181648460e-01
6.862317931162882356e-01,2.582256844287276754e-01,1.849217446735881880e-06,3.086014032624942019e-06,4.515083528507692345e-01,7.326437555400342472e-01,6.839928502094086982e-01
7.943127649759462727e-01,5.628052589070970946e-01,1.849217446735881880e-06,3.086014032624942019e-06,6.880573578358660791e-01,5.090414502412796693e-01,5.872568239649633703e-01
5.427502779175218395e-01,6.658153011636956942e-01,1.849217446735881880e-06,3.086014032624942019e-06,6.890020677453461140e-01,4.362309897626248101e-01,5.524430342698318785e-01
5.010282588192673803e-01,6.141505128102014988e-01,1.849217446735881880e-06,3.086014032624942019e-06,6.757753079037525090e-01,6.528900280267129208e-01,6.135125570083658220e-01
2.956151151120510745e-01,4.040817207871125749e-01,1.849217446735881880e-06,3.086014032624942019e-06,7.096146053050395031e-01,5.384148716531228507e-01,6.564657760858191304e-01
3.577726848801236043e-06,7.947815250054031389e-02,1.849217446735881880e-06,3.086014032624942019e-06,1.865507800292797724e-01,5.954984697628867840e-01,5.730126998532657501e-01
3.577726848801236043e-06,2.566972633103895247e-06,1.849217446735881880e-06,3.086014032624942019e-06,2.510507076042036319e-06,2.300390883298330802e-01,9.180947526998054498e-01
3.577726848801236043e-06,2.566972633103895247e-06,1.849217446735881880e-06,3.086014032624942019e-06,1.705982164549252333e-01,2.256541076920806025e-03,8.247630789888433789e-01
3.577726848801236043e-06,2.566972633103895247e-06,1.849217446735881880e-06,3.086014032624942019e-06,8.697268508880776072e-02,5.909632562214967716e-02,8.904417345867531308e-01
3.577726848801236043e-06,2.566972633103895247e-06,1.849217446735881880e-06,3.086014032624942019e-06,2.510507076042036319e-06,3.704558711867581023e-06,5.963506180058679718e-01
5.600784399022940008e-01,2.566972633103895247e-06,1.849217446735881880e-06,3.086014032624942019e-06,2.510507076042036319e-06,7.262826241552405859e-01,6.984256755931897986e-01
9.033136015193904411e-01,2.747710019613828769e-01,1.849217446735881880e-06,3.086014032624942019e-06,2.398414583666405586e-01,7.163704653062226146e-01,7.189487793217759215e-01
7.371918014421101617e-01,6.720279482698883200e-01,1.849217446735881880e-06,3.086014032624942019e-06,4.336038806571382853e-01,6.470301050411804145e-01,6.255468640774799471e-01
7.829890889238838581e-01,7.340379368415297368e-01,1.251904453528172589e-01,3.086014032624942019e-06,6.560295232110573416e-01,2.345119431885503147e-01,4.353191422533373434e-01
6.937508260101271640e-01,6.618007658129437809e-01,3.381510275714673108e-01,3.086014032624942019e-06,6.319566396554047172e-01,6.270690894182188169e-01,4.815458314962667297e-01
3.577726848801236043e-06,2.566972633103895247e-06,1.849217446735881880e-06,3.086014032624942019e-06,2.510507076042036319e-06,3.704558711867581023e-06,5.938356643809232782e-01
7.144106221931411094e-01,6.358640475010840509e-01,3.379264064743756069e-01,3.086014032624942019e-06,6.459721470209928151e-01,6.585108595846191903e-01,3.368117717693694946e-01
5.010847516099770083e-01,6.123565239802384319e-01,2.514059953883102105e-01,3.086014032624942019e-06,6.466843865181650663e-01,4.331621993126433257e-01,5.281760261413834812e-01
5.038020773501991068e-01,6.256304763361264509e-01,1.849217446735881880e-06,3.086014032624942019e-06,5.249727705807316624e-01,1.923608497311936685e-03,6.909991517644703540e-01
3.577726848801236043e-06,7.441493425375630966e-02,1.849217446735881880e-06,3.086014032624942019e-06,1.959891850301226091e-01,7.681114095364838246e-01,4.286392031064302777e-01
2.715090336248691671e-01,2.566972633103895247e-06,1.849217446735881880e-06,3.086014032624942019e-06,2.510507076042036319e-06,5.883530665190813691e-01,8.175027500020397991e-03
3.577726848801236043e-06,2.566972633103895247e-06,1.849217446735881880e-06,3.086014032624942019e-06,2.510507076042036319e-06,3.704558711867581023e-06,7.940029312497343117e-01
2.142452176039278400e-01,2.566972633103895247e-06,1.849217446735881880e-06,3.086014032624942019e-06,1.210207977217609837e-01,5.291184771830372835e-01,8.757686770243380270e-01
3.577726848801236043e-06,2.566972633103895247e-06,1.849217446735881880e-06,3.086014032624942019e-06,1.685911244892823457e-01,2.234406846913189471e-01,8.523138327909194345e-01
3.577726848801236043e-06,2.566972633103895247e-06,1.849217446735881880e-06,3.086014032624942019e-06,8.701925282956532448e-02,3.704558711867581023e-06,8.672861376892326835e-01
8.349788415367768168e-01,8.612130071519852326e-02,1.849217446735881880e-06,3.981254117687263450e-01,2.510507076042036319e-06,7.499055848742862684e-01,6.625950706884412567e-01
7.925416372123909037e-01,4.786505721409937131e-01,1.849217446735881880e-06,5.826382125309549354e-01,3.629712259300386101e-01,6.635161346691821338e-01,6.634920151940104649e-01
7.020650343206082944e-01,6.980615867490469473e-01,2.787995383640092927e-03,5.451965746285594161e-01,5.810134512123672490e-01,6.350186195048084237e-01,6.021223862711359009e-01
3.577726848801236043e-06,2.566972633103895247e-06,1.849217446735881880e-06,3.086014032624942019e-06,2.510507076042036319e-06,6.079583037024555159e-02,8.091130199767534448e-01
6.812107768978606925e-01,7.025964303663513322e-01,3.593574002101796450e-01,5.311725086602797630e-01,6.737532548514252317e-01,3.938019029806488769e-01,4.837496365997527858e-01
3.577726848801236043e-06,2.566972633103895247e-06,1.849217446735881880e-06,3.086014032624942019e-06,2.510507076042036319e-06,3.704558711867581023e-06,5.980588675580246205e-01
6.697105102338828386e-01,4.414147551223076005e-01,5.836417692258319967e-01,5.490141820067292455e-01,6.611166307874288828e-01,6.364880442331615207e-01,3.858021739539854722e-01
3.577726848801236043e-06,2.566972633103895247e-06,1.849217446735881880e-06,3.086014032624942019e-06,2.510507076042036319e-06,6.343938242268433447e-02,6.048262252071159306e-01
7.131662503155493660e-01,5.980121906453862435e-01,4.817946025794424547e-01,3.086014032624942019e-06,6.191039673565752466e-01,6.204181896184215450e-01,4.282405132853127614e-06
6.010204533611724909e-01,7.090332270265526926e-01,4.245891486383827629e-01,3.086014032624942019e-06,5.609537131267777754e-01,3.463614858638233152e-01,2.967786373964573787e-01
4.892095168610499090e-01,6.252210542497388390e-01,2.335821113568848084e-01,3.086014032624942019e-06,5.711855025017255061e-01,3.704558711867581023e-06,6.662943149692928113e-01
2.540284086264446572e-01,3.714679359164052008e-01,4.599769882523573050e-02,3.086014032624942019e-06,1.591919757376817901e-01,1.624737220329299514e-01,6.572297831217509545e-01
3.943618574361437701e-01,2.566972633103895247e-06,1.849217446735881880e-06,2.215391353616586456e-01,2.510507076042036319e-06,8.513006729592065280e-01,7.718439800429387383e-03
2.137172913493917414e-01,2.566972633103895247e-06,1.849217446735881880e-06,3.086014032624942019e-06,2.146181288281182320e-01,5.326728311366895063e-01,8.374929306037576238e-01
3.925751097535635781e-01,2.566972633103895247e-06,1.849217446735881880e-06,3.086014032624942019e-06,2.509465694795763868e-01,5.169283487691105350e-01,7.839494354206397730e-01
3.577726848801236043e-06,2.566972633103895247e-06,1.849217446735881880e-06,3.086014032624942019e-06,2.499317272121759914e-01,5.215645394563747095e-01,8.008729212877058190e-01
3.577726848801236043e-06,2.566972633103895247e-06,1.849217446735881880e-06,3.086014032624942019e-06,8.901920839308510858e-02,3.704558711867581023e-06,7.642983082464726019e-01
9.537306488559377238e-01,1.165337732858502118e-01,1.849217446735881880e-06,6.810569676976743203e-01,2.510507076042036319e-06,7.176980984227138149e-01,7.601060849596190661e-01
6.968343420710050307e-01,7.376102151181990196e-01,1.849217446735881880e-06,5.460051799125965610e-01,3.230798972744498565e-01,6.218723332859654729e-01,6.470251299667741929e-01
6.589792207361941934e-01,8.591419638274323534e-01,1.317207666862412752e-01,4.979167545585453936e-01,7.355204453694531574e-01,2.542448603919165717e-01,6.392689310287648086e-01
3.577726848801236043e-06,2.566972633103895247e-06,1.849217446735881880e-06,3.086014032624942019e-06,2.510507076042036319e-06,3.445118278009483004e-01,8.869967707912024268e-01
5.726011585568526741e-01,5.474752321181053372e-01,5.247127752620299734e-01,5.451252404457180845e-01,6.508267841850566837e-01,4.069076735977885662e-01,4.162574918423200820e-01
1.793291055719267169e-01,2.566972633103895247e-06,1.849217446735881880e-06,3.086014032624942019e-06,2.510507076042036319e-06,2.604734519635695245e-01,9.102383138792914385e-01
4.931553244747836073e-01,3.669067945940238662e-01,6.064600059969210699e-01,1.659167315743465543e-01,6.400275602778439099e-01,6.886851333262160590e-01,3.290199919673131856e-01
3.577726848801236043e-06,2.566972633103895247e-06,1.849217446735881880e-06,3.086014032624942019e-06,2.510507076042036319e-06,2.310357357482537843e-01,8.135738787871612532e-01
5.628175975178103529e-01,3.967581565972373991e-01,5.612600335865899348e-01,5.778762872474441092e-01,6.378550510995372180e-01,3.718170563874262369e-01,4.282405132853127614e-06
3.577726848801236043e-06,2.566972633103895247e-06,1.849217446735881880e-06,3.086014032624942019e-06,2.510507076042036319e-06,5.918303524696221646e-02,7.138962966271119592e-01
5.055624017115469826e-01,6.290788433922632761e-01,4.783960918467738965e-01,3.086014032624942019e-06,6.241043271954640481e-01,2.330986789574907014e-01,3.299384383571039026e-01
5.205580641455607172e-01,6.924452685822753972e-01,3.682283169631438424e-01,3.086014032624942019e-06,6.151481063055848075e-01,3.704558711867581023e-06,5.254888120573978361e-01
4.774492483172800839e-01,5.436644916004832462e-01,1.569148164185352745e-01,3.086014032624942019e-06,1.775382528058980780e-01,6.397133875918410428e-01,6.704550062490426399e-01
1.095072122612853194e-01,1.739014492759365094e-01,1.849217446735881880e-06,3.086014032624942019e-06,2.510507076042036319e-06,7.414112901674897449e-01,4.282405132853127614e-06
5.955967403254632808e-01,2.566972633103895247e-06,1.849217446735881880e-06,2.267903821410355847e-01,2.510507076042036319e-06,8.754375243184568944e-01,1.526370297291001765e-01
3.577726848801236043e-06,2.566972633103895247e-06,1.849217446735881880e-06,3.086014032624942019e-06,1.280596690158430639e-01,3.704558711867581023e-06,7.650173484318071315e-01
3.577726848801236043e-06,2.566972633103895247e-06,1.849217446735881880e-06,3.086014032624942019e-06,2.510507076042036319e-06,8.414850732622912444e-02,5.049888052172833985e-01
3.969340574733795091e-01,2.566972633103895247e-06,1.849217446735881880e-06,3.086014032624942019e-06,1.237378832103038506e-01,6.199321063507776675e-01,8.450980949085195038e-01
5.944001735026394062e-01,2.566972633103895247e-06,1.849217446735881880e-06,3.086014032624942019e-06,1.853506207341582834e-01,5.604331650580145485e-01,7.801503193351875254e-01
3.577726848801236043e-06,2.566972633103895247e-06,1.849217446735881880e-06,3.086014032624942019e-06,1.695139421871732222e-01,3.561064593823686474e-03,8.305077935281720558e-01
3.577726848801236043e-06,2.566972633103895247e-06,1.849217446735881880e-06,3.086014032624942019e-06,8.677843246451964754e-02,5.877126523337246333e-02,8.884734993417846560e-01
7.271537302527312230e-01,5.843477347028082081e-01,1.849217446735881880e-06,5.744135740444281657e-01,3.455168783759045986e-02,6.433055803627349967e-01,7.771234920385056144e-01
6.381777649417355036e-01,7.853005337394108887e-01,1.161906974797603971e-02,5.369139842065288049e-01,4.526713328190937746e-01,6.149237646587734085e-01,6.127183062379941703e-01
5.663548564713999367e-01,6.361864543938363648e-01,3.286153482860397212e-01,4.958617479271503758e-01,6.779914324534105363e-01,4.909025711788174151e-01,6.030368758234593285e-01
3.577726848801236043e-06,2.566972633103895247e-06,1.849217446735881880e-06,3.086014032624942019e-06,2.510507076042036319e-06,3.444884644103574090e-01,8.861615406808595052e-01
4.880586394267282802e-01,4.216371970588567164e-01,5.680087731314944488e-01,5.134849201730045110e-01,6.334482563753066620e-01,2.166300614225877552e-01,4.021088839466932519e-01
1.670946239389708710e-01,2.566972633103895247e-06,1.849217446735881880e-06,3.086014032624942019e-06,2.510507076042036319e-06,3.599114467723748545e-01,8.745343891198135156e-01
2.442881962387594974e-01,1.269282259855399331e-01,6.947658662150135722e-01,5.392905428036095516e-01,6.700174026780707504e-01,2.880271537173882956e-01,4.625319698664435708e-01
3.577726848801236043e-06,2.566972633103895247e-06,1.849217446735881880e-06,3.086014032624942019e-06,2.510507076042036319e-06,3.660943510907922471e-01,6.761075786197532356e-01
2.845427757109268985e-01,3.776703808997242118e-01,6.071328394654884608e-01,5.891839838239628646e-01,6.999616976860668638e-01,2.701167369093025461e-01,6.468278248736863967e-02
4.883082880460714592e-01,5.333562369341016129e-01,5.232416615494855927e-01,2.441692338655838679e-01,6.691365943591752741e-01,3.704558711867581023e-06,1.394550404189413562e-01
6.741467923078335867e-01,6.529411630697414815e-01,3.941541515266762663e-01,3.086014032624942019e-06,6.208481475059300925e-01,1.997583295685096023e-03,5.014696430509314462e-01
4.586835586262825726e-01,5.805973649996661878e-01,1.371062844092505728e-01,3.086014032624942019e-06,2.641262121619748493e-01,2.955667459583933288e-01,7.595261782219714375e-01
2.878782136070291431e-01,3.777630666907819679e-01,1.849217446735881880e-06,3.086014032624942019e-06,2.510507076042036319e-06,8.407451502642844243e-01,1.001109555504828968e-01
9.701468686518758267e-01,1.276395888128473155e-01,1.849217446735881880e-06,6.774315127579693119e-01,2.510507076042036319e-06,7.348634595635583633e-01,6.583795358010052778e-01
3.577726848801236043e-06,2.566972633103895247e-06,1.849217446735881880e-06,3.086014032624942019e-06,2.510507076042036319e-06,3.704558711867581023e-06,6.963987319225438677e-01
2.151745577717334712e-01,2.566972633103895247e-06,1.849217446735881880e-06,3.086014032624942019e-06,2.510507076042036319e-06,5.441011414952424685e-01,7.522790923714197664e-01
7.343096788040489598e-01,2.566972633103895247e-06,1.849217446735881880e-06,3.086014032624942019e-06,2.510507076042036319e-06,5.648684149932778897e-01,9.142131258175546504e-01
3.577726848801236043e-06,2.566972633103895247e-06,1.849217446735881880e-06,3.086014032624942019e-06,2.510507076042036319e-06,6.311784993187453952e-02,6.053495092938750988e-01
1.089061942386896492e-01,2.566972633103895247e-06,1.849217446735881880e-06,3.086014032624942019e-06,1.739546559529668857e-01,3.704558711867581023e-06,7.048605362023943055e-01
3.577726848801236043e-06,2.566972633103895247e-06,1.849217446735881880e-06,3.086014032624942019e-06,1.227990055888533993e-01,5.104350933823547098e-01,8.857689242499967586e-01
6.359869700165976525e-01,7.848657549204441919e-01,2.139084861223007963e-02,5.411757385450608471e-01,2.962872837766757916e-01,6.144926204430862793e-01,6.426595419871679038e-01
6.061782676600514508e-01,8.142250873569152336e-01,1.346843569451722511e-01,4.930016138839077300e-01,5.902720816703865836e-01,5.427397237204996117e-01,5.919719019143547811e-01
4.093409546534394483e-01,6.196200887921459177e-01,4.438671423329939025e-01,4.893833415063330028e-01,6.503834336937679428e-01,2.064067328769736420e-01,5.440593238519327857e-01
1.736552262538518521e-01,2.566972633103895247e-06,1.849217446735881880e-06,3.086014032624942019e-06,2.510507076042036319e-06,3.736696511167492685e-01,6.682784389104476919e-01
1.791741217644260420e-01,1.542168493903191551e-01,6.465987111409573496e-01,4.718467758385868072e-01,6.739878021861782642e-01,1.250001299409932709e-01,3.638218498037255055e-01
3.577726848801236043e-06,2.566972633103895247e-06,1.849217446735881880e-06,3.086014032624942019e-06,2.510507076042036319e-06,3.551342960956058170e-01,7.832854228819432496e-01
2.422224957083484731e-01,9.672833891214466240e-02,6.840889038758695140e-01,5.120572914422115707e-01,7.082546558080653476e-01,5.021552532908596378e-01,1.576216480602263825e-01
3.577726848801236043e-06,2.566972633103895247e-06,1.849217446735881880e-06,3.086014032624942019e-06,2.510507076042036319e-06,6.419148089176113237e-02,6.045489398528191005e-01
1.892826288854886074e-01,2.596296401582497970e-01,6.542472283399545230e-01,5.535038125795846975e-01,7.138538938190305272e-01,3.704558711867581023e-06,6.392458034671343048e-02
4.843741391038866029e-01,3.477410419913434247e-01,2.691381294012946124e-01,2.473447579922636863e-01,6.214173208569865325e-01,1.119656303344026237e-02,4.670650639654983505e-01
6.351100488565859514e-01,6.937168195763484535e-01,2.191135094537724481e-01,3.086014032624942019e-06,4.918470650912324382e-01,2.925853798086873736e-01,6.735874105578362192e-01
2.518289034582770758e-01,2.826992895558589902e-01,1.849217446735881880e-06,3.086014032624942019e-06,2.510507076042036319e-06,8.004498245328802719e-01,3.230683869728150359e-01
6.343910374255060658e-01,2.566972633103895247e-06,1.849217446735881880e-06,8.118548263566460754e-01,2.510507076042036319e-06,8.905627598884835461e-01,4.282405132853127614e-06
4.693146465684973623e-01,6.658492256984938074e-02,1.849217446735881880e-06,5.014823674148174426e-01,2.510507076042036319e-06,5.239279062420638677e-01,4.377185500896054737e-01
3.702823568198096993e-01,2.566972633103895247e-06,1.849217446735881880e-06,3.086014032624942019e-06,2.510507076042036319e-06,3.657404957779052945e-01,7.671174782590185481e-01
3.753049935485683331e-01,2.566972633103895247e-06,1.849217446735881880e-06,3.086014032624942019e-06,2.510507076042036319e-06,5.050753392681369691e-01,9.448001542491802907e-01
3.393515410873192417e-01,2.566972633103895247e-06,1.849217446735881880e-06,3.086014032624942019e-06,2.510507076042036319e-06,5.237768628314807273e-01,8.319517017989869201e-01
3.577726848801236043e-06,2.566972633103895247e-06,1.849217446735881880e-06,3.086014032624942019e-06,2.510507076042036319e-06,2.315516274797549401e-01,5.133265979166667936e-01
2.772397883541484753e-01,2.566972633103895247e-06,1.849217446735881880e-06,3.086014032624942019e-06,2.510507076042036319e-06,4.066667370080576660e-01,9.255259388486413163e-01
6.617911662740830758e-01,7.692491772433626140e-01,1.727744932553797463e-01,5.284139511667429456e-01,4.890060766886707988e-01,5.961385071193631147e-01,5.971029692415086298e-01
5.742025828773997809e-01,5.939963676480580768e-01,4.337872855693578611e-01,4.936588183188298506e-01,5.479102054655904386e-01,5.191790827018287757e-01,6.050846772419947728e-01
1.711255083450880232e-01,2.566972633103895247e-06,1.849217446735881880e-06,3.086014032624942019e-06,2.510507076042036319e-06,3.793950851742420305e-01,6.656164381628815185e-01
3.446380396614501934e-02,4.442359392460611400e-01,4.886681183175283216e-01,5.071379546391715509e-01,5.391231330036984071e-01,2.294174246298059106e-01,6.804050721871317542e-01
3.047437198922684498e-01,2.566972633103895247e-06,1.849217446735881880e-06,3.086014032624942019e-06,2.510507076042036319e-06,3.745802775976218024e-01,6.424077767008772311e-01
3.577726848801236043e-06,3.553217961253792121e-05,6.872419815130059728e-01,4.469584041949791753e-01,6.670026289974115841e-01,6.135382257750226533e-04,4.952123493572163637e-01
1.893993956576805193e-01,2.566972633103895247e-06,1.849217446735881880e-06,3.086014032624942019e-06,2.510507076042036319e-06,2.721955069315203923e-01,6.890209784160957751e-01
3.577726848801236043e-06,2.566972633103895247e-06,7.334585086826028721e-01,4.433932449742100657e-01,6.695922614835698727e-01,3.704558711867581023e-06,3.355592026622829516e-01
3.577726848801236043e-06,4.014144351916582587e-01,5.716997535131324026e-01,5.067935696865031314e-01,6.281237034328629454e-01,3.704558711867581023e-06,7.033416013854942861e-01
5.716175988142185860e-01,7.342860564318045569e-01,3.043035093483952291e-01,5.426938675586955307e-01,5.989008733217380254e-01,2.853398700236627894e-01,6.525003501341061218e-01
7.448796825096158924e-01,7.339455234372477266e-01,7.106859194017639547e-02,3.086014032624942019e-06,3.131532947476563522e-01,3.096232168587315647e-01,5.435491678770806301e-01
4.533570311962643040e-01,4.335380724406192043e-01,1.849217446735881880e-06,3.086014032624942019e-06,2.510507076042036319e-06,5.115279491121963451e-01,6.583672665375408517e-01
3.577726848801236043e-06,7.336166411679627408e-02,1.849217446735881880e-06,3.086014032624942019e-06,2.510507076042036319e-06,6.393407687995250610e-01,4.282405132853127614e-06
9.605536275483875785e-01,1.319474228149974671e-01,1.849217446735881880e-06,6.693199807235153953e-01,2.510507076042036319e-06,7.497970581567028336e-01,5.557724829498646990e-01
7.170833838992575204e-01,6.416066540820674069e-01,1.849217446735881880e-06,5.751715989698844567e-01,2.510507076042036319e-06,6.388393524946747171e-01,6.640418008898528734e-01
3.381542540376815675e-01,2.566972633103895247e-06,1.849217446735881880e-06,3.086014032624942019e-06,2.510507076042036319e-06,7.721763016527143086e-02,6.500350870261925040e-01
3.123580928105879062e-01,2.566972633103895247e-06,1.849217446735881880e-06,3.086014032624942019e-06,2.510507076042036319e-06,2.378562085442752216e-01,9.183094034641161585e-01
3.386567922970301625e-01,2.566972633103895247e-06,1.849217446735881880e-06,3.086014032624942019e-06,2.510507076042036319e-06,2.367690702181376727e-01,7.871097523038149690e-01
4.344953262681483519e-01,2.566972633103895247e-06,1.849217446735881880e-06,3.086014032624942019e-06,2.510507076042036319e-06,2.882975869125926627e-01,8.463057585113260561e-01
3.577726848801236043e-06,2.566972633103895247e-06,1.849217446735881880e-06,3.086014032624942019e-06,2.510507076042036319e-06,3.704558711867581023e-06,5.995924027984472771e-01
6.334064873710029131e-01,5.859887412145360353e-01,4.658478697997545659e-01,5.339638035159472995e-01,4.803202904213785818e-01,5.826136248225135539e-01,6.055031818187673887e-01
4.187939765991106067e-01,5.332680826684950137e-01,4.954094814579224071e-01,4.965424658023095961e-01,5.379257630637214183e-01,2.673946550175779202e-01,6.572653026394804643e-01
3.577726848801236043e-06,2.566972633103895247e-06,7.518602908985706490e-01,4.461776974943745255e-01,6.401865172956924255e-01,2.280522125780594656e-01,7.281925037622162256e-01
3.577726848801236043e-06,2.566972633103895247e-06,1.849217446735881880e-06,3.086014032624942019e-06,2.510507076042036319e-06,1.256021205746385705e-01,5.052323807702115976e-01
2.087326690921504913e-01,4.544832164183258694e-02,7.385265775686412626e-01,4.683595285154520949e-01,6.425288028087720038e-01,4.004300111302256937e-01,6.838972113007032450e-01
1.375790764027407520e-01,2.566972633103895247e-06,1.849217446735881880e-06,3.086014032624942019e-06,2.510507076042036319e-06,3.704558711867581023e-06,5.908475466104717855e-01
3.577726848801236043e-06,1.644640151316301702e-01,6.177525628215800868e-01,5.596534088666688112e-01,6.394831650945651536e-01,7.493355337367879621e-02,7.423330139439565656e-01
4.877200878100531600e-01,6.957736864073451599e-01,2.808125828049304884e-01,5.509510165896015499e-01,6.559244695757426857e-01,2.944841035906231030e-01,6.563430221048571767e-01
6.888991081071250688e-01,6.664669989058965571e-01,9.089155942939200483e-02,3.086014032624942019e-06,5.439556968292156292e-01,4.936144397084706315e-01,5.277652512005934771e-01
4.514820557289901948e-01,6.291356484162243801e-01,1.849217446735881880e-06,3.086014032624942019e-06,1.021629215246929179e-01,6.750754775253537954e-01,5.723156216495325355e-01
3.577726848801236043e-06,2.566972633103895247e-06,1.849217446735881880e-06,3.086014032624942019e-06,2.510507076042036319e-06,7.871712583828832654e-01,4.282405132853127614e-06
2.429060809830231871e-01,2.566972633103895247e-06,1.849217446735881880e-06,8.410936758825743320e-01,2.510507076042036319e-06,5.675952527253563806e-01,4.282405132853127614e-06
6.219706810068627023e-01,4.133714717740937239e-01,1.849217446735881880e-06,6.245172751204062234e-01,2.510507076042036319e-06,7.045821144435027161e-01,5.467390536852051452e-01
6.495898488351952160e-01,7.457568083322223540e-01,2.211478403899339862e-01,5.328392033011357665e-01,2.633971640831522243e-01,5.935049150440587784e-01,6.488643539064138377e-01
3.624310968010045486e-01,2.566972633103895247e-06,1.849217446735881880e-06,3.086014032624942019e-06,2.510507076042036319e-06,2.054079804144618715e-01,5.471787840877713194e-01
3.394515400790016901e-01,2.566972633103895247e-06,1.849217446735881880e-06,3.086014032624942019e-06,2.510507076042036319e-06,7.822577086454732265e-02,6.523919511913975899e-01
1.268328084380332954e-01,2.566972633103895247e-06,1.849217446735881880e-06,3.086014032624942019e-06,2.510507076042036319e-06,3.704558711867581023e-06,5.791973288341126791e-01
5.645366888940664962e-01,5.399425491717559922e-01,4.966998253612282532e-01,2.216975864625488346e-01,6.452840094842905438e-01,5.990891032418614870e-01,5.906670043985923213e-01
3.577726848801236043e-06,2.762197529342989011e-01,5.850222585401041453e-01,1.624718235648220099e-01,6.422920819505296697e-01,2.169286528310348239e-01,6.953192821229408072e-01
2.528075341486540895e-01,2.746454316577617849e-01,6.838756587272923904e-01,4.419717025197486548e-01,6.210205803694121007e-01,3.982769668362518001e-01,6.653369443411610851e-01
1.203145307020086763e-01,4.901413816130804069e-01,5.511722256336762937e-01,6.007779244028531584e-01,6.242862752617767130e-01,1.294316375756503490e-01,7.093748276551897769e-01
2.919005453197320854e-01,5.976116830352959930e-01,3.384955631405856535e-01,5.718740846958653146e-01,6.401942453792097698e-01,2.612003158917522994e-01,5.507101234981117699e-01
6.707738350961485185e-01,6.013269396068002814e-01,1.426989282180043672e-01,5.520825725487918945e-01,4.390857967002049222e-01,6.208022951945429968e-01,6.374341853702897298e-01
7.908251566583348602e-01,5.489882168452302480e-01,1.849217446735881880e-06,3.086014032624942019e-06,8.375629295425796039e-02,4.833850169302719157e-01,4.464127342194726955e-01
3.577726848801236043e-06,2.566972633103895247e-06,1.849217446735881880e-06,7.995676551233064089e-01,2.510507076042036319e-06,3.704558711867581023e-06,4.282405132853127614e-06
2.589708976150769670e-01,2.566972633103895247e-06,1.849217446735881880e-06,8.484505852578441143e-01,2.510507076042036319e-06,5.507111358703566939e-01,4.168001613653530835e-01
6.898183425924492296e-01,6.045129734354549589e-01,1.224204138641917655e-01,5.656205302726848849e-01,7.579425982106588466e-02,6.176070461699060266e-01,7.591367517996095993e-01
6.328208979571846582e-01,6.136010343962096103e-01,4.099418605208124955e-01,5.300853711774214938e-01,4.877914634623456425e-01,5.851995545414845346e-01,6.023918192968154006e-01
5.470686678648840617e-01,4.657874780926745117e-01,5.364184586380091879e-01,5.434427063652168544e-01,5.739705588998300634e-01,5.954692590275985076e-01,6.078182691418760886e-01
6.364128041202735675e-01,5.720543252147546331e-01,4.822302894328694411e-01,5.280952344229506989e-01,5.376433016111604735e-01,5.853770019619011222e-01,5.967999797802537865e-01
3.363892031878679134e-01,5.361143759004859399e-01,4.857814055211908677e-01,5.505681860280567941e-01,4.952508994764706629e-01,6.292812568641329429e-01,4.896312147730275122e-01
5.548372143355385644e-01,6.174683818383195355e-01,3.154283487679009346e-01,5.346368473905146468e-01,5.148983926069289341e-01,6.032734631073091158e-01,6.032810955127193564e-01
7.231510697348808581e-01,8.709150155240652502e-01,1.849217446735881880e-06,5.371119204976563255e-01,3.800154175266172163e-01,6.127394565618174971e-01,6.314751267982369187e-01
6.631133676617440020e-01,3.938445590692019049e-01,1.849217446735881880e-06,2.696177130449995962e-01,2.510507076042036319e-06,6.993228826816827448e-01,6.329692163566214003e-01
5.526312046189586491e-01,2.566972633103895247e-06,1.849217446735881880e-06,3.086014032624942019e-06,2.510507076042036319e-06,7.721717017415523632e-01,2.855881795952701085e-01
3.577726848801236043e-06,2.566972633103895247e-06,1.849217446735881880e-06,6.734589510525780254e-01,2.510507076042036319e-06,4.487097950872117047e-01,4.282405132853127614e-06
8.241768797829812643e-01,4.910581859753893053e-01,1.849217446735881880e-06,5.930815066565717775e-01,2.510507076042036319e-06,6.763182851614351065e-01,6.124427999268997613e-01
6.453704450605585174e-01,6.974921993379912255e-01,1.442354117231185173e-01,5.457382532220595994e-01,2.223320844428365861e-01,5.994511188491261633e-01,6.774450510300138451e-01
6.298190376113245170e-01,6.396155067513290549e-01,4.125900376388225155e-01,2.293308354650421543e-01,4.915878844902676903e-01,5.890940420391338472e-01,6.008299420577898342e-01
6.472954312772177810e-01,5.625923514981966411e-01,4.502561624111837690e-01,5.398710450355718171e-01,4.817945672538883062e-01,5.833209196371090810e-01,6.100093755576763144e-01
6.413336187832272550e-01,6.468117672671920282e-01,3.557138395718236756e-01,5.328747380822014268e-01,4.983678770616474241e-01,5.876783089292020312e-01,6.017567008735776879e-01
6.643590899646116821e-01,7.908318177072799493e-01,1.882598295379975806e-01,5.324531216851530191e-01,4.989470486207544520e-01,5.975716523223938426e-01,5.979842704361606476e-01
6.701467426121834325e-01,6.908831056609103793e-01,1.849217446735881880e-06,5.540473813210138321e-01,2.038778557079866383e-01,6.321401666217764115e-01,6.159635264243433772e-01
7.088128393393647864e-01,1.795470985459696744e-01,1.849217446735881880e-06,5.506431870978805154e-01,2.510507076042036319e-06,7.274468954549863087e-01,6.576484103911581780e-01
2.289218420665035947e-01,2.566972633103895247e-06,1.849217446735881880e-06,8.277887733983302354e-01,2.510507076042036319e-06,7.317861969608152606e-01,4.282405132853127614e-06
7.024291539891742708e-01,3.871294326490515303e-01,9.928658433194202659e-03,6.102841209882177154e-01,2.510507076042036319e-06,6.865647042215541340e-01,6.283568321424275460e-01
7.145047468348731945e-01,7.702405165324905933e-01,7.782890024469664729e-05,5.480716786434000065e-01,1.805196025253444914e-01,6.243032174117604249e-01,6.093575709361269688e-01
6.536199229861467952e-01,6.841130561617949635e-01,2.735965192950456371e-01,5.388279101965013362e-01,3.349538077958008619e-01,6.016602716639962711e-01,5.746689277283330011e-01
6.469329321189829507e-01,6.497978196775772153e-01,2.801634352586387933e-01,5.439523658527991579e-01,1.269958862445426384e-01,6.021394420707978368e-01,6.207359018341137569e-01
6.879254964973569031e-01,7.205303756817841299e-01,9.926185661227605872e-02,5.443604109877172581e-01,1.813456863528324081e-01,6.187304120449687028e-01,6.093575709361269688e-01
7.473485299990673125e-01,5.654896553445554197e-01,1.849217446735881880e-06,5.779309881285100703e-01,2.510507076042036319e-06,6.628768769586655951e-01,5.902219368664191057e-01
7.698156003288555427e-01,2.566972633103895247e-06,1.849217446735881880e-06,5.873449454949382087e-01,2.510507076042036319e-06,6.683247310663238405e-01,6.771562325680605676e-01
7.227722529378952099e-02,2.566972633103895247e-06,1.849217446735881880e-06,8.909438325153529181e-01,2.510507076042036319e-06,4.633894889794964445e-01,4.282405132853127614e-06
5.707232571681474242e-01,2.566972633103895247e-06,3.311160212632045102e-02,8.160857334809765717e-01,2.510507076042036319e-06,7.218913462521014957e-01,4.541073721280491360e-01
4.183438798546438298e-01,1.719463808117680514e-01,9.123008333361274291e-04,7.298768424972997826e-01,9.194585173381968068e-02,6.276030949241825363e-01,6.725970356109850501e-01
8.200774387870227722e-01,2.566972633103895247e-06,1.849217446735881880e-06,7.479945152443454592e-01,2.510507076042036319e-06,7.140372968073706028e-01,5.694605640413530345e-01
5.601308814171759298e-01,1.910897357927515139e-01,1.849217446735881880e-06,7.180746076166307779e-01,2.510507076042036319e-06,5.928492847683894951e-01,1.895554275326075677e-01
7.805224021148740032e-01,4.891447926879107233e-01,1.849217446735881880e-06,5.922319985713505597e-01,2.510507076042036319e-06,5.934949875521725593e-01,6.072629622774746716e-01
7.142021165305377783e-01,2.566972633103895247e-06,1.849217446735881880e-06,3.530020992738959196e-01,2.510507076042036319e-06,6.390734541881593067e-01,3.377683142222173140e-01
1.592105148253288027e-01,2.566972633103895247e-06,1.849217446735881880e-06,5.183653577316652550e-01,2.510507076042036319e-06,1.693018093711573246e-01,4.282405132853127614e-06
7.005473363671687048e-01,1.486531885397869845e-01,1.849217446735881880e-06,2.318448078165631088e-01,2.510507076042036319e-06,6.107939280341040389e-01,3.394743553069503039e-01
3.577726848801236043e-06,2.566972633103895247e-06,1.849217446735881880e-06,3.086014032624942019e-06,2.510507076042036319e-06,2.893255760985913305e-01,6.895821131806427751e-01
1.839293630350069819e-01,2.566972633103895247e-06,1.849217446735881880e-06,3.086014032624942019e-06,2.510507076042036319e-06,6.355190482581097866e-01,9.315200875142024550e-01
3.577726848801236043e-06,2.566972633103895247e-06,1.849217446735881880e-06,3.086014032624942019e-06,1.282932986406783993e-01,7.307559727897322555e-01,8.489540176838121788e-01
3.577726848801236043e-06,2.566972633103895247e-06,1.849217446735881880e-06,3.086014032624942019e-06,2.510507076042036319e-06,7.549702170045773375e-01,7.361740277237504015e-01
3.577726848801236043e-06,2.566972633103895247e-06,1.849217446735881880e-06,3.086014032624942019e-06,2.510507076042036319e-06,5.478394918953723991e-01,4.342605195284652275e-01
1.725463245385236710e-01,2.566972633103895247e-06,1.849217446735881880e-06,3.086014032624942019e-06,2.510507076042036319e-06,5.385735555941104646e-01,6.421934940144704562e-01
4.587153386344427486e-01,4.828284033638082645e-02,1.849217446735881880e-06,3.086014032624942019e-06,2.510507076042036319e-06,7.685476474391073065e-01,8.874074230393579343e-01
5.429238525796543646e-01,2.580174818823174343e-01,1.849217446735881880e-06,3.086014032624942019e-06,4.556270349613668058e-01,7.201494092726516971e-01,6.940159796114286905e-01
5.548541846798393795e-01,2.524481875780140716e-01,1.849217446735881880e-06,3.086014032624942019e-06,6.178515348215367631e-01,7.243644871889095560e-01,6.687762029292008137e-01
5.247076509334319683e-01,3.614159476811367178e-01,1.849217446735881880e-06,3.086014032624942019e-06,5.566432296433827531e-01,6.961796100543559129e-01,6.637615095660073239e-01
2.335901497099466539e-01,1.855009534527648773e-01,1.849217446735881880e-06,3.086014032624942019e-06,4.914125535954667057e-01,5.644007313702817941e-01,7.197815555794261355e-01
3.577726848801236043e-06,5.053371774371039071e-02,1.849217446735881880e-06,3.086014032624942019e-06,1.807121767064936713e-01,7.314482984019025080e-01,7.823025935321228364e-01
3.577726848801236043e-06,2.566972633103895247e-06,1.849217446735881880e-06,3.086014032624942019e-06,2.510507076042036319e-06,3.704558711867581023e-06,5.948729692605260189e-01
5.604770404295720265e-01,2.566972633103895247e-06,1.849217446735881880e-06,3.086014032624942019e-06,2.510507076042036319e-06,7.279266895785556635e-01,6.992015838146821149e-01
6.959045292543527550e-01,2.443881638338111784e-01,1.849217446735881880e-06,3.086014032624942019e-06,3.015110818302613183e-01,7.457772555651388524e-01,6.015188612013191438e-01
7.258748325022515990e-01,6.525678941372262676e-01,1.849217446735881880e-06,3.086014032624942019e-06,5.156930810951273481e-01,6.509920059261409264e-01,6.122468597893723219e-01
7.976451644151776321e-01,6.976999561605865541e-01,6.674371377059765131e-02,3.086014032624942019e-06,6.679741456965925250e-01,2.806576802247792157e-01,5.122136530278057487e-01
6.894227580149541179e-01,6.226735940731806807e-01,1.894583156507186339e-01,3.086014032624942019e-06,6.542603716918369283e-01,4.514709892179121775e-01,4.940669829396505119e-01
5.083929381040677153e-01,5.852084273893124466e-01,9.226413946577587122e-02,3.086014032624942019e-06,6.795080205431780485e-01,4.632246198472289023e-01,4.266915802240821565e-01
4.830722841237162224e-01,5.762660685911502600e-01,5.243895546280232661e-02,3.086014032624942019e-06,4.587272039648932487e-01,2.900727002640193265e-03,6.998625903838298079e-01
3.577726848801236043e-06,7.723941178125301454e-02,1.849217446735881880e-06,3.086014032624942019e-06,1.882124991124779212e-01,7.534999606538672623e-01,5.538155354272835673e-01
3.577726848801236043e-06,7.132058333757596014e-02,1.849217446735881880e-06,3.086014032624942019e-06,2.510507076042036319e-06,5.298360633243002216e-01,4.282405132853127614e-06
3.577726848801236043e-06,2.566972633103895247e-06,1.849217446735881880e-06,3.086014032624942019e-06,2.510507076042036319e-06,3.704558711867581023e-06,8.917690235083381989e-01
3.112349666156866146e-01,2.566972633103895247e-06,1.849217446735881880e-06,3.086014032624942019e-06,2.510507076042036319e-06,5.858811730158087761e-01,5.140220197698323057e-01
7.253858885240139776e-01,1.319054752515318452e-01,1.849217446735881880e-06,3.086014032624942019e-06,2.510507076042036319e-06,7.943661951333251814e-01,7.774987474615661087e-01
7.405688999579748133e-01,6.798767979755818702e-01,1.849217446735881880e-06,3.086014032624942019e-06,3.483818359125007147e-01,6.450504799968315162e-01,6.410955176270360933e-01
7.716211189227711875e-01,7.729399190050493251e-01,2.852677455217081728e-02,5.491260031582103629e-01,5.783878831378530538e-01,3.704558711867581023e-06,6.441838139336749647e-01
6.713400684143450148e-01,7.765190812384148433e-01,2.413272163461123998e-01,3.086014032624942019e-06,6.318337631274780763e-01,3.125879765494969931e-01,4.943025527981680933e-01
7.021659110887200628e-01,6.161062993849605318e-01,3.967777565958947039e-01,3.086014032624942019e-06,6.025437952907957140e-01,5.799883489707789996e-01,3.392117317224935813e-01
4.867137058802558092e-01,7.297355134312433211e-01,2.774442003738016860e-01,3.086014032624942019e-06,6.387400132633233030e-01,3.047632158046502671e-01,3.252469480667229407e-01
2.900252772603147955e-01,2.651682042817616325e-01,2.955646254462964140e-01,3.086014032624942019e-06,5.042634387749828084e-01,3.704558711867581023e-06,4.904033195228458819e-01
2.203087621353716774e-01,4.574302556136933262e-01,5.309586260344928421e-02,3.086014032624942019e-06,3.001819480663127648e-01,1.129259218871673520e-01,7.220885451886481787e-01
3.577726848801236043e-06,7.390953297256777632e-02,1.849217446735881880e-06,3.086014032624942019e-06,6.977121491751961391e-02,8.324851131801643822e-01,1.499230379776033129e-01
3.577726848801236043e-06,2.566972633103895247e-06,1.849217446735881880e-06,3.086014032624942019e-06,2.510507076042036319e-06,6.121786572230403928e-02,8.095679029196982679e-01
3.577726848801236043e-06,2.566972633103895247e-06,1.849217446735881880e-06,3.086014032624942019e-06,2.510507076042036319e-06,3.704558711867581023e-06,5.968688103482894247e-01
3.577726848801236043e-06,2.566972633103895247e-06,1.849217446735881880e-06,3.086014032624942019e-06,2.510507076042036319e-06,3.704558711867581023e-06,5.948161012243682322e-01
8.261893735575207565e-01,2.566972633103895247e-06,1.849217446735881880e-06,4.486375360092081932e-01,2.510507076042036319e-06,7.224430757095480216e-01,6.843495176983205308e-01
8.675009534002448008e-01,3.169998914414886571e-01,1.849217446735881880e-06,6.312751966169678486e-01,9.203313077704430856e-02,6.873709620966280687e-01,7.767317344560854542e-01
7.211148534896609785e-01,6.987183855526846177e-01,1.849217446735881880e-06,5.533688938204108787e-01,5.086313998795385372e-01,6.277161435883319429e-01,6.087883384576934231e-01
6.675652696547196285e-01,8.246218429629817992e-01,7.193690012827280711e-02,5.486791721877887218e-01,5.632113278248197519e-01,1.496703371012409745e-01,6.713928687482658697e-01
3.577726848801236043e-06,2.566972633103895247e-06,1.849217446735881880e-06,3.086014032624942019e-06,2.510507076042036319e-06,3.704558711867581023e-06,5.956210876002713261e-01
6.499173269646076889e-01,6.313031042781760416e-01,4.428558085353622165e-01,5.312408186064347948e-01,6.417279318537595367e-01,5.545465781806618866e-01,3.905272206799417223e-01
4.573033339659325347e-01,5.823648580250789797e-01,5.406263142214204898e-01,5.448485227889087179e-01,6.396210630848288003e-01,2.261240181788489179e-01,3.302513965949235852e-01
3.577726848801236043e-06,2.566972633103895247e-06,1.849217446735881880e-06,3.086014032624942019e-06,2.510507076042036319e-06,5.891691609273462527e-02,5.205844193727499070e-01
5.701230831613491867e-01,6.534513187382886557e-01,5.128499840497227069e-01,3.086014032624942019e-06,6.185246508959022504e-01,9.861774878580537029e-02,2.887679739341951768e-01
7.596938027723690867e-01,6.750553044204510300e-01,3.941610010451502832e-01,3.086014032624942019e-06,6.067814898875611984e-01,3.704558711867581023e-06,4.893932524081343605e-01
4.892296381976611874e-01,5.654425571947846452e-01,1.673962082406892093e-01,3.086014032624942019e-06,3.492385664211873353e-01,3.704558711867581023e-06,6.018998831782079728e-01
1.083832533041305390e-01,1.908807408484481660e-01,1.849217446735881880e-06,3.086014032624942019e-06,1.586862330471205396e-01,7.822856849413254432e-01,2.077039226737031619e-01
3.577726848801236043e-06,2.566972633103895247e-06,1.849217446735881880e-06,3.086014032624942019e-06,2.510507076042036319e-06,5.667596671681002923e-02,7.767904428817629103e-01
3.577726848801236043e-06,2.566972633103895247e-06,1.849217446735881880e-06,3.086014032624942019e-06,2.510507076042036319e-06,3.704558711867581023e-06,6.942157845669474359e-01
3.577726848801236043e-06,2.566972633103895247e-06,1.849217446735881880e-06,3.086014032624942019e-06,2.510507076042036319e-06,3.704558711867581023e-06,5.935400364777472237e-01
3.577726848801236043e-06,2.566972633103895247e-06,1.849217446735881880e-06,3.086014032624942019e-06,8.820591212879237697e-02,3.704558711867581023e-06,5.699040979155932662e-01
9.745804048610988701e-01,1.263981365574947113e-01,1.849217446735881880e-06,6.762714155650506598e-01,2.510507076042036319e-06,7.323767527870523875e-01,6.573116804553761350e-01
7.202256434596383539e-01,6.039042137540860944e-01,1.849217446735881880e-06,5.694683044118018511e-01,1.946772462520002522e-01,6.354336510373292946e-01,6.951187410116143051e-01
7.211918277303888125e-01,6.520008839198497830e-01,1.849217446735881880e-06,5.713802268449695854e-01,3.530076010531446040e-01,4.765375943722451879e-01,6.715964771754584506e-01
6.016499766106342406e-01,7.233630000501192203e-01,3.685431313699324418e-01,5.534210619032519096e-01,5.645592021912980707e-01,1.541760442915830233e-02,5.363953284288588419e-01
3.577726848801236043e-06,2.566972633103895247e-06,1.849217446735881880e-06,3.086014032624942019e-06,2.510507076042036319e-06,6.031933025085576411e-02,7.125029377217707571e-01
5.476157251441623464e-01,5.914580200472705496e-01,4.959846973135517700e-01,5.390965380201744317e-01,6.875003079158276131e-01,3.207054943521926993e-01,1.411441652566726712e-01
3.577726848801236043e-06,2.566972633103895247e-06,1.849217446735881880e-06,3.086014032624942019e-06,2.510507076042036319e-06,1.517359181126413659e-01,5.865174781485951172e-01
6.562713929870794827e-01,5.289598153237470290e-01,6.095552219675074435e-01,5.639318343099349873e-01,6.945895204289472824e-01,7.296043187604335511e-02,3.522130944695865684e-02
3.667945909525827664e-01,6.184420407494578553e-01,5.417817752993909775e-01,4.823799275967494693e-01,6.440158792796073506e-01,3.704558711867581023e-06,2.962332993086208566e-01
6.503075548551749963e-01,7.161257824681569462e-01,4.311230623766009185e-01,3.086014032624942019e-06,6.068523467533113447e-01,4.655811371183100032e-03,4.915619060717946742e-01
4.678212562700245769e-01,5.988102838983361265e-01,1.698505870947408236e-01,3.086014032624942019e-06,4.434219760612952976e-01,3.704558711867581023e-06,6.919524735356588074e-01
2.574522318568563395e-01,3.574747586603642113e-01,1.849217446735881880e-06,3.086014032624942019e-06,1.834844334662724674e-01,5.510496061696399384e-01,5.175313971985713302e-01
3.577726848801236043e-06,7.512039124051672623e-02,1.849217446735881880e-06,3.086014032624942019e-06,2.510507076042036319e-06,5.290899421409140935e-01,4.282405132853127614e-06
4.916774190528080957e-01,2.566972633103895247e-06,1.849217446735881880e-06,2.246138389978042660e-01,2.510507076042036319e-06,5.471265316534700274e-01,4.282405132853127614e-06
3.686332174728465527e-01,2.566972633103895247e-06,1.849217446735881880e-06,3.086014032624942019e-06,2.510507076042036319e-06,3.640525362870619119e-01,8.837667644915491172e-01
2.584030437865492691e-01,2.566972633103895247e-06,1.849217446735881880e-06,3.086014032624942019e-06,2.510507076042036319e-06,1.504342991830038001e-01,7.963745185310967534e-01
3.577726848801236043e-06,2.566972633103895247e-06,1.849217446735881880e-06,3.086014032624942019e-06,2.510507076042036319e-06,3.704558711867581023e-06,7.952211464191203394e-01
3.577726848801236043e-06,2.566972633103895247e-06,1.849217446735881880e-06,3.086014032624942019e-06,2.510507076042036319e-06,5.877170703274960106e-02,8.104720249443941871e-01
8.154167610463887161e-01,4.994674095661046920e-01,1.849217446735881880e-06,6.013605814034544972e-01,2.510507076042036319e-06,6.749807765294548734e-01,7.062702745744605659e-01
6.945004470807947250e-01,8.022211507241823192e-01,1.849217446735881880e-06,5.427625555344363084e-01,2.291194669940798123e-01,6.127497998648822053e-01,6.596043150263448673e-01
6.813979908552801890e-01,8.340746545789009536e-01,1.441266097565882254e-01,5.303459469709169705e-01,5.869413259749097778e-01,6.091703413113291887e-01,5.772165789404104519e-01
4.664281125412014783e-01,6.623425678723462440e-01,3.724110496623618261e-01,5.456269235090399627e-01,6.659461033795391893e-01,2.443847299166059528e-01,5.286039167047065224e-01
2.880563347009240105e-01,5.170428938846494127e-01,5.662829818684145256e-01,5.844025900167829635e-01,6.425566722099566030e-01,3.358403910350694216e-02,3.968024581714736376e-01
4.990152248746175245e-01,6.843895535016162324e-01,5.165378031151418581e-01,4.793641587730309017e-01,6.479246956221855758e-01,3.704558711867581023e-06,3.750187489682316189e-01
3.577726848801236043e-06,2.566972633103895247e-06,1.849217446735881880e-06,3.086014032624942019e-06,2.510507076042036319e-06,8.498233218302636560e-02,5.074674111492146755e-01
3.714977620752327181e-01,6.420524274218006866e-01,4.951094917082507485e-01,4.831445302369988259e-01,6.364993037479755866e-01,3.704558711867581023e-06,2.892625172712888215e-01
6.258798470814428416e-01,7.288609042567416596e-01,3.873930062105493954e-01,3.086014032624942019e-06,5.912488631264638528e-01,1.834878899152379145e-02,6.323501706685220602e-01
4.389188693303295308e-01,5.892079567049639532e-01,1.741293687234700960e-01,3.086014032624942019e-06,2.666486586220537247e-01,2.911467510957403970e-01,7.068015336824715611e-01
9.767113759465130274e-01,2.566972633103895247e-06,1.849217446735881880e-06,7.282987201883978079e-01,2.510507076042036319e-06,7.813589457772867064e-01,1.972527186694081891e-01
3.177081851616710972e-01,2.566972633103895247e-06,1.849217446735881880e-06,3.086014032624942019e-06,2.510507076042036319e-06,2.335038089863240851e-01,8.160898752995003891e-01
5.286995080490748400e-01,2.566972633103895247e-06,1.849217446735881880e-06,3.086014032624942019e-06,2.510507076042036319e-06,3.607734493335638115e-01,7.564927868693360757e-01
2.117449277126352558e-01,2.566972633103895247e-06,1.849217446735881880e-06,3.086014032624942019e-06,2.510507076042036319e-06,4.346712365527963945e-02,6.627130396566520698e-01
3.577726848801236043e-06,2.566972633103895247e-06,1.849217446735881880e-06,3.086014032624942019e-06,2.510507076042036319e-06,6.020891289182016964e-02,8.094637982192023351e-01
7.356750487863638055e-01,5.858717634755681303e-01,1.849217446735881880e-06,5.743794379728299759e-01,3.654931818379411265e-03,6.531579143784490560e-01,6.734796250783009475e-01
6.795796882354191437e-01,8.976896450830026408e-01,7.633981730466178617e-02,5.299807325880706577e-01,3.939245671427971107e-01,6.105050951942518900e-01,6.078764254506976439e-01
5.809096950811749593e-01,6.667337398466590681e-01,3.040818579726000115e-01,4.923430863454352768e-01,5.837825201376951600e-01,5.221865410029843391e-01,5.959154272307837230e-01
1.860900884906674935e-01,2.566972633103895247e-06,1.849217446735881880e-06,3.086014032624942019e-06,2.510507076042036319e-06,2.395707539623426752e-01,6.151293392013948980e-01
1.802461793768093401e-01,4.242754363190423539e-01,4.925152964596132277e-01,5.040222725959245809e-01,6.724794734856699430e-01,2.267160293442106733e-01,4.486242689589413635e-01
2.898632937484672545e-01,2.566972633103895247e-06,1.849217446735881880e-06,3.086014032624942019e-06,2.510507076042036319e-06,2.651216491986123081e-01,5.872754118991120320e-01
1.914956833205913311e-01,6.241860835516224171e-01,5.261965342394495648e-01,4.937781622590685093e-01,6.260224858250043045e-01,7.156829605049028209e-02,6.027510019847374112e-01
2.058457074301839052e-01,5.417263854037138726e-01,5.433479200934216991e-01,4.953934448762550291e-01,6.404854009257278102e-01,3.704558711867581023e-06,5.717905585195710572e-01
5.717299541971757604e-01,5.788496323967123880e-01,4.712555406856607232e-01,5.490856295984464230e-01,6.119530267763603204e-01,2.949358044714462945e-01,6.686223463653564458e-01
7.305373108099202373e-01,7.670447263047772690e-01,2.583290384138239304e-01,3.086014032624942019e-06,5.469069553234662262e-01,3.003206631855647735e-01,6.439276930588543335e-01
4.755117031455545762e-01,6.030627862413576734e-01,5.668472887881525341e-02,3.086014032624942019e-06,2.179172959822176792e-01,6.442637132707489389e-01,6.692571580570075840e-01
2.493139614527407066e-01,2.566972633103895247e-06,1.849217446735881880e-06,6.479048315054091178e-01,2.510507076042036319e-06,3.316999317341997600e-01,4.282405132853127614e-06
9.860591097348376799e-01,1.438465524451517097e-01,1.849217446735881880e-06,6.619025110085995367e-01,2.510507076042036319e-06,7.473519324980448797e-01,5.482010591196300187e-01
1.674592725241032809e-01,2.566972633103895247e-06,1.849217446735881880e-06,3.086014032624942019e-06,2.510507076042036319e-06,2.654748548065329339e-01,6.886632066934721408e-01
3.750557725638958284e-01,2.566972633103895247e-06,1.849217446735881880e-06,3.086014032624942019e-06,2.510507076042036319e-06,3.753886405167867757e-01,6.487701873093241201e-01
1.349431137853933094e-01,2.566972633103895247e-06,1.849217446735881880e-06,3.086014032624942019e-06,2.510507076042036319e-06,3.704558711867581023e-06,5.758588622454334782e-01
1.892823362933455100e-01,2.566972633103895247e-06,1.849217446735881880e-06,3.086014032624942019e-06,2.510507076042036319e-06,2.465750152992525479e-01,6.814236664399511145e-01
2.211816770337314553e-01,5.578441547481769458e-01,4.655361927598195004e-01,4.985452287449463338e-01,6.487763304258029606e-01,2.666820066340594431e-01,6.504296051928921685e-01
2.421211687984780037e-01,5.848615552116108729e-01,3.848837593606094232e-01,5.694410106757067380e-01,6.616041279558108057e-01,2.711925963572238141e-01,6.764765767184468537e-01
4.687556605326149151e-01,5.273050904234950487e-01,4.852223315377696133e-01,5.588626843820403423e-01,6.392578914600329787e-01,3.043798119098924948e-01,6.779695006968021742e-01
5.852905196904609753e-01,8.173208868754938683e-01,1.531551971559649838e-01,5.471411966208993283e-01,5.354410393113118172e-01,2.812268997399204884e-01,6.596262156616289341e-01
7.097096117509326119e-01,4.477932114876299607e-01,1.849217446735881880e-06,3.086014032624942019e-06,4.012759065887225307e-01,3.704558711867581023e-06,4.885762728271947353e-01
4.266259480435578566e-01,4.671882394681901030e-01,1.849217446735881880e-06,3.086014032624942019e-06,7.368788613248543340e-02,6.350951807380461611e-01,5.493689089624945732e-01
3.577726848801236043e-06,2.566972633103895247e-06,1.849217446735881880e-06,6.200045469398580700e-01,2.510507076042036319e-06,3.704558711867581023e-06,4.282405132853127614e-06
5.585148725036488404e-01,2.566972633103895247e-06,1.849217446735881880e-06,7.587840088646425896e-01,2.510507076042036319e-06,8.994885626457482797e-01,1.459037959690193675e-01
7.489079110793570582e-01,6.658650736563556105e-01,1.849217446735881880e-06,5.771940572539416836e-01,2.510507076042036319e-06,6.811599385472659751e-01,5.038220596081307567e-01
3.240690933388742923e-01,2.566972633103895247e-06,1.849217446735881880e-06,3.086014032624942019e-06,2.510507076042036319e-06,2.521495098989568473e-01,7.114503576091548709e-01
3.987682951114965291e-01,2.566972633103895247e-06,1.849217446735881880e-06,3.086014032624942019e-06,2.510507076042036319e-06,2.295690137925607555e-01,6.358884422127198954e-01
1.369338206988144624e-01,2.566972633103895247e-06,1.849217446735881880e-06,3.086014032624942019e-06,2.510507076042036319e-06,3.704558711867581023e-06,5.892965890159296283e-01
5.452747629283414277e-01,5.041318102389297229e-01,4.843278227440416250e-01,5.449273419575491051e-01,4.816149376126308002e-01,5.969435695372988793e-01,6.172627187325948617e-01
2.613969591303693107e-01,6.291841827871763604e-01,4.248056987993704126e-01,5.641293925714766511e-01,5.500699150055714526e-01,1.540329240330648997e-01,7.010447339186303140e-01
2.325815620855319621e-01,4.005724381429442427e-01,5.215578774731312039e-01,4.968913115040904938e-01,6.443737861475068440e-01,2.863011475037139930e-01,6.965886601209737572e-01
3.478363081101500387e-01,6.298535609073668828e-01,3.565833931269153378e-01,5.624355554063599216e-01,5.188735255661908186e-01,2.870317277443044102e-01,6.813923798181167335e-01
4.569543390604569044e-01,5.431520577879935807e-01,3.056456078301013068e-01,5.735136368124605921e-01,5.580618642745671654e-01,2.947354874362132504e-01,6.792677114639764646e-01
6.540699747164376854e-01,6.967150551043399531e-01,1.849217446735881880e-06,5.463360314060931033e-01,3.845148768022735863e-01,6.243953195877939288e-01,6.438122392896538093e-01
4.549939717015682450e-01,4.336730772316549354e-01,1.849217446735881880e-06,3.086014032624942019e-06,2.510507076042036319e-06,5.140977141716037702e-01,6.570949439162765415e-01
2.079890799210487307e-01,9.301792339651848707e-02,1.849217446735881880e-06,3.086014032624942019e-06,2.510507076042036319e-06,1.000000000000000000e+00,4.282405132853127614e-06
3.577726848801236043e-06,2.566972633103895247e-06,1.849217446735881880e-06,6.726622915034523587e-01,2.510507076042036319e-06,4.493820578100202190e-01,4.282405132853127614e-06
2.501834777808227273e-01,2.566972633103895247e-06,1.849217446735881880e-06,3.086014032624942019e-06,2.510507076042036319e-06,3.704558711867581023e-06,5.656926118851005603e-01
6.342376291141605948e-01,6.152894857317864341e-01,4.084543175436764484e-01,5.320981519040820507e-01,4.902832390909648286e-01,5.828213225061646963e-01,6.044903541197763630e-01
6.354232124780735402e-01,6.008389215543914474e-01,4.255215453280057347e-01,5.320037957194651002e-01,5.531116403774976042e-01,5.877336637923372686e-01,5.943297476206370611e-01
5.448164736038673128e-01,5.286267605843062434e-01,4.439884219188423020e-01,5.478694328149943393e-01,5.575675567325856230e-01,5.986839472248294269e-01,6.024845749286067420e-01
2.814873710028762410e-01,6.203613770211345857e-01,3.754627017374785325e-01,5.515224461115044718e-01,5.656479442573335570e-01,4.412353292720362363e-01,6.320023983956220004e-01
6.014210345121885348e-01,6.463968974452893868e-01,2.598674258934789982e-01,5.451945710717547300e-01,4.868704208086376828e-01,4.530572568874183803e-01,6.339673822857723184e-01
6.923633090532870238e-01,6.439205549796364059e-01,1.849217446735881880e-06,5.700921666372559260e-01,3.758454644119338939e-01,4.357416579701491322e-01,6.681766653700099701e-01
5.876446710598101086e-01,4.277571831364257449e-01,1.849217446735881880e-06,3.086014032624942019e-06,2.510507076042036319e-06,5.344214730713924277e-01,5.768553718240168049e-01
3.853565464836186116e-01,2.566972633103895247e-06,1.849217446735881880e-06,3.086014032624942019e-06,2.510507076042036319e-06,6.291959635961471564e-01,4.282405132853127614e-06
1.480190116471479245e-01,2.566972633103895247e-06,1.849217446735881880e-06,6.224259020428567490e-01,2.510507076042036319e-06,3.767988121522064526e-01,4.282405132853127614e-06
6.474936286935482066e-01,6.499561506815909606e-01,2.978057591517709324e-01,5.378819667639412883e-01,3.757400968232263438e-01,5.899612162518551584e-01,6.258399154353284644e-01
6.304795756279567565e-01,6.406859867800297481e-01,4.104116991691486027e-01,2.316968281351997061e-01,4.914734605536881795e-01,5.898121479443698689e-01,5.994402025851706117e-01
5.458622879517217585e-01,5.364263330460230517e-01,4.295357942423809749e-01,5.460407902995794149e-01,4.931940217477930322e-01,5.965645056717164829e-01,6.150094071510298077e-01
5.695155718438851267e-01,6.474465275044279933e-01,2.746547938486534335e-01,5.350325309579768707e-01,4.839685737483764849e-01,6.027192907591890636e-01,6.049225389253118923e-01
7.031321403736464637e-01,8.168167237160133265e-01,1.261795062407256030e-01,5.412066235622211563e-01,5.319466897478760670e-01,3.044023696663250567e-01,5.493400148470357625e-01
6.620130411469179466e-01,7.048763076793854720e-01,1.849217446735881880e-06,5.528640353085682024e-01,2.395282536318369959e-01,6.308663810528983840e-01,6.370577030208828262e-01
6.851062586629781404e-01,2.522143806746832140e-01,1.849217446735881880e-06,3.086014032624942019e-06,2.510507076042036319e-06,7.137111449142498065e-01,7.669798171229472716e-01
5.318844410481748941e-01,2.566972633103895247e-06,1.849217446735881880e-06,7.638744040552594150e-01,2.510507076042036319e-06,7.919111939591784166e-01,4.936349821730668941e-01
7.341990339597745940e-01,6.615932566146900395e-01,1.849217446735881880e-06,5.629877054193868080e-01,8.735023215645891514e-02,6.356678047072111815e-01,6.415872083603743059e-01
6.567505238749786756e-01,6.500521298763918265e-01,3.007191994397764301e-01,5.378961050704503810e-01,4.106908858364032300e-01,5.988624341731921819e-01,5.642366183897732368e-01
6.562734186249933321e-01,8.230180296273610363e-01,1.628989964257967216e-01,5.302193448626308925e-01,2.637310414413648330e-01,6.028593151735424094e-01,5.701243925410975910e-01
6.585702669484674310e-01,7.564008416058022322e-01,2.430996849221501999e-01,5.329745000898954421e-01,3.565909684785963374e-01,5.998110034241010968e-01,5.621691248033774402e-01
6.926295679035241459e-01,9.312782031743855882e-01,2.690287287006319639e-02,5.317192906531882368e-01,4.684903333750327636e-01,6.068643564682703051e-01,6.040806220663808013e-01
7.468718298766647834e-01,5.430030869840920538e-01,1.849217446735881880e-06,5.938354488625013916e-01,2.510507076042036319e-06,6.662903748756074940e-01,6.098749657764231946e-01
7.753218243489239381e-01,2.566972633103895247e-06,1.849217446735881880e-06,5.845112735227019352e-01,2.510507076042036319e-06,6.949541105585789191e-01,4.735159359635239817e-01
7.260706104066293187e-02,2.566972633103895247e-06,1.849217446735881880e-06,8.962459998799378047e-01,2.510507076042036319e-06,3.115585060361749647e-01,4.282405132853127614e-06
5.259449105712370454e-01,1.969719529775242339e-01,1.849217446735881880e-06,6.923201323889851544e-01,2.510507076042036319e-06,7.625397476504329752e-01,4.407412365098681284e-01
6.616612103483628937e-01,5.799226381936972707e-01,1.849217446735881880e-06,5.791184168604824878e-01,2.510507076042036319e-06,6.528221988282233434e-01,5.946178299267825818e-01
7.153097353418538251e-01,7.449167675158068214e-01,1.849217446735881880e-06,5.553435691648223038e-01,1.982330340793992951e-01,6.285695960321634468e-01,6.164484690627760610e-01
7.974638473147963591e-01,4.935274463848727811e-01,1.849217446735881880e-06,5.894430096961564836e-01,2.510507076042036319e-06,6.751344187599034319e-01,6.009959451924639096e-01
7.778115584159763785e-01,2.566972633103895247e-06,1.849217446735881880e-06,5.898421333328494054e-01,2.510507076042036319e-06,6.783446889633629739e-01,5.820763115060477721e-01
4.048517865496201878e-02,2.566972633103895247e-06,1.849217446735881880e-06,5.204028615932374535e-01,2.510507076042036319e-06,2.059902200171293551e-01,4.282405132853127614e-06
2.399022175063370843e-01,2.566972633103895247e-06,1.849217446735881880e-06,8.170203738289210094e-01,2.510507076042036319e-06,8.373808739955951319e-01,4.282405132853127614e-06
6.051769723321268613e-01,2.232972805498607549e-01,3.150208802541314829e-02,6.539693333327284419e-01,2.510507076042036319e-06,7.227075316190616494e-01,6.490725019610883439e-01
6.835899111348145984e-01,6.499859646523186152e-01,1.849217446735881880e-06,5.670429043922350365e-01,1.773003968853891499e-01,6.434029841312940423e-01,6.297164505732414375e-01
5.944013438712119068e-01,3.551526118722203029e-01,1.039965144093751293e-01,6.306510697708036517e-01,2.510507076042036319e-06,6.948967286159485335e-01,5.521809014559136974e-01
8.680169058840010443e-01,3.161245889188305513e-01,5.107510497006808453e-02,6.356272622235488168e-01,2.510507076042036319e-06,6.256134384351528244e-01,5.213179372889724661e-01
8.391458938248833599e-01,2.139595647279133317e-01,1.849217446735881880e-06,2.307835842618118083e-01,7.132029114588640806e-02,3.900984027549153632e-01,1.742515764623259744e-01
3.577726848801236043e-06,2.566972633103895247e-06,1.849217446735881880e-06,7.371325155494909964e-01,2.510507076042036319e-06,1.596732467399623878e-01,4.282405132853127614e-06
8.861357418678290632e-01,2.566972633103895247e-06,1.849217446735881880e-06,7.906277090545192898e-01,2.510507076042036319e-06,7.246016035134381639e-01,5.700596108300052256e-01
9.036530984337587391e-01,2.566972633103895247e-06,1.849217446735881880e-06,2.346430962195680536e-01,2.510507076042036319e-06,5.563848794007245635e-01,4.503657682150865593e-01
6.730398937233313950e-01,2.566972633103895247e-06,1.849217446735881880e-06,2.402968500004309671e-01,2.510507076042036319e-06,2.256563605440514986e-01,1.197332652920879148e-01
3.577726848801236043e-06,2.566972633103895247e-06,1.849217446735881880e-06,6.182958532120190753e-01,2.510507076042036319e-06,3.704558711867581023e-06,4.282405132853127614e-06
3.577726848801236043e-06,2.566972633103895247e-06,1.849217446735881880e-06,3.086014032624942019e-06,2.510507076042036319e-06,2.217586764979675718e-01,5.983565812359896707e-01
3.577726848801236043e-06,2.566972633103895247e-06,1.849217446735881880e-06,3.086014032624942019e-06,2.510507076042036319e-06,3.425164019318171493e-01,9.749580651911363693e-01
3.577726848801236043e-06,2.566972633103895247e-06,1.849217446735881880e-06,3.086014032624942019e-06,2.510507076042036319e-06,6.452545913090681484e-01,6.425358064651288670e-01
1.405193911166504606e-01,2.566972633103895247e-06,1.849217446735881880e-06,3.086014032624942019e-06,2.510507076042036319e-06,5.636362105422478841e-01,8.490717412667535546e-01
4.266185207045402605e-01,2.566972633103895247e-06,1.849217446735881880e-06,3.086014032624942019e-06,2.180105401399072829e-01,7.183413583158233529e-01,7.928023224734197516e-01
5.804485248494455352e-01,2.566972633103895247e-06,1.849217446735881880e-06,3.086014032624942019e-06,3.103728268991403083e-01,7.575149814168786744e-01,7.391599370267782909e-01
5.445092518535937787e-01,1.293424890287559192e-01,1.849217446735881880e-06,3.086014032624942019e-06,5.507323083640565109e-01,7.337743981107203162e-01,6.896003330368875028e-01
1.259095226768814080e-01,8.774767881894679489e-02,1.849217446735881880e-06,3.086014032624942019e-06,4.134316506558486370e-01,5.801964104892112228e-01,7.337565533970308307e-01
3.577726848801236043e-06,2.566972633103895247e-06,1.849217446735881880e-06,3.086014032624942019e-06,9.346047761488159022e-02,5.914372419826666727e-01,7.190441728452121595e-01
3.577726848801236043e-06,2.566972633103895247e-06,1.849217446735881880e-06,3.086014032624942019e-06,2.510507076042036319e-06,6.854069819478695313e-01,4.144910859813419890e-01
6.827014663457816601e-01,2.495006407527463055e-01,1.849217446735881880e-06,3.086014032624942019e-06,2.949345552077381472e-01,7.324959346660844250e-01,7.155171276770843081e-01
5.803520594705684488e-01,4.017843116706936724e-01,1.849217446735881880e-06,3.086014032624942019e-06,5.158572062688281390e-01,6.909776043059742134e-01,6.610524561930548604e-01
5.219703388991261406e-01,6.228553008150407022e-01,1.849217446735881880e-06,3.086014032624942019e-06,6.681583638874385445e-01,2.668238502223186370e-01,5.598194381572989542e-01
5.012519792733127755e-01,5.736204996504534748e-01,5.327805739992278605e-02,3.086014032624942019e-06,6.765452665246953767e-01,2.958680791217984662e-01,6.761219950043240168e-01
1.238847400323309783e-01,2.774389066176912166e-01,1.849217446735881880e-06,3.086014032624942019e-06,4.886363361928852123e-01,3.704558711867581023e-06,5.276513310893259368e-01
3.577726848801236043e-06,6.499844293814006913e-02,1.849217446735881880e-06,3.086014032624942019e-06,1.828993571683529273e-01,7.419562626932859617e-01,6.743979181022983216e-01
3.577726848801236043e-06,2.566972633103895247e-06,1.849217446735881880e-06,3.086014032624942019e-06,2.510507076042036319e-06,6.940484738118481989e-01,4.282405132853127614e-06
3.887610586325845885e-01,2.566972633103895247e-06,1.849217446735881880e-06,3.086014032624942019e-06,2.510507076042036319e-06,7.240016919356851988e-01,7.025055737730261374e-01
7.294422959678461549e-01,1.315628498312885752e-01,1.849217446735881880e-06,3.086014032624942019e-06,2.510507076042036319e-06,7.976730374829867909e-01,7.778036386586578699e-01
7.508924960648607483e-01,5.694721976303737110e-01,1.849217446735881880e-06,3.086014032624942019e-06,2.947425364825917438e-01,6.622580459722917645e-01,6.659837799110073231e-01
7.960007965708560951e-01,7.870167190012458125e-01,1.849217446735881880e-06,3.086014032624942019e-06,6.696247194343428744e-01,3.704558711867581023e-06,6.450671395567986188e-01
6.905180429420832988e-01,8.125792769329606147e-01,1.165040464847600654e-01,3.086014032624942019e-06,6.582262309508778442e-01,1.323140016825799237e-01,4.313754022247978104e-01
4.484327954559449991e-01,6.456856708113698495e-01,2.034144370605890095e-01,3.086014032624942019e-06,6.518099896105576940e-01,2.590062622203007092e-01,3.482559272658430904e-01
5.437069641971650213e-01,4.173157560991361259e-01,2.074102928624185493e-01,3.086014032624942019e-06,6.347617890706545030e-01,2.822681599619886357e-03,5.582392797157113007e-01
4.732022958670144552e-01,6.448252257492073092e-01,5.993541215420709195e-02,3.086014032624942019e-06,3.905753847981834892e-01,2.336167750161230764e-04,6.812005498838499262e-01
3.577726848801236043e-06,7.484983688489370290e-02,1.849217446735881880e-06,3.086014032624942019e-06,1.061995531235706003e-01,7.631834753311181885e-01,4.610421438771130087e-01
3.603258063029209368e-01,2.566972633103895247e-06,1.849217446735881880e-06,3.086014032624942019e-06,2.510507076042036319e-06,6.985763456871181276e-01,1.825858877582012818e-01
8.217773541243608149e-01,2.566972633103895247e-06,1.849217446735881880e-06,3.086014032624942019e-06,2.510507076042036319e-06,7.650364338952224674e-01,5.785265682005107379e-01
5.690996858730751340e-01,2.598650813822351302e-01,1.849217446735881880e-06,3.086014032624942019e-06,2.119933577122168067e-01,3.325540078947989420e-01,4.967493813377263923e-01
7.282845313646173491e-01,6.640700943290261948e-01,1.849217446735881880e-06,2.871588339692546787e-01,5.087744177251323219e-01,4.641439263864521880e-01,6.298660742411905655e-01
7.382574670415207319e-01,8.020512309009821816e-01,1.177706565670596645e-01,5.392988972574558337e-01,6.398345513919968530e-01,2.894328813708380022e-01,6.332599979007290658e-01
6.361796757034725580e-01,7.976136541250550271e-01,3.432228804572221015e-01,3.086014032624942019e-06,6.026322818470699616e-01,3.021239583020391972e-01,4.904959524620025602e-01
5.221013751650669388e-01,7.293361448931243718e-01,3.535952787179234003e-01,3.086014032624942019e-06,6.239857977145158996e-01,9.817913296300496973e-02,4.462483567622076430e-01
4.844418404243864273e-01,7.933384693923437592e-01,2.918932356454689292e-01,3.086014032624942019e-06,6.137130494969259553e-01,3.704558711867581023e-06,3.848432389947620824e-01
4.868875056132677126e-01,6.742705333570788717e-01,2.065015341963407358e-01,3.086014032624942019e-06,4.886909157827268868e-01,3.704558711867581023e-06,6.706509463865699683e-01
1.688804263238579129e-01,4.752445983721373945e-01,1.849217446735881880e-06,3.086014032624942019e-06,7.874138862068681688e-02,5.184262565631896358e-01,5.495171216651452140e-01
3.577726848801236043e-06,8.641168978058304251e-02,1.849217446735881880e-06,3.086014032624942019e-06,2.510507076042036319e-06,5.728127474401364383e-01,1.723035241557565878e-01
5.251144440407172764e-01,2.566972633103895247e-06,1.849217446735881880e-06,4.482846075879005632e-01,2.510507076042036319e-06,8.504026767428803923e-01,2.224232967056966326e-01
9.736552735187364860e-01,1.262659794463872609e-01,1.849217446735881880e-06,6.711243915424801587e-01,2.510507076042036319e-06,7.283835101345138563e-01,6.576868745321192700e-01
7.429293082977691531e-01,5.832512045933720968e-01,1.849217446735881880e-06,5.675866999514156408e-01,2.923704495474482856e-01,6.442396481987943124e-01,6.711927570611605498e-01
7.719812323296852963e-01,7.462802366654787134e-01,1.849217446735881880e-06,5.555698954778437448e-01,5.920933494528275443e-01,2.658156120672978129e-01,5.369304523548612540e-01
5.985314845351098478e-01,7.087408322040013031e-01,3.314198908100537411e-01,4.920173004483884283e-01,6.477123665275450470e-01,3.564430877680721532e-01,4.962915537715500980e-01
4.911577754066310808e-01,6.537799162395807606e-01,4.535314297100498382e-01,5.590502626625167837e-01,6.446467806977590476e-01,3.704558711867581023e-06,2.884747385373945816e-01
4.077704494449391898e-02,2.748054217448641090e-01,4.525317353039509660e-01,1.370891215333363833e-01,6.389410883363416671e-01,3.704558711867581023e-06,3.777128031665987207e-01
4.223461802590872116e-01,6.926971520625423429e-01,3.835949003179517924e-01,3.086014032624942019e-06,6.242323235787209379e-01,3.704558711867581023e-06,5.275035478108965892e-01
4.915809086597551225e-01,6.983031690567037542e-01,2.660380038108229872e-01,3.086014032624942019e-06,3.987818125350480747e-01,3.704558711867581023e-06,6.503607746248565302e-01
3.577726848801236043e-06,9.313534066869269545e-02,1.849217446735881880e-06,3.086014032624942019e-06,6.853118957906578768e-02,5.436269608225826611e-01,1.734940874726096371e-01
3.577726848801236043e-06,2.566972633103895247e-06,1.849217446735881880e-06,3.086014032624942019e-06,8.736842334055104631e-02,3.704558711867581023e-06,5.665250200648467294e-01
6.940850112517433779e-01,2.566972633103895247e-06,1.849217446735881880e-06,7.968132559552134619e-01,2.510507076042036319e-06,7.452959541260475440e-01,3.430245893830259907e-01
8.141190023562220324e-01,4.943900210163731379e-01,1.849217446735881880e-06,6.026795644312870071e-01,2.510507076042036319e-06,6.716340163066590874e-01,7.309552965091430377e-01
8.001390397864095450e-01,5.228327471900084955e-01,1.849217446735881880e-06,3.087099037249372291e-01,1.951238208031314258e-01,6.697191538533585620e-01,7.015342775308622825e-01
6.973370153728811749e-01,8.314707360524599133e-01,1.353015201141139490e-01,5.290593988815465165e-01,6.637470772146634168e-01,6.103182920223194641e-01,5.714176956028861332e-01
6.042090325085175406e-01,6.859643947892707372e-01,3.796079536800115450e-01,4.911772431028124108e-01,6.215990757212113138e-01,2.591329546887440327e-01,6.500249648838343219e-01
3.619527086470071264e-01,6.685161398574357428e-01,4.968958269667937411e-01,4.846495038210474338e-01,6.267335178091270054e-01,3.704558711867581023e-06,3.951675481416758728e-01
3.579225444677037737e-01,6.207292477430031985e-01,5.523348715212349491e-01,4.865858847684167987e-01,6.198036970185536454e-01,3.704558711867581023e-06,5.286256946473558704e-01
6.382415500289351229e-01,7.296355722469769489e-01,3.446053575688137194e-01,5.446600372374262866e-01,5.523653490123268117e-01,9.539410927840023466e-03,5.143304383801701185e-01
4.879146390781384790e-01,6.989263899996216445e-01,2.081382098711619943e-01,3.086014032624942019e-06,4.842278509503852302e-01,3.704558711867581023e-06,6.718517392018366063e-01
1.886287417133403754e-01,2.315020159592897642e-01,1.849217446735881880e-06,3.086014032624942019e-06,2.510507076042036319e-06,8.196232937837996113e-01,4.282405132853127614e-06
8.630011563241496431e-01,3.062759250304429304e-01,1.849217446735881880e-06,6.273622123742994550e-01,2.510507076042036319e-06,7.214828117692443366e-01,5.350893880257019397e-01
6.936807389383063960e-01,7.160197002002191002e-01,1.849217446735881880e-06,5.674902646040768106e-01,1.385753598026633927e-02,6.151046944978098008e-01,7.660629964105656331e-01
6.814791964285392689e-01,9.307054975971524868e-01,2.944324192020263131e-02,5.312842164028851455e-01,3.044941945187601418e-01,6.044868521025128505e-01,6.272661559667545017e-01
6.068647338419814741e-01,6.576806929678055136e-01,2.669249446051180641e-01,5.395197421414831274e-01,5.215831365489567162e-01,5.668376447581647826e-01,6.156705977591294676e-01
4.611099577478939837e-01,5.514548029118245820e-01,4.976917122742413047e-01,4.975005817875325365e-01,6.336495729509349362e-01,3.909168750833571515e-01,6.303164175566534633e-01
4.938710948852012561e-01,5.675715817589213064e-01,4.447188296615763314e-01,4.971607331898937887e-01,6.274002099140685296e-01,2.326727063933359541e-01,5.817949772948077802e-01
6.237149353074270541e-01,6.766919527437668114e-01,4.351529741758783931e-01,5.432100291551538174e-01,6.266297199873839263e-01,1.257051199272205683e-02,4.952227168848438166e-01
5.943491724413851873e-01,6.567319945902996281e-01,3.176851214089124187e-01,2.581901432868221047e-01,6.051091809149181655e-01,2.932323560142044983e-01,6.497466366421430495e-01
3.424945658886896505e-01,5.850297416644199000e-01,1.735605832724221032e-01,3.086014032624942019e-06,1.635317655627904487e-01,2.990431872924777523e-01,7.258351488264725981e-01
4.363807900383989136e-01,4.949768411810769875e-01,1.849217446735881880e-06,3.086014032624942019e-06,9.592030848577380586e-02,4.788854721915359325e-01,7.367315430555754219e-01
3.577726848801236043e-06,7.665517310031023934e-02,1.849217446735881880e-06,3.086014032624942019e-06,2.510507076042036319e-06,7.346166756291301336e-01,4.282405132853127614e-06
4.129576186132536963e-01,2.566972633103895247e-06,1.849217446735881880e-06,4.682234000616036784e-01,2.510507076042036319e-06,5.013947866218159133e-01,4.282405132853127614e-06
8.145948021951072704e-01,4.995080694829940327e-01,1.849217446735881880e-06,6.033797886330737326e-01,2.510507076042036319e-06,7.007482314251168853e-01,5.178607042299574470e-01
6.762384210035424781e-01,9.330425761330942702e-01,1.849217446735881880e-06,5.393100491302370569e-01,3.987727697716979616e-03,6.046042667840363372e-01,7.511083592516412111e-01
6.554925127021001829e-01,7.562046240775250894e-01,1.964071880667018488e-01,5.316934712324777879e-01,4.648594382359489963e-01,5.948228285742531707e-01,5.967789379934123062e-01
6.558930038247644534e-01,7.553644842113729219e-01,2.553901399505110192e-01,5.337407282573637390e-01,5.134420352680751920e-01,2.843054357643976515e-01,6.427953013874021515e-01
3.955605849394090989e-01,5.135388113516544673e-01,4.373498973530203227e-01,4.944327204868900205e-01,6.466650663093715945e-01,2.644728018427919825e-01,6.938232294824020485e-01
5.542291628479640853e-01,7.016649666430201382e-01,3.258693140614387640e-01,5.427797180776318120e-01,6.399979520578679137e-01,2.874667961779883707e-01,6.500048432917525654e-01
5.580207518951868506e-01,7.193236527403397140e-01,2.934127989240029044e-01,5.419620778864940869e-01,5.984014942249480384e-01,2.858442749713583919e-01,6.509573062144985434e-01
7.006529846379221382e-01,6.435776447914002274e-01,1.515469613524302317e-01,2.766480426610923860e-01,4.344019984823975777e-01,2.947648800888921228e-01,6.843943618562831066e-01
3.469352593518750805e-01,4.272269698962097295e-01,1.849217446735881880e-06,3.086014032624942019e-06,9.249234798980472683e-02,3.553819636287883221e-01,6.683184980556591270e-01
1.531746765191294157e-01,2.566972633103895247e-06,1.849217446735881880e-06,5.429434426912440603e-01,2.510507076042036319e-06,3.704558711867581023e-06,4.282405132853127614e-06
8.337241163987363368e-01,8.233731600768547099e-02,1.849217446735881880e-06,7.134748192224718011e-01,2.510507076042036319e-06,9.626454988284000036e-01,4.282405132853127614e-06
6.892803331625195762e-01,7.050960990449822718e-01,1.849217446735881880e-06,5.637058104205820985e-01,3.281416712270409514e-02,6.283469811224843271e-01,6.599044825570028472e-01
6.856889221553651437e-01,8.960409622166856103e-01,1.011599875080110567e-01,5.317678296520056413e-01,2.233415412020357815e-01,6.025754720678321297e-01,6.513328683691456122e-01
6.457887167826892316e-01,7.285232932294156694e-01,2.359087442964586667e-01,5.287940221123114126e-01,4.884445831206097877e-01,5.904305111431678021e-01,5.994790348040356376e-01
5.851339153726291542e-01,6.301710648381556590e-01,4.062779908206872737e-01,5.479550187132206096e-01,4.795896484253305281e-01,3.027551076945754760e-01,6.624945240743500552e-01
6.022627996008502738e-01,6.828758259014665599e-01,3.541060947302774320e-01,5.457886445658474139e-01,6.652075400978858521e-01,3.042102908900656821e-01,6.353806173979260619e-01
6.419760611011620099e-01,7.734899917174610229e-01,1.648776091636019459e-01,5.469034538143865420e-01,5.514466730841960374e-01,3.116881351710663051e-01,5.439466306670117657e-01
7.211602277789321835e-01,7.785203811671584928e-01,1.849217446735881880e-06,5.559752944056611801e-01,5.187387188093341983e-01,2.764532314817712000e-01,6.402920649090660943e-01
6.849788235311063955e-01,7.166747656334656602e-01,1.849217446735881880e-06,2.901476303820261227e-01,1.438734651905383133e-01,6.347161688488610620e-01,6.686717914971181953e-01
3.577726848801236043e-06,2.566972633103895247e-06,1.849217446735881880e-06,6.216156334286421226e-01,2.510507076042036319e-06,3.704558711867581023e-06,4.282405132853127614e-06
2.437431420903070911e-01,2.566972633103895247e-06,1.849217446735881880e-06,8.440054865701965836e-01,2.510507076042036319e-06,5.680137666764971671e-01,4.282405132853127614e-06
8.145806677438859333e-01,4.810455947728680681e-01,1.849217446735881880e-06,6.015384065206171860e-01,2.510507076042036319e-06,5.023721507968345046e-01,3.256295343747034332e-01
6.658856557106964669e-01,7.296431000269613110e-01,1.956432871366043103e-01,5.376537125000321327e-01,2.063605991389949046e-01,5.973297021929153683e-01,6.726214514452794058e-01
6.196819802492200546e-01,5.747167821355479989e-01,3.462230413969569209e-01,4.759193641723821200e-01,4.998890054004813677e-01,4.380261505729202143e-01,6.278861218496135654e-01
5.544955117265529809e-01,4.610121417148164147e-01,4.460127659696762614e-01,4.785031963913597974e-01,5.570288127103789622e-01,4.419126856817811588e-01,6.339225381278097426e-01
5.463369174220344959e-01,5.359361358994082503e-01,4.432312866844402843e-01,5.408636373190202074e-01,5.581374545914717933e-01,5.958426574658741703e-01,6.053920836380967119e-01
5.897440421937676369e-01,6.484452459989353823e-01,3.104880497457056521e-01,5.408557365006768647e-01,6.833800318880046687e-01,4.468747683801794768e-01,6.062850406330400066e-01
6.996545702172528580e-01,7.571335620325718718e-01,1.782634961858240719e-01,5.380740813994473459e-01,3.326928362114809357e-01,6.127199134364288424e-01,5.980946938073408159e-01
6.642548371333100166e-01,5.669084437721388925e-01,1.849217446735881880e-06,4.616653050040985806e-01,2.118475384363478764e-01,3.704558711867581023e-06,3.551240462411363041e-01
4.569211636128449605e-01,4.341857091436179816e-01,1.849217446735881880e-06,3.086014032624942019e-06,2.510507076042036319e-06,5.109117689220854519e-01,6.567443497127796181e-01
2.444858084708036172e-01,2.566972633103895247e-06,1.849217446735881880e-06,6.725503191401369651e-01,2.510507076042036319e-06,4.438091484904339024e-01,4.282405132853127614e-06
5.810315484552395215e-01,5.865619915653206284e-01,1.849217446735881880e-06,6.035075248301172701e-01,2.510507076042036319e-06,4.948203441024616733e-01,2.513524562482665758e-01
6.295102403648956679e-01,6.129927204386556028e-01,4.105119991109995592e-01,5.352424885899330631e-01,4.888652806670881756e-01,5.830809965871257550e-01,6.028644926717836583e-01
5.472371559251439921e-01,5.375737747200903804e-01,4.289325576293577247e-01,5.449178156119868222e-01,4.915566340525441835e-01,5.967317137418629569e-01,6.144115872887240259e-01
5.683705012382499477e-01,6.486775671562167167e-01,2.765667435281630171e-01,5.384586887000454292e-01,4.839096471115563181e-01,6.049337971429822325e-01,6.082679989941657261e-01
6.022086025331097048e-01,7.823688101095708225e-01,1.643235166481617771e-01,5.376754492012159048e-01,2.612497470260161103e-01,6.071312552684575703e-01,6.125425490388657357e-01
6.935466417084068524e-01,6.671456381764626631e-01,1.849217446735881880e-06,5.677407470076312190e-01,1.037664988545531214e-01,6.404736983316927645e-01,6.788918425777428212e-01
6.879457078623200106e-01,4.294638100986753471e-01,1.849217446735881880e-06,3.086014032624942019e-06,2.510507076042036319e-06,7.251819199894051771e-01,5.109813588785941940e-01
2.818418351307193648e-01,2.566972633103895247e-06,1.849217446735881880e-06,3.086014032624942019e-06,2.510507076042036319e-06,5.820656896420707271e-01,4.282405132853127614e-06
1.584526223998461714e-01,2.566972633103895247e-06,1.849217446735881880e-06,6.182599025984090169e-01,2.510507076042036319e-06,2.620774955609557755e-01,3.888192165130544553e-01
6.886337495404052378e-01,7.566764474979937871e-01,1.464988782117296329e-01,5.445711246788449422e-01,2.371632306480336155e-02,6.106789042668567813e-01,6.524924364591715431e-01
6.710987024033608916e-01,6.833255612306652349e-01,2.630040742660237907e-01,5.391304850769796930e-01,4.237703773864683887e-01,6.065160106534982498e-01,5.639620936197560219e-01
6.467124526855997368e-01,7.248097700283024913e-01,2.506041945876350541e-01,5.310135094164901703e-01,4.829881697531505091e-01,5.937272180953540035e-01,6.024424300086063111e-01
6.656963260870113475e-01,7.935298334835257927e-01,1.879626179147000364e-01,5.302945349472474312e-01,4.986224691130237141e-01,5.998272200600618387e-01,5.990890562648177875e-01
7.069298963629626620e-01,8.823177202554136622e-01,1.115739379174973123e-01,5.326128013821971319e-01,4.147358613504535940e-01,4.314679246895267717e-01,6.104618046479283189e-01
7.178897228315140877e-01,6.987852936497827017e-01,1.849217446735881880e-06,5.735272458775495519e-01,2.510507076042036319e-06,4.858837822309537979e-01,6.165555797328208243e-01
5.600355864068712330e-01,3.182969972676139570e-01,1.849217446735881880e-06,3.838765316057683452e-01,2.510507076042036319e-06,6.594198228207778234e-01,1.271159571770804908e-01
1.614694387056371805e-01,2.566972633103895247e-06,1.849217446735881880e-06,8.264412491367694180e-01,2.510507076042036319e-06,6.788521865066985406e-01,4.282405132853127614e-06
7.484021317993462263e-01,5.745211093808222369e-01,1.849217446735881880e-06,5.740055289095101765e-01,2.510507076042036319e-06,6.643012901269481629e-01,5.931012262699408844e-01
6.738984941137663442e-01,8.527953519524387183e-01,7.256337361297250654e-02,5.416444574285006475e-01,7.468114410412433901e-02,6.124480768784971163e-01,6.194500216767212519e-01
6.915921261923805297e-01,8.712513884296833044e-01,8.906807870527815724e-03,5.399842648965204051e-01,2.510507076042036319e-06,6.234756492137893957e-01,5.485618981581197318e-01
6.723969562494620522e-01,7.926590872487528916e-01,1.018944546681623819e-01,5.346101963047154015e-01,1.731190569226481735e-01,6.088533372641350416e-01,6.033125661735057044e-01
7.506270024556133125e-01,7.275149173855861573e-01,5.814721483251250600e-02,5.571861231689948513e-01,2.510507076042036319e-06,4.823761030820860052e-01,5.065296099963088050e-01
7.853684482317171422e-01,4.552578967897782380e-01,1.849217446735881880e-06,6.047002459762909066e-01,2.510507076042036319e-06,6.858010150158772023e-01,6.231347268803674178e-01
7.174610078205828634e-01,1.406908525983420200e-01,1.849217446735881880e-06,5.651058807945698037e-01,2.510507076042036319e-06,5.974900493786169386e-01,6.131770539989301882e-01
3.577726848801236043e-06,2.566972633103895247e-06,1.849217446735881880e-06,6.242043422292767874e-01,2.510507076042036319e-06,3.704558711867581023e-06,4.282405132853127614e-06
4.536169430477045572e-01,1.578686150806393740e-01,1.849217446735881880e-06,7.421129041306385732e-01,2.510507076042036319e-06,7.034556299846014271e-01,4.282405132853127614e-06
6.521477793786819577e-01,5.431096149758447567e-01,1.849217446735881880e-06,5.874557459665377124e-01,2.510507076042036319e-06,6.623122573546862402e-01,6.042906105105749770e-01
7.500009002835172911e-01,6.174427279565306570e-01,1.849217446735881880e-06,5.652958784643954404e-01,2.069955578009931574e-01,6.448753715142938603e-01,6.341186009579717897e-01
1.299731774030277731e-01,3.547090238173015997e-02,1.849217446735881880e-06,5.468255419167521447e-01,2.510507076042036319e-06,3.704558711867581023e-06,4.282405132853127614e-06
3.577726848801236043e-06,2.566972633103895247e-06,1.849217446735881880e-06,7.961018798806455132e-01,2.510507076042036319e-06,3.704558711867581023e-06,4.282405132853127614e-06
7.387645517326316691e-01,6.689226895014608321e-01,5.093603699314760980e-02,5.624129870400873532e-01,2.510507076042036319e-06,6.415014276357049461e-01,5.783572523647011465e-01
7.442781130633658870e-01,5.285350405281807884e-01,4.971097307229163653e-02,5.763067084071814561e-01,2.510507076042036319e-06,6.476245071208184267e-01,6.743970592538557352e-01
8.337323990070952817e-01,3.423277757846769909e-01,9.098508768820608161e-02,6.146502870983492350e-01,2.510507076042036319e-06,6.805784785905580891e-01,6.265435576950152408e-01
9.213549230923802069e-01,2.566972633103895247e-06,3.388880692883877027e-02,5.894630830671626631e-01,2.510507076042036319e-06,3.917139851125044925e-01,3.475405065132305404e-01
3.577726848801236043e-06,2.566972633103895247e-06,1.849217446735881880e-06,8.880451772573166869e-01,2.510507076042036319e-06,4.250154187982620457e-01,4.282405132853127614e-06
4.765837607579379021e-01,2.619350475409020773e-01,1.849217446735881880e-06,6.770856912928747695e-01,2.510507076042036319e-06,6.792965327273023934e-01,4.330472427376235722e-01
6.720514724497038683e-01,5.506558677361133025e-01,1.849217446735881880e-06,5.839153854865973825e-01,2.510507076042036319e-06,6.696273635357089526e-01,6.004772007331866668e-01
8.714209678912082646e-01,3.132346642778511270e-01,5.109772514558819090e-02,6.392544560993486114e-01,2.510507076042036319e-06,6.235201929862841386e-01,5.227172467870939698e-01
8.683100381972290727e-01,2.566972633103895247e-06,1.849217446735881880e-06,3.316146974273876946e-01,2.510507076042036319e-06,5.949374365303218282e-01,5.517653415023725527e-01
5.319511070426298227e-01,2.566972633103895247e-06,1.849217446735881880e-06,8.231849022846444708e-01,2.510507076042036319e-06,7.148253109669886474e-01,4.282405132853127614e-06
3.577726848801236043e-06,2.566972633103895247e-06,1.849217446735881880e-06,6.139453753296985061e-01,2.510507076042036319e-06,3.704558711867581023e-06,4.282405132853127614e-06
8.688892806122504586e-01,8.913670899127945635e-02,1.849217446735881880e-06,2.278867057428289045e-01,2.510507076042036319e-06,7.472424182289125749e-01,4.554594756349911178e-01
5.733078811179216361e-01,2.566972633103895247e-06,1.849217446735881880e-06,2.181380220796496350e-01,2.510507076042036319e-06,3.018329164653014152e-01,1.275471144318008898e-01
5.995983655172687499e-01,2.566972633103895247e-06,1.849217446735881880e-06,2.151438009423219111e-01,2.510507076042036319e-06,5.474319449640639990e-01,3.303517208286145534e-02
3.577726848801236043e-06,2.566972633103895247e-06,1.849217446735881880e-06,3.086014032624942019e-06,2.510507076042036319e-06,2.452120902089877374e-01,6.990693825008525986e-01
3.577726848801236043e-06,2.566972633103895247e-06,1.849217446735881880e-06,3.086014032624942019e-06,2.510507076042036319e-06,8.516022140282009101e-02,5.046122001752418873e-01
1.743650210324235172e-01,2.566972633103895247e-06,1.849217446735881880e-06,3.086014032624942019e-06,2.510507076042036319e-06,7.771451152945643148e-01,9.148151172294383127e-01
1.596621758124068535e-01,2.566972633103895247e-06,1.849217446735881880e-06,3.086014032624942019e-06,3.068551481835864458e-01,7.224054447978954796e-01,7.741164182560015261e-01
1.415828285143557463e-01,1.014983389854414719e-01,1.849217446735881880e-06,3.086014032624942019e-06,3.153290883614578988e-01,7.116054771064240780e-01,7.646465099435939550e-01
3.577726848801236043e-06,2.566972633103895247e-06,1.849217446735881880e-06,3.086014032624942019e-06,3.337863358789318613e-01,7.365038346626643362e-01,7.559529392768998823e-01
3.577726848801236043e-06,2.566972633103895247e-06,1.849217446735881880e-06,3.086014032624942019e-06,9.366911775715559829e-02,5.955297075776700977e-01,7.101847830827959784e-01
3.577726848801236043e-06,2.566972633103895247e-06,1.849217446735881880e-06,3.086014032624942019e-06,2.510507076042036319e-06,4.212502225889214746e-01,5.476293114421862951e-01
5.747553569570128529e-01,2.566972633103895247e-06,1.849217446735881880e-06,3.086014032624942019e-06,2.510507076042036319e-06,7.581981072067249805e-01,7.878075666633560514e-01
4.756717285407520701e-01,1.742869384697093016e-01,1.849217446735881880e-06,3.086014032624942019e-06,4.617777683323423532e-01,3.984625485628474073e-01,7.446965035114325726e-01
5.616412420599494748e-01,2.448161577458181637e-01,1.849217446735881880e-06,3.086014032624942019e-06,4.608371639672310116e-01,7.184651660942159568e-01,6.924567402640480207e-01
6.149733173971146938e-01,2.813773222458378909e-01,1.849217446735881880e-06,3.086014032624942019e-06,5.614989294189302038e-01,5.716669277614357947e-01,6.563038218080882169e-01
2.147209499215493034e-01,1.958445441126916708e-01,1.849217446735881880e-06,3.086014032624942019e-06,3.441569892545828790e-01,7.108227125629342780e-01,7.243955961441876923e-01
3.577726848801236043e-06,2.566972633103895247e-06,1.849217446735881880e-06,3.086014032624942019e-06,2.510507076042036319e-06,8.040897316365049896e-01,4.025341366183713965e-01
4.332889913691619910e-01,2.566972633103895247e-06,1.849217446735881880e-06,3.086014032624942019e-06,7.389607949493109951e-02,7.263908390144402372e-01,6.939892326170762349e-01
6.426967830709247043e-01,2.566972633103895247e-06,1.849217446735881880e-06,3.086014032624942019e-06,1.789509826982700336e-01,7.329796789958492598e-01,7.251019989881538619e-01
6.733163707914896490e-01,5.982682342145920762e-01,1.849217446735881880e-06,3.086014032624942019e-06,4.522486066506920532e-01,6.601295085496495796e-01,6.451918566199148497e-01
4.963502956351014128e-01,6.347734108509779372e-01,5.866552100886222171e-02,3.086014032624942019e-06,5.844743768145902463e-01,2.862864641714738534e-01,6.833261997790673892e-01
4.856566830026111670e-01,6.320007610981762669e-01,9.280318579247012756e-02,3.086014032624942019e-06,6.551070798422118369e-01,2.903699638379413361e-01,6.703902858842676338e-01
4.441697729448957910e-01,5.955221793160774268e-01,6.159430685267978933e-02,3.086014032624942019e-06,6.661966864875908945e-01,4.652959832328300571e-01,6.393009538064070574e-01
3.577726848801236043e-06,7.361776959208743421e-02,1.849217446735881880e-06,3.086014032624942019e-06,1.864006740820847996e-01,7.526795651987250313e-01,5.603160365960229150e-01
3.577726848801236043e-06,7.260751180326185938e-02,1.849217446735881880e-06,3.086014032624942019e-06,2.510507076042036319e-06,5.616866798319416487e-01,4.282405132853127614e-06
2.471426351586641645e-01,2.566972633103895247e-06,1.849217446735881880e-06,3.086014032624942019e-06,2.510507076042036319e-06,8.836978212845634229e-01,4.282405132853127614e-06
7.320267398609170417e-01,1.352563402231669876e-01,1.849217446735881880e-06,3.086014032624942019e-06,2.510507076042036319e-06,8.059286565733354557e-01,6.722225163437325346e-01
8.547007223514829777e-01,3.856068153350387107e-01,1.849217446735881880e-06,3.086014032624942019e-06,2.602939521467408368e-01,7.030579585687820598e-01,6.675876180310813535e-01
7.717404064888114812e-01,6.396848910918431219e-01,1.849217446735881880e-06,3.086014032624942019e-06,4.254887167565619688e-01,4.673427617825035019e-01,6.494679403225478431e-01
7.622576301728940518e-01,6.863089392981612802e-01,6.247716428019224610e-02,3.086014032624942019e-06,6.644413972181797412e-01,4.747042309099268609e-01,6.058120605264851743e-01
4.663803975147853831e-01,3.202685822753665867e-01,1.823016705161279727e-01,3.086014032624942019e-06,6.185279353313971606e-01,3.704558711867581023e-06,4.612019510337375672e-01
5.009511945501877728e-01,6.129338848950934837e-01,2.285710419602459686e-01,3.086014032624942019e-06,6.258212175498980567e-01,2.888225745136230871e-01,6.359359242623273678e-01
4.890062778570227198e-01,6.774554281137621370e-01,2.095999593818764495e-01,3.086014032624942019e-06,4.117006082484733209e-01,3.704558711867581023e-06,6.508068850444241882e-01
3.044599055134443177e-01,4.760695341037157746e-01,5.946924973344356463e-02,3.086014032624942019e-06,2.109473857583978873e-01,3.299616590907602509e-01,6.181431610788044040e-01
3.577726848801236043e-06,7.400645933047528269e-02,1.849217446735881880e-06,3.086014032624942019e-06,7.032853049042900317e-02,8.311102335185183154e-01,1.501324436317829636e-01
5.461670339223227977e-01,2.566972633103895247e-06,1.849217446735881880e-06,2.276704539182690945e-01,2.510507076042036319e-06,8.219541233447726913e-01,3.593464212429536841e-01
9.736495117042258673e-01,1.249713870073290850e-01,1.849217446735881880e-06,6.773193135769023376e-01,2.510507076042036319e-06,7.321572564612119915e-01,6.588667482531789243e-01
7.632972775786550645e-01,5.723182432380230500e-01,1.849217446735881880e-06,5.765236595864750013e-01,2.373518079609886477e-01,6.497369318602944643e-01,6.914247111677350732e-01
7.512436066366019460e-01,7.442580867671730882e-01,1.849217446735881880e-06,5.467327356534369409e-01,5.890752430361514413e-01,6.396542384517021063e-01,5.983992782728460025e-01
7.600116028539707358e-01,6.592975808686621919e-01,2.048639484456382942e-01,5.459900965321229371e-01,6.353845760011128663e-01,2.758195092575680962e-01,6.129709917190446777e-01
7.492438068596561918e-01,7.349740063776144527e-01,2.885544785792086842e-01,3.086014032624942019e-06,6.097273387233496100e-01,3.704558711867581023e-06,6.296506873210719890e-01
7.516052055113195962e-01,6.633501513182826770e-01,2.810172540807323593e-01,3.086014032624942019e-06,6.164468590412056637e-01,3.704558711867581023e-06,6.332606727102195743e-01
4.833733839460723214e-01,6.265644163028735170e-01,2.010995872087397995e-01,3.086014032624942019e-06,5.632243689657554508e-01,3.704558711867581023e-06,6.654200686011327859e-01
3.577726848801236043e-06,3.368227771406678839e-02,1.849217446735881880e-06,3.086014032624942019e-06,2.510507076042036319e-06,5.539128299682600787e-01,4.282405132853127614e-06
6.967184305681545231e-01,4.322211380953409204e-02,1.849217446735881880e-06,6.353249141608219297e-01,2.510507076042036319e-06,4.925608781349953835e-01,4.579072857156265552e-01
8.211173562778389945e-01,3.999945076921034848e-01,1.849217446735881880e-06,6.118105288497814875e-01,2.510507076042036319e-06,6.712134232996259664e-01,8.295395646018743907e-01
6.980865464151970734e-01,7.478416071889506522e-01,1.849217446735881880e-06,5.517742516186092683e-01,2.717946445347234619e-01,6.273360921712006766e-01,6.262728977429892208e-01
4.807837634227771217e-01,6.703821378459337010e-01,3.525349265568764046e-02,5.729207352100839090e-01,4.441881672415233795e-01,2.824325702401236926e-01,6.969488856962902101e-01
6.771931716736234730e-01,7.471069552923165213e-01,3.148765793408943026e-01,5.339314063804437849e-01,6.413468407353077883e-01,2.898715361759363618e-01,6.306882989322611932e-01
6.525127993307652252e-01,5.502120753911127204e-01,3.677241828237067800e-01,2.611217249217818726e-01,5.448873655977599650e-01,3.033269130354829257e-02,6.578043527297915416e-01
6.367778240723568350e-01,7.692727015558138426e-01,3.360419985649540364e-01,3.086014032624942019e-06,5.971259257398794373e-01,1.286718433512468174e-02,6.281213236302272129e-01
4.855446427188850334e-01,6.454982191847850048e-01,2.226608415423774467e-01,3.086014032624942019e-06,5.541950210855928205e-01,3.704558711867581023e-06,6.638096050787879454e-01
1.733872456113879357e-01,4.877909808875608988e-01,1.440464153069015429e-01,3.086014032624942019e-06,1.914582700395243142e-01,1.973210247333844758e-01,5.316463259659882645e-01
1.837678409184620443e-01,2.290722268698559827e-01,1.849217446735881880e-06,3.086014032624942019e-06,6.793752182579837484e-02,6.690037507207826639e-01,2.742826054296275684e-01
6.173630299653967146e-01,2.566972633103895247e-06,1.849217446735881880e-06,5.744771964237191941e-01,2.510507076042036319e-06,7.202605867864979583e-01,4.282405132853127614e-06
8.615270320929466763e-01,3.060445448456596829e-01,1.849217446735881880e-06,6.276604777174996652e-01,2.510507076042036319e-06,7.237462279429062173e-01,5.339565055837111052e-01
7.233322067785586951e-01,7.096659072193193252e-01,1.849217446735881880e-06,5.780258357515886125e-01,2.510507076042036319e-06,2.757771744819590420e-01,5.620515852593879202e-01
6.984317151157242165e-01,9.078073775809637480e-01,1.166265168148082049e-05,5.328210956839757317e-01,3.096780480406651770e-01,6.133799097294722058e-01,6.332169941322860485e-01
7.080593020353970202e-01,9.353996627158368549e-01,1.059630446923895686e-01,5.315678141981561300e-01,6.179385240616295238e-01,2.747708594536386606e-01,6.340564571385243209e-01
6.427450382674512186e-01,4.470404830140596864e-01,3.646555745979619956e-01,4.480740451086071552e-01,5.013807187214271988e-01,3.704558711867581023e-06,4.450191912751795265e-01
6.235676939381750161e-01,7.014296244687715509e-01,3.266723123303786336e-01,5.467103941049159532e-01,5.989519269734747686e-01,1.964215666808839453e-02,6.393915623170921547e-01
5.595949426393359571e-01,6.885571206954718138e-01,3.518182597624797681e-01,5.413122450284950649e-01,5.909556789580224789e-01,2.865506601990009949e-01,6.536060561575230965e-01
1.714984282850355313e-01,2.657005470913153533e-01,2.147539585905894333e-01,3.086014032624942019e-06,3.708276680846089857e-01,3.704558711867581023e-06,5.434799692311410579e-01
3.333916416958028206e-01,4.899037612948891063e-01,5.979642201272381691e-02,3.086014032624942019e-06,9.771911652549229721e-02,3.355367774072322562e-01,7.699550521667610781e-01
8.086821001669846076e-01,8.024359648405131329e-02,1.849217446735881880e-06,6.640965191186950500e-01,2.510507076042036319e-06,8.302701390087955380e-01,3.206057310833876350e-01
8.165557997524580669e-01,4.007145249901494788e-01,1.849217446735881880e-06,6.139609123456750694e-01,2.510507076042036319e-06,6.690965805663784405e-01,8.297264254844380904e-01
7.136027527789051694e-01,9.432545049305968154e-01,1.849217446735881880e-06,5.409421162610333900e-01,1.809012370246685375e-01,6.261256138542463656e-01,5.904608194260720921e-01
4.267512675091639784e-01,1.701240513759098016e-01,1.849217446735881880e-06,5.642707756365678007e-01,3.491536299532789211e-01,4.902725652670220091e-01,5.526071970149863954e-01
6.694289015496760475e-01,8.038076303558916447e-01,2.569474953274788476e-01,5.346380948881478412e-01,5.678899578867748765e-01,2.822835798972343491e-01,6.390090680285875901e-01
6.819479290418138939e-01,7.990042629025653209e-01,2.498472030494247875e-01,5.320769066413598702e-01,6.559305554415126860e-01,2.863592831041053000e-01,6.305746242062629792e-01
5.441126319500536601e-01,6.939394338594393474e-01,2.791321995384478116e-01,5.543416395506044481e-01,4.638092882869785383e-01,2.850513490421945351e-01,6.785615540052796213e-01
6.950796894958159999e-01,7.443630299631396330e-01,2.850866344340142189e-01,2.501538391399433792e-01,4.080988383241457851e-01,3.119156358620924774e-01,5.669035881890426287e-01
8.253773178249294018e-01,5.124748190807035808e-01,1.849217446735881880e-06,5.993226239063793592e-01,2.510507076042036319e-06,7.282256578158832205e-01,3.867685931639222030e-01
7.048686072217862364e-01,8.433683923177817121e-01,1.849217446735881880e-06,5.500779950641433436e-01,6.376908866816623396e-03,6.101839330352729629e-01,7.625714094138500432e-01
6.973428222015677358e-01,9.072105038679912914e-01,1.794170742449483630e-02,5.369391231739848447e-01,2.906234438175573365e-01,6.205728713768162708e-01,6.407313045410936159e-01
6.435006012093328343e-01,7.096770503146909714e-01,2.740696869051576501e-01,5.297245797407291734e-01,4.419560552190887615e-01,5.911773599961163139e-01,6.066433644725195418e-01
6.896311286350297332e-01,7.257130045766920778e-01,2.237030460718729963e-01,5.349044167313474762e-01,6.121632789485556003e-01,4.400514108941073199e-01,6.056213348259301688e-01
6.691389202287584270e-01,7.492930325047558737e-01,3.150574688969592918e-01,5.328138753188869092e-01,6.279591435544643607e-01,2.853893255657032890e-01,6.338484317764844223e-01
7.049641723171461427e-01,7.850429548992872153e-01,1.357752265849450357e-01,5.457253246102250488e-01,5.480432251031336355e-01,2.880950348922752813e-01,6.510081009652413098e-01
7.306924296599485169e-01,7.411815028975019537e-01,1.849217446735881880e-06,3.086014032624942019e-06,3.772356500356699449e-01,4.741456925444327841e-01,6.666248489270253375e-01
4.225813343138021261e-01,5.711577269987196948e-01,1.849217446735881880e-06,3.086014032624942019e-06,9.688851056163363951e-02,4.720174669801744383e-01,7.294111483558236575e-01
2.810436662713821643e-01,2.419052097982376803e-01,1.849217446735881880e-06,3.086014032624942019e-06,2.510507076042036319e-06,6.178441105180373372e-01,3.890495719345996584e-01
3.520291085068509851e-01,2.566972633103895247e-06,1.849217446735881880e-06,6.576414371233219036e-01,2.510507076042036319e-06,9.162326550863946206e-01,4.282405132853127614e-06
5.849148313786978193e-01,5.751434884009787307e-01,1.849217446735881880e-06,6.024816281401594864e-01,2.510507076042036319e-06,5.645332711834225581e-01,3.397943683712620344e-01
6.743545777436230626e-01,8.138653882383192206e-01,1.039870544100840177e-01,5.375147110213316370e-01,3.021240637547569774e-01,6.275030403593606643e-01,5.370833887239456761e-01
6.654053094400488311e-01,8.217088892582343762e-01,1.250809967534240452e-01,5.253105550850347694e-01,3.251439959311640537e-01,5.955074616796214304e-01,6.246677100039341735e-01
5.838484455524733940e-01,6.584064303881422831e-01,3.154470292728301928e-01,5.435249656030879395e-01,5.046775191499494051e-01,4.437077945156792658e-01,6.277169900527559410e-01
5.710188202468721164e-01,6.517690580112516230e-01,2.807424830127152049e-01,5.404039155397226679e-01,4.951388905659903639e-01,6.064729741965254606e-01,6.125487450169153636e-01
6.146675361004687588e-01,7.465202341773493622e-01,1.167275778857308766e-01,5.429166025906518867e-01,4.925730219366480922e-01,6.137291391429986476e-01,6.133613383361664617e-01
5.282878984249720355e-01,5.390548159071499867e-01,7.111948434142598141e-02,5.774017089054244156e-01,2.852183014541838091e-01,6.249850957680713748e-01,6.905048231394873559e-01
4.341356630029928887e-01,2.131211087072840682e-01,1.849217446735881880e-06,3.086014032624942019e-06,2.510507076042036319e-06,6.044858645509639805e-01,4.657456580456891260e-01
2.292239547078165907e-01,2.566972633103895247e-06,1.849217446735881880e-06,7.024971424743609028e-01,2.510507076042036319e-06,3.704558711867581023e-06,4.282405132853127614e-06
2.630572619929468225e-01,2.125391172172412246e-01,1.849217446735881880e-06,7.170232317325897498e-01,2.510507076042036319e-06,5.629233022767429206e-01,1.157735982259135848e-01
6.839139231726855117e-01,5.821586859982698092e-01,1.048140499430484096e-01,5.708793376437778511e-01,2.510507076042036319e-06,6.315183210043586737e-01,6.975924085650010431e-01
6.466032032807771390e-01,6.898685887334093936e-01,2.963605347031093018e-01,5.368282470964681474e-01,3.648796520043992020e-01,5.912935272441043333e-01,6.240667001331275943e-01
6.434350155550986328e-01,6.262496857647105175e-01,3.425848214670614844e-01,5.366384762443939804e-01,4.571998931592453630e-01,4.282062498291275832e-01,6.304200314866108545e-01
5.755880291821500183e-01,6.112087851569611985e-01,2.731337696588365116e-01,5.397919234432628777e-01,4.875063454810756314e-01,6.053684237772890553e-01,6.144604803036298746e-01
6.753574485677029671e-01,6.052264782133170984e-01,1.779437841338328830e-01,4.939100567815559173e-01,4.099620792601905706e-01,2.899635863755725129e-01,4.514656770115166307e-01
6.205830290074950684e-01,7.155783345737661838e-01,1.849217446735881880e-06,5.581357334885371779e-01,3.307914378630689711e-01,4.370696289332229312e-01,4.448914989156731448e-01
6.483904011051160321e-01,6.518175428573352859e-01,1.849217446735881880e-06,5.694171570088424339e-01,1.059535947904989006e-01,6.555357825789877024e-01,6.107258391976834178e-01
3.577726848801236043e-06,2.566972633103895247e-06,1.849217446735881880e-06,6.161262280102079991e-01,2.510507076042036319e-06,3.749125886938237673e-01,4.282405132853127614e-06
1.615563723327750334e-01,2.566972633103895247e-06,1.849217446735881880e-06,6.793500129059301118e-01,2.510507076042036319e-06,4.360238118429468623e-01,4.282405132853127614e-06
6.875002475779672384e-01,8.449725028026122686e-01,1.601126554194060858e-01,5.349859199100470697e-01,2.510507076042036319e-06,6.112345319541014899e-01,5.505700698556650341e-01
6.453840843558453777e-01,6.943167638311567025e-01,2.778552193809759596e-01,5.333766101603163445e-01,5.196645915152404704e-01,5.922485935446769600e-01,5.946237191732455241e-01
6.456614166933450916e-01,6.794040335826151411e-01,3.151523083835232053e-01,5.319324993395823098e-01,4.042208618648541751e-01,5.962863799697102341e-01,5.586834270531247926e-01
6.084409052098687098e-01,7.792231390485956366e-01,1.561448802483836606e-01,5.353095132354962482e-01,5.188898511426213167e-01,4.359415591942036872e-01,6.276003707035263668e-01
6.617839189917689158e-01,7.565406007841966041e-01,1.068397830570694262e-01,5.448138952788489364e-01,2.557717433252301165e-01,6.182623126107942291e-01,5.563621437519665758e-01
4.318965678671527475e-01,3.970405473963885545e-01,1.849217446735881880e-06,2.718131576675211769e-01,2.510507076042036319e-06,6.191369714247281220e-01,2.373559718830196841e-01
1.565461707700989136e-01,2.566972633103895247e-06,1.849217446735881880e-06,6.206439083783301669e-01,2.510507076042036319e-06,3.144579833719188811e-01,1.471333755436894097e-01
4.850998126329943982e-01,4.916034547755741002e-01,2.283697565259625376e-02,6.060536674993902695e-01,3.434739172351235735e-03,5.176064848248150829e-01,5.414649267460557303e-01
6.196657301317330946e-01,7.723775146004264736e-01,1.849217446735881880e-06,5.500409103617758255e-01,1.177835759871056903e-01,6.252684191098085709e-01,6.186189017696388515e-01
6.698883612427225520e-01,9.052164345700220993e-01,1.136974203659654598e-01,5.309705652555427591e-01,7.148762830429908344e-02,6.027132614971011382e-01,6.106782958017585861e-01
7.123405552876711511e-01,9.546303671833167304e-01,4.331349886815299283e-02,5.332095588863490221e-01,2.510507076042036319e-06,6.174988313107064863e-01,5.478459252886512809e-01
7.265257374852488459e-01,8.236576928265605391e-01,8.968716381078468969e-02,5.398346029835001669e-01,9.774589312736703395e-02,6.222332054124893874e-01,5.624697217582566022e-01
6.358290152734898948e-01,5.143621127625783718e-01,1.849217446735881880e-06,5.924852405908813680e-01,2.510507076042036319e-06,6.798796559287241248e-01,6.228075056237702967e-01
5.445743873660693346e-01,2.566972633103895247e-06,1.849217446735881880e-06,5.853657715984558196e-01,2.510507076042036319e-06,7.507569582622253268e-01,1.600897330987368361e-01
3.577726848801236043e-06,2.566972633103895247e-06,1.849217446735881880e-06,8.689499200013790503e-01,2.510507076042036319e-06,5.590613000274123889e-01,4.282405132853127614e-06
6.392065639311131919e-01,4.247957941104630319e-01,1.849217446735881880e-06,6.151996396924411803e-01,2.510507076042036319e-06,6.943564859423076996e-01,6.283257909058623802e-01
7.339603687993423442e-01,6.042760464654201025e-01,1.849217446735881880e-06,5.735047909201527183e-01,2.510507076042036319e-06,6.528187683860008361e-01,5.915899597427062284e-01
7.407526028096768078e-01,6.466837950074574293e-01,1.849217446735881880e-06,5.677469844957969691e-01,2.510507076042036319e-06,6.510545335321049620e-01,5.772307499397119068e-01
7.428725454220043156e-01,6.994697273299419482e-01,1.849217446735881880e-06,5.587645479015653782e-01,2.510507076042036319e-06,6.405119529601129846e-01,5.748168950457143156e-01
8.030132849436945053e-01,5.229231300746894906e-01,1.849217446735881880e-06,5.909400068559446106e-01,2.510507076042036319e-06,5.058701623358026200e-01,6.196232023305220382e-01
8.568974141336589412e-01,1.859351751169628919e-01,1.849217446735881880e-06,6.970899584908393232e-01,2.510507076042036319e-06,6.383509302891520187e-01,6.657742208910344406e-01
6.489044179793100886e-01,2.566972633103895247e-06,1.849217446735881880e-06,5.760110514681232585e-01,2.510507076042036319e-06,8.063135937718138857e-01,4.282405132853127614e-06
1.121284214824932735e-01,8.760642151328583427e-02,1.849217446735881880e-06,8.117636456205499229e-01,2.510507076042036319e-06,5.965114377700628800e-01,4.282405132853127614e-06
5.820462129933958728e-01,4.122617432872507925e-01,1.849217446735881880e-06,6.258158823535637794e-01,2.510507076042036319e-06,7.046380930234057427e-01,5.226592745172243815e-01
7.409778537457015757e-01,6.586212197420387993e-01,1.849217446735881880e-06,5.655165721365884579e-01,2.510507076042036319e-06,6.421448434580063758e-01,5.786749035957959864e-01
3.577726848801236043e-06,2.566972633103895247e-06,1.849217446735881880e-06,5.892237525363894779e-01,2.510507076042036319e-06,3.704558711867581023e-06,4.282405132853127614e-06
7.936065825849876187e-01,4.875864431814062039e-01,1.849217446735881880e-06,5.896165630789995671e-01,2.510507076042036319e-06,6.876850554655729031e-01,4.954733472642640635e-01
8.742830592210099061e-01,3.151703437560730015e-01,5.155413418733576641e-02,6.431706913964548855e-01,2.510507076042036319e-06,6.295075101216237590e-01,5.180909369588679869e-01
8.983686142439977207e-01,2.144557543835946822e-01,1.849217446735881880e-06,6.680701393069266025e-01,2.510507076042036319e-06,6.731240236883470063e-01,5.481036411677222553e-01
8.151593699887969002e-01,2.566972633103895247e-06,1.849217446735881880e-06,5.905107542612628713e-01,2.510507076042036319e-06,6.078051812359800410e-01,2.082683548028062548e-01
3.577726848801236043e-06,2.566972633103895247e-06,1.849217446735881880e-06,9.430091669150321154e-01,2.510507076042036319e-06,1.542163487391721433e-01,4.282405132853127614e-06
5.447049284760756560e-01,2.566972633103895247e-06,1.849217446735881880e-06,8.201500807698013373e-01,2.510507076042036319e-06,6.604635088787641495e-01,4.282405132853127614e-06
8.227561423643533489e-01,4.165215257859151143e-01,1.849217446735881880e-06,6.117172689509633443e-01,2.510507076042036319e-06,6.177432243308584869e-01,5.100839849488036926e-01
3.577726848801236043e-06,2.566972633103895247e-06,1.849217446735881880e-06,6.125575531142909425e-01,2.510507076042036319e-06,3.704558711867581023e-06,4.282405132853127614e-06
3.577726848801236043e-06,2.566972633103895247e-06,1.849217446735881880e-06,6.154058548314979005e-01,2.510507076042036319e-06,3.704558711867581023e-06,4.282405132853127614e-06
3.577726848801236043e-06,7.057704791768729113e-02,3.921264904887490632e-02,6.252859226772237156e-01,2.510507076042036319e-06,1.450347441425458850e-01,4.282405132853127614e-06
5.660389919993604746e-01,1.705348819224684553e-05,1.849217446735881880e-06,1.053318294560350865e-01,2.510507076042036319e-06,3.408015966317631262e-01,2.316180207751757369e-01
6.562306551579223379e-01,2.566972633103895247e-06,1.849217446735881880e-06,4.701102213302740251e-01,2.510507076042036319e-06,3.636468345178581196e-01,2.004613917872127005e-01
3.828603303752417530e-01,2.566972633103895247e-06,1.849217446735881880e-06,8.549799122638694904e-01,2.510507076042036319e-06,5.482077446703141899e-01,4.282405132853127614e-06
9.290158856827192002e-01,3.089620548382923659e-01,1.849217446735881880e-06,6.585666267316212519e-01,2.510507076042036319e-06,4.925135276370459225e-01,5.171293947811583802e-01
6.492240186279463199e-01,2.566972633103895247e-06,1.849217446735881880e-06,2.336971338855287073e-01,2.510507076042036319e-06,4.896787869041516750e-01,2.478720649544623178e-01
6.115414816433991652e-01,2.566972633103895247e-06,1.849217446735881880e-06,2.393338763350303933e-01,2.510507076042036319e-06,3.307524020112370677e-01,2.555605989044651971e-01
3.577726848801236043e-06,2.566972633103895247e-06,1.849217446735881880e-06,3.086014032624942019e-06,2.510507076042036319e-06,2.607668847145835911e-01,5.882458492928334115e-01
3.577726848801236043e-06,2.566972633103895247e-06,1.849217446735881880e-06,3.086014032624942019e-06,1.356226371988402124e-01,2.245877258153563538e-01,6.719966392033518421e-01
3.577726848801236043e-06,2.566972633103895247e-06,1.849217446735881880e-06,3.086014032624942019e-06,2.510507076042036319e-06,7.398528818469417567e-01,8.406777860138616720e-01
3.577726848801236043e-06,2.566972633103895247e-06,1.849217446735881880e-06,3.086014032624942019e-06,2.510507076042036319e-06,6.103789484779803542e-01,8.449982231039188108e-01
1.442762742342818538e-01,2.566972633103895247e-06,1.849217446735881880e-06,3.086014032624942019e-06,2.510507076042036319e-06,3.884659800445978139e-01,5.919300637259409248e-01
3.176124625166957816e-01,2.566972633103895247e-06,1.849217446735881880e-06,3.086014032624942019e-06,1.318792984445782968e-01,5.747514150834049929e-01,8.412159159094128036e-01
4.283799704202847503e-01,1.331934561206695178e-01,1.849217446735881880e-06,3.086014032624942019e-06,3.053106423921123080e-01,6.779757604952560968e-01,7.472704109473239376e-01
3.456967843313216160e-01,1.645209811114133336e-01,1.849217446735881880e-06,3.086014032624942019e-06,4.615286825404721904e-01,5.750714337616431582e-01,7.329892950062809609e-01
3.577726848801236043e-06,7.379241904021201226e-02,1.849217446735881880e-06,3.086014032624942019e-06,4.678261045967123666e-01,5.684291100674019326e-01,7.667213037417511812e-01
2.931904265291225276e-01,2.566972633103895247e-06,1.849217446735881880e-06,3.086014032624942019e-06,2.510507076042036319e-06,6.786358087646967574e-01,7.184081955735319713e-01
5.745163766973495623e-01,2.566972633103895247e-06,1.849217446735881880e-06,3.086014032624942019e-06,9.141423807617088393e-02,7.570040534313206004e-01,7.555762728885410118e-01
5.617021462398938958e-01,3.320171439246160094e-01,1.849217446735881880e-06,3.086014032624942019e-06,3.774045569610470774e-01,5.325254260739181733e-01,7.118846281894793959e-01
5.392284138120776449e-01,4.045296979834860363e-01,1.849217446735881880e-06,3.086014032624942019e-06,4.761423918708289627e-01,5.269880166336945448e-01,6.914529918200207348e-01
4.434626002420682389e-01,2.874021215264990770e-01,1.849217446735881880e-06,3.086014032624942019e-06,4.846334787340046968e-01,1.935265398241596824e-01,6.921098268395904363e-01
4.992805834413373556e-01,3.516270355463751995e-01,1.849217446735881880e-06,3.086014032624942019e-06,3.281573930469466327e-01,5.116455197229117235e-01,6.987416704737168249e-01
3.577726848801236043e-06,7.645743268233223811e-02,1.849217446735881880e-06,3.086014032624942019e-06,2.510507076042036319e-06,6.808996927259344245e-01,2.818755924904010057e-01
3.632332269078177855e-01,2.566972633103895247e-06,1.849217446735881880e-06,3.086014032624942019e-06,2.510507076042036319e-06,6.963246242028510169e-01,1.833417817436672481e-01
6.503660732837985847e-01,2.566972633103895247e-06,1.849217446735881880e-06,3.086014032624942019e-06,2.510507076042036319e-06,5.884717806105376203e-01,8.176075218437365288e-01
7.293625758623906163e-01,3.770233880200136167e-01,1.849217446735881880e-06,3.086014032624942019e-06,2.502339194279672441e-01,7.052989209388059733e-01,6.787686591725596852e-01
7.697979547719168147e-01,6.446781368903018450e-01,1.849217446735881880e-06,3.086014032624942019e-06,5.188647348711897811e-01,6.636364080525577469e-01,6.194779342511028686e-01
8.115364490585375012e-01,7.110085263994291305e-01,6.343718057534039612e-02,3.086014032624942019e-06,5.841188366722679381e-01,3.704558711867581023e-06,6.492524307097946590e-01
1.915425880918418811e-01,4.744826582730599096e-01,9.946266605292426732e-02,3.086014032624942019e-06,5.434750100344334367e-01,3.704558711867581023e-06,6.918520496142022136e-01
4.362676244002761106e-01,4.392817190438372266e-01,5.751717289238400532e-02,3.086014032624942019e-06,3.007023378901655941e-01,6.326778884401478009e-02,7.028067228447612003e-01
3.577726848801236043e-06,8.241497100120860619e-02,1.849217446735881880e-06,3.086014032624942019e-06,2.100602500711225284e-01,6.430210095874623333e-01,2.981431635326571294e-01
3.577726848801236043e-06,3.320744565784774366e-02,1.849217446735881880e-06,3.086014032624942019e-06,2.510507076042036319e-06,5.524489147380218235e-01,4.282405132853127614e-06
5.589616381991016070e-01,2.566972633103895247e-06,1.849217446735881880e-06,3.086014032624942019e-06,2.510507076042036319e-06,7.990208374416344350e-01,2.212894173860493752e-01
9.154270963011671425e-01,1.778785933511081441e-01,1.849217446735881880e-06,3.086014032624942019e-06,2.510507076042036319e-06,7.492729281662280361e-01,6.539241981591564778e-01
8.008742113066247281e-01,5.448440749140892603e-01,1.849217446735881880e-06,3.038923702893544521e-01,2.944954068618619303e-01,4.757732294734032252e-01,6.895870208860285233e-01
7.958935728039474577e-01,8.122328009542055804e-01,1.849217446735881880e-06,3.086014032624942019e-06,5.087955250532392171e-01,3.704558711867581023e-06,6.611546591577138754e-01
7.348620477560793285e-01,6.618277568661772303e-01,1.152263358716467262e-01,3.086014032624942019e-06,6.582965082103642285e-01,6.352550601361719451e-01,5.901376470264182439e-01
2.353836045047306424e-01,4.310272606666166184e-01,1.714295567738863824e-01,3.086014032624942019e-06,5.381014320621763103e-01,3.409252484809637829e-01,4.723232715353026245e-01
4.522185776744812591e-01,2.736761556974696141e-01,6.715400232213046550e-02,3.086014032624942019e-06,3.099303216669862526e-01,1.444998810260265665e-01,7.290166915354412414e-01
4.227684132286939622e-01,2.566972633103895247e-06,1.849217446735881880e-06,2.266911682762410285e-01,2.510507076042036319e-06,7.008948048655313512e-01,1.217815881543205941e-01
9.472091751134267268e-01,7.261128188386259397e-02,1.849217446735881880e-06,2.955534723605180436e-01,2.510507076042036319e-06,7.538796482362173368e-01,6.605406438676350023e-01
6.265981382857089832e-01,1.268947966994250498e-01,1.849217446735881880e-06,6.297989154784818799e-01,2.510507076042036319e-06,4.353358522481506898e-01,5.206501212786019961e-01
7.452450625751061430e-01,5.851738095063578893e-01,1.849217446735881880e-06,5.716702511431992484e-01,2.933374742980847660e-01,6.470520390808451872e-01,6.755570567681029592e-01
6.926518499205769341e-01,4.456357596490786444e-01,1.849217446735881880e-06,4.573558055288792779e-01,4.811650182503522388e-01,1.904008624255191216e-04,4.659241144827797054e-01
6.476515834366558533e-01,6.757199281532830781e-01,3.309184868982602001e-01,5.337625783674232460e-01,5.100855836949029776e-01,4.390690050085496177e-01,6.265791999053794692e-01
4.778257468842087574e-01,6.417037228239713675e-01,1.768476695830606960e-01,3.086014032624942019e-06,5.801693029896574094e-01,3.704558711867581023e-06,6.639664676121811437e-01
6.108555556315794499e-01,7.157354274560718821e-01,2.107843033943914424e-01,3.086014032624942019e-06,4.174129660819244636e-01,3.704558711867581023e-06,6.466884000309921499e-01
2.449502872444590251e-01,5.555878512724622409e-01,1.577800590878740417e-01,3.086014032624942019e-06,2.015159843332426925e-01,7.253052859684205877e-02,4.117211770616058808e-01
3.577726848801236043e-06,2.657535387004159588e-01,1.849217446735881880e-06,3.086014032624942019e-06,1.845650248192232112e-01,3.834255429272545590e-01,5.789306563927125726e-01
6.735612929223671053e-01,2.566972633103895247e-06,1.849217446735881880e-06,4.511283729500778494e-01,2.510507076042036319e-06,8.079408708187977295e-01,3.523177589552280442e-01
9.755058062885163528e-01,1.264874546575067982e-01,1.849217446735881880e-06,6.757732481768766730e-01,2.510507076042036319e-06,7.369854999365368364e-01,6.603316983108352689e-01
7.293595599126077023e-01,5.816749766094047036e-01,1.849217446735881880e-06,5.744581059296359760e-01,3.024446463942935884e-02,6.425823287941652140e-01,7.816899892073423395e-01
5.735483918595644104e-01,5.439718429332668359e-01,1.849217446735881880e-06,3.262929103272995124e-01,9.353499928273724395e-02,3.389762375346305756e-01,7.548254553108335596e-01
7.488865743599975033e-01,7.469741791203551307e-01,1.849217446735881880e-06,5.524616228144786367e-01,4.539133324413837101e-01,4.560670021500556337e-01,6.392076460577599262e-01
6.734168874461945453e-01,7.318962834359720171e-01,3.462986016444591919e-01,5.321607536034914654e-01,5.912737378952854783e-01,2.968581255377608086e-01,6.316675088493596268e-01
7.173067442398960436e-01,7.459450028318319603e-01,1.990544551088307135e-01,2.607677758205926288e-01,4.600566758324957095e-01,2.972251308791672431e-01,6.647404127515191830e-01
1.074899019699283725e-01,2.704209356277742504e-01,1.224850412264374133e-01,3.086014032624942019e-06,2.510507076042036319e-06,3.704558711867581023e-06,5.007171691226562915e-01
3.474134224349932354e-01,4.679205141711448857e-01,1.849217446735881880e-06,3.086014032624942019e-06,1.171920274192403133e-01,7.355896737867747559e-01,3.432896361470169633e-01
9.570483736738373270e-01,1.400009464202335574e-01,1.849217446735881880e-06,6.568757760002322810e-01,2.510507076042036319e-06,8.179645710164431538e-01,3.153706510752138370e-01
7.838222112907796690e-01,5.705044939856009911e-01,1.849217446735881880e-06,5.857473168594088397e-01,2.510507076042036319e-06,6.680516990512540554e-01,5.992069025403939930e-01
7.449372106263704163e-01,8.216955670686567625e-01,1.849217446735881880e-06,5.524370130884427299e-01,2.342330191062374778e-01,4.359782025543073036e-01,6.824214029448808505e-01
7.494662219026015926e-01,1.000000000000000000e+00,5.857412424355929598e-02,5.377641727450044318e-01,3.896223671989222925e-01,2.691513273056652111e-01,6.561980607570245816e-01
7.516054305821989745e-01,9.013766724795655438e-01,7.082627824947383688e-02,5.392063934178092932e-01,4.773587922164674868e-01,2.724888357297398089e-01,6.509396384751097164e-01
7.371766316648439288e-01,9.678401353098642357e-01,6.076233583907559438e-02,5.324724011940291657e-01,6.406005493701369957e-01,2.691113834443323860e-01,6.222951411814945377e-01
4.833095538446967598e-01,6.483051896713312168e-01,1.318849755093790543e-01,3.086014032624942019e-06,4.151527431556952807e-01,2.819898352878364434e-01,6.766401873467453587e-01
7.562454468161112775e-01,6.267125451840136474e-01,1.343348758321206982e-01,3.086014032624942019e-06,4.522917390168235685e-01,3.303535871146768832e-01,5.783743066409167133e-01
3.577726848801236043e-06,7.890095873211583344e-02,1.849217446735881880e-06,3.086014032624942019e-06,2.510507076042036319e-06,5.011924944834850182e-01,4.282405132853127614e-06
6.079684364199974267e-01,6.049444093258100202e-02,1.849217446735881880e-06,7.535612277130767644e-01,2.510507076042036319e-06,8.370240560280614028e-01,4.282405132853127614e-06
8.395861324648358215e-01,4.012858191086355886e-01,1.849217446735881880e-06,6.226181300872386526e-01,2.510507076042036319e-06,3.401230707530787378e-01,2.602707384753121245e-01
7.123707597996761232e-01,7.219673892609086430e-01,1.849217446735881880e-06,5.651713177158727008e-01,1.189706760285958419e-02,6.198080906667958745e-01,7.731644461037942007e-01
7.291155380652475371e-01,7.842881959061158703e-01,1.849217446735881880e-06,5.608508553826649923e-01,1.837289307085541723e-01,4.523806281472358415e-01,7.042816110058237600e-01
6.824106297555225797e-01,6.059954013188274535e-01,3.469704112776603178e-02,4.558681835028191021e-01,5.418217314674519391e-01,3.704558711867581023e-06,4.500578710484459677e-01
6.934363119633635275e-01,7.768352479977590486e-01,1.121938432887651660e-01,5.485737775392662829e-01,3.540549978723619984e-01,2.845301037417704570e-01,6.972176439124792013e-01
7.276513169527347724e-01,9.714385131921372540e-01,1.849217446735881880e-06,5.310285171910466007e-01,5.751554190046131998e-01,4.312786526387221708e-01,6.028609345853789270e-01
3.905937207745462936e-01,5.501395214590263372e-01,1.849217446735881880e-06,4.651699038852217249e-01,3.983424951373449319e-01,3.704558711867581023e-06,4.877566860277688932e-01
2.325303584604863638e-01,3.857836686398034565e-01,1.849217446735881880e-06,3.086014032624942019e-06,1.400263286145333463e-01,5.259456819620382806e-01,6.379377159428710753e-01
7.314183732741115218e-01,6.938868879741535434e-01,1.849217446735881880e-06,5.743582683160248781e-01,2.510507076042036319e-06,5.235509734087712141e-01,3.756351567646860068e-01
7.173631470022538981e-01,8.098303495920834427e-01,1.849217446735881880e-06,5.485967617380832495e-01,1.369243241911715370e-01,6.388236556226871699e-01,5.526443115369663595e-01
7.290355478747366780e-01,9.952670073845540921e-01,1.849217446735881880e-06,5.335860007478937517e-01,4.196363840104019860e-01,4.262231943425562886e-01,6.289283344346019433e-01
7.162581390131380621e-01,9.058018185135447986e-01,7.886094902712888211e-02,5.286788743004751101e-01,5.635316568866159948e-01,4.260287246520206295e-01,6.094458482867537441e-01
6.393190093424221399e-01,7.354790609847247085e-01,7.355476956399702171e-02,5.492837549043668721e-01,4.490198616576449586e-01,4.507323006593413894e-01,6.474497691752790773e-01
7.218913480233195568e-01,8.897174289303282357e-01,1.849217446735881880e-06,5.352316391408203922e-01,4.307838546811175173e-01,6.183932931320156312e-01,6.135155629779146524e-01
4.738677404288158534e-01,4.635207743946129777e-01,1.849217446735881880e-06,3.086014032624942019e-06,2.510507076042036319e-06,6.879628173327979601e-01,6.533198142408972453e-01
3.031594009585498739e-01,3.029069463382204064e-01,1.849217446735881880e-06,6.711764084134869135e-01,2.510507076042036319e-06,5.222841007007353875e-01,2.119401312700767426e-01
6.951943856159181756e-01,6.757972364727279357e-01,1.849217446735881880e-06,5.803715093315091611e-01,2.510507076042036319e-06,5.083073356056720948e-01,4.592133794845768557e-01
7.165760291230914847e-01,9.223444121784424299e-01,1.849217446735881880e-06,5.383184019207531978e-01,1.667474814900324620e-01,6.121302931853433993e-01,6.305167132827107501e-01
7.247179681825400843e-01,9.123323657494727401e-01,2.999419108144795940e-02,5.352669849070932351e-01,2.201068793950456126e-01,4.501074923872769862e-01,5.661735670129073306e-01
6.234884239744780121e-01,7.784391603831164463e-01,1.609949620115167790e-01,5.372268792946995886e-01,4.133798724962820526e-01,4.385211737809013854e-01,6.411074188125965856e-01
7.424425249999729859e-01,7.868046039902384381e-01,1.849217446735881880e-06,5.397444807302442804e-01,3.205723998259248919e-01,6.283969824166966145e-01,6.090380179691952112e-01
6.676772199100940997e-01,7.327786184899313104e-01,1.849217446735881880e-06,5.679592481082265110e-01,1.350682196572498273e-01,4.569216500510252521e-01,6.905185647145675176e-01
7.447627356807206001e-01,6.569692682344127066e-01,1.849217446735881880e-06,3.086014032624942019e-06,2.510507076042036319e-06,4.928168099153502069e-01,6.516964679919148296e-01
4.533875958216761481e-01,2.298463005616714350e-01,1.849217446735881880e-06,3.086014032624942019e-06,2.510507076042036319e-06,6.404427203988959372e-01,3.318110960396841724e-01
3.479095855616851085e-02,2.566972633103895247e-06,1.849217446735881880e-06,5.318122859312962580e-01,2.510507076042036319e-06,3.704558711867581023e-06,4.282405132853127614e-06
2.481074239899629108e-01,2.566972633103895247e-06,1.849217446735881880e-06,6.653768297198997539e-01,2.510507076042036319e-06,3.317888373617986497e-01,4.282405132853127614e-06
3.468791941958361269e-01,3.176905900174902264e-01,1.849217446735881880e-06,6.773197672124052771e-01,2.510507076042036319e-06,4.869251813274584895e-01,2.900025992434649424e-01
7.231678150083024059e-01,7.104873266852470559e-01,1.113404795046121637e-01,5.541728115375839092e-01,2.510507076042036319e-06,6.207606101239002694e-01,6.637800361538386262e-01
6.952208989655022098e-01,8.690402021090065654e-01,1.456190623536094964e-01,5.343106834638821079e-01,3.482787142980653949e-01,4.327837331756300143e-01,6.491999796084840790e-01
6.633712988894462370e-01,8.647548152534216825e-01,1.347849442794067099e-01,5.317542961928337641e-01,2.947348566995963703e-01,6.001065412192061466e-01,6.339794061639675293e-01
7.357108800703517915e-01,5.892454965551492396e-01,1.572542747222113180e-01,5.591239406287902280e-01,3.965698418302806560e-01,5.960224438241696898e-01,4.455415551671788599e-01
6.790077381168877491e-01,6.664263885138755894e-01,1.849217446735881880e-06,5.684543156537968933e-01,1.419003284918500252e-01,6.363278529766518421e-01,6.666939248803301910e-01
7.268845904952387915e-01,3.272726367772860745e-01,1.849217446735881880e-06,2.779570646093389441e-01,2.510507076042036319e-06,4.633646442615822481e-01,7.796054413447308651e-01
3.577726848801236043e-06,2.566972633103895247e-06,1.849217446735881880e-06,6.134597585237733242e-01,2.510507076042036319e-06,2.501085007293847862e-01,4.282405132853127614e-06
3.577726848801236043e-06,2.566972633103895247e-06,1.849217446735881880e-06,6.148175273871093749e-01,2.510507076042036319e-06,3.704558711867581023e-06,5.216898876791872114e-02
7.371304021062312639e-01,8.640105555323338571e-01,2.844167646994019347e-02,5.418299187432965569e-01,2.510507076042036319e-06,6.286907530142932243e-01,5.625080632065830866e-01
7.076181180977513252e-01,8.297461315630108025e-01,1.724522425706673801e-01,5.370988028710288464e-01,8.018473500643120977e-02,4.494749916084106456e-01,5.433684416262491990e-01
6.811327673310878517e-01,8.409229533699592585e-01,1.492901048886402515e-01,5.292486026892420092e-01,3.876628874728249019e-01,6.080034192153206396e-01,5.627521602032083958e-01
6.379896056866228848e-01,4.686988470016357211e-01,1.206741339191028800e-01,5.118565199291905676e-01,2.072440156860775318e-01,2.998371267613891278e-01,4.453374866426062506e-01
5.954618328403981087e-01,6.478001350642208500e-01,1.849217446735881880e-06,5.940255599412027632e-01,2.510507076042036319e-06,2.686978852155320618e-01,4.515115027105563450e-01
6.366777575594105842e-01,5.135976468952166973e-01,1.849217446735881880e-06,5.959530571933057130e-01,2.510507076042036319e-06,6.832740785078532664e-01,6.240093413264312661e-01
1.543631745509295716e-01,2.566972633103895247e-06,1.849217446735881880e-06,6.194987055510923213e-01,2.510507076042036319e-06,3.161022307126244990e-01,1.461260383400987128e-01
6.104305317830691635e-01,2.566972633103895247e-06,1.849217446735881880e-06,8.045445658322646354e-01,2.510507076042036319e-06,5.324055165253237520e-01,5.137216682002223589e-01
5.188208770706070894e-01,5.864236190832392559e-01,1.849217446735881880e-06,5.836773024534573917e-01,2.510507076042036319e-06,6.701081452108271774e-01,6.058099747516961786e-01
6.213695617023713424e-01,8.645030308228913718e-01,1.849217446735881880e-06,5.442556211865320348e-01,2.510507076042036319e-06,6.322870519205746609e-01,5.569340754683622663e-01
7.630166592063172271e-01,7.509085832341680922e-01,7.846799382872754469e-02,5.548280502186598850e-01,2.510507076042036319e-06,5.020659058638835548e-01,4.031052401594832357e-01
6.896082614336906946e-01,6.051712084602738351e-01,1.849217446735881880e-06,5.750841607266877764e-01,2.510507076042036319e-06,6.597710273374020051e-01,6.005549265172339668e-01
6.067101101478877823e-01,2.566972633103895247e-06,1.849217446735881880e-06,4.806123746624006987e-01,2.510507076042036319e-06,1.568337371726149787e-01,4.161863301142262328e-01
5.036662695816166435e-01,2.566972633103895247e-06,1.849217446735881880e-06,5.719298440597716526e-01,2.510507076042036319e-06,7.850385108720590033e-01,4.282405132853127614e-06
3.577726848801236043e-06,2.566972633103895247e-06,1.849217446735881880e-06,8.547103771691905161e-01,2.510507076042036319e-06,8.299712747242625754e-01,4.282405132853127614e-06
4.901314972111017187e-01,3.172886461862186591e-01,1.849217446735881880e-06,6.573111904771625769e-01,2.510507076042036319e-06,7.016350007396241484e-01,6.485614257914763536e-01
6.901500970685687797e-01,5.035862442895350233e-01,1.849217446735881880e-06,5.898904455139153402e-01,2.510507076042036319e-06,6.711177347521780634e-01,6.119305581772586100e-01
3.577726848801236043e-06,2.566972633103895247e-06,1.849217446735881880e-06,6.080568840775298911e-01,2.510507076042036319e-06,1.256147378450855889e-01,4.282405132853127614e-06
7.201001889515046273e-01,6.149315199835815315e-01,1.849217446735881880e-06,5.703010279834133112e-01,2.510507076042036319e-06,6.505490110918671354e-01,5.866504769645498607e-01
7.468732703302923825e-01,5.675475126729185860e-01,1.849217446735881880e-06,5.772856916255407755e-01,2.510507076042036319e-06,6.640297134510030341e-01,5.916594037739150158e-01
7.949276586182520976e-01,5.084193266638523667e-01,1.849217446735881880e-06,5.826609321090618909e-01,2.510507076042036319e-06,6.721312744997245403e-01,6.010902958285055941e-01
7.487267290215035009e-01,1.959510225795760806e-03,1.849217446735881880e-06,7.446752642691425450e-01,2.510507076042036319e-06,7.348547795052076115e-01,6.715787480897523753e-01
5.460227634886778425e-01,1.332867733537983213e-01,1.849217446735881880e-06,5.264697072039888903e-01,7.190769190642642972e-02,6.179886049025593575e-01,3.518527845430837186e-01
3.577726848801236043e-06,2.566972633103895247e-06,1.849217446735881880e-06,8.846833601507521072e-01,2.510507076042036319e-06,4.234564907137409184e-01,4.282405132853127614e-06
8.256768421511302414e-01,2.647070287079813511e-01,1.849217446735881880e-06,6.706074738868502694e-01,2.510507076042036319e-06,7.310916883399580790e-01,3.160722075601115622e-01
6.895451965733048194e-01,5.028196488528356989e-01,1.849217446735881880e-06,5.937217753660498643e-01,2.510507076042036319e-06,6.691871234504925825e-01,6.039475619041086984e-01
3.577726848801236043e-06,2.566972633103895247e-06,1.849217446735881880e-06,6.193953144593745685e-01,2.510507076042036319e-06,3.704558711867581023e-06,4.282405132853127614e-06
1.771059116937105937e-01,2.097255599232087098e-01,1.849217446735881880e-06,7.488517351331170913e-01,2.510507076042036319e-06,1.639006430623828059e-01,4.282405132853127614e-06
8.387065554684480784e-01,3.895986187712325299e-01,1.849217446735881880e-06,6.099173566840696559e-01,2.510507076042036319e-06,6.404410571541820918e-01,4.190648526887814640e-01
8.710718379432050851e-01,2.899098132337976086e-01,4.895070645837743678e-02,6.624244942606791753e-01,2.510507076042036319e-06,5.274439535908985732e-01,5.503275065169727087e-01
9.501907340659720980e-01,2.566972633103895247e-06,1.849217446735881880e-06,7.547381850255222568e-01,2.510507076042036319e-06,7.287622621417123581e-01,4.531668410640224409e-01
4.915263514786076260e-01,2.566972633103895247e-06,1.849217446735881880e-06,5.903835095026809254e-01,2.510507076042036319e-06,4.053768907324108439e-01,9.646477002298938527e-05
2.244996494295983802e-01,2.566972633103895247e-06,1.849217446735881880e-06,8.694818832345239112e-01,2.510507076042036319e-06,7.078208157362908537e-01,4.282405132853127614e-06
6.540486379970780195e-01,1.263592966795160644e-01,1.849217446735881880e-06,7.367677169991890818e-01,2.510507076042036319e-06,7.317007997400348795e-01,2.189035670859094396e-01
7.020626935834632931e-01,1.988133742501192180e-01,1.849217446735881880e-06,6.933820174955116489e-01,2.510507076042036319e-06,5.052700948288578742e-01,5.333418768304590829e-01
8.813013094083589349e-01,1.513220094061591969e-01,1.849217446735881880e-06,7.227160548711455412e-01,2.510507076042036319e-06,7.540527296392598444e-01,3.181931644620538124e-01
3.701343051953921437e-01,2.566972633103895247e-06,1.849217446735881880e-06,8.481432472045846716e-01,2.510507076042036319e-06,6.710396662034183723e-01,2.612468964131237775e-02
3.577726848801236043e-06,2.566972633103895247e-06,1.849217446735881880e-06,6.163598124912769149e-01,2.510507076042036319e-06,3.704558711867581023e-06,4.282405132853127614e-06
3.577726848801236043e-06,2.566972633103895247e-06,1.849217446735881880e-06,6.099345192272651595e-01,2.510507076042036319e-06,1.260790689904551509e-01,4.282405132853127614e-06
3.577726848801236043e-06,2.566972633103895247e-06,1.849217446735881880e-06,3.086014032624942019e-06,2.510507076042036319e-06,3.461405341988581519e-01,7.818681389128463444e-01
3.577726848801236043e-06,2.566972633103895247e-06,1.849217446735881880e-06,3.086014032624942019e-06,2.510507076042036319e-06,6.298332981799632524e-01,7.506104725402534816e-01
3.577726848801236043e-06,2.566972633103895247e-06,1.849217446735881880e-06,3.086014032624942019e-06,2.510507076042036319e-06,3.884739324333862931e-01,7.688458494032567314e-01
1.633135344482684603e-01,2.566972633103895247e-06,1.849217446735881880e-06,3.086014032624942019e-06,2.510507076042036319e-06,7.870119507251278623e-01,8.307697423031382700e-01
1.294786404134390112e-01,9.846448888652049869e-02,1.849217446735881880e-06,3.086014032624942019e-06,2.279573322848900130e-01,7.020989940384111394e-01,7.868966965437546035e-01
3.577726848801236043e-06,2.566972633103895247e-06,1.849217446735881880e-06,3.086014032624942019e-06,9.150941425473985147e-02,5.842954251102757679e-01,8.188229150825258040e-01
1.341036219126127138e-01,2.566972633103895247e-06,1.849217446735881880e-06,3.086014032624942019e-06,2.510507076042036319e-06,5.272221183271791345e-01,1.819628085497380920e-01
5.777176048281125187e-01,2.566972633103895247e-06,1.849217446735881880e-06,3.086014032624942019e-06,9.180629945067816933e-02,7.631178291413156511e-01,7.569452159595879692e-01
6.165293224142146533e-01,2.111076008984999752e-01,1.849217446735881880e-06,3.086014032624942019e-06,3.033721975433388285e-01,7.101133386924464164e-01,7.250182612650089009e-01
3.577726848801236043e-06,7.920422426326310938e-02,1.849217446735881880e-06,3.086014032624942019e-06,1.946011487796148742e-01,6.116415591214366954e-01,4.454748717202495212e-01
2.992143135716299751e-01,2.566972633103895247e-06,1.849217446735881880e-06,3.086014032624942019e-06,2.510507076042036319e-06,7.343868360002249185e-01,3.781728392001986183e-01
3.851149103875792790e-01,2.566972633103895247e-06,1.849217446735881880e-06,3.086014032624942019e-06,2.510507076042036319e-06,7.154727809482802625e-01,8.164743326701592308e-01
5.963510878845965646e-01,2.839792102526778605e-01,1.849217446735881880e-06,3.086014032624942019e-06,9.414153308754807936e-02,7.135309947211730952e-01,7.290638055071447798e-01
5.854037303427594985e-01,3.846437547457204897e-01,1.849217446735881880e-06,3.086014032624942019e-06,3.354708648836368101e-01,6.984921958998731029e-01,6.772084382841018213e-01
4.834376191750305862e-01,6.376321843497850805e-01,1.849217446735881880e-06,3.086014032624942019e-06,3.185233226315477006e-01,4.845935201441284867e-01,6.698561434993424157e-01
2.235743605376205034e-01,1.758615073705880605e-01,1.849217446735881880e-06,3.086014032624942019e-06,1.922498793694463470e-01,2.133032211540610568e-01,5.661785974109277975e-01
3.577726848801236043e-06,7.985982208884405409e-02,1.849217446735881880e-06,3.086014032624942019e-06,1.059192289691074651e-01,6.180285227756934230e-01,4.761314362025598768e-01
2.620035476572282196e-01,2.566972633103895247e-06,1.849217446735881880e-06,3.086014032624942019e-06,2.510507076042036319e-06,6.115807467365839134e-01,4.282405132853127614e-06
5.133765025281761263e-01,2.566972633103895247e-06,1.849217446735881880e-06,3.086014032624942019e-06,2.510507076042036319e-06,7.630027014212737990e-01,3.585769237116215313e-01
9.109483658593764410e-01,1.778637482718297136e-01,1.849217446735881880e-06,3.086014032624942019e-06,2.510507076042036319e-06,7.535149818326898341e-01,6.594459188350186851e-01
7.846416493482127885e-01,5.589051755270287858e-01,1.849217446735881880e-06,3.086014032624942019e-06,3.063922359808942675e-01,6.725068559466871321e-01,6.759246439014982011e-01
4.883498811445700638e-01,6.844993006098095689e-01,1.849217446735881880e-06,3.086014032624942019e-06,3.142617434266611887e-01,3.704558711867581023e-06,6.815012081850465586e-01
4.943712023790531873e-01,6.536055391782318313e-01,5.413951606954512524e-02,3.086014032624942019e-06,4.959831836902661162e-01,2.873852971870061723e-01,6.957439826777630509e-01
4.965279665872376347e-01,5.878994106342571024e-01,8.797706536931358678e-02,3.086014032624942019e-06,4.381189651516563810e-01,3.704558711867581023e-06,4.575124914904989404e-01
4.963717223828127967e-01,4.580481773957011393e-01,5.086545222628510027e-02,3.086014032624942019e-06,3.036953038851490927e-01,3.338041506999505498e-02,7.050071539007944921e-01
3.577726848801236043e-06,7.213181306184725250e-02,1.849217446735881880e-06,3.086014032624942019e-06,3.368021963213356507e-02,7.269169441080127747e-01,8.573226062344913023e-02
2.044331400844754121e-01,2.566972633103895247e-06,1.849217446735881880e-06,3.086014032624942019e-06,2.510507076042036319e-06,5.156193232028563056e-01,4.282405132853127614e-06
8.084015718229985437e-01,1.662208479291374386e-01,1.849217446735881880e-06,3.086014032624942019e-06,2.510507076042036319e-06,7.740641623676122185e-01,6.649632839223510450e-01
8.382452501941911605e-01,4.917712450294365878e-01,1.849217446735881880e-06,3.086014032624942019e-06,1.041581677873192752e-01,6.865767627457300959e-01,6.971424333274420793e-01
7.450997568154162920e-01,6.091728673452629916e-01,1.849217446735881880e-06,2.991287816756660334e-01,2.924754548822409150e-01,6.549061405019734883e-01,6.725492468297910031e-01
7.763729953837061881e-01,4.770556732816703116e-01,1.849217446735881880e-06,3.086014032624942019e-06,4.744680059757405699e-01,1.263279769779205458e-05,5.782985439390236904e-01
5.275498009833257118e-01,5.716547585771624140e-01,6.699197887857576139e-02,3.086014032624942019e-06,3.691505290597675293e-01,2.499293835672046146e-02,7.041695312840760002e-01
5.019804886954999379e-01,6.444547797341861894e-01,9.877524143355152775e-02,3.086014032624942019e-06,4.515523063257744774e-01,2.701374754918292598e-01,4.814375552461929164e-01
4.474113787914089646e-01,6.292360353243057203e-01,1.624328938784464216e-01,3.086014032624942019e-06,2.797334390792761138e-01,2.074472553793557184e-04,5.846095463335545528e-01
2.742142505517837781e-01,5.414268590001245496e-01,1.849217446735881880e-06,3.086014032624942019e-06,1.821255586559124007e-01,4.973306481633464338e-01,7.343332701261777729e-01
7.175135393638164549e-01,4.542653998568533386e-02,1.849217446735881880e-06,4.499241597044957852e-01,2.510507076042036319e-06,8.475457940647320720e-01,2.693644098235821183e-01
9.424358719047802868e-01,2.566972633103895247e-06,1.849217446735881880e-06,5.713378119254423071e-01,2.510507076042036319e-06,5.504475635595973415e-01,7.838288899071014226e-01
8.004886198761713700e-01,5.461077514540996214e-01,1.849217446735881880e-06,5.796621368137458985e-01,1.522200006665472005e-01,4.995246238702020225e-01,5.912272803146968458e-01
7.322559070302420148e-01,7.109068023199033304e-01,1.849217446735881880e-06,5.457507281983910996e-01,3.668023508830060009e-01,6.356134893720222223e-01,6.419363915985727420e-01
5.686229857506726049e-01,5.347264414658647880e-01,1.849217446735881880e-06,2.731941753503842607e-01,4.193728080619367193e-01,2.335019345874960947e-02,4.440207492876005468e-01
8.010265392777493609e-01,6.061359528951147935e-01,6.490504914888745036e-02,2.530883316027138785e-01,5.534184935936602434e-01,3.704558711867581023e-06,4.464245433855572598e-01
4.734338938018360921e-01,3.204881012541875851e-01,1.446654944250667374e-01,3.086014032624942019e-06,2.955203439383569664e-01,3.704558711867581023e-06,5.013884511999554539e-01
1.381352152919997633e-01,1.645236183106512651e-01,1.849217446735881880e-06,3.086014032624942019e-06,6.763283005799443359e-02,8.815640862221901797e-01,4.282405132853127614e-06
4.130247347494673260e-01,2.566972633103895247e-06,1.849217446735881880e-06,2.297313956141612268e-01,2.510507076042036319e-06,8.236580136013915698e-01,4.282405132853127614e-06
6.302351486530137770e-01,2.566972633103895247e-06,1.849217446735881880e-06,6.507792928699537294e-01,2.510507076042036319e-06,4.863711129321330873e-01,6.582759832173652459e-01
7.361934320356166017e-01,8.366076534939100862e-01,1.849217446735881880e-06,5.416705792728797597e-01,4.168848964750762054e-01,6.264647598466945855e-01,6.131920838466742296e-01
6.730204025851821426e-01,7.540563838644809280e-01,1.849217446735881880e-06,5.644273554910083091e-01,2.735614293283667453e-01,2.844887045413129756e-01,6.740924747883506596e-01
7.264622224831043251e-01,7.374562423025973201e-01,1.035338366212618655e-01,2.689575221763496060e-01,5.792912961010369122e-01,4.601900298666773970e-01,6.160651772721463804e-01
7.682121953845705287e-01,7.248662283781853732e-01,1.293831050639495939e-01,3.086014032624942019e-06,2.602715890050623648e-01,3.040866910172623228e-01,7.104512714852440070e-01
2.771440657091731388e-02,2.025544332780173651e-01,7.539336233761133321e-02,3.086014032624942019e-06,1.477994885940732417e-01,4.076876833922208343e-01,6.846364344244368905e-01
3.577726848801236043e-06,2.566972633103895247e-06,1.849217446735881880e-06,7.960048774889278977e-01,2.510507076042036319e-06,3.704558711867581023e-06,4.282405132853127614e-06
5.961872812986265258e-01,5.597918440069659524e-02,1.849217446735881880e-06,7.504891324810731845e-01,2.510507076042036319e-06,9.586268916939741924e-01,4.282405132853127614e-06
8.424715411377351471e-01,4.931628443043132859e-01,1.849217446735881880e-06,6.050177530254086111e-01,2.510507076042036319e-06,7.561890635214986167e-01,2.947018498429871958e-01
8.110972007304539932e-01,5.860871966527527732e-01,1.849217446735881880e-06,5.888829588647862545e-01,2.510507076042036319e-06,7.512139347473755224e-01,2.895703837647707335e-01
7.440901338649567043e-01,9.428434485235547280e-01,1.849217446735881880e-06,5.387084528473868872e-01,2.304609173911342512e-01,4.287766128250097286e-01,6.733106773203952899e-01
7.255126034290718673e-01,8.794535980708281242e-01,7.586988884620579632e-02,5.362556456828492246e-01,3.979785265539364514e-01,4.212243123548624069e-01,6.345058189129101356e-01
7.280825527575144340e-01,8.251009465390932718e-01,1.849217446735881880e-06,5.508243388753982783e-01,2.310755898338993364e-01,4.484824503253774242e-01,6.504094222544931636e-01
5.734199664158237120e-01,5.968494457870086034e-01,1.849217446735881880e-06,4.617177377076497891e-01,3.066172922630774900e-01,3.704558711867581023e-06,5.068237655878692349e-01
3.708354459986539231e-01,3.869864791166506834e-01,1.849217446735881880e-06,2.469805831907783689e-01,2.419474818764366375e-01,3.704558711867581023e-06,5.782367681974801554e-01
4.548121594452524952e-01,5.479802867252155929e-01,1.849217446735881880e-06,3.086014032624942019e-06,9.673828990069895106e-02,6.644726563088795279e-01,7.135007355730178524e-01
3.577726848801236043e-06,7.348320433425799270e-02,1.849217446735881880e-06,3.086014032624942019e-06,2.510507076042036319e-06,6.460452562649490194e-01,4.282405132853127614e-06
2.770571433355792368e-01,2.566972633103895247e-06,1.849217446735881880e-06,6.633436353956057019e-01,2.510507076042036319e-06,1.860109866669105994e-01,4.282405132853127614e-06
8.416147413143346689e-01,1.200478969858966988e-01,1.849217446735881880e-06,6.705703513815242101e-01,2.510507076042036319e-06,7.045268635331621843e-01,2.022381805123975584e-01
8.298803559216868519e-01,5.136388515856574744e-01,1.849217446735881880e-06,6.079055210313736302e-01,2.510507076042036319e-06,4.984361341577344118e-01,6.290107225387657763e-01
7.437389332648637330e-01,7.985888978319795051e-01,1.849217446735881880e-06,5.602804465406436840e-01,1.314180043093725603e-01,4.645591658245624145e-01,6.764178069464520382e-01
7.432769527779687913e-01,9.184287779897222226e-01,1.849217446735881880e-06,2.796635846670595393e-01,1.530872848392872687e-01,4.479491724889760884e-01,6.214142694110637022e-01
7.602428856895613318e-01,8.660656394680712467e-01,1.849217446735881880e-06,5.506953929836801986e-01,2.220397938340519517e-01,4.320468897791637231e-01,6.779452075551425372e-01
6.556669876477499992e-01,7.555036986162158019e-01,1.849217446735881880e-06,5.571895254352670079e-01,2.515980227698320637e-01,6.184779107068363313e-01,6.724352653722062145e-01
7.878504398605208348e-01,7.013882216788573931e-01,1.849217446735881880e-06,2.536977909009488497e-01,2.311264985840701947e-01,2.663942912867495183e-01,4.786891788838368855e-01
3.552620491245103151e-01,3.745169839592913386e-01,1.849217446735881880e-06,3.086014032624942019e-06,7.606410276225855638e-02,5.373771628808271528e-01,6.577952121285104425e-01
2.809748395964857259e-01,2.566972633103895247e-06,1.849217446735881880e-06,8.522549237975521885e-01,2.510507076042036319e-06,3.947541625557667855e-01,1.288222666519517334e-01
7.007144289879768673e-01,4.102350371010598518e-01,1.849217446735881880e-06,6.237840867387371979e-01,2.510507076042036319e-06,5.472586556554321913e-01,5.431150199893907127e-01
6.925785668422699271e-01,7.354905012293062594e-01,1.849217446735881880e-06,5.736731274947117765e-01,2.510507076042036319e-06,5.199321687224545130e-01,4.561539159470794913e-01
7.958288424190546051e-01,6.480302771272961060e-01,1.849217446735881880e-06,4.575015359342071153e-01,1.994262622496161264e-01,3.704558711867581023e-06,4.635707163845032563e-01
6.516866991753043070e-01,7.416955215057778883e-01,1.849217446735881880e-06,5.693069613845802568e-01,2.510507076042036319e-06,4.721086335810563139e-01,6.334311541260582157e-01
7.166242393054420567e-01,8.913144078341209697e-01,1.849217446735881880e-06,5.328094523727329168e-01,4.333986517392293680e-01,6.177028386701485241e-01,6.169219399398695458e-01
7.682392038900890396e-01,6.380830587509550567e-01,1.849217446735881880e-06,5.162227616452391699e-01,1.517571005389855288e-01,3.704558711867581023e-06,4.817350542120473755e-01
3.394934482767313355e-01,4.182180496750277365e-01,1.849217446735881880e-06,2.736758606486170975e-01,2.510507076042036319e-06,5.201754182618656408e-01,6.650375129663109730e-01
1.143110013205358572e-01,2.566972633103895247e-06,1.849217446735881880e-06,6.593189812132904670e-01,2.510507076042036319e-06,1.806030244441877985e-01,4.282405132853127614e-06
2.329356210857923271e-01,1.362692971173158907e-01,1.849217446735881880e-06,7.608320975546173370e-01,2.510507076042036319e-06,5.260989083813084610e-01,1.027526660035947698e-01
6.024092757291126254e-01,5.452880653585630011e-01,1.849217446735881880e-06,6.141989953788151713e-01,2.510507076042036319e-06,3.102805103791148045e-01,4.031219263577949241e-01
7.705615752512781080e-01,7.844865925285990915e-01,1.849217446735881880e-06,5.673085835851388037e-01,2.510507076042036319e-06,4.741104525470565823e-01,6.072586680352620725e-01
7.348531799634341333e-01,8.633301828913767517e-01,2.596155204819761836e-02,5.453273350622894755e-01,2.228051639054063338e-01,4.510791911349888439e-01,6.486189072908074005e-01
6.439873845071290015e-01,8.177414025323848090e-01,1.849217446735881880e-06,5.489710488309889058e-01,1.771942685634603776e-01,6.324872130266158132e-01,6.433571109614397709e-01
7.184986295884300267e-01,9.193974844140286873e-01,1.849217446735881880e-06,5.449117293356553482e-01,2.510507076042036319e-06,6.160368911835659711e-01,6.859475279182488672e-01
6.532487585990580381e-02,3.077115519132546106e-01,1.849217446735881880e-06,5.047322121580665177e-01,2.510507076042036319e-06,3.704558711867581023e-06,5.239372409996824187e-01
5.120622686496431042e-01,3.819755034153339834e-01,1.849217446735881880e-06,2.704321210831787670e-01,2.510507076042036319e-06,7.328172007778579466e-01,4.200889681101598327e-01
3.672212803256001412e-01,1.611893070262515604e-01,1.849217446735881880e-06,3.086014032624942019e-06,2.510507076042036319e-06,6.234284026686345292e-01,4.282405132853127614e-06
3.577726848801236043e-06,2.566972633103895247e-06,1.849217446735881880e-06,6.148604715480568972e-01,2.510507076042036319e-06,2.484956991090517819e-01,4.282405132853127614e-06
1.695166004178035868e-01,2.566972633103895247e-06,1.849217446735881880e-06,8.612967866426723962e-01,2.510507076042036319e-06,5.634657799354682028e-01,4.282405132853127614e-06
6.588572773337779687e-01,6.170374164342133927e-01,1.849217446735881880e-06,5.866916725677084887e-01,2.510507076042036319e-06,6.770439276442810073e-01,5.098743339093547711e-01
7.554742639552047834e-01,8.356884719379219506e-01,1.849217446735881880e-06,5.502582017676965753e-01,1.058325174570161620e-01,4.582269852930704879e-01,5.897393867343618812e-01
7.252667360005012887e-01,8.248992812753009884e-01,8.733350999981798202e-02,5.423164806231862700e-01,9.920874688642759842e-02,6.242215105151890375e-01,5.602780632256003646e-01
6.541115678149362900e-01,7.794505572439133223e-01,1.206479093641060346e-01,5.485727190564260169e-01,7.829363070676705061e-02,6.097589740108657619e-01,6.635350189624533712e-01
6.092444982773975726e-01,6.585255376964478380e-01,1.849217446735881880e-06,5.753316188935557740e-01,2.510507076042036319e-06,6.365995855817889737e-01,7.137320725356401940e-01
6.000989681670552134e-01,3.508256241272479925e-01,1.849217446735881880e-06,5.391653772077494855e-01,2.510507076042036319e-06,3.530594243031862089e-01,4.031709727384940600e-01
3.361215488981790234e-01,2.261707134096901106e-01,1.849217446735881880e-06,3.086014032624942019e-06,2.510507076042036319e-06,7.014974192159443289e-01,9.913429917384300460e-02
1.377175737683311307e-01,2.566972633103895247e-06,1.849217446735881880e-06,6.248790872369802685e-01,2.510507076042036319e-06,3.704558711867581023e-06,4.282405132853127614e-06
6.530156526893449165e-01,5.893650495872696515e-01,5.215149721852071346e-02,5.798621900705539511e-01,2.510507076042036319e-06,6.569164835971326166e-01,6.070502132490009917e-01
6.447479440225315495e-01,7.755082786760377767e-01,7.117841774207299410e-02,5.576659183192985703e-01,2.510507076042036319e-06,4.516782191139874780e-01,5.954206078352620723e-01
6.315303415351563032e-01,8.982867168954484782e-01,1.849217446735881880e-06,5.462017931001738047e-01,2.510507076042036319e-06,6.360238430287852296e-01,5.624091729430594766e-01
7.386554373703366760e-01,7.772213933960371302e-01,7.505253293277221183e-02,5.523256833754230932e-01,2.510507076042036319e-06,6.381861651096790711e-01,5.722778323180619520e-01
6.409775566521408452e-01,5.556142480272758810e-01,1.849217446735881880e-06,5.837568020753521880e-01,2.510507076042036319e-06,6.657582924963442172e-01,6.139339448620526607e-01
7.235394520442377519e-01,1.700637796111663935e-01,1.849217446735881880e-06,3.050391797423320228e-01,2.510507076042036319e-06,4.352696862943749578e-01,3.303494280100046088e-01
1.754235856455915177e-01,2.566972633103895247e-06,1.849217446735881880e-06,8.612356214556891043e-01,2.510507076042036319e-06,6.294109379754215805e-01,5.300297278119111555e-01
6.864071233312795117e-01,5.196084306381437701e-01,1.849217446735881880e-06,5.907964312192558465e-01,2.510507076042036319e-06,4.975666729835314661e-01,6.255356990477272117e-01
7.430345964551156035e-01,5.406203465195605906e-01,5.004984162284731308e-02,5.768131924462430726e-01,2.510507076042036319e-06,6.617995621716196153e-01,5.939024705204872800e-01
4.983258777854321919e-01,3.019300683106413419e-01,1.849217446735881880e-06,4.596638651650121754e-01,2.510507076042036319e-06,3.215162221974352530e-01,5.022404595280860473e-01
8.254345758566287161e-01,3.061146225343301386e-01,1.849217446735881880e-06,5.427230136397610538e-01,2.510507076042036319e-06,2.949640016669869969e-01,4.949969931102564669e-01
7.643594320723482438e-01,1.321705563353796397e-03,1.849217446735881880e-06,7.491871985875604434e-01,2.510507076042036319e-06,5.969494948465922102e-01,5.817641814435119407e-01
3.577726848801236043e-06,2.566972633103895247e-06,1.849217446735881880e-06,8.848334378963167435e-01,2.510507076042036319e-06,4.183848937462102957e-01,4.282405132853127614e-06
7.374130911306588931e-01,4.267255306044867025e-01,1.849217446735881880e-06,6.107413855752075182e-01,2.510507076042036319e-06,7.036527764595985612e-01,5.009447946330806145e-01
6.574110618916109150e-01,5.539321358748439117e-01,1.849217446735881880e-06,5.795148564871162034e-01,2.510507076042036319e-06,6.642640750264742211e-01,6.020276062108729231e-01
7.129285754669860697e-01,4.777139578313575052e-01,1.849217446735881880e-06,6.011143707342196940e-01,2.510507076042036319e-06,7.083052357592207748e-01,4.189840902620267094e-01
8.788619011899226896e-01,2.373646212962084445e-01,1.849217446735881880e-06,6.683222850406586035e-01,2.510507076042036319e-06,5.317005606486072677e-01,5.582157227298596425e-01
7.658140201512260159e-01,2.566972633103895247e-06,1.849217446735881880e-06,8.042248284085906640e-01,2.510507076042036319e-06,5.244897710969858018e-01,6.025729136255507656e-01
7.167607673008383751e-01,2.566972633103895247e-06,1.849217446735881880e-06,8.128201627069580049e-01,2.510507076042036319e-06,4.279159096737535362e-01,1.190354662691261722e-01
5.677235575027287373e-01,2.566972633103895247e-06,1.849217446735881880e-06,5.723866928142170574e-01,2.510507076042036319e-06,2.371981353779323287e-01,4.282405132853127614e-06
3.577726848801236043e-06,2.566972633103895247e-06,1.849217446735881880e-06,8.893782607886997482e-01,2.510507076042036319e-06,4.132599949832381214e-01,4.282405132853127614e-06
4.959416119324297489e-01,2.141409990829975518e-01,1.849217446735881880e-06,6.933307566836764968e-01,2.510507076042036319e-06,7.338632777501206128e-01,1.780369816458566568e-01
7.357253296208041693e-01,4.352831307006838069e-01,1.849217446735881880e-06,6.075042426260415240e-01,2.510507076042036319e-06,6.989070715032020820e-01,5.168552380890449882e-01
9.304783512423732417e-02,2.566972633103895247e-06,1.849217446735881880e-06,5.555427907565415602e-01,2.510507076042036319e-06,1.330372662452489751e-01,4.282405132853127614e-06
7.462989344604402664e-01,1.427855316662998419e-01,1.849217446735881880e-06,7.292132493623775247e-01,2.510507076042036319e-06,5.015350709181557454e-01,4.419052522078999456e-01
8.992690778179864841e-01,1.546439147110451884e-01,1.849217446735881880e-06,7.232939108960072527e-01,2.510507076042036319e-06,5.851944608545480708e-01,3.155584321525373714e-01
8.119370752237294875e-01,2.566972633103895247e-06,1.849217446735881880e-06,7.985038798688509631e-01,2.510507076042036319e-06,6.136880258127263010e-01,2.082495674931262863e-01
3.577726848801236043e-06,2.566972633103895247e-06,1.849217446735881880e-06,8.758967428819675050e-01,2.510507076042036319e-06,5.606985045662824518e-01,4.282405132853127614e-06
2.643524098609134065e-01,2.566972633103895247e-06,1.849217446735881880e-06,8.543863302082383981e-01,2.510507076042036319e-06,5.544074373650628162e-01,2.526078166127913027e-01
1.363303494036341990e-01,8.226075210891746134e-03,1.849217446735881880e-06,5.535398387991119495e-01,2.510507076042036319e-06,1.304306239319500127e-01,4.282405132853127614e-06
2.658857502404657347e-01,5.942886386584386726e-02,8.983593128064920608e-02,5.724780625651061383e-01,2.510507076042036319e-06,2.937830459437048014e-01,4.282405132853127614e-06
1.933744146581641357e-02,1.426829037579271930e-01,4.003114555083061438e-02,5.866824864487734104e-01,2.510507076042036319e-06,3.704558711867581023e-06,4.282405132853127614e-06
5.047467448448865746e-01,2.566972633103895247e-06,1.849217446735881880e-06,6.717933526975208292e-01,2.510507076042036319e-06,3.751534733071573147e-01,1.272186125708296978e-01
6.320014598997516497e-01,2.566972633103895247e-06,1.849217446735881880e-06,2.122427829993744353e-01,2.510507076042036319e-06,5.076238459810445969e-01,7.034116742164557567e-02
3.577726848801236043e-06,2.566972633103895247e-06,1.849217446735881880e-06,3.086014032624942019e-06,2.510507076042036319e-06,6.347343995702176001e-02,6.037019312495502943e-01
1.352710870707403146e-01,2.566972633103895247e-06,1.849217446735881880e-06,3.086014032624942019e-06,2.510507076042036319e-06,4.437227637181045403e-01,5.607146649659832116e-01
3.577726848801236043e-06,2.566972633103895247e-06,1.849217446735881880e-06,3.086014032624942019e-06,2.510507076042036319e-06,3.469332262342341155e-01,7.807255024064012616e-01
3.577726848801236043e-06,2.566972633103895247e-06,1.849217446735881880e-06,3.086014032624942019e-06,1.786048853079955367e-01,4.901644543606170079e-01,7.038497329318748053e-01
3.577726848801236043e-06,2.566972633103895247e-06,1.849217446735881880e-06,3.086014032624942019e-06,2.510507076042036319e-06,6.351409199676789630e-01,7.478717275497170913e-01
2.898058556600644486e-01,2.566972633103895247e-06,1.849217446735881880e-06,3.086014032624942019e-06,2.510507076042036319e-06,7.943461842203608514e-01,6.122786985280626038e-01
3.176944108238566322e-01,2.566972633103895247e-06,1.849217446735881880e-06,3.086014032624942019e-06,2.510507076042036319e-06,7.610887225667275491e-01,8.106088272320228771e-01
3.577726848801236043e-06,2.566972633103895247e-06,1.849217446735881880e-06,3.086014032624942019e-06,9.375512287411290335e-02,7.630361222447441527e-01,5.883078704196462727e-01
1.732216609654712580e-01,2.566972633103895247e-06,1.849217446735881880e-06,3.086014032624942019e-06,2.510507076042036319e-06,8.469166197752935332e-01,3.770910889136959709e-01
2.184058103577978804e-01,2.566972633103895247e-06,1.849217446735881880e-06,3.086014032624942019e-06,2.510507076042036319e-06,8.239857767628289142e-01,7.226004188603853962e-01
6.219019893744938132e-01,2.092366999480385070e-01,1.849217446735881880e-06,3.086014032624942019e-06,1.584823203184356766e-01,7.162745168767882253e-01,7.129362267610180881e-01
2.364206410882915277e-01,1.728150717645056955e-01,1.849217446735881880e-06,3.086014032624942019e-06,1.842129864647447379e-01,4.273030039966730920e-01,6.762644411531463229e-01
3.577726848801236043e-06,7.913502564100532988e-02,1.849217446735881880e-06,3.086014032624942019e-06,1.181125146169454687e-01,6.398386507093583031e-01,3.462861276897829521e-01
5.306415546383866921e-01,2.566972633103895247e-06,1.849217446735881880e-06,3.086014032624942019e-06,2.510507076042036319e-06,7.558641590619133988e-01,7.907145232559901205e-01
2.875444334929956325e-01,4.136430909143855583e-01,1.849217446735881880e-06,3.086014032624942019e-06,2.436763266100616665e-01,1.781113279335400645e-01,6.219429519737471601e-01
4.409267716589308495e-01,4.543659539113651391e-01,1.849217446735881880e-06,3.086014032624942019e-06,4.001805232009142399e-01,8.204128022648403407e-02,5.893622909217818284e-01
1.404458266997442861e-01,2.462682516473456984e-01,1.849217446735881880e-06,3.086014032624942019e-06,2.733123676867575957e-01,2.245884534849186820e-01,5.307188923407097914e-01
2.269181935775214376e-01,1.469886700968250914e-01,1.849217446735881880e-06,3.086014032624942019e-06,9.739679506716429624e-02,5.884426738280439384e-01,6.894982527648632065e-01
3.577726848801236043e-06,7.960579665802226812e-02,1.849217446735881880e-06,3.086014032624942019e-06,6.874742497842174782e-02,6.951107154436741986e-01,1.603161316828147498e-01
2.526571192800036725e-01,2.566972633103895247e-06,1.849217446735881880e-06,3.086014032624942019e-06,2.510507076042036319e-06,6.186070720541518853e-01,4.282405132853127614e-06
6.638431824950313809e-01,1.178933052084907840e-01,1.849217446735881880e-06,3.086014032624942019e-06,2.510507076042036319e-06,5.554587119770563186e-01,5.104859566930580739e-01
8.917969947095739647e-01,1.879494505612059052e-01,1.849217446735881880e-06,3.086014032624942019e-06,9.816645180984470698e-02,7.564523759502714828e-01,6.181710736531861317e-01
2.588477838440881862e-01,2.766601775882537861e-01,1.849217446735881880e-06,3.086014032624942019e-06,1.841141515216354885e-01,3.704558711867581023e-06,5.434490506872106108e-01
1.492882088427287535e-01,4.215047180361052304e-01,1.849217446735881880e-06,3.086014032624942019e-06,2.325984086910027338e-01,3.037062497771512160e-01,5.576477171777725061e-01
4.498767151751429383e-01,5.751470046666292690e-01,6.279448139565405040e-02,3.086014032624942019e-06,3.086977164962221853e-01,2.883165323094121768e-01,4.931998834174585733e-01
2.965045502129530774e-01,6.243807162841135128e-01,5.834562334928999894e-02,3.086014032624942019e-06,3.100936498820742737e-01,3.445751870292692448e-02,6.913590706082002324e-01
4.310635355286086545e-01,2.566972633103895247e-06,1.849217446735881880e-06,3.086014032624942019e-06,2.510507076042036319e-06,7.014749134359090643e-01,4.282405132853127614e-06
9.501844320813510603e-01,1.650042943013318719e-01,1.849217446735881880e-06,3.886401580224153607e-01,2.510507076042036319e-06,7.243901115527834333e-01,7.648057649833626126e-01
7.742527376721477506e-01,1.630262834419149431e-01,1.849217446735881880e-06,6.892810769427809570e-01,1.367573734369347260e-01,5.593856327466272260e-01,7.963443361429741740e-01
8.107702177569759971e-01,6.313051843226453741e-01,1.849217446735881880e-06,5.668680279058415650e-01,2.926727383642834801e-01,4.862149758346135942e-01,6.900661969706329835e-01
8.090372620145536153e-01,7.873553205259382626e-01,1.849217446735881880e-06,3.086014032624942019e-06,2.830851572012938466e-01,2.925841843515492036e-01,7.062675753364983100e-01
6.266411718378351869e-01,7.352647668795113667e-01,5.941042410494037224e-02,3.086014032624942019e-06,3.173928247642572309e-01,2.926965313343349306e-01,7.263819898990834245e-01
3.485814052561432841e-01,4.492574637443296770e-01,6.633638296567864745e-02,3.086014032624942019e-06,1.503831197403750208e-01,3.406556988845137468e-01,7.535064481420868931e-01
3.577726848801236043e-06,1.537920622135357795e-01,1.849217446735881880e-06,3.086014032624942019e-06,6.835381798721099078e-02,5.938289359048898319e-01,1.692304417358136692e-01
3.303962858983551243e-01,2.566972633103895247e-06,1.849217446735881880e-06,2.280848688517079226e-01,2.510507076042036319e-06,5.760572700894233122e-01,4.282405132853127614e-06
9.872841255168077756e-01,1.434673776720895022e-01,1.849217446735881880e-06,6.620432136204361662e-01,2.510507076042036319e-06,7.529012445332524672e-01,5.480891020905168665e-01
8.874893181360674621e-01,3.042997094475025643e-01,1.849217446735881880e-06,6.327611553128504873e-01,2.510507076042036319e-06,7.045061769270327678e-01,6.413810233878540767e-01
8.985393980272267100e-01,3.031353797933386551e-01,1.849217446735881880e-06,3.496737377856750650e-01,2.272575301721285745e-01,3.782310997446815537e-01,7.619460450550665787e-01
7.385359247334170041e-01,5.770348926469239803e-01,1.849217446735881880e-06,5.805060500610971230e-01,2.563068648082879597e-01,3.366285156445317783e-01,5.553023861202239786e-01
6.684944522729098226e-01,5.675006621474893986e-01,1.849217446735881880e-06,3.086014032624942019e-06,2.410206673103516273e-01,3.589332509749992295e-01,6.073601961904304680e-01
4.216526018373706330e-01,5.949761676428678703e-01,1.849217446735881880e-06,3.086014032624942019e-06,2.300556035609076788e-01,4.745189350535164441e-01,6.923247843354878306e-01
2.135150651643215325e-02,3.376913814248859169e-01,1.849217446735881880e-06,3.086014032624942019e-06,9.727152766339945689e-02,3.534001815639510879e-01,5.871870118558506491e-01
3.577726848801236043e-06,8.279894349588913516e-02,1.849217446735881880e-06,3.086014032624942019e-06,2.510507076042036319e-06,5.893483625511720669e-01,2.901614248590123624e-01
6.672263129104617496e-01,2.566972633103895247e-06,1.849217446735881880e-06,6.067419459662655168e-01,2.510507076042036319e-06,2.940082076968520419e-01,1.218333414412716004e-01
9.109983315945857640e-01,6.509489880979855980e-02,1.849217446735881880e-06,5.716228840360978447e-01,2.510507076042036319e-06,4.032766284699053072e-01,6.135820010395747204e-01
7.937119157565100114e-01,5.321380737480757572e-01,1.849217446735881880e-06,5.819838055149677558e-01,1.464454800613030350e-01,6.680720737989995772e-01,6.765521553813879096e-01
5.206589859278484278e-01,3.397508235490352413e-01,1.849217446735881880e-06,4.548583152672994179e-01,7.922237125616617137e-02,3.145903152794703450e-01,3.525862717861477091e-01
7.734115127535963197e-01,6.268227875408901584e-01,1.849217446735881880e-06,5.228401317417985528e-01,1.495230685708020535e-01,3.126882390199081097e-01,6.163547318899076366e-01
2.985370302815762988e-01,4.239864091875366059e-01,1.849217446735881880e-06,6.236224034848883990e-01,1.574930048769037083e-01,3.072230767719455469e-01,5.838182401864142612e-01
6.618292482668641785e-01,6.649574313946856607e-01,1.849217446735881880e-06,3.086014032624942019e-06,2.353482781588420725e-01,7.576452237108320187e-04,4.702053512760678289e-01
3.405380022276615626e-01,4.681330253810987996e-01,1.849217446735881880e-06,3.086014032624942019e-06,1.047796989042060617e-01,6.694303210135065241e-01,4.017674303444773720e-01
9.529365087653404176e-01,6.001019944156625184e-05,1.849217446735881880e-06,7.334589752464715229e-01,2.510507076042036319e-06,6.442374651901072724e-01,2.126296638767792846e-01
5.509805798041919056e-01,2.293476594250083433e-01,1.849217446735881880e-06,4.817605639233664694e-01,2.510507076042036319e-06,3.704558711867581023e-06,5.005680668984043846e-01
7.264949928031335658e-01,7.695388481981565443e-01,1.849217446735881880e-06,5.584846547962352137e-01,1.353598099084656892e-01,6.298495667923212915e-01,6.541879873236423615e-01
7.952215111582939810e-01,6.660520300342573918e-01,1.849217446735881880e-06,3.086014032624942019e-06,1.067591025956217549e-01,2.873442358331312341e-01,5.261977301003741836e-01
7.198207859619151217e-01,7.729060935199879578e-01,1.849217446735881880e-06,5.568202283328940183e-01,1.354112741146393517e-01,6.318348572639770344e-01,6.528791636435712364e-01
2.071984059219929564e-01,4.338471571437938490e-01,1.849217446735881880e-06,3.086014032624942019e-06,1.430880021020387305e-01,4.846947181896911760e-01,5.649516097181646046e-01
3.433242446711318174e-01,3.770547867865274294e-01,1.849217446735881880e-06,2.849312190289811086e-01,9.525746230989518004e-02,3.521864027457675128e-01,6.737508371471827573e-01
3.577726848801236043e-06,8.790957561347939597e-02,1.849217446735881880e-06,3.086014032624942019e-06,2.510507076042036319e-06,5.879646469019832455e-01,2.952201035317258970e-01
6.961127648319008765e-01,7.741128783675177427e-02,1.849217446735881880e-06,7.438782266904311324e-01,2.510507076042036319e-06,8.165312179078232369e-01,4.282405132853127614e-06
8.608723459191768290e-01,4.082005059856746443e-01,1.849217446735881880e-06,6.121985384166518385e-01,2.510507076042036319e-06,7.669120021921564945e-01,3.038903319246787360e-01
7.610048856585915900e-01,6.268814249849791187e-01,1.849217446735881880e-06,5.774057538219925512e-01,2.510507076042036319e-06,6.648220416515978615e-01,6.306219222169184846e-01
7.634249377814060766e-01,7.693990890197621724e-01,1.849217446735881880e-06,5.662005032632270174e-01,2.510507076042036319e-06,4.621207970975548252e-01,7.215771622874496138e-01
6.624004331444058868e-01,7.236000755947590291e-01,1.849217446735881880e-06,5.667736717212246145e-01,1.384593993057282868e-01,6.247157021008131750e-01,6.632904311952894094e-01
6.348565290181183984e-01,5.989442486671372468e-01,1.849217446735881880e-06,5.144270077037893518e-01,1.977629130238010569e-01,2.856314836007709523e-01,5.058911788719356872e-01
6.275369089233581166e-01,2.935575178849156863e-01,1.849217446735881880e-06,4.678479410769820768e-01,1.141852716252304556e-01,3.704558711867581023e-06,4.408080733225907544e-01
6.885549297184669904e-01,5.274969497633602566e-01,1.849217446735881880e-06,3.086014032624942019e-06,2.510507076042036319e-06,6.586959475354403626e-01,3.210751837766964711e-01
2.681179131932228121e-01,2.566972633103895247e-06,1.849217446735881880e-06,6.711102532359710660e-01,2.510507076042036319e-06,3.042725846022417691e-01,4.282405132853127614e-06
5.191640651473962143e-01,2.579540405260016267e-01,1.849217446735881880e-06,6.897150549072852410e-01,2.510507076042036319e-06,4.227344605905080099e-01,8.368110816232995908e-02
7.143398599086824285e-01,5.124627350128339032e-01,1.849217446735881880e-06,5.989667468543024009e-01,2.510507076042036319e-06,5.471635388483547802e-01,4.155212746881352670e-01
7.711525213520241673e-01,6.058346435962661536e-01,1.849217446735881880e-06,6.131929074391534451e-01,2.510507076042036319e-06,3.046640708267812636e-01,2.750705682024737753e-01
7.562091653903647570e-01,8.514401534557759499e-01,1.849217446735881880e-06,5.581800763589520598e-01,2.510507076042036319e-06,4.414374654811751286e-01,7.070748928724597260e-01
6.445780605228198512e-01,5.973462297411097355e-01,1.849217446735881880e-06,2.534799891550872375e-01,2.510507076042036319e-06,6.595086504837807118e-01,7.210253521631355689e-01
7.296332461018624205e-01,5.560545241066258138e-01,1.849217446735881880e-06,4.542149467152177822e-01,2.510507076042036319e-06,2.754206683728092075e-01,4.738319001708924394e-01
4.148524903462598168e-01,4.461607727781212729e-01,1.849217446735881880e-06,3.086014032624942019e-06,2.510507076042036319e-06,3.938462908239516724e-01,5.785907364484298432e-01
1.683980769223843987e-01,2.566972633103895247e-06,1.849217446735881880e-06,6.752497528064538290e-01,2.510507076042036319e-06,5.685625854556942693e-01,4.282405132853127614e-06
4.686403342140507133e-01,3.631932218680423707e-01,1.849217446735881880e-06,6.453462516627631596e-01,2.510507076042036319e-06,5.625460056086690752e-01,4.282405132853127614e-06
7.273222183129911533e-01,5.875711102821749021e-01,1.849217446735881880e-06,6.051746353035176718e-01,2.510507076042036319e-06,3.039356735948778865e-01,3.357739454460696438e-01
5.489118633239979950e-01,6.349181225162040532e-01,1.735115377788664140e-04,5.815285066818240978e-01,2.510507076042036319e-06,4.573516507859715086e-01,5.594371279077464676e-01
7.350271147389736415e-01,8.280423770431236674e-01,1.849217446735881880e-06,5.546267872671772903e-01,1.340893250533358450e-01,4.468299647256981921e-01,6.732181670738732748e-01
5.687289041064812478e-01,4.606889919490392837e-01,1.849217446735881880e-06,5.304697138573095661e-01,2.510507076042036319e-06,2.665586926314412741e-01,7.068572361386001868e-01
6.253412974814028802e-01,2.982376922283001552e-01,1.849217446735881880e-06,5.407137485882484995e-01,2.510507076042036319e-06,4.826759029417705404e-01,3.770337914533169466e-01
1.652407038524572047e-01,2.566972633103895247e-06,1.849217446735881880e-06,6.842020226397382832e-01,2.510507076042036319e-06,3.770067177414467285e-01,1.407648149669309678e-01
6.821488723228719131e-01,4.966052683762519071e-01,1.849217446735881880e-06,5.988246455329983009e-01,2.510507076042036319e-06,5.253833493195405602e-01,5.405465723757409968e-01
7.889974910898940319e-01,6.879320673324261781e-01,1.849217446735881880e-06,5.530018648955526972e-01,2.510507076042036319e-06,7.107223981161259196e-01,3.602436111337922187e-01
7.831076562631104077e-01,7.423493983421847187e-01,1.849217446735881880e-06,5.493185714292194710e-01,2.510507076042036319e-06,6.779200937737369648e-01,4.443293519368903266e-01
5.979697076203237538e-01,7.270483931260275368e-01,1.849217446735881880e-06,5.640909091596417735e-01,8.103789127649102531e-02,6.398555430384840204e-01,5.877639739702668065e-01
6.857012110253760673e-01,2.798225632922864414e-01,1.849217446735881880e-06,5.376557538597954711e-01,2.510507076042036319e-06,7.085761367420009282e-01,2.060519890408484822e-01
3.577726848801236043e-06,2.566972633103895247e-06,1.849217446735881880e-06,6.162680269078435469e-01,2.510507076042036319e-06,2.478575848792759773e-01,4.282405132853127614e-06
7.178091474567170893e-01,3.780846564232070439e-01,1.849217446735881880e-06,6.193282142078941899e-01,2.510507076042036319e-06,6.960874039255278145e-01,6.318692155407152899e-01
6.990512902323199329e-01,4.799427750051555308e-01,1.849217446735881880e-06,6.044663968745118687e-01,2.510507076042036319e-06,6.830689276676703559e-01,6.190372836537768597e-01
6.878025627830716138e-01,6.023900899549897714e-01,1.849217446735881880e-06,5.761233262551073153e-01,2.510507076042036319e-06,6.580774284074504266e-01,6.030353421655262336e-01
6.413947030198750010e-01,5.550385709579437332e-01,1.849217446735881880e-06,5.832179965067042504e-01,2.510507076042036319e-06,6.648294742764131460e-01,6.111547726484009013e-01
6.986833443588055248e-01,2.109782914673208054e-01,1.849217446735881880e-06,6.793875890467591105e-01,2.510507076042036319e-06,7.162226444322726815e-01,6.547566063389026469e-01
7.035184970450893971e-01,2.566972633103895247e-06,1.849217446735881880e-06,5.977887310590166425e-01,2.510507076042036319e-06,2.562907553428357965e-01,1.862391683107990914e-01
3.214056270600737508e-01,2.566972633103895247e-06,1.849217446735881880e-06,8.375823102718652491e-01,2.510507076042036319e-06,5.813930630844811320e-01,1.743526905298524443e-01
7.343157557177906192e-01,4.440974181893747597e-01,1.849217446735881880e-06,6.069066156538421852e-01,2.510507076042036319e-06,6.840756065307719291e-01,6.209468104730678784e-01
7.284787675334716273e-01,4.441795799459148930e-01,1.849217446735881880e-06,6.054823891893216237e-01,2.510507076042036319e-06,6.818204546042824221e-01,6.180329217465763136e-01
7.348603372173965198e-01,4.369472653259162120e-01,1.849217446735881880e-06,6.055060160384344581e-01,2.510507076042036319e-06,7.005581017637566577e-01,5.148647954772059832e-01
7.320504173174215978e-01,1.954849688062664514e-01,1.849217446735881880e-06,6.814863337012316835e-01,2.510507076042036319e-06,7.518970085608245313e-01,4.350117665303940284e-01
5.699443318689921822e-01,2.566972633103895247e-06,1.849217446735881880e-06,5.955670133802816180e-01,2.510507076042036319e-06,4.350190820947444359e-01,4.282405132853127614e-06
3.577726848801236043e-06,2.566972633103895247e-06,1.849217446735881880e-06,9.016425990350568354e-01,2.510507076042036319e-06,2.863636491214793245e-01,4.282405132853127614e-06
1.892499936079870271e-01,1.143896064932252987e-01,1.849217446735881880e-06,7.341065399269556258e-01,2.510507076042036319e-06,8.115113374556160997e-01,4.441512482411243828e-02
6.061206045007694332e-01,3.636951811708827864e-01,1.849217446735881880e-06,6.299333427991941070e-01,2.510507076042036319e-06,7.343027901657745993e-01,4.090518761022782779e-01
7.974439510490644034e-01,2.018587822151839684e-01,1.849217446735881880e-06,6.799735349047569821e-01,2.510507076042036319e-06,6.869002638425880658e-01,1.756935216509864506e-01
6.017636374046915204e-01,2.566972633103895247e-06,1.849217446735881880e-06,5.128400773055381556e-01,2.510507076042036319e-06,3.704558711867581023e-06,4.282405132853127614e-06
5.637894985888955990e-01,2.566972633103895247e-06,1.849217446735881880e-06,8.342601106658931176e-01,2.510507076042036319e-06,5.184396144972983622e-01,1.712820619626024277e-01
3.577726848801236043e-06,2.566972633103895247e-06,1.849217446735881880e-06,7.144872580591749012e-01,2.510507076042036319e-06,1.605158361167560443e-01,4.282405132853127614e-06
1.558812663784078789e-01,2.566972633103895247e-06,1.849217446735881880e-06,8.413683521796202491e-01,2.510507076042036319e-06,7.163933868974363683e-01,4.282405132853127614e-06
3.747620325592935786e-01,2.566972633103895247e-06,1.849217446735881880e-06,8.384975198990993750e-01,2.510507076042036319e-06,7.078855263509419293e-01,1.568086406533333588e-01
1.813069384310506960e-01,2.566972633103895247e-06,1.849217446735881880e-06,8.723645100381219875e-01,2.510507076042036319e-06,4.181091589584803314e-01,4.282405132853127614e-06
5.312420437444159704e-01,2.566972633103895247e-06,1.849217446735881880e-06,8.328111232635021510e-01,2.510507076042036319e-06,7.159897901723235591e-01,4.282405132853127614e-06
3.130778244684815914e-01,2.566972633103895247e-06,1.849217446735881880e-06,5.885487807109345271e-01,2.510507076042036319e-06,3.524796795675896321e-01,4.282405132853127614e-06
3.577726848801236043e-06,2.566972633103895247e-06,1.849217446735881880e-06,6.155500731184825325e-01,2.510507076042036319e-06,2.410065499616362295e-01,4.282405132853127614e-06
1.593678506235183534e-01,2.566972633103895247e-06,1.849217446735881880e-06,8.752877372192355843e-01,2.510507076042036319e-06,4.373041464378859544e-01,4.282405132853127614e-06
3.577726848801236043e-06,5.304138159327047991e-02,3.957024600309042711e-02,7.645566718517204929e-01,2.510507076042036319e-06,3.704558711867581023e-06,4.282405132853127614e-06
3.577726848801236043e-06,8.408620625443619101e-02,1.849217446735881880e-06,7.319391450997008164e-01,2.510507076042036319e-06,1.086260184904993958e-01,4.282405132853127614e-06
3.502148571628176943e-01,1.983780135139498746e-01,4.371609667975579622e-02,7.032830659832496334e-01,2.510507076042036319e-06,4.050235291952982708e-01,4.282405132853127614e-06
1.326804762355761058e-01,3.562098130456031048e-02,1.849217446735881880e-06,5.466981081433772705e-01,2.510507076042036319e-06,3.704558711867581023e-06,4.282405132853127614e-06
3.577726848801236043e-06,2.566972633103895247e-06,1.849217446735881880e-06,3.086014032624942019e-06,2.510507076042036319e-06,2.079991727436604210e-01,5.323747521378731085e-01
3.577726848801236043e-06,2.566972633103895247e-06,1.849217446735881880e-06,3.086014032624942019e-06,2.510507076042036319e-06,5.026440913075608252e-01,6.576447296121188391e-01
3.577726848801236043e-06,2.566972633103895247e-06,1.849217446735881880e-06,3.086014032624942019e-06,2.510507076042036319e-06,5.810296441144889856e-01,4.257829185719043674e-01
3.577726848801236043e-06,2.566972633103895247e-06,1.849217446735881880e-06,3.086014032624942019e-06,2.510507076042036319e-06,3.859660452749764659e-01,5.935074615832490741e-01
3.577726848801236043e-06,2.566972633103895247e-06,1.849217446735881880e-06,3.086014032624942019e-06,2.510507076042036319e-06,5.780434961362305168e-01,3.114163288069362046e-01
2.892339280486210806e-01,2.566972633103895247e-06,1.849217446735881880e-06,3.086014032624942019e-06,2.510507076042036319e-06,7.746700512310558118e-01,7.217329205871308995e-01
3.690724658009300052e-01,1.024689768796123723e-01,1.849217446735881880e-06,3.086014032624942019e-06,2.510507076042036319e-06,7.790252575144616110e-01,7.045053410250982084e-01
3.577726848801236043e-06,2.566972633103895247e-06,1.849217446735881880e-06,3.086014032624942019e-06,2.510507076042036319e-06,1.543095424195491117e-01,5.615022903340840532e-01
2.101915110106474804e-01,2.566972633103895247e-06,1.849217446735881880e-06,3.086014032624942019e-06,2.510507076042036319e-06,6.306332669109626643e-01,4.282405132853127614e-06
3.222149819421132322e-01,2.566972633103895247e-06,1.849217446735881880e-06,3.086014032624942019e-06,2.510507076042036319e-06,7.949206793398290172e-01,5.952433783245180132e-01
5.866185279068084624e-01,3.838375394143664354e-01,1.849217446735881880e-06,3.086014032624942019e-06,3.384200706057030605e-01,7.000836092327129556e-01,6.731640596219949924e-01
3.577726848801236043e-06,3.918716492712217420e-02,1.849217446735881880e-06,3.086014032624942019e-06,9.463290637281916717e-02,4.909826148306749571e-01,6.013079525623651334e-01
3.857362860712095221e-01,2.566972633103895247e-06,1.849217446735881880e-06,3.086014032624942019e-06,2.510507076042036319e-06,9.303976786925149955e-01,1.463160892311631822e-01
6.044065547122099424e-01,1.391875252205392044e-01,1.849217446735881880e-06,3.086014032624942019e-06,2.510507076042036319e-06,7.653388325747724208e-01,6.729657883244093419e-01
7.644527014447389801e-01,2.562004639885863133e-01,1.849217446735881880e-06,3.086014032624942019e-06,9.634295616582728983e-02,4.079384695092419522e-01,5.678761113575528929e-01
4.736600450213781510e-01,2.202905019820842747e-01,1.849217446735881880e-06,3.086014032624942019e-06,1.818962640029250788e-01,5.207486659477984503e-01,5.424569580434744909e-01
1.310978340799084374e-01,2.408944319982947724e-01,1.849217446735881880e-06,3.086014032624942019e-06,1.794409190430120982e-01,4.060484517738556787e-01,7.864529172842451565e-01
1.450214163944509305e-01,1.053307528235613161e-01,1.849217446735881880e-06,3.086014032624942019e-06,2.510507076042036319e-06,5.911079195293100774e-01,1.934318553144652175e-01
5.717129838528749453e-01,1.123699328383355733e-01,1.849217446735881880e-06,3.086014032624942019e-06,2.510507076042036319e-06,8.658292714645108301e-01,2.614378828355273798e-01
5.481719653153170890e-01,2.088808390067371512e-01,1.849217446735881880e-06,3.086014032624942019e-06,8.909910349401145568e-02,4.389421825991129955e-01,7.788818615319145211e-01
5.494554094975589997e-01,4.598286459366133228e-01,1.849217446735881880e-06,3.086014032624942019e-06,1.963268056787889626e-01,3.280946149229850284e-01,5.263966148611330942e-01
4.908819285369348528e-01,3.629360887517336098e-01,1.849217446735881880e-06,3.086014032624942019e-06,1.863234415474327998e-01,3.876767444396430062e-01,6.370559239776805160e-01
3.476753149101715068e-01,4.289587059666967184e-01,1.849217446735881880e-06,3.086014032624942019e-06,3.084607541353699411e-01,3.467286211462229928e-01,7.313520844895836648e-01
5.841273533861283257e-02,3.927875993295521506e-01,1.849217446735881880e-06,3.086014032624942019e-06,9.278744606642963522e-02,3.595050952982046799e-01,8.037451558647354943e-01
6.133859825136132038e-01,2.566972633103895247e-06,1.849217446735881880e-06,5.758463061746293965e-01,2.510507076042036319e-06,7.404599661675234090e-01,3.961377401501279261e-01
7.031961055175496300e-01,3.261331190821496473e-01,1.849217446735881880e-06,6.357563971300598249e-01,9.946550642372792295e-02,5.167361920282551591e-01,7.364678152374068976e-01
5.710032903561990114e-01,3.088197203667455426e-01,1.849217446735881880e-06,3.086014032624942019e-06,1.893280117428229048e-01,3.707597005369473453e-01,5.450834392733111544e-01
4.789686568094024266e-01,6.474191897771163218e-01,1.849217446735881880e-06,3.086014032624942019e-06,2.290372353554024909e-01,4.837978654541058021e-01,6.854260228746921202e-01
3.629778839952278041e-02,2.140662908191393321e-01,1.849217446735881880e-06,3.086014032624942019e-06,9.416655275793565927e-02,6.012011121701590355e-01,3.614153871409653274e-01
3.749357872781296508e-01,2.566972633103895247e-06,1.849217446735881880e-06,6.485268413858927827e-01,2.510507076042036319e-06,6.048099373881922203e-01,1.269908950409293358e-01
7.819251338631562076e-01,2.863683889500906118e-02,1.849217446735881880e-06,5.807411844634678966e-01,2.510507076042036319e-06,4.739842538543876937e-01,6.208145478129210026e-01
8.815875095385038440e-01,3.418925264794613339e-01,1.849217446735881880e-06,6.301322997702033524e-01,7.914269350758873500e-02,5.351577187392896340e-01,6.420119702615137980e-01
8.257820852943008605e-01,5.643426593943029479e-01,1.849217446735881880e-06,5.868650369357587548e-01,1.552316710386689169e-01,4.937718242395255364e-01,6.928864098705733721e-01
6.328506973416068160e-01,5.367581496637559013e-01,1.849217446735881880e-06,5.199993906163077328e-01,1.827473192002785907e-01,3.146807282225911884e-01,7.688026615958618581e-01
6.069368803123479511e-02,2.564587857017346928e-01,1.849217446735881880e-06,3.086014032624942019e-06,2.510507076042036319e-06,3.541714073472380098e-01,7.376162796439974523e-01
3.365258099580720197e-02,4.637025306613412057e-01,1.849217446735881880e-06,3.086014032624942019e-06,1.714022631692580789e-01,3.412085718227010345e-01,7.680214162447625004e-01
4.391938609306842989e-01,1.954419193144807387e-01,1.849217446735881880e-06,3.086014032624942019e-06,2.510507076042036319e-06,5.762464641756319672e-01,6.893162382413678957e-01
3.577726848801236043e-06,1.660304990977559403e-01,1.849217446735881880e-06,3.086014032624942019e-06,2.510507076042036319e-06,7.067734913304928313e-01,4.282405132853127614e-06
5.537463858118198967e-01,2.566972633103895247e-06,1.849217446735881880e-06,6.035675559283431024e-01,2.510507076042036319e-06,3.394931687940779264e-01,4.282405132853127614e-06
1.000000000000000000e+00,8.620118432779598494e-02,1.849217446735881880e-06,6.750834953946167616e-01,2.510507076042036319e-06,8.552332071796868718e-01,1.873896724824406779e-01
8.222382092568591982e-01,2.566972633103895247e-06,1.849217446735881880e-06,7.556735058267212146e-01,2.510507076042036319e-06,3.729295332072524727e-01,4.089464524559599523e-01
6.182913573142454489e-01,3.027569850369524751e-01,1.849217446735881880e-06,6.716431237401219168e-01,2.510507076042036319e-06,3.943372078965453609e-01,5.483961404087149827e-01
6.513079949137582370e-01,4.222536330948149508e-01,1.849217446735881880e-06,4.649729126680587354e-01,8.304749486927705260e-02,3.704558711867581023e-06,4.575843587012420333e-01
6.642007751080970523e-01,4.842614920971186621e-01,1.849217446735881880e-06,2.828245735561651375e-01,1.038777832572036625e-01,3.399693245698355293e-01,6.576131976050152428e-01
4.633881702025601790e-01,6.318094465318626618e-01,1.849217446735881880e-06,3.086014032624942019e-06,2.510507076042036319e-06,6.632710659558651578e-01,6.157505320106003710e-01
5.280143472782448111e-01,1.950074747883752957e-01,1.849217446735881880e-06,3.086014032624942019e-06,2.510507076042036319e-06,6.462148552493718334e-01,3.477310481748335791e-01
3.577726848801236043e-06,2.566972633103895247e-06,1.849217446735881880e-06,7.958340081161440205e-01,2.510507076042036319e-06,3.704558711867581023e-06,4.282405132853127614e-06
4.623506384630647892e-01,2.566972633103895247e-06,1.849217446735881880e-06,6.436392212651017575e-01,2.510507076042036319e-06,3.713817800481530318e-01,4.282405132853127614e-06
9.991631864706833621e-01,8.684354044171031795e-02,1.849217446735881880e-06,6.770221823224595870e-01,2.510507076042036319e-06,8.616731867591999050e-01,1.848880310083549361e-01
7.198921784448358840e-01,2.284740655103072171e-01,1.849217446735881880e-06,6.179896492475169811e-01,2.510507076042036319e-06,2.711177763332959234e-01,1.274704161985686923e-01
8.248520924209451488e-01,4.669513620230235085e-01,1.849217446735881880e-06,4.469436988440913527e-01,1.054492045145531826e-01,3.201353912382971512e-01,5.390012586423924557e-01
2.794794461671869512e-01,2.797161838751386909e-01,1.849217446735881880e-06,5.551501692287243994e-01,2.510507076042036319e-06,2.044848925923342386e-01,1.440431008183169215e-01
6.829288779622478822e-01,4.800224605182797366e-01,1.849217446735881880e-06,4.578858030081779940e-01,2.510507076042036319e-06,1.755743209985372866e-01,5.339963806899705734e-01
4.722357064686811268e-01,3.492725737816535503e-01,1.849217446735881880e-06,3.086014032624942019e-06,2.510507076042036319e-06,7.472496429481386704e-01,4.301697017041454796e-01
3.577726848801236043e-06,2.566972633103895247e-06,1.849217446735881880e-06,5.295211620206075054e-01,2.510507076042036319e-06,1.673656236008603526e-01,4.282405132853127614e-06
3.577726848801236043e-06,2.566972633103895247e-06,1.849217446735881880e-06,6.538873009126088265e-01,2.510507076042036319e-06,3.382196171189877920e-01,4.282405132853127614e-06
6.164168319887298741e-01,2.629331903088152900e-02,1.849217446735881880e-06,5.678761194023079772e-01,2.510507076042036319e-06,4.299120632124469599e-01,1.189686141198242064e-01
3.008336535341709639e-01,2.566972633103895247e-06,1.849217446735881880e-06,4.307160606171953066e-01,2.510507076042036319e-06,7.326931850938761537e-01,4.282405132853127614e-06
8.064779360316151058e-01,4.287181141564062603e-01,1.849217446735881880e-06,5.425603853119477238e-01,2.510507076042036319e-06,3.142789766595829870e-01,3.464795219551414784e-01
7.179057928922976117e-01,6.901406288350819818e-01,1.849217446735881880e-06,5.681496994135551981e-01,2.510507076042036319e-06,6.540876161971344027e-01,5.955101121122352570e-01
5.233983236000681050e-01,6.814972021420891979e-01,1.849217446735881880e-06,5.663878925289105304e-01,2.510507076042036319e-06,6.529513601755388974e-01,6.011850145424512126e-01
3.201539853930799873e-01,2.566972633103895247e-06,1.849217446735881880e-06,8.118073458406690479e-01,2.510507076042036319e-06,6.043497383664088174e-01,4.282405132853127614e-06
4.691697909505661568e-01,3.921744566973370816e-01,1.849217446735881880e-06,6.560046446227030259e-01,2.510507076042036319e-06,3.649074180818193680e-01,6.112211570320332660e-02
6.238593407835996141e-01,6.284014917682735346e-01,1.849217446735881880e-06,5.927477443352644482e-01,2.510507076042036319e-06,5.338737977729360873e-01,4.082211242730998113e-01
6.635097174802289111e-01,6.360802235512935665e-01,1.849217446735881880e-06,5.760306712036264987e-01,2.510507076042036319e-06,6.856944634013916184e-01,5.101690722909297815e-01
7.168041609663715619e-01,5.025581080232466302e-01,1.849217446735881880e-06,5.239008827595675877e-01,2.510507076042036319e-06,2.913825160339389431e-01,5.993719241339908743e-01
6.799187350080286851e-01,4.095609541183791169e-01,1.849217446735881880e-06,5.487211334718131717e-01,2.510507076042036319e-06,6.662551868546285894e-01,3.386982323733472855e-01
3.577726848801236043e-06,2.566972633103895247e-06,1.849217446735881880e-06,6.179329070066876817e-01,2.510507076042036319e-06,2.509297537950826440e-01,4.282405132853127614e-06
4.008514611421428731e-01,4.658156515521390956e-02,1.849217446735881880e-06,8.037120690784046451e-01,2.510507076042036319e-06,4.677144449996678555e-01,4.282405132853127614e-06
4.081697758258030495e-01,2.210951077552179844e-01,1.849217446735881880e-06,7.151023878011969481e-01,2.510507076042036319e-06,2.891933741320331652e-01,1.920974195469120627e-01
6.891048679050006953e-01,6.326280430802962984e-01,1.849217446735881880e-06,5.727852494065313049e-01,2.510507076042036319e-06,5.117078913996838674e-01,5.019486350965839394e-01
6.218584606664330217e-01,5.902838844691795650e-01,1.849217446735881880e-06,5.794644273403698476e-01,2.510507076042036319e-06,6.721184363295890085e-01,6.103134692526429594e-01
4.132644352359445272e-01,3.585611114093608665e-01,1.849217446735881880e-06,5.358803001071033023e-01,2.510507076042036319e-06,4.882957469481278845e-01,4.768226558329888287e-01
3.577726848801236043e-06,2.566972633103895247e-06,1.849217446735881880e-06,6.723719647815541434e-01,2.510507076042036319e-06,4.507775201250011632e-01,4.282405132853127614e-06
4.616508480850789464e-01,2.297206559707478390e-01,1.849217446735881880e-06,7.004669723867532616e-01,2.510507076042036319e-06,4.254571402108017208e-01,4.282405132853127614e-06
6.807027919232324642e-01,3.904250154864263300e-01,1.849217446735881880e-06,6.242650159777984875e-01,2.510507076042036319e-06,3.831023536887804837e-01,4.588695947223027094e-01
6.891788261959456152e-01,6.345177634807186440e-01,1.849217446735881880e-06,5.725194190017932616e-01,2.510507076042036319e-06,5.141320705702258076e-01,4.996269530443631646e-01
6.541877768146744376e-01,5.128371925421887356e-01,1.849217446735881880e-06,6.064190708970293997e-01,2.510507076042036319e-06,4.668864090141210399e-01,5.540274869536320201e-01
6.356568810649849688e-01,2.747097644617072509e-01,1.849217446735881880e-06,6.812909680112876343e-01,2.510507076042036319e-06,5.306046383113243170e-01,3.839260502044764545e-01
3.118652100919621639e-01,2.566972633103895247e-06,1.849217446735881880e-06,5.334606461372407571e-01,2.510507076042036319e-06,3.704558711867581023e-06,4.282405132853127614e-06
3.577726848801236043e-06,2.566972633103895247e-06,1.849217446735881880e-06,5.965294767057413017e-01,7.308540957152123707e-02,2.497443281016317462e-01,4.282405132853127614e-06
5.805051526826828789e-01,2.506203980254236852e-01,1.849217446735881880e-06,6.792361503946855450e-01,2.510507076042036319e-06,4.172559663966354249e-01,4.282405132853127614e-06
6.541399267457307376e-01,2.705486355007330479e-01,1.849217446735881880e-06,6.626644674417483394e-01,2.510507076042036319e-06,7.089392958300063663e-01,4.282405132853127614e-06
7.039252901523748163e-01,2.705984822806954404e-01,1.849217446735881880e-06,6.684409863306013388e-01,2.510507076042036319e-06,6.400835634934833873e-01,5.593317962809040145e-01
6.828940369901289609e-01,3.613433937490503345e-01,1.849217446735881880e-06,6.297098895110248007e-01,2.510507076042036319e-06,7.014800071228455280e-01,5.357207643235829542e-01
2.862776670629114673e-01,2.566972633103895247e-06,1.849217446735881880e-06,5.100449643510539532e-01,2.510507076042036319e-06,3.704558711867581023e-06,9.198970768295756939e-02
6.143493308912842954e-01,2.566972633103895247e-06,1.849217446735881880e-06,8.170537916443062487e-01,2.510507076042036319e-06,7.770176691683600145e-01,1.542090444470632371e-01
2.379932788433733459e-01,2.566972633103895247e-06,1.849217446735881880e-06,5.924089164175073696e-01,2.510507076042036319e-06,2.684734771201458536e-01,4.282405132853127614e-06
3.577726848801236043e-06,2.566972633103895247e-06,1.849217446735881880e-06,6.734259112667786429e-01,2.510507076042036319e-06,4.539813972315915325e-01,4.282405132853127614e-06
6.930384316628992458e-01,1.717614673346845033e-01,1.849217446735881880e-06,6.795624655331524711e-01,2.510507076042036319e-06,8.523327163041953813e-01,4.282405132853127614e-06
6.824109448547536205e-01,3.112346024708154690e-01,1.849217446735881880e-06,6.440687384804933968e-01,2.510507076042036319e-06,8.261882765988433075e-01,1.472081260313466144e-01
4.734979039599150341e-01,2.566972633103895247e-06,1.849217446735881880e-06,7.899096796592410819e-01,2.510507076042036319e-06,7.838435734979003477e-01,3.500992614087433119e-01
6.131186883373311858e-01,2.566972633103895247e-06,1.849217446735881880e-06,8.204128113319358873e-01,2.510507076042036319e-06,5.016628289027439402e-01,1.125196668625045582e-01
5.749566153373020239e-01,2.566972633103895247e-06,1.849217446735881880e-06,5.943512702323324737e-01,2.510507076042036319e-06,4.349880002091530140e-01,4.282405132853127614e-06
3.840480744195962082e-01,2.566972633103895247e-06,1.849217446735881880e-06,5.730210264591979463e-01,2.510507076042036319e-06,4.165868742340628206e-01,4.282405132853127614e-06
3.577726848801236043e-06,2.566972633103895247e-06,1.849217446735881880e-06,6.721882424028527980e-01,2.510507076042036319e-06,4.497941786642918327e-01,4.282405132853127614e-06
2.924424034616981416e-01,2.553721358035281330e-01,1.849217446735881880e-06,6.812352464503399485e-01,2.510507076042036319e-06,8.214435072175985120e-01,4.282405132853127614e-06
5.630484302116423034e-01,3.738968830830775580e-01,1.849217446735881880e-06,6.328121515039756284e-01,2.510507076042036319e-06,8.973922505894382784e-01,4.282405132853127614e-06
3.707469031147289096e-01,2.566972633103895247e-06,1.849217446735881880e-06,8.256780074030289907e-01,2.510507076042036319e-06,5.266871772460638423e-01,4.282405132853127614e-06
3.601688643787701594e-01,2.566972633103895247e-06,1.849217446735881880e-06,8.192169525401999941e-01,2.510507076042036319e-06,6.817537688865334955e-01,4.282405132853127614e-06
3.605599250315909554e-01,2.566972633103895247e-06,1.849217446735881880e-06,8.181985408360411549e-01,2.510507076042036319e-06,6.808076425262982179e-01,4.282405132853127614e-06
3.577726848801236043e-06,8.692150496566045104e-02,1.849217446735881880e-06,7.463446429200577548e-01,2.510507076042036319e-06,5.117602316317750866e-01,1.612929490935376131e-01
1.056608972297555932e-01,1.009126702739260029e-01,1.849217446735881880e-06,7.709972375109988008e-01,2.510507076042036319e-06,5.271428543212812734e-01,1.916305779062342507e-02
7.717758664058485540e-02,2.566972633103895247e-06,1.849217446735881880e-06,8.681151550700042518e-01,2.510507076042036319e-06,6.510416433855720220e-01,3.894907593122022560e-02
3.577726848801236043e-06,2.566972633103895247e-06,1.849217446735881880e-06,3.086014032624942019e-06,2.510507076042036319e-06,5.216132413406542323e-01,5.481444364687415582e-01
3.577726848801236043e-06,2.566972633103895247e-06,1.849217446735881880e-06,3.086014032624942019e-06,2.510507076042036319e-06,5.085971040206758165e-01,3.638550688345555395e-01
3.577726848801236043e-06,2.566972633103895247e-06,1.849217446735881880e-06,3.086014032624942019e-06,2.510507076042036319e-06,5.944330575708248743e-01,7.493772888694407719e-01
2.109699411538681624e-01,6.989151849981646569e-02,1.849217446735881880e-06,3.086014032624942019e-06,1.837436019921067365e-01,5.752241923933374412e-01,6.710208646800234211e-01
5.003860865863878349e-01,2.566972633103895247e-06,1.849217446735881880e-06,3.086014032624942019e-06,2.510507076042036319e-06,7.859446154063655099e-01,6.002686846006082266e-01
1.266285228544173080e-01,2.566972633103895247e-06,1.849217446735881880e-06,3.086014032624942019e-06,2.510507076042036319e-06,4.692902654133147555e-01,5.757843264698868646e-01
6.471655203656735411e-01,2.616922766364056518e-01,1.849217446735881880e-06,3.086014032624942019e-06,2.510507076042036319e-06,7.229276516616698345e-01,7.723803174757806200e-01
3.651882600868665563e-01,3.637074138133574164e-01,1.849217446735881880e-06,3.086014032624942019e-06,1.472541394754853239e-01,3.936983919854058489e-01,6.518577474601551236e-01
1.499435027078727667e-01,1.498492388721087698e-01,1.849217446735881880e-06,3.086014032624942019e-06,2.510507076042036319e-06,7.078612533733981138e-01,2.803296346207205803e-01
2.284591638598827412e-01,2.566972633103895247e-06,1.849217446735881880e-06,3.086014032624942019e-06,2.510507076042036319e-06,7.346369464240810609e-01,4.282405132853127614e-06
2.875060814151592647e-01,2.566972633103895247e-06,1.849217446735881880e-06,3.086014032624942019e-06,2.510507076042036319e-06,5.314380798421913799e-01,1.260315383257743505e-01
7.229592643315232436e-01,1.227794163355599016e-01,1.849217446735881880e-06,3.086014032624942019e-06,2.510507076042036319e-06,6.298439013650145579e-01,4.065710923760821327e-01
3.426037702793363615e-01,2.568823223755930529e-01,1.849217446735881880e-06,3.086014032624942019e-06,7.524139997130949165e-02,2.354930756523739566e-01,5.883000794373463016e-01
7.101678898218627412e-02,7.777402035353228604e-02,1.849217446735881880e-06,3.086014032624942019e-06,2.164909332675158116e-01,5.417179717021781693e-01,2.794214637390813327e-01
3.577726848801236043e-06,8.195748503011805741e-02,1.849217446735881880e-06,3.086014032624942019e-06,2.510507076042036319e-06,7.843835562895546953e-01,1.517838404843610822e-01
3.038708950222603900e-01,2.566972633103895247e-06,1.849217446735881880e-06,6.350219612507577160e-01,2.510507076042036319e-06,4.725540193296063340e-01,3.018434813740618061e-01
7.468698942671025964e-01,4.491389027572277072e-03,1.849217446735881880e-06,4.682933733379362473e-01,2.510507076042036319e-06,2.205260822239577811e-01,5.107187966404548307e-01
7.403085829789517458e-01,1.402377867217488860e-01,1.849217446735881880e-06,3.140249051939602021e-01,7.933723593500874305e-02,4.674973395881036886e-01,3.031593905537836586e-01
4.174686692333149374e-01,1.912028010671222300e-01,1.849217446735881880e-06,4.405226395114406057e-01,1.021175673345501855e-01,5.405626403427697957e-01,7.598046291562973176e-01
1.652789208877659677e-01,2.832778143051195574e-01,1.849217446735881880e-06,3.086014032624942019e-06,2.510507076042036319e-06,5.470159258799941471e-01,8.089032769178284843e-01
5.289966016097789048e-01,2.566972633103895247e-06,1.849217446735881880e-06,4.850358878606988444e-01,2.510507076042036319e-06,2.998741079680752875e-01,4.282405132853127614e-06
3.577726848801236043e-06,2.566972633103895247e-06,1.849217446735881880e-06,5.638146829412939987e-01,2.510507076042036319e-06,3.704558711867581023e-06,4.282405132853127614e-06
9.005757493149743054e-01,1.724024181804602873e-01,1.849217446735881880e-06,3.086014032624942019e-06,2.510507076042036319e-06,6.405957908889741148e-01,3.320871851407931619e-01
7.507435891711017328e-01,4.294973012908756202e-03,1.849217446735881880e-06,5.860660336032010864e-01,2.510507076042036319e-06,4.294491874062020820e-01,7.130720475075696951e-01
6.896165440420497506e-01,2.351274839445329501e-01,1.849217446735881880e-06,6.822977364042037696e-01,2.510507076042036319e-06,5.374696288916417375e-01,6.717568977952562692e-01
4.415719598415933089e-01,1.122089646350839381e-01,1.849217446735881880e-06,3.199484775916914270e-01,7.974872015691873706e-02,4.845599953678634830e-01,5.956945804884233864e-01
1.510296610108455284e-01,1.855971183658219892e-01,1.849217446735881880e-06,3.086014032624942019e-06,2.510507076042036319e-06,3.904391860038788908e-01,5.335362219637360681e-01
8.100504073242745240e-02,1.684278122547900047e-01,1.849217446735881880e-06,3.086014032624942019e-06,1.051661151552064771e-01,5.810911321925068540e-01,2.816956023953773869e-01
2.495975057465096847e-01,2.566972633103895247e-06,1.849217446735881880e-06,6.492978705291008179e-01,2.510507076042036319e-06,3.347354313017041894e-01,4.282405132853127614e-06
9.009237989227567578e-01,2.566972633103895247e-06,1.849217446735881880e-06,7.887836807349620782e-01,2.510507076042036319e-06,3.532278538186695016e-01,3.239634910888646302e-01
8.851917945999554505e-01,3.272967801505912711e-01,1.849217446735881880e-06,6.295205722944535731e-01,2.510507076042036319e-06,5.343649227511190203e-01,6.481232903931605227e-01
3.705744312999049717e-01,3.472391322133713820e-01,1.849217446735881880e-06,5.370764991254664000e-01,2.510507076042036319e-06,3.443106531551596294e-01,3.280651365381917484e-01
4.844133914652402062e-01,2.183116863435571875e-01,1.849217446735881880e-06,5.588497179672472503e-01,2.510507076042036319e-06,3.786460533126065342e-01,6.419875544272195533e-01
3.665933100652057353e-01,3.552965311395533399e-01,1.849217446735881880e-06,2.787807532738496019e-01,2.510507076042036319e-06,5.294818961530293189e-01,6.686677426401749225e-01
9.841209568717380896e-02,2.644638120796700687e-01,1.849217446735881880e-06,3.086014032624942019e-06,2.510507076042036319e-06,6.098367826776389666e-01,3.950466958965509479e-01
3.577726848801236043e-06,2.566972633103895247e-06,1.849217446735881880e-06,6.208448311031855571e-01,2.510507076042036319e-06,3.704558711867581023e-06,4.282405132853127614e-06
3.661797423244528282e-01,2.566972633103895247e-06,1.849217446735881880e-06,6.349314609679159727e-01,2.510507076042036319e-06,1.745973336523991004e-01,4.282405132853127614e-06
4.413342849930300127e-01,9.865864494215396269e-03,1.849217446735881880e-06,6.088311642751759178e-01,2.510507076042036319e-06,4.856869476143405584e-01,4.282405132853127614e-06
6.708076407422225440e-01,1.944553135194075025e-03,1.849217446735881880e-06,5.917271778624665357e-01,2.510507076042036319e-06,3.693300377525364220e-01,2.587737656400135311e-01
7.208467490582134429e-01,3.507037434263166054e-01,1.849217446735881880e-06,5.690494854336883845e-01,2.510507076042036319e-06,3.704558711867581023e-06,4.903297039420591585e-01
8.083721325519832579e-01,3.994951484448497903e-01,1.849217446735881880e-06,6.132158916379704117e-01,2.510507076042036319e-06,6.587758872345033101e-01,3.346620127714444171e-01
5.278730477802069387e-01,3.067753585649991011e-01,1.849217446735881880e-06,2.936583155394807410e-01,2.510507076042036319e-06,3.050381969346191990e-01,3.849578032423614515e-01
3.577726848801236043e-06,2.566972633103895247e-06,1.849217446735881880e-06,6.213400498605902156e-01,2.510507076042036319e-06,3.704558711867581023e-06,4.282405132853127614e-06
3.577726848801236043e-06,2.566972633103895247e-06,1.849217446735881880e-06,7.008962627843935422e-01,2.510507076042036319e-06,3.704558711867581023e-06,4.282405132853127614e-06
3.303000906045331919e-01,2.566972633103895247e-06,1.849217446735881880e-06,8.417383675382063002e-01,2.510507076042036319e-06,4.645782411623752273e-01,4.282405132853127614e-06
2.258140183506589793e-01,2.566972633103895247e-06,1.849217446735881880e-06,6.391326549668021606e-01,2.510507076042036319e-06,1.166538640137359112e-01,4.282405132853127614e-06
6.163927944188183350e-01,1.413273090623179407e-01,1.849217446735881880e-06,7.461894995780433693e-01,2.510507076042036319e-06,3.290234851193133969e-01,3.021700891674856670e-01
3.366841810823064662e-01,2.970209405010212911e-01,1.849217446735881880e-06,5.576154513695936732e-01,2.510507076042036319e-06,3.305727196057361428e-01,6.148186814504748021e-01
3.577726848801236043e-06,1.968451074085439123e-01,1.849217446735881880e-06,5.286875311779900555e-01,2.510507076042036319e-06,3.704558711867581023e-06,8.920901714795204107e-02
3.802412255667554919e-01,3.092796578188178325e-01,1.849217446735881880e-06,2.797345030173565283e-01,2.510507076042036319e-06,6.991890954350066245e-01,2.511396305368961968e-01
3.577726848801236043e-06,2.566972633103895247e-06,1.849217446735881880e-06,6.189873827333323142e-01,2.510507076042036319e-06,3.704558711867581023e-06,4.282405132853127614e-06
3.577726848801236043e-06,2.566972633103895247e-06,1.849217446735881880e-06,6.976133782553450846e-01,2.510507076042036319e-06,3.704558711867581023e-06,4.282405132853127614e-06
4.910628405097333116e-01,2.566972633103895247e-06,1.849217446735881880e-06,8.251822594042041992e-01,2.510507076042036319e-06,4.416506726629410573e-01,4.282405132853127614e-06
3.577726848801236043e-06,2.566972633103895247e-06,1.849217446735881880e-06,5.621402386939289286e-01,2.510507076042036319e-06,3.704558711867581023e-06,4.282405132853127614e-06
6.710994676443505780e-01,4.430508586720718900e-01,1.849217446735881880e-06,6.081290499254601301e-01,2.510507076042036319e-06,7.248466202503578426e-01,4.068659841234503749e-01
3.739504044613729539e-01,3.850809107583663682e-01,1.849217446735881880e-06,3.323628557806545536e-01,2.510507076042036319e-06,6.687027034275627724e-01,4.374787473351926526e-01
6.365959668018652540e-01,2.291254908657323341e-01,1.849217446735881880e-06,5.647824386809550123e-01,2.510507076042036319e-06,2.565348624928025512e-01,2.506625862368187518e-01
3.577726848801236043e-06,2.566972633103895247e-06,1.849217446735881880e-06,8.960952416811187593e-01,2.510507076042036319e-06,1.736786638240428449e-01,4.282405132853127614e-06
3.409466184090693686e-01,2.566972633103895247e-06,1.849217446735881880e-06,8.249519637805317052e-01,2.510507076042036319e-06,5.999731178073112181e-01,4.282405132853127614e-06
4.780626564917823673e-01,1.932728043694404707e-01,1.849217446735881880e-06,7.247977881942569978e-01,2.510507076042036319e-06,6.566104465697708559e-01,2.167114331192940002e-01
6.341844673724649217e-01,3.401324869467304834e-01,1.849217446735881880e-06,6.637362569234228626e-01,2.510507076042036319e-06,1.211773049011351799e-01,4.689948964158229816e-01
3.103828707736640546e-01,2.084369476119999898e-01,1.849217446735881880e-06,7.110733484756863731e-01,2.510507076042036319e-06,5.523495358663649268e-01,4.282405132853127614e-06
3.747089383388616524e-01,2.566972633103895247e-06,1.849217446735881880e-06,6.309980631276141949e-01,2.510507076042036319e-06,1.743239378025481234e-01,4.282405132853127614e-06
3.577726848801236043e-06,2.566972633103895247e-06,1.849217446735881880e-06,6.177401119179271038e-01,2.510507076042036319e-06,3.704558711867581023e-06,4.282405132853127614e-06
3.577726848801236043e-06,2.566972633103895247e-06,1.849217446735881880e-06,8.833030229211434881e-01,2.510507076042036319e-06,4.606945647553663536e-01,4.282405132853127614e-06
6.114480772284808241e-01,2.566972633103895247e-06,1.849217446735881880e-06,7.692480946174786727e-01,2.510507076042036319e-06,6.981020090852663174e-01,1.569308731905980359e-01
5.764309196252083156e-01,2.035614100443168262e-01,1.849217446735881880e-06,6.785844273887575717e-01,2.510507076042036319e-06,7.536795391065735927e-01,3.092832253341641358e-01
5.173659288783223342e-01,2.566972633103895247e-06,1.849217446735881880e-06,6.082270351941008180e-01,2.510507076042036319e-06,1.585648760555236902e-01,4.282405132853127614e-06
5.240350041034922413e-01,2.566972633103895247e-06,1.849217446735881880e-06,8.272906816160734422e-01,2.510507076042036319e-06,2.935963467245669700e-01,4.282405132853127614e-06
3.577726848801236043e-06,2.566972633103895247e-06,1.849217446735881880e-06,9.353363760178635689e-01,2.510507076042036319e-06,3.704558711867581023e-06,4.282405132853127614e-06
2.608183919279859486e-01,2.566972633103895247e-06,1.849217446735881880e-06,8.471159896081178475e-01,2.510507076042036319e-06,4.320324663289101808e-01,4.282405132853127614e-06
3.732362995754622825e-01,2.566972633103895247e-06,1.849217446735881880e-06,8.269498501415115665e-01,2.510507076042036319e-06,5.867068700634766598e-01,4.282405132853127614e-06
5.042921916970092289e-01,2.566972633103895247e-06,1.849217446735881880e-06,7.738787302258394174e-01,2.510507076042036319e-06,7.811490131085513378e-01,4.282405132853127614e-06
7.024518861479857046e-01,2.566972633103895247e-06,1.849217446735881880e-06,8.115332743909603463e-01,2.510507076042036319e-06,4.386643687554906412e-01,4.282405132853127614e-06
3.577726848801236043e-06,2.566972633103895247e-06,1.849217446735881880e-06,5.204953276299253417e-01,2.510507076042036319e-06,1.974042129572792514e-01,4.282405132853127614e-06
3.577726848801236043e-06,2.566972633103895247e-06,1.849217446735881880e-06,9.986322889585572682e-01,2.510507076042036319e-06,3.704558711867581023e-06,4.282405132853127614e-06
7.099072577436085774e-02,2.566972633103895247e-06,1.849217446735881880e-06,8.939289809426212985e-01,2.510507076042036319e-06,4.506316223777517838e-01,4.282405132853127614e-06
3.900219507127184460e-01,2.566972633103895247e-06,1.849217446735881880e-06,8.324284061108331301e-01,2.510507076042036319e-06,4.446959178049411099e-01,4.282405132853127614e-06
1.476542842872077266e-01,2.566972633103895247e-06,1.849217446735881880e-06,8.032631967482197766e-01,2.510507076042036319e-06,2.629837040480569876e-01,4.282405132853127614e-06
1.464258136672400845e-01,2.566972633103895247e-06,1.849217446735881880e-06,8.075503546749179806e-01,2.510507076042036319e-06,1.316031594788679981e-01,4.282405132853127614e-06
3.577726848801236043e-06,2.566972633103895247e-06,1.849217446735881880e-06,3.086014032624942019e-06,2.510507076042036319e-06,5.865336327312422604e-01,7.495525552980305539e-01
3.577726848801236043e-06,2.566972633103895247e-06,1.849217446735881880e-06,3.086014032624942019e-06,2.510507076042036319e-06,2.025794768492448494e-01,6.399757632969522714e-01
3.577726848801236043e-06,9.312759002680087717e-02,1.849217446735881880e-06,3.086014032624942019e-06,2.510507076042036319e-06,3.541959661949670157e-01,5.535345692939473983e-01
2.919282290378886202e-01,2.566972633103895247e-06,1.849217446735881880e-06,3.086014032624942019e-06,2.510507076042036319e-06,7.755593673890311956e-01,7.204008466527945798e-01
3.577726848801236043e-06,2.566972633103895247e-06,1.849217446735881880e-06,3.086014032624942019e-06,2.510507076042036319e-06,5.042004205722164789e-01,6.535663650902155952e-01
3.207147945030849323e-01,1.279197014680557576e-01,1.849217446735881880e-06,3.086014032624942019e-06,2.510507076042036319e-06,7.565261304580545021e-01,6.970098025893912697e-01
2.512736310919034821e-01,2.566972633103895247e-06,1.849217446735881880e-06,3.086014032624942019e-06,2.510507076042036319e-06,8.826897910351317877e-01,4.282405132853127614e-06
5.181515162755054860e-01,6.196918008014708212e-02,1.849217446735881880e-06,4.303563654663017379e-01,2.510507076042036319e-06,7.602346464061283671e-01,6.007583509054746917e-01
5.185975617441445085e-01,2.263257014850923177e-01,1.849217446735881880e-06,3.086014032624942019e-06,2.510507076042036319e-06,7.453517767767585678e-01,6.885157301466293678e-01
1.272248706562670584e-01,2.281252371003070767e-01,1.849217446735881880e-06,3.086014032624942019e-06,2.510507076042036319e-06,6.180881397034081459e-01,4.999657687549341478e-01
3.584215716213349778e-01,2.566972633103895247e-06,1.849217446735881880e-06,3.086014032624942019e-06,2.510507076042036319e-06,8.108601251737180826e-01,4.282405132853127614e-06
1.615547743295318583e-01,2.566972633103895247e-06,1.849217446735881880e-06,5.464511792179294059e-01,2.510507076042036319e-06,3.704558711867581023e-06,4.282405132853127614e-06
2.267099129857974849e-01,2.566972633103895247e-06,1.849217446735881880e-06,3.086014032624942019e-06,2.510507076042036319e-06,4.611126628953285955e-01,5.488822486271768275e-01
3.586566131406102587e-01,2.566972633103895247e-06,1.849217446735881880e-06,5.155926997345778862e-01,2.510507076042036319e-06,3.704558711867581023e-06,4.282405132853127614e-06
5.117060714760292006e-01,2.566972633103895247e-06,1.849217446735881880e-06,6.139504031231897141e-01,2.510507076042036319e-06,3.797311125828516931e-01,2.551418949521612189e-01
8.907982201754977014e-01,2.566972633103895247e-06,1.849217446735881880e-06,5.727001171438080851e-01,2.510507076042036319e-06,5.710463815539508214e-01,7.929843369969149514e-01
1.472724740475270522e-01,1.617966304864391913e-01,1.849217446735881880e-06,3.086014032624942019e-06,2.510507076042036319e-06,5.915217036282955920e-01,7.260288191502590749e-01
3.577726848801236043e-06,2.566972633103895247e-06,1.849217446735881880e-06,6.192990303238700145e-01,2.510507076042036319e-06,3.704558711867581023e-06,4.282405132853127614e-06
4.911138415709875304e-01,2.566972633103895247e-06,1.849217446735881880e-06,5.841267796309795868e-01,2.510507076042036319e-06,8.160779317468820349e-01,4.282405132853127614e-06
6.165534500124779660e-01,2.566972633103895247e-06,1.849217446735881880e-06,6.260209634038630400e-01,2.510507076042036319e-06,6.031751237635984975e-01,3.746606705140214100e-01
8.438544666486369472e-01,2.013160515645004978e-01,1.849217446735881880e-06,5.497253312635457245e-01,2.510507076042036319e-06,5.894376060253534444e-01,4.432822316465161450e-01
2.008633133746479393e-01,5.671329171723568652e-04,1.849217446735881880e-06,5.401400886917893107e-01,2.510507076042036319e-06,2.930109625498622528e-01,3.688850681039209101e-01
2.430190440573545552e-01,2.700597260006945555e-01,1.849217446735881880e-06,3.086014032624942019e-06,2.510507076042036319e-06,7.758853633529599891e-01,4.635447668922759168e-01
3.577726848801236043e-06,2.566972633103895247e-06,1.849217446735881880e-06,6.964477618304737438e-01,2.510507076042036319e-06,3.704558711867581023e-06,4.282405132853127614e-06
3.769764374196721834e-01,2.566972633103895247e-06,1.849217446735881880e-06,6.217621198931416737e-01,2.510507076042036319e-06,1.452352430951695250e-01,4.282405132853127614e-06
7.834712807757418518e-02,2.566972633103895247e-06,1.849217446735881880e-06,8.752786645091762407e-01,2.510507076042036319e-06,7.673402357295942000e-01,1.597583709657204865e-01
6.200288144742542862e-01,1.489322983164119985e-01,1.849217446735881880e-06,5.685436440449226358e-01,2.510507076042036319e-06,3.804326120291471325e-01,1.243490005488654959e-01
5.715235642008381634e-01,1.387101797772530010e-01,1.849217446735881880e-06,4.637129022556117919e-01,2.510507076042036319e-06,3.436310617603303696e-01,3.140769799355213610e-01
4.648732328784980772e-01,1.881961586927336505e-01,1.849217446735881880e-06,5.598001221489197210e-01,2.510507076042036319e-06,6.831632648287881970e-01,4.599399652669420857e-01
3.632130155428547336e-01,1.451081489406927938e-01,1.849217446735881880e-06,3.086014032624942019e-06,2.510507076042036319e-06,6.289416950605062340e-01,2.453981980255442452e-01
3.577726848801236043e-06,2.566972633103895247e-06,1.849217446735881880e-06,5.660721244158876120e-01,2.510507076042036319e-06,3.704558711867581023e-06,4.282405132853127614e-06
3.577726848801236043e-06,2.566972633103895247e-06,1.849217446735881880e-06,7.934816056095961301e-01,2.510507076042036319e-06,3.704558711867581023e-06,4.282405132853127614e-06
3.293361345354879344e-01,2.566972633103895247e-06,1.849217446735881880e-06,6.355690456673348532e-01,2.510507076042036319e-06,9.655607899830255525e-02,4.282405132853127614e-06
3.978172356038363611e-01,2.566972633103895247e-06,1.849217446735881880e-06,5.025251620272607189e-01,2.510507076042036319e-06,6.468079319308785158e-02,9.476615765377818801e-02
7.154662496313338726e-01,3.539302143099531950e-01,1.849217446735881880e-06,6.357069508602365415e-01,2.510507076042036319e-06,5.087611415305863805e-01,3.570706262360899275e-01
3.577726848801236043e-06,2.566972633103895247e-06,1.849217446735881880e-06,6.178821376333140103e-01,2.510507076042036319e-06,3.704558711867581023e-06,4.282405132853127614e-06
3.577726848801236043e-06,2.566972633103895247e-06,1.849217446735881880e-06,9.281917680579818697e-01,2.510507076042036319e-06,3.704558711867581023e-06,4.282405132853127614e-06
3.577726848801236043e-06,2.566972633103895247e-06,1.849217446735881880e-06,6.172820912717655872e-01,2.510507076042036319e-06,3.704558711867581023e-06,4.282405132853127614e-06
3.577726848801236043e-06,2.566972633103895247e-06,1.849217446735881880e-06,5.649877087460470904e-01,2.510507076042036319e-06,3.704558711867581023e-06,4.282405132853127614e-06
1.854194785521856570e-01,2.566972633103895247e-06,1.849217446735881880e-06,6.253681063091777181e-01,2.510507076042036319e-06,3.111631475700358807e-01,4.282405132853127614e-06
5.069689596647776186e-01,2.458625191636477914e-01,1.849217446735881880e-06,7.037023007939074981e-01,2.510507076042036319e-06,4.262012862910900535e-01,1.875799074124571142e-01
2.594543575127522853e-05,1.268207198776379052e-01,1.849217446735881880e-06,5.306769496762478999e-01,2.510507076042036319e-06,3.704558711867581023e-06,4.282405132853127614e-06
5.014111043849929228e-01,3.974148563511384347e-01,1.849217446735881880e-06,6.287785002175182436e-01,2.510507076042036319e-06,5.856199916193256527e-01,2.097732767788791034e-03
3.577726848801236043e-06,2.566972633103895247e-06,1.849217446735881880e-06,1.000000000000000000e+00,2.510507076042036319e-06,3.704558711867581023e-06,4.282405132853127614e-06
3.577726848801236043e-06,2.566972633103895247e-06,1.849217446735881880e-06,5.606202573353238350e-01,2.510507076042036319e-06,3.704558711867581023e-06,4.282405132853127614e-06
5.312181862312079783e-01,2.566972633103895247e-06,1.849217446735881880e-06,8.135505914726505194e-01,2.510507076042036319e-06,6.615693587079333193e-01,4.282405132853127614e-06
5.156997741728824858e-01,2.567138387735740657e-01,1.849217446735881880e-06,6.718066593389411256e-01,2.510507076042036319e-06,8.286723325790864569e-01,1.183015956115789219e-01
3.586657060041348322e-01,2.566972633103895247e-06,1.849217446735881880e-06,3.434612751784715257e-01,2.510507076042036319e-06,6.124045206575513545e-01,4.282405132853127614e-06
2.154600826892404952e-01,2.566972633103895247e-06,1.849217446735881880e-06,5.254796099158067779e-01,2.510507076042036319e-06,3.704558711867581023e-06,4.282405132853127614e-06
1.687943592196054499e-01,2.566972633103895247e-06,1.849217446735881880e-06,8.706115112428266523e-01,2.510507076042036319e-06,9.925928046370431634e-02,4.282405132853127614e-06
2.142119971421400093e-01,2.566972633103895247e-06,1.849217446735881880e-06,8.421498905453137507e-01,2.510507076042036319e-06,4.322533140410806940e-01,4.282405132853127614e-06
1.946042272632497461e-01,2.566972633103895247e-06,1.849217446735881880e-06,8.734615518961283964e-01,2.510507076042036319e-06,4.876931845741121485e-01,4.282405132853127614e-06
3.350968687058928364e-01,2.566972633103895247e-06,1.849217446735881880e-06,5.301851331851155091e-01,2.510507076042036319e-06,3.704558711867581023e-06,4.282405132853127614e-06
3.577430504414449985e-01,2.566972633103895247e-06,1.849217446735881880e-06,5.097363788001613161e-01,2.510507076042036319e-06,1.737042102233207486e-01,4.282405132853127614e-06
3.124628858119999353e-01,2.566972633103895247e-06,1.849217446735881880e-06,5.866480101505480160e-01,2.510507076042036319e-06,3.704558711867581023e-06,4.282405132853127614e-06
3.577726848801236043e-06,2.566972633103895247e-06,1.849217446735881880e-06,7.996336590889879803e-01,2.510507076042036319e-06,3.704558711867581023e-06,4.282405132853127614e-06
1.541872141374761862e-01,2.566972633103895247e-06,1.849217446735881880e-06,8.633761005764346574e-01,2.510507076042036319e-06,2.972867229099797060e-01,4.282405132853127614e-06
2.023451350299236284e-01,2.566972633103895247e-06,1.849217446735881880e-06,5.642675623850884614e-01,2.510507076042036319e-06,3.704558711867581023e-06,4.282405132853127614e-06
3.577726848801236043e-06,2.566972633103895247e-06,1.849217446735881880e-06,6.720097368324357001e-01,2.510507076042036319e-06,1.812494419034338944e-01,4.282405132853127614e-06
3.577726848801236043e-06,2.566972633103895247e-06,1.849217446735881880e-06,6.170493762587440090e-01,2.510507076042036319e-06,3.704558711867581023e-06,4.282405132853127614e-06
3.577726848801236043e-06,2.566972633103895247e-06,1.849217446735881880e-06,8.221559813580001652e-01,2.510507076042036319e-06,3.704558711867581023e-06,4.282405132853127614e-06
3.577726848801236043e-06,2.566972633103895247e-06,1.849217446735881880e-06,3.086014032624942019e-06,2.510507076042036319e-06,6.455657220233662619e-01,4.164700568318418505e-01
3.577726848801236043e-06,2.566972633103895247e-06,1.849217446735881880e-06,3.086014032624942019e-06,2.510507076042036319e-06,6.777064707807926025e-01,2.935816354155234564e-01
2.033027215930841014e-01,2.566972633103895247e-06,1.849217446735881880e-06,3.086014032624942019e-06,2.510507076042036319e-06,5.219789472721279022e-01,6.532093295233998287e-01
3.577726848801236043e-06,2.566972633103895247e-06,1.849217446735881880e-06,3.086014032624942019e-06,2.510507076042036319e-06,5.174650570477343781e-01,3.115124891593388790e-01
4.210055680734977046e-01,1.183670229551726655e-01,1.849217446735881880e-06,3.086014032624942019e-06,2.510507076042036319e-06,7.581876079744683805e-01,4.878743175912343966e-01
5.284240663069613708e-01,2.566972633103895247e-06,1.849217446735881880e-06,3.086014032624942019e-06,2.510507076042036319e-06,7.969603890994684248e-01,4.282405132853127614e-06
2.024981607207741729e-01,2.566972633103895247e-06,1.849217446735881880e-06,5.603654653944912800e-01,2.510507076042036319e-06,3.704558711867581023e-06,4.282405132853127614e-06
4.945665188881282481e-01,2.566972633103895247e-06,1.849217446735881880e-06,5.789150747462779023e-01,2.510507076042036319e-06,7.796343689145384115e-01,5.786049687940485464e-01
1.066709253077979258e-01,2.566972633103895247e-06,1.849217446735881880e-06,3.086014032624942019e-06,2.510507076042036319e-06,6.426465716212405033e-01,1.679426905157427874e-01
3.577726848801236043e-06,2.566972633103895247e-06,1.849217446735881880e-06,5.146239611179938001e-01,2.510507076042036319e-06,1.983552510870603691e-01,4.282405132853127614e-06
3.577726848801236043e-06,2.566972633103895247e-06,1.849217446735881880e-06,6.209919224150223238e-01,2.510507076042036319e-06,3.704558711867581023e-06,4.282405132853127614e-06
1.537915620387172444e-01,2.566972633103895247e-06,1.849217446735881880e-06,5.136886781197533836e-01,2.510507076042036319e-06,1.624458237016737638e-01,4.282405132853127614e-06
4.981174621511806344e-01,2.566972633103895247e-06,1.849217446735881880e-06,5.863246814458089595e-01,2.510507076042036319e-06,5.846721500379791214e-01,5.984052902119435524e-01
6.666325759308121546e-01,1.163407005867112126e-01,1.849217446735881880e-06,5.649492253342122128e-01,2.510507076042036319e-06,6.858379182579673605e-01,4.645925619921406624e-01
3.577726848801236043e-06,2.566972633103895247e-06,1.849217446735881880e-06,6.211664208718299385e-01,2.510507076042036319e-06,3.704558711867581023e-06,4.282405132853127614e-06
3.577726848801236043e-06,2.566972633103895247e-06,1.849217446735881880e-06,8.924105873082766038e-01,2.510507076042036319e-06,5.925992263209307609e-01,4.282405132853127614e-06
7.564972111017201351e-02,2.566972633103895247e-06,1.849217446735881880e-06,8.365890753381209910e-01,2.510507076042036319e-06,8.247549754666206878e-01,4.282405132853127614e-06
4.739135648598456485e-01,2.566972633103895247e-06,1.849217446735881880e-06,6.123211712142869745e-01,2.510507076042036319e-06,5.540730732011670545e-01,1.412664898134133318e-01
2.961886350999656803e-02,1.548632727340441273e-01,1.849217446735881880e-06,5.358355036011854811e-01,2.510507076042036319e-06,2.776764959924638565e-01,9.890921186729785541e-02
3.577726848801236043e-06,2.566972633103895247e-06,1.849217446735881880e-06,6.206337393824720161e-01,2.510507076042036319e-06,3.704558711867581023e-06,4.282405132853127614e-06
3.577726848801236043e-06,2.566972633103895247e-06,1.849217446735881880e-06,7.018609942873681451e-01,2.510507076042036319e-06,3.704558711867581023e-06,4.282405132853127614e-06
2.281288048232149313e-01,2.566972633103895247e-06,1.849217446735881880e-06,8.226171018467652862e-01,2.510507076042036319e-06,6.943235848828104295e-01,4.282405132853127614e-06
3.557638896641330262e-01,2.566972633103895247e-06,1.849217446735881880e-06,6.268693752032854505e-01,2.510507076042036319e-06,3.169439105024651759e-01,4.282405132853127614e-06
5.067447440547977466e-01,2.566972633103895247e-06,1.849217446735881880e-06,5.977070010625655794e-01,2.510507076042036319e-06,4.382781841234767994e-01,4.282405132853127614e-06
4.400827558614758828e-01,1.872832172701535958e-01,1.849217446735881880e-06,5.516958104795547380e-01,2.510507076042036319e-06,7.278513238024559850e-01,2.688450825742902395e-01
3.367050226457315998e-01,2.566972633103895247e-06,1.849217446735881880e-06,6.498113859184584395e-01,2.510507076042036319e-06,5.933751819563728436e-01,1.249525409552615374e-01
3.577726848801236043e-06,2.566972633103895247e-06,1.849217446735881880e-06,6.975545568517937944e-01,2.510507076042036319e-06,3.704558711867581023e-06,4.282405132853127614e-06
1.298789964935757602e-01,1.307928402739795028e-02,1.849217446735881880e-06,7.372435806418005111e-01,2.510507076042036319e-06,3.704558711867581023e-06,4.282405132853127614e-06
5.355252326062523993e-01,2.566972633103895247e-06,1.849217446735881880e-06,7.735072027489101609e-01,2.510507076042036319e-06,4.997607526431817049e-01,4.282405132853127614e-06
3.577726848801236043e-06,7.360007064227216955e-02,1.849217446735881880e-06,5.461549552344925340e-01,2.510507076042036319e-06,3.704558711867581023e-06,4.282405132853127614e-06
6.026921560637876069e-02,2.566972633103895247e-06,1.849217446735881880e-06,6.131401723119336289e-01,2.510507076042036319e-06,1.567014832296594884e-01,4.282405132853127614e-06
3.577726848801236043e-06,2.566972633103895247e-06,1.849217446735881880e-06,6.197823411493218471e-01,2.510507076042036319e-06,3.704558711867581023e-06,4.282405132853127614e-06
3.577726848801236043e-06,2.566972633103895247e-06,1.849217446735881880e-06,5.163024502819268946e-01,2.510507076042036319e-06,1.987385770172221677e-01,4.282405132853127614e-06
3.577726848801236043e-06,2.566972633103895247e-06,1.849217446735881880e-06,6.498032960853221685e-01,2.510507076042036319e-06,3.389935456749348375e-01,4.282405132853127614e-06
5.631538083973405273e-01,2.566972633103895247e-06,1.849217446735881880e-06,6.001352741069845287e-01,2.510507076042036319e-06,4.552838217953874000e-01,4.282405132853127614e-06
3.577726848801236043e-06,2.566972633103895247e-06,1.849217446735881880e-06,6.215958624813044953e-01,2.510507076042036319e-06,3.704558711867581023e-06,4.282405132853127614e-06
8.186790621602554885e-02,2.566972633103895247e-06,1.849217446735881880e-06,8.840420707613924067e-01,2.510507076042036319e-06,5.919091356938448456e-01,4.282405132853127614e-06
3.577726848801236043e-06,2.566972633103895247e-06,1.849217446735881880e-06,6.204736816558421575e-01,2.510507076042036319e-06,3.704558711867581023e-06,4.282405132853127614e-06
3.577726848801236043e-06,2.566972633103895247e-06,1.849217446735881880e-06,8.985773839415148734e-01,2.510507076042036319e-06,1.679837788940690968e-01,4.282405132853127614e-06
3.687404187326672744e-01,2.566972633103895247e-06,1.849217446735881880e-06,7.911264812900304921e-01,2.510507076042036319e-06,3.859087672851407302e-01,4.282405132853127614e-06
2.315610231974253308e-01,2.566972633103895247e-06,1.849217446735881880e-06,6.618700760701374808e-01,2.510507076042036319e-06,1.646145908558339921e-01,4.282405132853127614e-06
2.368481857306503069e-01,2.566972633103895247e-06,1.849217446735881880e-06,5.261712150430372104e-01,2.510507076042036319e-06,3.704558711867581023e-06,4.282405132853127614e-06
3.577726848801236043e-06,2.566972633103895247e-06,1.849217446735881880e-06,6.135498807770292107e-01,2.510507076042036319e-06,3.704558711867581023e-06,4.282405132853127614e-06
3.577726848801236043e-06,2.566972633103895247e-06,1.849217446735881880e-06,6.190200444895458398e-01,2.510507076042036319e-06,3.704558711867581023e-06,4.282405132853127614e-06
3.577726848801236043e-06,2.566972633103895247e-06,1.849217446735881880e-06,8.245590398290459921e-01,2.510507076042036319e-06,3.704558711867581023e-06,4.282405132853127614e-06
3.577726848801236043e-06,2.566972633103895247e-06,1.849217446735881880e-06,6.100835762929481820e-01,2.510507076042036319e-06,3.704558711867581023e-06,4.282405132853127614e-06
3.577726848801236043e-06,2.566972633103895247e-06,1.849217446735881880e-06,6.159374400350569045e-01,2.510507076042036319e-06,3.704558711867581023e-06,4.282405132853127614e-06
3.577726848801236043e-06,2.566972633103895247e-06,1.849217446735881880e-06,6.157051030516211831e-01,2.510507076042036319e-06,3.704558711867581023e-06,4.282405132853127614e-06
3.577726848801236043e-06,2.566972633103895247e-06,1.849217446735881880e-06,3.086014032624942019e-06,2.510507076042036319e-06,5.142474581722541460e-01,4.282405132853127614e-06
3.577726848801236043e-06,2.566972633103895247e-06,1.849217446735881880e-06,3.086014032624942019e-06,2.510507076042036319e-06,7.019627119246641955e-01,4.282405132853127614e-06
3.577726848801236043e-06,2.566972633103895247e-06,1.849217446735881880e-06,3.086014032624942019e-06,2.510507076042036319e-06,5.522041578830886310e-01,1.445247460921935678e-01
3.577726848801236043e-06,2.566972633103895247e-06,1.849217446735881880e-06,3.086014032624942019e-06,2.510507076042036319e-06,5.100795748247537453e-01,4.282405132853127614e-06
2.254007657091371131e-01,2.566972633103895247e-06,1.849217446735881880e-06,3.534343383023054175e-01,2.510507076042036319e-06,8.441525669427409895e-01,1.514545641261336728e-01
2.031647531440601284e-01,2.566972633103895247e-06,1.849217446735881880e-06,5.601132440548420854e-01,2.510507076042036319e-06,3.704558711867581023e-06,9.692382265834818822e-02
3.577726848801236043e-06,2.566972633103895247e-06,1.849217446735881880e-06,6.234015964038196467e-01,2.510507076042036319e-06,3.704558711867581023e-06,4.282405132853127614e-06
2.321236778886406893e-01,2.566972633103895247e-06,1.849217446735881880e-06,6.734758111721049767e-01,2.510507076042036319e-06,3.704558711867581023e-06,4.282405132853127614e-06
2.896188217593484437e-01,2.566972633103895247e-06,1.849217446735881880e-06,6.000538465342021288e-01,2.510507076042036319e-06,8.814398626326190866e-01,1.496698617260142083e-01
3.577726848801236043e-06,2.566972633103895247e-06,1.849217446735881880e-06,6.148728331155126625e-01,2.510507076042036319e-06,6.330302104493141790e-01,3.023232402486807913e-01
3.577726848801236043e-06,2.566972633103895247e-06,1.849217446735881880e-06,6.200182316108642233e-01,2.510507076042036319e-06,3.704558711867581023e-06,4.282405132853127614e-06
1.826723421739974429e-01,2.566972633103895247e-06,1.849217446735881880e-06,5.969497321962807801e-01,2.510507076042036319e-06,1.128491917306383568e-01,4.282405132853127614e-06
3.577726848801236043e-06,2.566972633103895247e-06,1.849217446735881880e-06,6.192533265469462034e-01,2.510507076042036319e-06,3.704558711867581023e-06,4.282405132853127614e-06
3.577726848801236043e-06,2.566972633103895247e-06,1.849217446735881880e-06,5.198224349671922706e-01,2.510507076042036319e-06,3.100325829639457575e-01,9.913811031380666272e-02
3.577726848801236043e-06,2.566972633103895247e-06,1.849217446735881880e-06,6.197636286848244858e-01,2.510507076042036319e-06,3.704558711867581023e-06,4.282405132853127614e-06
3.577726848801236043e-06,2.566972633103895247e-06,1.849217446735881880e-06,6.741153616253700021e-01,2.510507076042036319e-06,1.834166367715754919e-01,4.282405132853127614e-06
7.949710522837852289e-02,2.566972633103895247e-06,1.849217446735881880e-06,6.159550940167139998e-01,2.510507076042036319e-06,8.169506674341154850e-01,4.282405132853127614e-06
2.244152703569408103e-01,2.566972633103895247e-06,1.849217446735881880e-06,6.357313715714795199e-01,2.510507076042036319e-06,8.585555904721442477e-01,4.282405132853127614e-06
3.577726848801236043e-06,2.566972633103895247e-06,1.849217446735881880e-06,6.186718414380608655e-01,2.510507076042036319e-06,3.704558711867581023e-06,4.282405132853127614e-06
3.577726848801236043e-06,3.821679632442274988e-02,1.849217446735881880e-06,8.801739964335176802e-01,2.510507076042036319e-06,3.704558711867581023e-06,4.282405132853127614e-06
3.680272141302738942e-01,1.515432741365883851e-01,1.849217446735881880e-06,7.278320804676801092e-01,2.510507076042036319e-06,9.074248387510237546e-01,4.282405132853127614e-06
3.577726848801236043e-06,2.566972633103895247e-06,1.849217446735881880e-06,5.614608817252786377e-01,2.510507076042036319e-06,3.704558711867581023e-06,4.282405132853127614e-06
2.318054276652803392e-01,1.733988956746762844e-01,1.849217446735881880e-06,5.206079804464952554e-01,2.510507076042036319e-06,5.846093625500285995e-01,4.282405132853127614e-06
3.577726848801236043e-06,2.566972633103895247e-06,1.849217446735881880e-06,7.923414683788080337e-01,2.510507076042036319e-06,3.704558711867581023e-06,4.282405132853127614e-06
3.577726848801236043e-06,2.566972633103895247e-06,1.849217446735881880e-06,9.293719764248653536e-01,2.510507076042036319e-06,1.518331139756112225e-01,4.282405132853127614e-06
2.253306336231405971e-01,2.566972633103895247e-06,1.849217446735881880e-06,6.377316773218085766e-01,2.510507076042036319e-06,1.172345053421860878e-01,4.282405132853127614e-06
3.577726848801236043e-06,2.566972633103895247e-06,1.849217446735881880e-06,6.698587484892047916e-01,2.510507076042036319e-06,1.791076634935769019e-01,4.282405132853127614e-06
4.227418998791099281e-01,2.566972633103895247e-06,1.849217446735881880e-06,5.979976302081324580e-01,2.510507076042036319e-06,5.301421003516618713e-01,4.282405132853127614e-06
3.743330249562192291e-01,2.566972633103895247e-06,1.849217446735881880e-06,5.990602335708720139e-01,2.510507076042036319e-06,5.319081024030664073e-01,4.282405132853127614e-06
3.577726848801236043e-06,2.566972633103895247e-06,1.849217446735881880e-06,6.232136022907988071e-01,2.510507076042036319e-06,3.704558711867581023e-06,4.282405132853127614e-06
3.577726848801236043e-06,2.566972633103895247e-06,1.849217446735881880e-06,5.617624737288339221e-01,2.510507076042036319e-06,3.704558711867581023e-06,4.282405132853127614e-06
3.577726848801236043e-06,2.566972633103895247e-06,1.849217446735881880e-06,5.211550270601138513e-01,2.510507076042036319e-06,1.628757334779247501e-01,4.282405132853127614e-06
3.577726848801236043e-06,2.566972633103895247e-06,1.849217446735881880e-06,7.124514175277802952e-01,2.510507076042036319e-06,1.856986085190770464e-01,4.282405132853127614e-06
3.577726848801236043e-06,2.566972633103895247e-06,1.849217446735881880e-06,6.235247584428749157e-01,2.510507076042036319e-06,3.704558711867581023e-06,4.282405132853127614e-06
3.577726848801236043e-06,2.566972633103895247e-06,1.849217446735881880e-06,5.939501808417932960e-01,2.510507076042036319e-06,1.525163177300535022e-01,4.282405132853127614e-06
3.577726848801236043e-06,2.566972633103895247e-06,1.849217446735881880e-06,6.190577340392506844e-01,2.510507076042036319e-06,3.704558711867581023e-06,4.282405132853127614e-06
3.577726848801236043e-06,2.566972633103895247e-06,1.849217446735881880e-06,6.179976634747360587e-01,2.510507076042036319e-06,3.704558711867581023e-06,4.282405132853127614e-06
2.167374724648286344e-01,9.791095871923935490e-03,1.849217446735881880e-06,7.935237937113719386e-01,2.510507076042036319e-06,6.162004609059008181e-02,4.282405132853127614e-06
2.084511729433833338e-01,2.566972633103895247e-06,1.849217446735881880e-06,8.029386205458475256e-01,2.510507076042036319e-06,2.457547757733022364e-01,4.282405132853127614e-06
3.577726848801236043e-06,2.566972633103895247e-06,1.849217446735881880e-06,3.086014032624942019e-06,2.510507076042036319e-06,5.700686535441510383e-01,4.282405132853127614e-06
3.577726848801236043e-06,2.566972633103895247e-06,1.849217446735881880e-06,6.253924514145035030e-01,2.510507076042036319e-06,3.704558711867581023e-06,4.282405132853127614e-06
3.577726848801236043e-06,2.566972633103895247e-06,1.849217446735881880e-06,6.211746241138419444e-01,2.510507076042036319e-06,3.704558711867581023e-06,4.282405132853127614e-06
3.577726848801236043e-06,2.566972633103895247e-06,1.849217446735881880e-06,6.145078077474592781e-01,2.510507076042036319e-06,3.704558711867581023e-06,4.282405132853127614e-06
3.577726848801236043e-06,2.566972633103895247e-06,1.849217446735881880e-06,6.205303104877957221e-01,2.510507076042036319e-06,3.704558711867581023e-06,4.282405132853127614e-06
3.577726848801236043e-06,2.566972633103895247e-06,1.849217446735881880e-06,6.159068196386067173e-01,2.510507076042036319e-06,6.587927795636290274e-01,4.282405132853127614e-06
7.078086405970968054e-02,2.566972633103895247e-06,1.849217446735881880e-06,8.154588848217946273e-01,2.510507076042036319e-06,6.648379464291747087e-01,4.282405132853127614e-06
3.577726848801236043e-06,2.566972633103895247e-06,1.849217446735881880e-06,6.196391813451774810e-01,2.510507076042036319e-06,3.704558711867581023e-06,4.282405132853127614e-06
3.577726848801236043e-06,2.566972633103895247e-06,1.849217446735881880e-06,7.961557112936641367e-01,2.510507076042036319e-06,3.704558711867581023e-06,4.282405132853127614e-06
3.577726848801236043e-06,2.566972633103895247e-06,1.849217446735881880e-06,5.123750631120393972e-01,2.510507076042036319e-06,2.894505273577247517e-01,9.731605567472759177e-02
3.577726848801236043e-06,2.566972633103895247e-06,1.849217446735881880e-06,6.189059551605499143e-01,2.510507076042036319e-06,3.704558711867581023e-06,4.282405132853127614e-06
3.577726848801236043e-06,2.566972633103895247e-06,1.849217446735881880e-06,6.218986263765757805e-01,2.510507076042036319e-06,3.704558711867581023e-06,4.282405132853127614e-06
3.577726848801236043e-06,2.566972633103895247e-06,1.849217446735881880e-06,8.336788523747591384e-01,2.510507076042036319e-06,3.496094909317299382e-01,4.282405132853127614e-06
2.471843407926024028e-01,2.566972633103895247e-06,1.849217446735881880e-06,6.340421841702681416e-01,2.510507076042036319e-06,3.074353223903612542e-01,4.282405132853127614e-06
3.577726848801236043e-06,2.566972633103895247e-06,1.849217446735881880e-06,5.665415993584989041e-01,2.510507076042036319e-06,3.704558711867581023e-06,4.282405132853127614e-06
3.577726848801236043e-06,2.566972633103895247e-06,1.849217446735881880e-06,9.308952088379083278e-01,2.510507076042036319e-06,1.532606457277324585e-01,4.282405132853127614e-06
2.369013474723459800e-01,2.566972633103895247e-06,1.849217446735881880e-06,6.363430990472292992e-01,2.510507076042036319e-06,2.951314696191200682e-01,4.282405132853127614e-06
3.577726848801236043e-06,2.566972633103895247e-06,1.849217446735881880e-06,6.968266230813675577e-01,2.510507076042036319e-06,3.704558711867581023e-06,4.282405132853127614e-06
3.577726848801236043e-06,2.566972633103895247e-06,1.849217446735881880e-06,5.168239042925864002e-01,2.510507076042036319e-06,1.979538633588333041e-01,4.282405132853127614e-06
3.577726848801236043e-06,2.566972633103895247e-06,1.849217446735881880e-06,6.120913292261175309e-01,2.510507076042036319e-06,1.272213022977413954e-01,4.282405132853127614e-06
3.577726848801236043e-06,2.566972633103895247e-06,1.849217446735881880e-06,7.996758471907638999e-01,2.510507076042036319e-06,3.704558711867581023e-06,4.282405132853127614e-06
3.577726848801236043e-06,2.566972633103895247e-06,1.849217446735881880e-06,7.032598549666811971e-01,2.510507076042036319e-06,1.544054128843875551e-01,4.282405132853127614e-06
2.098773795843787149e-01,2.566972633103895247e-06,1.849217446735881880e-06,8.031907662795795266e-01,2.510507076042036319e-06,2.465622810819115829e-01,4.282405132853127614e-06
3.577726848801236043e-06,2.566972633103895247e-06,1.849217446735881880e-06,5.918332151612848424e-01,2.510507076042036319e-06,1.520490889005339241e-01,4.282405132853127614e-06
3.577726848801236043e-06,2.566972633103895247e-06,1.849217446735881880e-06,3.086014032624942019e-06,2.510507076042036319e-06,5.181234420724610823e-01,4.282405132853127614e-06
3.577726848801236043e-06,2.566972633103895247e-06,1.849217446735881880e-06,3.086014032624942019e-06,2.510507076042036319e-06,5.052777873356597560e-01,4.282405132853127614e-06
3.577726848801236043e-06,2.566972633103895247e-06,1.849217446735881880e-06,6.228309985470055210e-01,2.510507076042036319e-06,3.704558711867581023e-06,4.282405132853127614e-06
7.542434075839163365e-02,2.566972633103895247e-06,1.849217446735881880e-06,6.592356634925790049e-01,2.510507076042036319e-06,3.147281047087393535e-01,4.282405132853127614e-06
3.577726848801236043e-06,2.566972633103895247e-06,1.849217446735881880e-06,6.167765523066685018e-01,2.510507076042036319e-06,3.704558711867581023e-06,4.282405132853127614e-06
3.577726848801236043e-06,2.566972633103895247e-06,1.849217446735881880e-06,7.665827592198013463e-01,2.510507076042036319e-06,3.184870377622040505e-01,4.282405132853127614e-06
2.106859917325163978e-01,2.566972633103895247e-06,1.849217446735881880e-06,5.910167468618630071e-01,2.510507076042036319e-06,7.912250665323873611e-02,4.282405132853127614e-06
3.577726848801236043e-06,2.566972633103895247e-06,1.849217446735881880e-06,6.152836000634485103e-01,2.510507076042036319e-06,3.704558711867581023e-06,4.282405132853127614e-06
3.577726848801236043e-06,2.566972633103895247e-06,1.849217446735881880e-06,6.212888268517137158e-01,2.510507076042036319e-06,3.704558711867581023e-06,4.282405132853127614e-06
3.577726848801236043e-06,2.566972633103895247e-06,1.849217446735881880e-06,6.120805553829220536e-01,2.510507076042036319e-06,3.704558711867581023e-06,4.282405132853127614e-06
2.312818902928910347e-01,2.566972633103895247e-06,1.849217446735881880e-06,8.525242320744796931e-01,2.510507076042036319e-06,2.861720381327957363e-01,4.282405132853127614e-06
3.577726848801236043e-06,2.566972633103895247e-06,1.849217446735881880e-06,6.150352724285331751e-01,2.510507076042036319e-06,3.704558711867581023e-06,4.282405132853127614e-06
3.577726848801236043e-06,2.566972633103895247e-06,1.849217446735881880e-06,7.959282130889265838e-01,2.510507076042036319e-06,3.704558711867581023e-06,4.282405132853127614e-06
1.348195161120139818e-01,2.566972633103895247e-06,1.849217446735881880e-06,5.973167989240975029e-01,2.510507076042036319e-06,1.285894120336378843e-01,4.282405132853127614e-06
3.577726848801236043e-06,2.566972633103895247e-06,1.849217446735881880e-06,6.163272641439391242e-01,2.510507076042036319e-06,3.704558711867581023e-06,4.282405132853127614e-06
1.493872625367180518e-01,2.566972633103895247e-06,1.849217446735881880e-06,3.086014032624942019e-06,2.510507076042036319e-06,5.152671311346832539e-01,4.282405132853127614e-06
3.577726848801236043e-06,2.566972633103895247e-06,1.849217446735881880e-06,6.145955106113660804e-01,2.510507076042036319e-06,3.704558711867581023e-06,4.282405132853127614e-06
3.577726848801236043e-06,2.566972633103895247e-06,1.849217446735881880e-06,6.165685982315171065e-01,2.510507076042036319e-06,3.704558711867581023e-06,4.282405132853127614e-06
3.577726848801236043e-06,2.566972633103895247e-06,1.849217446735881880e-06,6.094902966609856421e-01,2.510507076042036319e-06,1.263862235103590526e-01,4.282405132853127614e-06
3.577726848801236043e-06,2.566972633103895247e-06,1.849217446735881880e-06,6.061910434508718248e-01,2.510507076042036319e-06,2.396635318315411822e-01,4.282405132853127614e-06
3.577726848801236043e-06,2.566972633103895247e-06,1.849217446735881880e-06,6.109742896030220249e-01,2.510507076042036319e-06,3.704558711867581023e-06,4.282405132853127614e-06
3.577726848801236043e-06,2.566972633103895247e-06,1.849217446735881880e-06,6.076217342213097172e-01,2.510507076042036319e-06,1.268437717358796568e-01,4.282405132853127614e-06
3.577726848801236043e-06,2.566972633103895247e-06,1.849217446735881880e-06,6.107750680113027686e-01,2.510507076042036319e-06,3.704558711867581023e-06,4.282405132853127614e-06
3.577726848801236043e-06,2.566972633103895247e-06,1.849217446735881880e-06,3.086014032624942019e-06,2.510507076042036319e-06,5.076248335325934669e-01,4.282405132853127614e-06
1.473077989220365203e-01,2.566972633103895247e-06,1.849217446735881880e-06,1.192931047101125491e-01,2.510507076042036319e-06,5.063772960443571058e-01,4.282405132853127614e-06
4.186134697538949068e-01,2.566972633103895247e-06,1.849217446735881880e-06,3.086014032624942019e-06,2.510507076042036319e-06,5.732249202708052938e-01,5.259138883584136420e-02
3.577726848801236043e-06,2.566972633103895247e-06,1.849217446735881880e-06,3.086014032624942019e-06,2.510507076042036319e-06,6.243046207744877840e-01,4.282405132853127614e-06
3.577726848801236043e-06,2.566972633103895247e-06,1.849217446735881880e-06,3.086014032624942019e-06,2.510507076042036319e-06,6.970059308187914748e-01,4.282405132853127614e-06
1.407101837010511225e-01,2.566972633103895247e-06,1.849217446735881880e-06,3.086014032624942019e-06,2.510507076042036319e-06,6.329039078038506405e-01,4.282405132853127614e-06
3.577726848801236043e-06,2.566972633103895247e-06,1.849217446735881880e-06,3.086014032624942019e-06,2.510507076042036319e-06,5.063510479637154393e-01,4.282405132853127614e-06
3.577726848801236043e-06,2.566972633103895247e-06,1.849217446735881880e-06,3.086014032624942019e-06,2.510507076042036319e-06,5.067030841026965993e-01,4.282405132853127614e-06
3.427256461604888393e-01,2.566972633103895247e-06,1.849217446735881880e-06,5.744910323065596236e-01,2.510507076042036319e-06,6.616032473189794594e-01,4.282405132853127614e-06
3.577726848801236043e-06,2.566972633103895247e-06,1.849217446735881880e-06,3.086014032624942019e-06,2.510507076042036319e-06,6.439344947701868271e-01,4.282405132853127614e-06
5.818592241068557547e-01,2.566972633103895247e-06,1.849217446735881880e-06,3.926941094976304503e-01,2.510507076042036319e-06,5.085618640232996146e-01,3.529364365654233393e-01
6.782576218902857113e-01,2.566972633103895247e-06,1.849217446735881880e-06,2.367205767098391478e-01,6.158720466042076624e-02,3.360566453331276238e-01,3.986947773487556912e-01
6.619806309402956890e-01,5.269386559228077527e-01,1.874362827136355214e-01,3.086014032624942019e-06,1.725421434129438547e-01,6.368287495175291024e-01,6.256715197942788187e-01
3.577726848801236043e-06,2.566972633103895247e-06,1.849217446735881880e-06,3.086014032624942019e-06,7.004229555958811637e-02,2.529679042628026342e-01,5.825177596054990081e-01
5.426092034903632344e-01,2.448503051425236499e-01,1.849217446735881880e-06,3.086014032624942019e-06,3.445079891478387002e-01,6.410189307394754676e-01,7.095494192742890505e-01
9.818451526754805314e-02,3.258295068769241909e-01,1.849217446735881880e-06,2.831456907878272533e-01,6.347050087882799910e-03,7.069988609892293718e-01,3.542197095043297383e-01
6.289221301572290868e-01,2.566972633103895247e-06,1.324055149640424311e-01,2.279843696863216307e-01,5.425362893896794603e-01,4.642378477363915401e-01,7.240894166744320515e-01
6.615011849531654553e-01,5.502846293231991037e-01,1.849217446735881880e-06,5.056389539225786267e-01,2.409334124173879987e-01,6.271100468192991606e-01,6.912709159502081757e-01
6.471729477046911372e-01,2.566972633103895247e-06,1.849217446735881880e-06,5.844063325096824357e-01,2.510507076042036319e-06,7.979322957527694715e-01,4.598463814598668931e-01
6.689803352871885878e-01,2.566972633103895247e-06,1.849217446735881880e-06,3.200785197692084250e-01,2.510507076042036319e-06,7.759802722544482112e-01,5.711579552953435224e-01
3.073122512741712775e-01,2.566972633103895247e-06,1.849217446735881880e-06,5.400134109775860392e-01,2.510507076042036319e-06,3.704558711867581023e-06,4.282405132853127614e-06
1.064193860930684327e-01,2.566972633103895247e-06,4.127403378680657986e-02,3.086014032624942019e-06,5.023646728050189941e-02,8.095391450360824859e-01,4.966658889998507576e-01
3.577726848801236043e-06,2.566972633103895247e-06,1.849217446735881880e-06,2.082371815081838218e-01,2.510507076042036319e-06,3.704558711867581023e-06,5.957129843836200811e-01
3.577726848801236043e-06,2.566972633103895247e-06,1.849217446735881880e-06,2.086969599919192286e-01,8.616485885862969207e-02,3.704558711867581023e-06,6.695990410834447015e-01
6.725870511141368580e-01,5.453000008518277264e-01,3.417619452249276435e-01,5.477825994191348746e-01,4.717338583278069541e-01,5.993889550779433195e-01,6.133730554827749870e-01
6.265602363496312055e-01,5.549946423997452749e-01,5.238273193283831120e-01,5.356233912005902154e-01,4.470347102041131726e-01,5.839216108608216160e-01,6.105013730226011015e-01
2.912732052577997610e-01,2.073518082222771119e-01,2.173480490607537785e-02,3.086014032624942019e-06,2.510507076042036319e-06,7.611296279914105956e-01,4.571148446616158378e-01
2.944945547251740514e-01,4.025781953098365173e-01,1.849217446735881880e-06,3.086014032624942019e-06,2.510507076042036319e-06,7.571651282865845545e-01,3.268344987395478962e-01
3.469741741069097274e-01,2.566972633103895247e-06,1.849217446735881880e-06,2.124709994603249663e-01,1.259397591059766564e-01,7.561393740856701962e-02,7.648761292093312347e-01
3.577726848801236043e-06,2.566972633103895247e-06,1.849217446735881880e-06,2.096173108215202974e-01,8.733726346630628357e-02,3.444456878353712170e-01,8.530950167957014330e-01
4.077774322689701192e-01,2.566972633103895247e-06,1.849217446735881880e-06,3.086014032624942019e-06,3.788615663569476211e-01,4.802766724419374467e-01,7.825729467525621708e-01
6.284015862275347253e-01,5.142285937175922195e-01,4.517326407815540068e-01,5.513479854576555095e-01,4.631601292715170626e-01,5.864964696071655048e-01,6.214746955336261092e-01
6.704178629934138822e-01,2.566972633103895247e-06,1.849217446735881880e-06,3.226666237225057077e-01,2.510507076042036319e-06,7.707601787198026244e-01,5.696432533743388538e-01
3.577726848801236043e-06,2.566972633103895247e-06,1.849217446735881880e-06,3.086014032624942019e-06,2.510507076042036319e-06,7.489989605760065672e-01,4.282405132853127614e-06
2.641527719909553817e-01,2.566972633103895247e-06,1.849217446735881880e-06,2.110838387966925134e-01,1.368531050715064978e-01,3.704558711867581023e-06,6.504204032452938211e-01
4.589006619964759448e-01,2.566972633103895247e-06,5.331898686521009678e-02,3.086014032624942019e-06,1.356331787877631534e-01,2.329874754554457916e-01,7.983612190175791712e-01
1.853170938091823761e-01,2.566972633103895247e-06,1.849217446735881880e-06,3.086014032624942019e-06,2.510507076042036319e-06,2.497231217315292184e-01,5.352973520414244790e-01
3.577726848801236043e-06,2.566972633103895247e-06,1.849217446735881880e-06,3.086014032624942019e-06,2.510507076042036319e-06,5.068242930612236741e-01,4.282405132853127614e-06
6.675795391484686814e-01,5.713997550301913586e-01,1.949817697431382724e-01,3.086014032624942019e-06,2.126052528749678150e-01,6.209015701134051879e-01,6.149794701481765546e-01
6.491539315561256629e-01,5.946323164821336604e-01,4.328520149558996444e-01,3.086014032624942019e-06,1.238059024203874564e-01,5.979208817359201733e-01,6.187441709496109832e-01
6.590674035067123349e-01,5.060495617148204062e-01,4.813084783627064045e-01,3.086014032624942019e-06,1.220483430264430874e-01,6.003538449176075709e-01,6.262925285645323248e-01
3.577726848801236043e-06,2.566972633103895247e-06,1.849217446735881880e-06,3.086014032624942019e-06,2.510507076042036319e-06,7.001874060981412295e-01,4.282405132853127614e-06
3.577726848801236043e-06,2.566972633103895247e-06,1.849217446735881880e-06,3.086014032624942019e-06,2.510507076042036319e-06,5.090497144884519320e-01,4.282405132853127614e-06
5.734966255573205052e-01,2.566972633103895247e-06,1.849217446735881880e-06,3.086014032624942019e-06,2.510507076042036319e-06,3.350872335468974006e-01,1.998799053818940130e-01
6.447357451808723994e-01,6.877488253196483159e-01,2.294649041211109797e-01,3.086014032624942019e-06,2.510507076042036319e-06,3.031583665731056865e-01,2.062237280561922403e-01
3.577726848801236043e-06,2.566972633103895247e-06,1.849217446735881880e-06,3.086014032624942019e-06,2.510507076042036319e-06,6.441696879680149923e-01,4.282405132853127614e-06
4.837360181468348119e-01,2.566972633103895247e-06,6.520600286051218830e-02,3.086014032624942019e-06,2.510507076042036319e-06,3.636532016265285883e-01,7.239876431339944407e-01
8.913959184026233606e-02,1.997350815743915986e-01,2.869137794110180328e-01,3.086014032624942019e-06,4.147279038394567630e-02,5.242773435611794985e-01,3.918867470912796858e-01
3.577726848801236043e-06,2.394876688277998433e-02,1.849217446735881880e-06,3.086014032624942019e-06,2.510507076042036319e-06,5.029915015471814188e-01,4.282405132853127614e-06
3.577726848801236043e-06,2.566972633103895247e-06,1.849217446735881880e-06,3.086014032624942019e-06,2.510507076042036319e-06,5.168942002760777976e-01,4.282405132853127614e-06
3.577726848801236043e-06,1.109387879561067047e-01,1.849217446735881880e-06,3.086014032624942019e-06,2.510507076042036319e-06,6.535977906288842343e-01,4.282405132853127614e-06
3.577726848801236043e-06,2.566972633103895247e-06,1.849217446735881880e-06,3.086014032624942019e-06,2.510507076042036319e-06,5.165878513903322533e-01,4.282405132853127614e-06
3.577726848801236043e-06,2.566972633103895247e-06,1.849217446735881880e-06,3.086014032624942019e-06,2.510507076042036319e-06,5.153637032808853213e-01,4.282405132853127614e-06
