,NMF1,NMF2,NMF3,NMF4,NMF5,NMF6,NMF7,Class
C34 H29 O12 S1 N2 P1,3.577726848801236e-06,0.1109387879561067,1.8492174467358817e-06,3.086014032624942e-06,2.5105070760420363e-06,0.6535977906288842,4.282405132853128e-06,lignin
C35 H28 O20,3.577726848801236e-06,2.5669726331038952e-06,1.8492174467358817e-06,3.086014032624942e-06,2.5105070760420363e-06,0.570068653544151,4.282405132853128e-06,lignin
C36 H30 O20,3.577726848801236e-06,2.5669726331038952e-06,1.8492174467358817e-06,3.086014032624942e-06,2.5105070760420363e-06,0.5181234420724611,4.282405132853128e-06,lignin
C34 H28 O16,3.577726848801236e-06,2.5669726331038952e-06,1.8492174467358817e-06,3.086014032624942e-06,2.5105070760420363e-06,0.5100795748247537,4.282405132853128e-06,lignin
C36 H32 O19,3.577726848801236e-06,2.5669726331038952e-06,1.8492174467358817e-06,3.086014032624942e-06,2.5105070760420363e-06,0.5052777873356598,4.282405132853128e-06,lignin
C31 H26 O15,0.2875060814151592,2.5669726331038952e-06,1.8492174467358817e-06,3.086014032624942e-06,2.5105070760420363e-06,0.5314380798421914,0.1260315383257743,lignin
C37 H35 O10 S1 N2 P1,0.149387262536718,2.5669726331038952e-06,1.8492174467358817e-06,3.086014032624942e-06,2.5105070760420363e-06,0.5152671311346833,4.282405132853128e-06,lignin
C33 H32 O19,0.1066709253077979,2.5669726331038952e-06,1.8492174467358817e-06,3.086014032624942e-06,2.5105070760420363e-06,0.6426465716212405,0.1679426905157428,lignin
C31 H26 O14,0.2284591638598827,2.5669726331038952e-06,1.8492174467358817e-06,3.086014032624942e-06,2.5105070760420363e-06,0.7346369464240811,4.282405132853128e-06,lignin
C32 H26 O15,0.2512736310919035,2.5669726331038952e-06,1.8492174467358817e-06,3.086014032624942e-06,2.5105070760420363e-06,0.8826897910351318,4.282405132853128e-06,lignin
C32 H30 O15,0.358421571621335,2.5669726331038952e-06,1.8492174467358817e-06,3.086014032624942e-06,2.5105070760420363e-06,0.8108601251737181,4.282405132853128e-06,lignin
C29 H24 O13,0.4310635355286086,2.5669726331038952e-06,1.8492174467358817e-06,3.086014032624942e-06,2.5105070760420363e-06,0.7014749134359091,4.282405132853128e-06,lignin
C33 H32 O15,0.5284240663069614,2.5669726331038952e-06,1.8492174467358817e-06,3.086014032624942e-06,2.5105070760420363e-06,0.7969603890994684,4.282405132853128e-06,lignin
C28 H34 O18,0.3672212803256001,0.1611893070262515,1.8492174467358817e-06,3.086014032624942e-06,2.5105070760420363e-06,0.6234284026686345,4.282405132853128e-06,lignin
C28 H36 O17,0.336121548898179,0.2261707134096901,1.8492174467358817e-06,3.086014032624942e-06,2.5105070760420363e-06,0.7014974192159443,0.099134299173843,lignin
C32 H36 O18,0.3632130155428547,0.1451081489406928,1.8492174467358817e-06,3.086014032624942e-06,2.5105070760420363e-06,0.6289416950605062,0.2453981980255442,lignin
C28 H26 O11,0.4130247347494673,2.5669726331038952e-06,1.8492174467358817e-06,0.2297313956141612,2.5105070760420363e-06,0.8236580136013916,4.282405132853128e-06,lignin
C27 H22 O11,0.4227684132286939,2.5669726331038952e-06,1.8492174467358817e-06,0.226691168276241,2.5105070760420363e-06,0.7008948048655314,0.1217815881543206,lignin
C32 H42 O15,0.3586657060041348,2.5669726331038952e-06,1.8492174467358817e-06,0.3434612751784715,2.5105070760420363e-06,0.6124045206575514,4.282405132853128e-06,lignin
C29 H26 O12,0.3303962858983551,2.5669726331038952e-06,1.8492174467358817e-06,0.2280848688517079,2.5105070760420363e-06,0.5760572700894233,4.282405132853128e-06,lignin
C24 H20 O9,0.4916774190528081,2.5669726331038952e-06,1.8492174467358817e-06,0.2246138389978042,2.5105070760420363e-06,0.54712653165347,4.282405132853128e-06,lignin
C34 H32 O16,0.2254007657091371,2.5669726331038952e-06,1.8492174467358817e-06,0.3534343383023054,2.5105070760420363e-06,0.844152566942741,0.1514545641261336,lignin
C30 H34 O13,0.3008336535341709,2.5669726331038952e-06,1.8492174467358817e-06,0.4307160606171953,2.5105070760420363e-06,0.7326931850938762,4.282405132853128e-06,lignin
C22 H22 O7,0.3954097874502638,2.5669726331038952e-06,1.8492174467358817e-06,0.4524798665222896,2.5105070760420363e-06,0.7722491465735444,0.0130517903784681,lignin
C15 H22 O7 S1,0.149269550466833,2.5669726331038952e-06,0.033168131609426,0.3692014230848152,2.5105070760420363e-06,0.6089307301197298,4.282405132853128e-06,lignin
C34 H42 O17,0.2318054276652803,0.1733988956746762,1.8492174467358817e-06,0.5206079804464953,2.5105070760420363e-06,0.5846093625500286,4.282405132853128e-06,lignin
C31 H42 O15,0.5240350041034922,2.5669726331038952e-06,1.8492174467358817e-06,0.8272906816160734,2.5105070760420363e-06,0.2935963467245669,4.282405132853128e-06,lignin
C31 H38 O12,0.4910628405097333,2.5669726331038952e-06,1.8492174467358817e-06,0.8251822594042042,2.5105070760420363e-06,0.441650672662941,4.282405132853128e-06,lignin
C33 H42 O15,0.5355252326062524,2.5669726331038952e-06,1.8492174467358817e-06,0.7735072027489102,2.5105070760420363e-06,0.4997607526431817,4.282405132853128e-06,lignin
C30 H44 O13,0.6131186883373312,2.5669726331038952e-06,1.8492174467358817e-06,0.8204128113319359,2.5105070760420363e-06,0.5016628289027439,0.1125196668625045,lignin
C31 H44 O14,0.7024518861479857,2.5669726331038952e-06,1.8492174467358817e-06,0.8115332743909603,2.5105070760420363e-06,0.4386643687554906,4.282405132853128e-06,lignin
C14 H12 O4,0.510253283964186,2.5669726331038952e-06,1.8492174467358817e-06,0.4567373113235435,2.5105070760420363e-06,0.3961994442475694,4.282405132853128e-06,lignin
C31 H30 O13,0.5289966016097789,2.5669726331038952e-06,1.8492174467358817e-06,0.4850358878606988,2.5105070760420363e-06,0.2998741079680753,4.282405132853128e-06,lignin
C30 H30 O12,0.5537463858118199,2.5669726331038952e-06,1.8492174467358817e-06,0.6035675559283431,2.5105070760420363e-06,0.3394931687940779,4.282405132853128e-06,lignin
C30 H32 O12,0.4623506384630648,2.5669726331038952e-06,1.8492174467358817e-06,0.6436392212651018,2.5105070760420363e-06,0.371381780048153,4.282405132853128e-06,lignin
C19 H20 O5,0.5149093252447061,2.5669726331038952e-06,1.8492174467358817e-06,0.6356708868377507,2.5105070760420363e-06,0.4422311970444973,4.282405132853128e-06,lignin
C33 H40 O15,0.5067447440547977,2.5669726331038952e-06,1.8492174467358817e-06,0.5977070010625656,2.5105070760420363e-06,0.4382781841234768,4.282405132853128e-06,lignin
C33 H44 O14,0.5631538083973405,2.5669726331038952e-06,1.8492174467358817e-06,0.6001352741069845,2.5105070760420363e-06,0.4552838217953874,4.282405132853128e-06,lignin
C29 H42 O14,0.5699443318689922,2.5669726331038952e-06,1.8492174467358817e-06,0.5955670133802816,2.5105070760420363e-06,0.4350190820947444,4.282405132853128e-06,lignin
C30 H44 O14,0.574956615337302,2.5669726331038952e-06,1.8492174467358817e-06,0.5943512702323325,2.5105070760420363e-06,0.434988000209153,4.282405132853128e-06,lignin
C33 H40 O17,0.3367050226457316,2.5669726331038952e-06,1.8492174467358817e-06,0.6498113859184584,2.5105070760420363e-06,0.5933751819563728,0.1249525409552615,lignin
C30 H28 O13,0.3749357872781296,2.5669726331038952e-06,1.8492174467358817e-06,0.6485268413858928,2.5105070760420363e-06,0.6048099373881922,0.1269908950409293,lignin
C33 H38 O16,0.4739135648598456,2.5669726331038952e-06,1.8492174467358817e-06,0.612321171214287,2.5105070760420363e-06,0.554073073201167,0.1412664898134133,lignin
C20 H20 O6,0.5240767322445185,2.5669726331038952e-06,1.8492174467358817e-06,0.6095193293331754,2.5105070760420363e-06,0.5814392181252924,4.282405132853128e-06,lignin
C34 H44 O16,0.3743330249562192,2.5669726331038952e-06,1.8492174467358817e-06,0.599060233570872,2.5105070760420363e-06,0.5319081024030664,4.282405132853128e-06,lignin
C34 H44 O15,0.4227418998791099,2.5669726331038952e-06,1.8492174467358817e-06,0.5979976302081325,2.5105070760420363e-06,0.5301421003516619,4.282405132853128e-06,lignin
C31 H34 O13,0.44133428499303,0.0098658644942153,1.8492174467358817e-06,0.6088311642751759,2.5105070760420363e-06,0.4856869476143405,4.282405132853128e-06,lignin
C30 H44 O15,0.3840480744195962,2.5669726331038952e-06,1.8492174467358817e-06,0.573021026459198,2.5105070760420363e-06,0.4165868742340628,4.282405132853128e-06,lignin
C22 H26 O6,0.3713569352260414,2.5669726331038952e-06,1.8492174467358817e-06,0.671545516501067,2.5105070760420363e-06,0.4648876566555621,0.0113119503484992,lignin
C25 H24 O9,0.4129576186132537,2.5669726331038952e-06,1.8492174467358817e-06,0.4682234000616037,2.5105070760420363e-06,0.5013947866218159,4.282405132853128e-06,lignin
C19 H16 O6,0.3467586012186958,2.5669726331038952e-06,1.8492174467358817e-06,0.4699529610225791,2.5105070760420363e-06,0.5662006220327325,0.0812204306916361,lignin
C13 H12 O4,0.6502175715176224,2.5669726331038952e-06,1.8492174467358817e-06,0.4613529013543893,2.5105070760420363e-06,0.5508202863047079,0.1785022627895875,lignin
C29 H28 O12,0.6672263129104617,2.5669726331038952e-06,1.8492174467358817e-06,0.6067419459662655,2.5105070760420363e-06,0.294008207696852,0.1218333414412716,lignin
C29 H40 O15,0.7035184970450894,2.5669726331038952e-06,1.8492174467358817e-06,0.5977887310590166,2.5105070760420363e-06,0.2562907553428358,0.1862391683107991,lignin
C31 H34 O14,0.6708076407422225,0.001944553135194,1.8492174467358817e-06,0.5917271778624665,2.5105070760420363e-06,0.3693300377525364,0.2587737656400135,lignin
C14 H14 O4,0.6691095709860949,2.5669726331038952e-06,1.8492174467358817e-06,0.4676292131586352,2.5105070760420363e-06,0.3755757295589044,0.1709972923575923,lignin
C30 H34 O12,0.6164168319887299,0.0262933190308815,1.8492174467358817e-06,0.567876119402308,2.5105070760420363e-06,0.4299120632124469,0.1189686141198242,lignin
C32 H36 O15,0.6200288144742543,0.148932298316412,1.8492174467358817e-06,0.5685436440449226,2.5105070760420363e-06,0.3804326120291471,0.1243490005488655,lignin
C30 H38 O12,0.408169775825803,0.2210951077552179,1.8492174467358817e-06,0.715102387801197,2.5105070760420363e-06,0.2891933741320331,0.192097419546912,lignin
C32 H40 O15,0.5069689596647776,0.2458625191636478,1.8492174467358817e-06,0.7037023007939075,2.5105070760420363e-06,0.42620128629109,0.1875799074124571,lignin
C31 H36 O15,0.6163927944188183,0.1413273090623179,1.8492174467358817e-06,0.7461894995780434,2.5105070760420363e-06,0.3290234851193134,0.3021700891674856,lignin
C31 H38 O16,0.6365959668018653,0.2291254908657323,1.8492174467358817e-06,0.564782438680955,2.5105070760420363e-06,0.2565348624928025,0.2506625862368187,lignin
C30 H32 O14,0.7198921784448359,0.2284740655103072,1.8492174467358817e-06,0.617989649247517,2.5105070760420363e-06,0.2711177763332959,0.1274704161985687,lignin
C32 H36 O16,0.5715235642008382,0.138710179777253,1.8492174467358817e-06,0.4637129022556118,2.5105070760420363e-06,0.3436310617603303,0.3140769799355213,lignin
C32 H32 O16,0.5117060714760292,2.5669726331038952e-06,1.8492174467358817e-06,0.6139504031231897,2.5105070760420363e-06,0.3797311125828517,0.2551418949521612,lignin
C22 H29 O10 N1,0.4252852008154408,2.5669726331038952e-06,0.0322739730751655,0.625215873794974,2.5105070760420363e-06,0.1793983025132355,0.298838370673712,lignin
C32 H40 O17,0.5014111043849929,0.3974148563511384,1.8492174467358817e-06,0.6287785002175182,2.5105070760420363e-06,0.5856199916193257,0.0020977327677887,lignin
C29 H36 O11,0.4686403342140507,0.3631932218680423,1.8492174467358817e-06,0.6453462516627632,2.5105070760420363e-06,0.5625460056086691,4.282405132853128e-06,lignin
C30 H40 O11,0.4616508480850789,0.2297206559707478,1.8492174467358817e-06,0.7004669723867533,2.5105070760420363e-06,0.4254571402108017,4.282405132853128e-06,lignin
C29 H34 O11,0.5191640651473962,0.2579540405260016,1.8492174467358817e-06,0.6897150549072852,2.5105070760420363e-06,0.422734460590508,0.0836811081623299,lignin
C30 H42 O10,0.5805051526826829,0.2506203980254237,1.8492174467358817e-06,0.6792361503946855,2.5105070760420363e-06,0.4172559663966354,4.282405132853128e-06,lignin
C30 H36 O12,0.4691697909505661,0.3921744566973371,1.8492174467358817e-06,0.656004644622703,2.5105070760420363e-06,0.3649074180818193,0.0611221157032033,lignin
C31 H40 O16,0.310382870773664,0.208436947612,1.8492174467358817e-06,0.7110733484756864,2.5105070760420363e-06,0.5523495358663649,4.282405132853128e-06,lignin
C26 H30 O9,0.2630572619929468,0.2125391172172412,1.8492174467358817e-06,0.7170232317325897,2.5105070760420363e-06,0.5629233022767429,0.1157735982259135,lignin
C28 H34 O10,0.2329356210857923,0.1362692971173159,1.8492174467358817e-06,0.7608320975546173,2.5105070760420363e-06,0.5260989083813085,0.1027526660035947,lignin
C27 H32 O10,0.3031594009585499,0.3029069463382204,1.8492174467358817e-06,0.6711764084134869,2.5105070760420363e-06,0.5222841007007354,0.2119401312700767,lignin
C27 H34 O10,0.3468791941958361,0.3176905900174902,1.8492174467358817e-06,0.6773197672124053,2.5105070760420363e-06,0.4869251813274585,0.2900025992434649,lignin
C24 H34 O7,0.525944910571237,0.1969719529775242,1.8492174467358817e-06,0.6923201323889852,2.5105070760420363e-06,0.762539747650433,0.4407412365098681,lignin
C31 H42 O13,0.5764309196252083,0.2035614100443168,1.8492174467358817e-06,0.6785844273887576,2.5105070760420363e-06,0.7536795391065736,0.3092832253341641,lignin
C33 H40 O16,0.4400827558614759,0.1872832172701536,1.8492174467358817e-06,0.5516958104795547,2.5105070760420363e-06,0.727851323802456,0.2688450825742902,lignin
C31 H40 O13,0.4780626564917823,0.1932728043694404,1.8492174467358817e-06,0.724797788194257,2.5105070760420363e-06,0.6566104465697709,0.216711433119294,lignin
C22 H32 O6,0.5679560557210677,0.1832109730665937,1.8492174467358817e-06,0.7192793879065916,2.5105070760420363e-06,0.7647952634117037,0.1778338026428852,lignin
C32 H42 O14,0.5156997741728825,0.256713838773574,1.8492174467358817e-06,0.6718066593389411,2.5105070760420363e-06,0.8286723325790865,0.1183015956115789,lignin
C30 H44 O9,0.5630484302116423,0.3738968830830775,1.8492174467358817e-06,0.6328121515039756,2.5105070760420363e-06,0.8973922505894383,4.282405132853128e-06,lignin
C30 H42 O11,0.6541399267457307,0.270548635500733,1.8492174467358817e-06,0.6626644674417483,2.5105070760420363e-06,0.7089392958300064,4.282405132853128e-06,lignin
C30 H44 O11,0.6824109448547536,0.3112346024708154,1.8492174467358817e-06,0.6440687384804934,2.5105070760420363e-06,0.8261882765988433,0.1472081260313466,lignin
C29 H38 O16,0.6857012110253761,0.2798225632922864,1.8492174467358817e-06,0.5376557538597955,2.5105070760420363e-06,0.7085761367420009,0.2060519890408484,lignin
C27 H24 O11,0.6735612929223671,2.5669726331038952e-06,1.8492174467358817e-06,0.4511283729500778,2.5105070760420363e-06,0.8079408708187977,0.352317758955228,lignin
C28 H24 O12,0.7175135393638165,0.0454265399856853,1.8492174467358817e-06,0.4499241597044958,2.5105070760420363e-06,0.8475457940647321,0.2693644098235821,lignin
C22 H32 O13,0.6648990800182794,2.5669726331038952e-06,1.8492174467358817e-06,0.5700288466816336,2.5105070760420363e-06,0.7418229432341856,0.223987673807153,lignin
C26 H36 O15,0.5445743873660693,2.5669726331038952e-06,1.8492174467358817e-06,0.5853657715984558,2.5105070760420363e-06,0.7507569582622253,0.1600897330987368,lignin
C25 H20 O10,0.5251144440407173,2.5669726331038952e-06,1.8492174467358817e-06,0.4482846075879005,2.5105070760420363e-06,0.8504026767428804,0.2224232967056966,lignin
C20 H16 O7,0.5722805675963475,2.5669726331038952e-06,1.8492174467358817e-06,0.4452469130482053,2.5105070760420363e-06,0.9117511461575252,4.282405132853128e-06,lignin
C26 H38 O14,0.6489044179793101,2.5669726331038952e-06,1.8492174467358817e-06,0.5760110514681233,2.5105070760420363e-06,0.8063135937718139,4.282405132853128e-06,lignin
C26 H24 O10,0.6173630299653967,2.5669726331038952e-06,1.8492174467358817e-06,0.5744771964237192,2.5105070760420363e-06,0.720260586786498,4.282405132853128e-06,lignin
C27 H38 O15,0.5036662695816166,2.5669726331038952e-06,1.8492174467358817e-06,0.5719298440597717,2.5105070760420363e-06,0.785038510872059,4.282405132853128e-06,lignin
C32 H34 O14,0.4911138415709875,2.5669726331038952e-06,1.8492174467358817e-06,0.5841267796309796,2.5105070760420363e-06,0.816077931746882,4.282405132853128e-06,lignin
C25 H36 O7,0.4536169430477045,0.1578686150806393,1.8492174467358817e-06,0.7421129041306386,2.5105070760420363e-06,0.7034556299846014,4.282405132853128e-06,lignin
C31 H44 O13,0.5042921916970092,2.5669726331038952e-06,1.8492174467358817e-06,0.7738787302258394,2.5105070760420363e-06,0.7811490131085513,4.282405132853128e-06,lignin
C32 H42 O13,0.531218186231208,2.5669726331038952e-06,1.8492174467358817e-06,0.8135505914726505,2.5105070760420363e-06,0.6615693587079333,4.282405132853128e-06,lignin
C31 H42 O12,0.6114480772284808,2.5669726331038952e-06,1.8492174467358817e-06,0.7692480946174787,2.5105070760420363e-06,0.6981020090852663,0.156930873190598,lignin
C30 H42 O15,0.6143493308912843,2.5669726331038952e-06,1.8492174467358817e-06,0.8170537916443062,2.5105070760420363e-06,0.77701766916836,0.1542090444470632,lignin
C24 H26 O8,0.5585148725036488,2.5669726331038952e-06,1.8492174467358817e-06,0.7587840088646426,2.5105070760420363e-06,0.8994885626457483,0.1459037959690193,lignin
C23 H22 O8,0.6343910374255061,2.5669726331038952e-06,1.8492174467358817e-06,0.8118548263566461,2.5105070760420363e-06,0.8905627598884835,4.282405132853128e-06,lignin
C21 H24 O6,0.5972636602718928,2.5669726331038952e-06,1.8492174467358817e-06,0.8020497217777854,2.5105070760420363e-06,0.8819557803523189,4.282405132853128e-06,lignin
C28 H28 O11,0.5961872812986265,0.0559791844006965,1.8492174467358817e-06,0.7504891324810732,2.5105070760420363e-06,0.9586268916939742,4.282405132853128e-06,lignin
C22 H28 O6,0.5824530061006812,2.5669726331038952e-06,1.8492174467358817e-06,0.739086852902186,2.5105070760420363e-06,0.9744803165903152,4.282405132853128e-06,lignin
C27 H28 O10,0.6079684364199974,0.060494440932581,1.8492174467358817e-06,0.7535612277130768,2.5105070760420363e-06,0.8370240560280614,4.282405132853128e-06,lignin
C29 H32 O11,0.6961127648319009,0.0774112878367517,1.8492174467358817e-06,0.7438782266904311,2.5105070760420363e-06,0.8165312179078232,4.282405132853128e-06,lignin
C30 H44 O10,0.6930384316628992,0.1717614673346845,1.8492174467358817e-06,0.6795624655331525,2.5105070760420363e-06,0.8523327163041954,4.282405132853128e-06,lignin
C25 H26 O9,0.8337241163987363,0.0823373160076854,1.8492174467358817e-06,0.7134748192224718,2.5105070760420363e-06,0.9626454988284,4.282405132853128e-06,lignin
C29 H30 O12,0.9529365087653404,6.001019944156625e-05,1.8492174467358817e-06,0.7334589752464715,2.5105070760420363e-06,0.6442374651901073,0.2126296638767792,lignin
C24 H22 O9,0.976711375946513,2.5669726331038952e-06,1.8492174467358817e-06,0.7282987201883978,2.5105070760420363e-06,0.7813589457772867,0.1972527186694082,lignin
C30 H30 O13,1.0,0.0862011843277959,1.8492174467358817e-06,0.6750834953946168,2.5105070760420363e-06,0.8552332071796869,0.1873896724824406,lignin
C30 H32 O13,0.9991631864706834,0.0868435404417103,1.8492174467358817e-06,0.6770221823224596,2.5105070760420363e-06,0.8616731867591999,0.1848880310083549,lignin
C27 H26 O11,0.9570483736738372,0.1400009464202335,1.8492174467358817e-06,0.6568757760002323,2.5105070760420363e-06,0.8179645710164432,0.3153706510752138,lignin
C26 H26 O10,0.8086821001669846,0.0802435964840513,1.8492174467358817e-06,0.664096519118695,2.5105070760420363e-06,0.8302701390087955,0.3206057310833876,lignin
C28 H30 O11,0.8416147413143347,0.1200478969858967,1.8492174467358817e-06,0.6705703513815242,2.5105070760420363e-06,0.7045268635331622,0.2022381805123975,lignin
C34 H36 O16,0.2896188217593484,2.5669726331038952e-06,1.8492174467358817e-06,0.6000538465342021,2.5105070760420363e-06,0.8814398626326191,0.1496698617260142,lignin
C34 H40 O16,0.2244152703569408,2.5669726331038952e-06,1.8492174467358817e-06,0.6357313715714795,2.5105070760420363e-06,0.8585555904721442,4.282405132853128e-06,lignin
C26 H28 O9,0.352029108506851,2.5669726331038952e-06,1.8492174467358817e-06,0.6576414371233219,2.5105070760420363e-06,0.9162326550863946,4.282405132853128e-06,lignin
C34 H42 O14,0.3680272141302739,0.1515432741365883,1.8492174467358817e-06,0.7278320804676801,2.5105070760420363e-06,0.9074248387510238,4.282405132853128e-06,lignin
C30 H44 O8,0.2924424034616981,0.2553721358035281,1.8492174467358817e-06,0.68123524645034,2.5105070760420363e-06,0.8214435072175985,4.282405132853128e-06,lignin
C29 H42 O8,0.189249993607987,0.1143896064932253,1.8492174467358817e-06,0.7341065399269556,2.5105070760420363e-06,0.8115113374556161,0.0444151248241124,lignin
C34 H36 O18,3.577726848801236e-06,2.5669726331038952e-06,1.8492174467358817e-06,0.6148728331155127,2.5105070760420363e-06,0.6330302104493142,0.3023232402486808,lignin
C35 H40 O15,3.577726848801236e-06,2.5669726331038952e-06,1.8492174467358817e-06,0.6159068196386067,2.5105070760420363e-06,0.658792779563629,4.282405132853128e-06,lignin
C34 H40 O15,0.0794971052283785,2.5669726331038952e-06,1.8492174467358817e-06,0.615955094016714,2.5105070760420363e-06,0.8169506674341155,4.282405132853128e-06,lignin
C32 H36 O14,0.0783471280775741,2.5669726331038952e-06,1.8492174467358817e-06,0.8752786645091762,2.5105070760420363e-06,0.7673402357295942,0.1597583709657205,lignin
C33 H38 O15,0.075649721110172,2.5669726331038952e-06,1.8492174467358817e-06,0.836589075338121,2.5105070760420363e-06,0.8247549754666207,4.282405132853128e-06,lignin
C27 H38 O7,3.577726848801236e-06,2.5669726331038952e-06,1.8492174467358817e-06,0.8547103771691905,2.5105070760420363e-06,0.8299712747242626,4.282405132853128e-06,lignin
C26 H38 O7,0.1121284214824932,0.0876064215132858,1.8492174467358817e-06,0.8117636456205499,2.5105070760420363e-06,0.5965114377700629,4.282405132853128e-06,lignin
C35 H40 O17,0.0707808640597096,2.5669726331038952e-06,1.8492174467358817e-06,0.8154588848217946,2.5105070760420363e-06,0.6648379464291747,4.282405132853128e-06,lignin
C33 H44 O16,0.0818679062160255,2.5669726331038952e-06,1.8492174467358817e-06,0.8840420707613924,2.5105070760420363e-06,0.5919091356938448,4.282405132853128e-06,lignin
C33 H38 O14,3.577726848801236e-06,2.5669726331038952e-06,1.8492174467358817e-06,0.8924105873082766,2.5105070760420363e-06,0.5925992263209308,4.282405132853128e-06,lignin
C26 H36 O7,3.577726848801236e-06,2.5669726331038952e-06,1.8492174467358817e-06,0.868949920001379,2.5105070760420363e-06,0.5590613000274124,4.282405132853128e-06,lignin
C33 H46 O13,0.3687404187326673,2.5669726331038952e-06,1.8492174467358817e-06,0.7911264812900305,2.5105070760420363e-06,0.3859087672851407,4.282405132853128e-06,lignin
C30 H38 O11,0.4008514611421429,0.0465815651552139,1.8492174467358817e-06,0.8037120690784046,2.5105070760420363e-06,0.4677144449996678,4.282405132853128e-06,lignin
C31 H46 O12,0.3900219507127184,2.5669726331038952e-06,1.8492174467358817e-06,0.8324284061108331,2.5105070760420363e-06,0.4446959178049411,4.282405132853128e-06,lignin
C20 H24 O5,0.3590477188076069,2.5669726331038952e-06,1.8492174467358817e-06,0.8622782270533396,2.5105070760420363e-06,0.4561972030253174,4.282405132853128e-06,lignin
C31 H36 O12,0.3303000906045332,2.5669726331038952e-06,1.8492174467358817e-06,0.8417383675382063,2.5105070760420363e-06,0.4645782411623752,4.282405132853128e-06,lignin
C32 H44 O12,0.21421199714214,2.5669726331038952e-06,1.8492174467358817e-06,0.8421498905453138,2.5105070760420363e-06,0.4322533140410807,4.282405132853128e-06,lignin
C31 H44 O11,0.2608183919279859,2.5669726331038952e-06,1.8492174467358817e-06,0.8471159896081178,2.5105070760420363e-06,0.4320324663289102,4.282405132853128e-06,lignin
C28 H32 O10,0.2809748395964857,2.5669726331038952e-06,1.8492174467358817e-06,0.8522549237975522,2.5105070760420363e-06,0.3947541625557668,0.1288222666519517,lignin
C29 H40 O9,0.3214056270600737,2.5669726331038952e-06,1.8492174467358817e-06,0.8375823102718652,2.5105070760420363e-06,0.5813930630844811,0.1743526905298524,lignin
C30 H36 O11,0.32015398539308,2.5669726331038952e-06,1.8492174467358817e-06,0.811807345840669,2.5105070760420363e-06,0.6043497383664088,4.282405132853128e-06,lignin
C31 H40 O12,0.3409466184090693,2.5669726331038952e-06,1.8492174467358817e-06,0.8249519637805317,2.5105070760420363e-06,0.5999731178073112,4.282405132853128e-06,lignin
C31 H44 O12,0.3732362995754623,2.5669726331038952e-06,1.8492174467358817e-06,0.8269498501415116,2.5105070760420363e-06,0.5867068700634767,4.282405132853128e-06,lignin
C25 H28 O8,0.2437431420903071,2.5669726331038952e-06,1.8492174467358817e-06,0.8440054865701966,2.5105070760420363e-06,0.5680137666764972,4.282405132853128e-06,lignin
C23 H26 O7,0.2429060809830232,2.5669726331038952e-06,1.8492174467358817e-06,0.8410936758825743,2.5105070760420363e-06,0.5675952527253564,4.282405132853128e-06,lignin
C28 H36 O10,0.1695166004178036,2.5669726331038952e-06,1.8492174467358817e-06,0.8612967866426724,2.5105070760420363e-06,0.5634657799354682,4.282405132853128e-06,lignin
C32 H44 O13,0.1946042272632497,2.5669726331038952e-06,1.8492174467358817e-06,0.8734615518961284,2.5105070760420363e-06,0.4876931845741121,4.282405132853128e-06,lignin
C25 H34 O7,0.1614694387056371,2.5669726331038952e-06,1.8492174467358817e-06,0.8264412491367694,2.5105070760420363e-06,0.6788521865066985,4.282405132853128e-06,lignin
C33 H40 O13,0.2281288048232149,2.5669726331038952e-06,1.8492174467358817e-06,0.8226171018467653,2.5105070760420363e-06,0.6943235848828104,4.282405132853128e-06,lignin
C23 H32 O6,0.2289218420665036,2.5669726331038952e-06,1.8492174467358817e-06,0.8277887733983302,2.5105070760420363e-06,0.7317861969608153,4.282405132853128e-06,lignin
C29 H36 O10,0.1683980769223844,2.5669726331038952e-06,1.8492174467358817e-06,0.6752497528064538,2.5105070760420363e-06,0.5685625854556943,4.282405132853128e-06,lignin
C25 H30 O8,0.2444858084708036,2.5669726331038952e-06,1.8492174467358817e-06,0.672550319140137,2.5105070760420363e-06,0.4438091484904339,4.282405132853128e-06,lignin
C26 H32 O9,0.161556372332775,2.5669726331038952e-06,1.8492174467358817e-06,0.6793500129059301,2.5105070760420363e-06,0.4360238118429468,4.282405132853128e-06,lignin
C24 H30 O7,0.1480190116471479,2.5669726331038952e-06,1.8492174467358817e-06,0.6224259020428567,2.5105070760420363e-06,0.3767988121522064,4.282405132853128e-06,lignin
C23 H30 O6,3.577726848801236e-06,2.5669726331038952e-06,1.8492174467358817e-06,0.673458951052578,2.5105070760420363e-06,0.4487097950872117,4.282405132853128e-06,lignin
C24 H28 O7,3.577726848801236e-06,2.5669726331038952e-06,1.8492174467358817e-06,0.6726622915034524,2.5105070760420363e-06,0.4493820578100202,4.282405132853128e-06,lignin
C30 H44 O7,3.577726848801236e-06,2.5669726331038952e-06,1.8492174467358817e-06,0.6721882424028528,2.5105070760420363e-06,0.4497941786642918,4.282405132853128e-06,lignin
C30 H40 O10,3.577726848801236e-06,2.5669726331038952e-06,1.8492174467358817e-06,0.6723719647815541,2.5105070760420363e-06,0.4507775201250011,4.282405132853128e-06,lignin
C30 H42 O9,3.577726848801236e-06,2.5669726331038952e-06,1.8492174467358817e-06,0.6734259112667786,2.5105070760420363e-06,0.4539813972315915,4.282405132853128e-06,lignin
C36 H44 O16,3.577726848801236e-06,2.5669726331038952e-06,1.8492174467358817e-06,0.7665827592198013,2.5105070760420363e-06,0.318487037762204,4.282405132853128e-06,lignin
C35 H44 O14,3.577726848801236e-06,2.5669726331038952e-06,1.8492174467358817e-06,0.8336788523747591,2.5105070760420363e-06,0.3496094909317299,4.282405132853128e-06,lignin
C29 H42 O7,3.577726848801236e-06,2.5669726331038952e-06,1.8492174467358817e-06,0.9016425990350568,2.5105070760420363e-06,0.2863636491214793,4.282405132853128e-06,lignin
C24 H34 O6,0.0726070610406629,2.5669726331038952e-06,1.8492174467358817e-06,0.8962459998799378,2.5105070760420363e-06,0.3115585060361749,4.282405132853128e-06,lignin
C28 H40 O7,3.577726848801236e-06,2.5669726331038952e-06,1.8492174467358817e-06,0.8848334378963167,2.5105070760420363e-06,0.4183848937462103,4.282405132853128e-06,lignin
C27 H40 O7,3.577726848801236e-06,2.5669726331038952e-06,1.8492174467358817e-06,0.8846833601507521,2.5105070760420363e-06,0.4234564907137409,4.282405132853128e-06,lignin
C31 H42 O11,3.577726848801236e-06,2.5669726331038952e-06,1.8492174467358817e-06,0.8833030229211435,2.5105070760420363e-06,0.4606945647553663,4.282405132853128e-06,lignin
C31 H46 O11,0.0709907257743608,2.5669726331038952e-06,1.8492174467358817e-06,0.8939289809426213,2.5105070760420363e-06,0.4506316223777518,4.282405132853128e-06,lignin
C23 H34 O6,0.0722772252937895,2.5669726331038952e-06,1.8492174467358817e-06,0.8909438325153529,2.5105070760420363e-06,0.4633894889794964,4.282405132853128e-06,lignin
C30 H32 O16,0.2794794461671869,0.2797161838751387,1.8492174467358817e-06,0.5551501692287244,2.5105070760420363e-06,0.2044848925923342,0.1440431008183169,lignin
C20 H28 O4,0.1896044577358301,0.0829625922326385,0.1079691752509175,0.8072383290547945,0.0698060456314351,0.368438382656682,0.2010843329664619,lignin
C29 H38 O10,0.1652407038524572,2.5669726331038952e-06,1.8492174467358817e-06,0.6842020226397383,2.5105070760420363e-06,0.3770067177414467,0.1407648149669309,lignin
C27 H36 O8,0.1543631745509295,2.5669726331038952e-06,1.8492174467358817e-06,0.6194987055510923,2.5105070760420363e-06,0.3161022307126245,0.1461260383400987,lignin
C26 H34 O8,0.1565461707700989,2.5669726331038952e-06,1.8492174467358817e-06,0.6206439083783302,2.5105070760420363e-06,0.3144579833719189,0.1471333755436894,lignin
C25 H32 O8,0.1584526223998461,2.5669726331038952e-06,1.8492174467358817e-06,0.618259902598409,2.5105070760420363e-06,0.2620774955609558,0.3888192165130544,lignin
C32 H34 O17,0.2008633133746479,0.0005671329171723,1.8492174467358817e-06,0.5401400886917893,2.5105070760420363e-06,0.2930109625498622,0.3688850681039209,lignin
C31 H28 O15,0.3038708950222604,2.5669726331038952e-06,1.8492174467358817e-06,0.6350219612507577,2.5105070760420363e-06,0.4725540193296063,0.3018434813740618,lignin
C23 H28 O7,0.2589708976150769,2.5669726331038952e-06,1.8492174467358817e-06,0.8484505852578441,2.5105070760420363e-06,0.5507111358703567,0.4168001613653531,lignin
C28 H38 O9,0.1754235856455915,2.5669726331038952e-06,1.8492174467358817e-06,0.8612356214556891,2.5105070760420363e-06,0.6294109379754216,0.5300297278119112,lignin
C16 H18 O4,0.2110331185496936,2.5669726331038952e-06,1.8492174467358817e-06,0.5041965820379394,2.5105070760420363e-06,0.2164538484416072,4.282405132853128e-06,lignin
C12 H14 O3,0.1544650528844543,2.5669726331038952e-06,1.8492174467358817e-06,0.5057113843912189,2.5105070760420363e-06,0.1816262577898326,4.282405132853128e-06,lignin
C33 H36 O14,0.1537915620387172,2.5669726331038952e-06,1.8492174467358817e-06,0.5136886781197534,2.5105070760420363e-06,0.1624458237016737,4.282405132853128e-06,lignin
C20 H28 O3,0.1189336195754767,0.0753728071131181,1.8492174467358817e-06,0.6632777070358413,2.5105070760420363e-06,0.1782407101805442,4.282405132853128e-06,lignin
C28 H32 O9,0.1143110013205358,2.5669726331038952e-06,1.8492174467358817e-06,0.6593189812132905,2.5105070760420363e-06,0.1806030244441878,4.282405132853128e-06,lignin
C33 H42 O17,0.0602692156063787,2.5669726331038952e-06,1.8492174467358817e-06,0.6131401723119336,2.5105070760420363e-06,0.1567014832296595,4.282405132853128e-06,lignin
C36 H50 O15,0.1348195161120139,2.5669726331038952e-06,1.8492174467358817e-06,0.5973167989240975,2.5105070760420363e-06,0.1285894120336378,4.282405132853128e-06,lignin
C36 H44 O17,0.2106859917325164,2.5669726331038952e-06,1.8492174467358817e-06,0.591016746861863,2.5105070760420363e-06,0.0791225066532387,4.282405132853128e-06,lignin
C34 H38 O15,0.1826723421739974,2.5669726331038952e-06,1.8492174467358817e-06,0.5969497321962808,2.5105070760420363e-06,0.1128491917306383,4.282405132853128e-06,lignin
C34 H44 O13,0.2253306336231406,2.5669726331038952e-06,1.8492174467358817e-06,0.6377316773218086,2.5105070760420363e-06,0.117234505342186,4.282405132853128e-06,lignin
C31 H36 O13,0.2258140183506589,2.5669726331038952e-06,1.8492174467358817e-06,0.6391326549668022,2.5105070760420363e-06,0.1166538640137359,4.282405132853128e-06,lignin
C21 H22 O6,0.1787606215449369,2.5669726331038952e-06,1.8492174467358817e-06,0.6904409473179481,2.5105070760420363e-06,0.1517383090269176,4.282405132853128e-06,lignin
C33 H46 O14,0.2315610231974253,2.5669726331038952e-06,1.8492174467358817e-06,0.6618700760701375,2.5105070760420363e-06,0.164614590855834,4.282405132853128e-06,lignin
C28 H30 O10,0.2770571433355792,2.5669726331038952e-06,1.8492174467358817e-06,0.6633436353956057,2.5105070760420363e-06,0.1860109866669106,4.282405132853128e-06,lignin
C34 H36 O15,0.2321236778886407,2.5669726331038952e-06,1.8492174467358817e-06,0.673475811172105,2.5105070760420363e-06,3.704558711867581e-06,4.282405132853128e-06,lignin
C17 H20 O4,0.2337240668831428,2.5669726331038952e-06,1.8492174467358817e-06,0.6815403919320019,2.5105070760420363e-06,3.704558711867581e-06,4.282405132853128e-06,lignin
C16 H20 O4,0.2317260901803196,2.5669726331038952e-06,1.8492174467358817e-06,0.6836786784811497,2.5105070760420363e-06,3.704558711867581e-06,4.282405132853128e-06,lignin
C26 H30 O8,0.2292239547078166,2.5669726331038952e-06,1.8492174467358817e-06,0.7024971424743609,2.5105070760420363e-06,3.704558711867581e-06,4.282405132853128e-06,lignin
C20 H22 O5,0.1582623924926438,2.5669726331038952e-06,1.8492174467358817e-06,0.7169216929858425,2.5105070760420363e-06,3.704558711867581e-06,4.282405132853128e-06,lignin
C33 H42 O14,0.1298789964935757,0.0130792840273979,1.8492174467358817e-06,0.7372435806418005,2.5105070760420363e-06,3.704558711867581e-06,4.282405132853128e-06,lignin
C34 H48 O13,0.2167374724648286,0.0097910958719239,1.8492174467358817e-06,0.7935237937113719,2.5105070760420363e-06,0.06162004609059,4.282405132853128e-06,lignin
C32 H44 O11,0.1687943592196054,2.5669726331038952e-06,1.8492174467358817e-06,0.8706115112428267,2.5105070760420363e-06,0.0992592804637043,4.282405132853128e-06,lignin
C19 H26 O4,0.2234263314202909,2.5669726331038952e-06,1.8492174467358817e-06,0.8993421377935986,0.0737326184534076,3.704558711867581e-06,4.282405132853128e-06,lignin
C28 H36 O9,0.1377175737683311,2.5669726331038952e-06,1.8492174467358817e-06,0.6248790872369803,2.5105070760420363e-06,3.704558711867581e-06,4.282405132853128e-06,lignin
C21 H31 O12 P1,0.1308777260134761,0.0348949436397093,1.8492174467358817e-06,0.5524548938878513,2.5105070760420363e-06,3.704558711867581e-06,4.282405132853128e-06,lignin
C25 H37 O11 P1,0.1299731774030277,0.0354709023817301,1.8492174467358817e-06,0.5468255419167521,2.5105070760420363e-06,3.704558711867581e-06,4.282405132853128e-06,lignin
C12 H16 O3,0.1535147811248718,2.5669726331038952e-06,1.8492174467358817e-06,0.5377781598396791,2.5105070760420363e-06,3.704558711867581e-06,4.282405132853128e-06,lignin
C25 H26 O8,0.1531746765191294,2.5669726331038952e-06,1.8492174467358817e-06,0.5429434426912441,2.5105070760420363e-06,3.704558711867581e-06,4.282405132853128e-06,lignin
C32 H30 O16,0.1615547743295318,2.5669726331038952e-06,1.8492174467358817e-06,0.5464511792179294,2.5105070760420363e-06,3.704558711867581e-06,4.282405132853128e-06,lignin
C32 H46 O13,0.2023451350299236,2.5669726331038952e-06,1.8492174467358817e-06,0.5642675623850885,2.5105070760420363e-06,3.704558711867581e-06,4.282405132853128e-06,lignin
C33 H32 O16,0.2024981607207741,2.5669726331038952e-06,1.8492174467358817e-06,0.5603654653944913,2.5105070760420363e-06,3.704558711867581e-06,4.282405132853128e-06,lignin
C32 H42 O16,0.2154600826892405,2.5669726331038952e-06,1.8492174467358817e-06,0.5254796099158068,2.5105070760420363e-06,3.704558711867581e-06,4.282405132853128e-06,lignin
C33 H46 O15,0.2368481857306503,2.5669726331038952e-06,1.8492174467358817e-06,0.5261712150430372,2.5105070760420363e-06,3.704558711867581e-06,4.282405132853128e-06,lignin
C32 H44 O16,0.3124628858119999,2.5669726331038952e-06,1.8492174467358817e-06,0.586648010150548,2.5105070760420363e-06,3.704558711867581e-06,4.282405132853128e-06,lignin
C30 H40 O16,0.3118652100919621,2.5669726331038952e-06,1.8492174467358817e-06,0.5334606461372408,2.5105070760420363e-06,3.704558711867581e-06,4.282405132853128e-06,lignin
C32 H44 O14,0.3350968687058928,2.5669726331038952e-06,1.8492174467358817e-06,0.5301851331851155,2.5105070760420363e-06,3.704558711867581e-06,4.282405132853128e-06,lignin
C32 H32 O14,0.3586566131406102,2.5669726331038952e-06,1.8492174467358817e-06,0.5155926997345779,2.5105070760420363e-06,3.704558711867581e-06,4.282405132853128e-06,lignin
C30 H42 O14,0.2862776670629114,2.5669726331038952e-06,1.8492174467358817e-06,0.510044964351054,2.5105070760420363e-06,3.704558711867581e-06,0.0919897076829575,lignin
C34 H34 O17,0.2031647531440601,2.5669726331038952e-06,1.8492174467358817e-06,0.5601132440548421,2.5105070760420363e-06,3.704558711867581e-06,0.0969238226583481,lignin
C31 H42 O14,0.5173659288783223,2.5669726331038952e-06,1.8492174467358817e-06,0.6082270351941008,2.5105070760420363e-06,0.1585648760555237,4.282405132853128e-06,lignin
C18 H18 O5,0.4689646613511527,2.5669726331038952e-06,1.8492174467358817e-06,0.6719365503046238,2.5105070760420363e-06,0.1513638970488945,4.282405132853128e-06,lignin
C31 H34 O12,0.3661797423244528,2.5669726331038952e-06,1.8492174467358817e-06,0.634931460967916,2.5105070760420363e-06,0.1745973336523991,4.282405132853128e-06,lignin
C31 H40 O17,0.3747089383388616,2.5669726331038952e-06,1.8492174467358817e-06,0.6309980631276142,2.5105070760420363e-06,0.1743239378025481,4.282405132853128e-06,lignin
C32 H36 O13,0.3769764374196722,2.5669726331038952e-06,1.8492174467358817e-06,0.6217621198931417,2.5105070760420363e-06,0.1452352430951695,4.282405132853128e-06,lignin
C32 H38 O13,0.3293361345354879,2.5669726331038952e-06,1.8492174467358817e-06,0.6355690456673349,2.5105070760420363e-06,0.0965560789983025,4.282405132853128e-06,lignin
C32 H44 O15,0.357743050441445,2.5669726331038952e-06,1.8492174467358817e-06,0.5097363788001613,2.5105070760420363e-06,0.1737042102233207,4.282405132853128e-06,lignin
C32 H38 O14,0.3978172356038363,2.5669726331038952e-06,1.8492174467358817e-06,0.5025251620272607,2.5105070760420363e-06,0.0646807931930878,0.0947661576537781,lignin
C33 H40 O14,0.355763889664133,2.5669726331038952e-06,1.8492174467358817e-06,0.6268693752032855,2.5105070760420363e-06,0.3169439105024652,4.282405132853128e-06,lignin
C29 H34 O10,0.2681179131932228,2.5669726331038952e-06,1.8492174467358817e-06,0.6711102532359711,2.5105070760420363e-06,0.3042725846022417,4.282405132853128e-06,lignin
C27 H32 O9,0.2481074239899629,2.5669726331038952e-06,1.8492174467358817e-06,0.6653768297198998,2.5105070760420363e-06,0.3317888373617986,4.282405132853128e-06,lignin
C31 H32 O13,0.2495975057465096,2.5669726331038952e-06,1.8492174467358817e-06,0.6492978705291008,2.5105070760420363e-06,0.3347354313017042,4.282405132853128e-06,lignin
C24 H24 O8,0.2493139614527407,2.5669726331038952e-06,1.8492174467358817e-06,0.6479048315054091,2.5105070760420363e-06,0.3316999317341997,4.282405132853128e-06,lignin
C35 H44 O15,0.2471843407926024,2.5669726331038952e-06,1.8492174467358817e-06,0.6340421841702681,2.5105070760420363e-06,0.3074353223903612,4.282405132853128e-06,lignin
C35 H46 O13,0.2369013474723459,2.5669726331038952e-06,1.8492174467358817e-06,0.6363430990472293,2.5105070760420363e-06,0.29513146961912,4.282405132853128e-06,lignin
C30 H42 O16,0.2379932788433733,2.5669726331038952e-06,1.8492174467358817e-06,0.5924089164175074,2.5105070760420363e-06,0.2684734771201458,4.282405132853128e-06,lignin
C32 H40 O14,0.1854194785521856,2.5669726331038952e-06,1.8492174467358817e-06,0.6253681063091777,2.5105070760420363e-06,0.3111631475700359,4.282405132853128e-06,lignin
C34 H48 O15,0.2084511729433833,2.5669726331038952e-06,1.8492174467358817e-06,0.8029386205458475,2.5105070760420363e-06,0.2457547757733022,4.282405132853128e-06,lignin
C35 H48 O14,0.2098773795843787,2.5669726331038952e-06,1.8492174467358817e-06,0.8031907662795795,2.5105070760420363e-06,0.2465622810819115,4.282405132853128e-06,lignin
C36 H48 O14,0.231281890292891,2.5669726331038952e-06,1.8492174467358817e-06,0.8525242320744797,2.5105070760420363e-06,0.2861720381327957,4.282405132853128e-06,lignin
C32 H46 O12,0.1541872141374762,2.5669726331038952e-06,1.8492174467358817e-06,0.8633761005764347,2.5105070760420363e-06,0.2972867229099797,4.282405132853128e-06,lignin
C21 H30 O5,3.577726848801236e-06,2.5669726331038952e-06,1.8492174467358817e-06,0.9080510321795416,0.0726647844758258,0.2215901690178883,0.1346857936713544,lignin
C35 H46 O12,3.577726848801236e-06,2.5669726331038952e-06,1.8492174467358817e-06,0.9308952088379084,2.5105070760420363e-06,0.1532606457277324,4.282405132853128e-06,lignin
C34 H44 O12,3.577726848801236e-06,2.5669726331038952e-06,1.8492174467358817e-06,0.9293719764248654,2.5105070760420363e-06,0.1518331139756112,4.282405132853128e-06,lignin
C33 H46 O12,3.577726848801236e-06,2.5669726331038952e-06,1.8492174467358817e-06,0.8985773839415149,2.5105070760420363e-06,0.1679837788940691,4.282405132853128e-06,lignin
C31 H40 O11,3.577726848801236e-06,2.5669726331038952e-06,1.8492174467358817e-06,0.8960952416811188,2.5105070760420363e-06,0.1736786638240428,4.282405132853128e-06,lignin
C20 H26 O4,0.1188128915558087,0.0663453336381423,0.03978599086667,0.8714671434073379,2.5105070760420363e-06,0.1616155657251419,4.282405132853128e-06,lignin
C34 H42 O13,3.577726848801236e-06,0.0382167963244227,1.8492174467358817e-06,0.8801739964335177,2.5105070760420363e-06,3.704558711867581e-06,4.282405132853128e-06,lignin
C32 H40 O11,3.577726848801236e-06,2.5669726331038952e-06,1.8492174467358817e-06,0.928191768057982,2.5105070760420363e-06,3.704558711867581e-06,4.282405132853128e-06,lignin
C31 H44 O10,3.577726848801236e-06,2.5669726331038952e-06,1.8492174467358817e-06,0.9353363760178636,2.5105070760420363e-06,3.704558711867581e-06,4.282405132853128e-06,lignin
C31 H46 O10,3.577726848801236e-06,2.5669726331038952e-06,1.8492174467358817e-06,0.9986322889585572,2.5105070760420363e-06,3.704558711867581e-06,4.282405132853128e-06,lignin
C32 H42 O11,3.577726848801236e-06,2.5669726331038952e-06,1.8492174467358817e-06,1.0,2.5105070760420363e-06,3.704558711867581e-06,4.282405132853128e-06,lignin
C21 H28 O5,3.577726848801236e-06,2.5669726331038952e-06,1.8492174467358817e-06,0.7677439905014775,2.5105070760420363e-06,3.704558711867581e-06,0.1800453527189332,lignin
C34 H44 O11,3.577726848801236e-06,2.5669726331038952e-06,1.8492174467358817e-06,0.792341468378808,2.5105070760420363e-06,3.704558711867581e-06,4.282405132853128e-06,lignin
C32 H38 O12,3.577726848801236e-06,2.5669726331038952e-06,1.8492174467358817e-06,0.7934816056095961,2.5105070760420363e-06,3.704558711867581e-06,4.282405132853128e-06,lignin
C30 H32 O11,3.577726848801236e-06,2.5669726331038952e-06,1.8492174467358817e-06,0.795834008116144,2.5105070760420363e-06,3.704558711867581e-06,4.282405132853128e-06,lignin
C36 H50 O13,3.577726848801236e-06,2.5669726331038952e-06,1.8492174467358817e-06,0.7959282130889266,2.5105070760420363e-06,3.704558711867581e-06,4.282405132853128e-06,lignin
C28 H28 O10,3.577726848801236e-06,2.5669726331038952e-06,1.8492174467358817e-06,0.7960048774889279,2.5105070760420363e-06,3.704558711867581e-06,4.282405132853128e-06,lignin
C25 H37 O12 P1,3.577726848801236e-06,2.5669726331038952e-06,1.8492174467358817e-06,0.7961018798806455,2.5105070760420363e-06,3.704558711867581e-06,4.282405132853128e-06,lignin
C35 H42 O14,3.577726848801236e-06,2.5669726331038952e-06,1.8492174467358817e-06,0.7961557112936641,2.5105070760420363e-06,3.704558711867581e-06,4.282405132853128e-06,lignin
C18 H24 O4,3.577726848801236e-06,2.5669726331038952e-06,1.8492174467358817e-06,0.7963536475847917,2.5105070760420363e-06,3.704558711867581e-06,4.282405132853128e-06,lignin
C13 H16 O3,3.577726848801236e-06,2.5669726331038952e-06,1.8492174467358817e-06,0.7978178317765319,2.5105070760420363e-06,3.704558711867581e-06,4.282405132853128e-06,lignin
C19 H22 O4,3.577726848801236e-06,2.5669726331038952e-06,1.8492174467358817e-06,0.79945144882863,2.5105070760420363e-06,3.704558711867581e-06,4.282405132853128e-06,lignin
C23 H28 O6,3.577726848801236e-06,2.5669726331038952e-06,1.8492174467358817e-06,0.7995676551233064,2.5105070760420363e-06,3.704558711867581e-06,4.282405132853128e-06,lignin
C32 H46 O11,3.577726848801236e-06,2.5669726331038952e-06,1.8492174467358817e-06,0.799633659088988,2.5105070760420363e-06,3.704558711867581e-06,4.282405132853128e-06,lignin
C35 H48 O12,3.577726848801236e-06,2.5669726331038952e-06,1.8492174467358817e-06,0.7996758471907639,2.5105070760420363e-06,3.704558711867581e-06,4.282405132853128e-06,lignin
C33 H48 O12,3.577726848801236e-06,2.5669726331038952e-06,1.8492174467358817e-06,0.824559039829046,2.5105070760420363e-06,3.704558711867581e-06,4.282405132853128e-06,lignin
C33 H40 O12,3.577726848801236e-06,2.5669726331038952e-06,1.8492174467358817e-06,0.7018609942873681,2.5105070760420363e-06,3.704558711867581e-06,4.282405132853128e-06,lignin
C31 H36 O11,3.577726848801236e-06,2.5669726331038952e-06,1.8492174467358817e-06,0.7008962627843935,2.5105070760420363e-06,3.704558711867581e-06,4.282405132853128e-06,lignin
C19 H24 O4,3.577726848801236e-06,2.5669726331038952e-06,1.8492174467358817e-06,0.700034355328758,2.5105070760420363e-06,3.704558711867581e-06,4.282405132853128e-06,lignin
C31 H38 O11,3.577726848801236e-06,2.5669726331038952e-06,1.8492174467358817e-06,0.6976133782553451,2.5105070760420363e-06,3.704558711867581e-06,4.282405132853128e-06,lignin
C33 H42 O12,3.577726848801236e-06,2.5669726331038952e-06,1.8492174467358817e-06,0.6975545568517938,2.5105070760420363e-06,3.704558711867581e-06,4.282405132853128e-06,lignin
C35 H46 O14,3.577726848801236e-06,2.5669726331038952e-06,1.8492174467358817e-06,0.6968266230813676,2.5105070760420363e-06,3.704558711867581e-06,4.282405132853128e-06,lignin
C32 H36 O12,3.577726848801236e-06,2.5669726331038952e-06,1.8492174467358817e-06,0.6964477618304737,2.5105070760420363e-06,3.704558711867581e-06,4.282405132853128e-06,lignin
C27 H34 O9,3.577726848801236e-06,2.5669726331038952e-06,1.8492174467358817e-06,0.6148175273871094,2.5105070760420363e-06,3.704558711867581e-06,0.0521689887679187,lignin
C33 H48 O13,3.577726848801236e-06,2.5669726331038952e-06,1.8492174467358817e-06,0.6100835762929482,2.5105070760420363e-06,3.704558711867581e-06,4.282405132853128e-06,lignin
C38 H52 O15,3.577726848801236e-06,2.5669726331038952e-06,1.8492174467358817e-06,0.6107750680113028,2.5105070760420363e-06,3.704558711867581e-06,4.282405132853128e-06,lignin
C37 H48 O16,3.577726848801236e-06,2.5669726331038952e-06,1.8492174467358817e-06,0.610974289603022,2.5105070760420363e-06,3.704558711867581e-06,4.282405132853128e-06,lignin
C36 H48 O13,3.577726848801236e-06,2.5669726331038952e-06,1.8492174467358817e-06,0.612080555382922,2.5105070760420363e-06,3.704558711867581e-06,4.282405132853128e-06,lignin
C33 H46 O16,3.577726848801236e-06,2.5669726331038952e-06,1.8492174467358817e-06,0.6135498807770292,2.5105070760420363e-06,3.704558711867581e-06,4.282405132853128e-06,lignin
C21 H31 O10 P1,3.577726848801236e-06,2.5669726331038952e-06,1.8492174467358817e-06,0.6142914614155031,2.5105070760420363e-06,3.704558711867581e-06,4.282405132853128e-06,lignin
C35 H40 O13,3.577726848801236e-06,2.5669726331038952e-06,1.8492174467358817e-06,0.6145078077474593,2.5105070760420363e-06,3.704558711867581e-06,4.282405132853128e-06,lignin
C37 H46 O13,3.577726848801236e-06,2.5669726331038952e-06,1.8492174467358817e-06,0.6145955106113661,2.5105070760420363e-06,3.704558711867581e-06,4.282405132853128e-06,lignin
C36 H50 O12,3.577726848801236e-06,2.5669726331038952e-06,1.8492174467358817e-06,0.6150352724285332,2.5105070760420363e-06,3.704558711867581e-06,4.282405132853128e-06,lignin
C36 H46 O13,3.577726848801236e-06,2.5669726331038952e-06,1.8492174467358817e-06,0.6152836000634485,2.5105070760420363e-06,3.704558711867581e-06,4.282405132853128e-06,lignin
C33 H48 O15,3.577726848801236e-06,2.5669726331038952e-06,1.8492174467358817e-06,0.6159374400350569,2.5105070760420363e-06,3.704558711867581e-06,4.282405132853128e-06,lignin
C36 H52 O13,3.577726848801236e-06,2.5669726331038952e-06,1.8492174467358817e-06,0.6163272641439391,2.5105070760420363e-06,3.704558711867581e-06,4.282405132853128e-06,lignin
C37 H48 O12,3.577726848801236e-06,2.5669726331038952e-06,1.8492174467358817e-06,0.6165685982315171,2.5105070760420363e-06,3.704558711867581e-06,4.282405132853128e-06,lignin
C36 H44 O15,3.577726848801236e-06,2.5669726331038952e-06,1.8492174467358817e-06,0.6167765523066685,2.5105070760420363e-06,3.704558711867581e-06,4.282405132853128e-06,lignin
C32 H40 O12,3.577726848801236e-06,2.5669726331038952e-06,1.8492174467358817e-06,0.6172820912717656,2.5105070760420363e-06,3.704558711867581e-06,4.282405132853128e-06,lignin
C31 H42 O10,3.577726848801236e-06,2.5669726331038952e-06,1.8492174467358817e-06,0.6177401119179271,2.5105070760420363e-06,3.704558711867581e-06,4.282405132853128e-06,lignin
C32 H40 O10,3.577726848801236e-06,2.5669726331038952e-06,1.8492174467358817e-06,0.617882137633314,2.5105070760420363e-06,3.704558711867581e-06,4.282405132853128e-06,lignin
C34 H48 O12,3.577726848801236e-06,2.5669726331038952e-06,1.8492174467358817e-06,0.6179976634747361,2.5105070760420363e-06,3.704558711867581e-06,4.282405132853128e-06,lignin
C34 H42 O12,3.577726848801236e-06,2.5669726331038952e-06,1.8492174467358817e-06,0.6186718414380609,2.5105070760420363e-06,3.704558711867581e-06,4.282405132853128e-06,lignin
C35 H44 O12,3.577726848801236e-06,2.5669726331038952e-06,1.8492174467358817e-06,0.6189059551605499,2.5105070760420363e-06,3.704558711867581e-06,4.282405132853128e-06,lignin
C22 H30 O5,3.577726848801236e-06,2.5669726331038952e-06,1.8492174467358817e-06,0.6189077697025618,2.5105070760420363e-06,3.704558711867581e-06,4.282405132853128e-06,lignin
C31 H38 O10,3.577726848801236e-06,2.5669726331038952e-06,1.8492174467358817e-06,0.6189873827333323,2.5105070760420363e-06,3.704558711867581e-06,4.282405132853128e-06,lignin
C33 H48 O11,3.577726848801236e-06,2.5669726331038952e-06,1.8492174467358817e-06,0.6190200444895458,2.5105070760420363e-06,3.704558711867581e-06,4.282405132853128e-06,lignin
C34 H48 O11,3.577726848801236e-06,2.5669726331038952e-06,1.8492174467358817e-06,0.6190577340392507,2.5105070760420363e-06,3.704558711867581e-06,4.282405132853128e-06,lignin
C22 H24 O6,3.577726848801236e-06,2.5669726331038952e-06,1.8492174467358817e-06,0.6191258171676541,2.5105070760420363e-06,3.704558711867581e-06,4.282405132853128e-06,lignin
C34 H38 O16,3.577726848801236e-06,2.5669726331038952e-06,1.8492174467358817e-06,0.6192533265469462,2.5105070760420363e-06,3.704558711867581e-06,4.282405132853128e-06,lignin
C32 H34 O13,3.577726848801236e-06,2.5669726331038952e-06,1.8492174467358817e-06,0.61929903032387,2.5105070760420363e-06,3.704558711867581e-06,4.282405132853128e-06,lignin
C35 H42 O13,3.577726848801236e-06,2.5669726331038952e-06,1.8492174467358817e-06,0.6196391813451775,2.5105070760420363e-06,3.704558711867581e-06,4.282405132853128e-06,lignin
C34 H40 O12,3.577726848801236e-06,2.5669726331038952e-06,1.8492174467358817e-06,0.6197636286848245,2.5105070760420363e-06,3.704558711867581e-06,4.282405132853128e-06,lignin
C33 H44 O11,3.577726848801236e-06,2.5669726331038952e-06,1.8492174467358817e-06,0.6197823411493218,2.5105070760420363e-06,3.704558711867581e-06,4.282405132853128e-06,lignin
C24 H26 O7,3.577726848801236e-06,2.5669726331038952e-06,1.8492174467358817e-06,0.6200045469398581,2.5105070760420363e-06,3.704558711867581e-06,4.282405132853128e-06,lignin
C34 H38 O14,3.577726848801236e-06,2.5669726331038952e-06,1.8492174467358817e-06,0.6200182316108642,2.5105070760420363e-06,3.704558711867581e-06,4.282405132853128e-06,lignin
C22 H32 O5,3.577726848801236e-06,2.5669726331038952e-06,1.8492174467358817e-06,0.6200645024321667,2.5105070760420363e-06,3.704558711867581e-06,4.282405132853128e-06,lignin
C21 H26 O5,3.577726848801236e-06,2.5669726331038952e-06,1.8492174467358817e-06,0.6202930213167859,2.5105070760420363e-06,3.704558711867581e-06,4.282405132853128e-06,lignin
C33 H46 O10,3.577726848801236e-06,2.5669726331038952e-06,1.8492174467358817e-06,0.6204736816558422,2.5105070760420363e-06,3.704558711867581e-06,4.282405132853128e-06,lignin
C35 H40 O14,3.577726848801236e-06,2.5669726331038952e-06,1.8492174467358817e-06,0.6205303104877957,2.5105070760420363e-06,3.704558711867581e-06,4.282405132853128e-06,lignin
C33 H40 O11,3.577726848801236e-06,2.5669726331038952e-06,1.8492174467358817e-06,0.620633739382472,2.5105070760420363e-06,3.704558711867581e-06,4.282405132853128e-06,lignin
C31 H34 O11,3.577726848801236e-06,2.5669726331038952e-06,1.8492174467358817e-06,0.6208448311031856,2.5105070760420363e-06,3.704558711867581e-06,4.282405132853128e-06,lignin
C33 H36 O13,3.577726848801236e-06,2.5669726331038952e-06,1.8492174467358817e-06,0.6209919224150223,2.5105070760420363e-06,3.704558711867581e-06,4.282405132853128e-06,lignin
C33 H38 O12,3.577726848801236e-06,2.5669726331038952e-06,1.8492174467358817e-06,0.6211664208718299,2.5105070760420363e-06,3.704558711867581e-06,4.282405132853128e-06,lignin
C35 H38 O17,3.577726848801236e-06,2.5669726331038952e-06,1.8492174467358817e-06,0.6211746241138419,2.5105070760420363e-06,3.704558711867581e-06,4.282405132853128e-06,lignin
C36 H46 O15,3.577726848801236e-06,2.5669726331038952e-06,1.8492174467358817e-06,0.6212888268517137,2.5105070760420363e-06,3.704558711867581e-06,4.282405132853128e-06,lignin
C31 H36 O10,3.577726848801236e-06,2.5669726331038952e-06,1.8492174467358817e-06,0.6213400498605902,2.5105070760420363e-06,3.704558711867581e-06,4.282405132853128e-06,lignin
C33 H44 O15,3.577726848801236e-06,2.5669726331038952e-06,1.8492174467358817e-06,0.6215958624813045,2.5105070760420363e-06,3.704558711867581e-06,4.282405132853128e-06,lignin
C25 H28 O7,3.577726848801236e-06,2.5669726331038952e-06,1.8492174467358817e-06,0.6216156334286421,2.5105070760420363e-06,3.704558711867581e-06,4.282405132853128e-06,lignin
C35 H44 O13,3.577726848801236e-06,2.5669726331038952e-06,1.8492174467358817e-06,0.6218986263765758,2.5105070760420363e-06,3.704558711867581e-06,4.282405132853128e-06,lignin
C36 H44 O13,3.577726848801236e-06,2.5669726331038952e-06,1.8492174467358817e-06,0.6228309985470055,2.5105070760420363e-06,3.704558711867581e-06,4.282405132853128e-06,lignin
C34 H46 O11,3.577726848801236e-06,2.5669726331038952e-06,1.8492174467358817e-06,0.6232136022907988,2.5105070760420363e-06,3.704558711867581e-06,4.282405132853128e-06,lignin
C34 H36 O14,3.577726848801236e-06,2.5669726331038952e-06,1.8492174467358817e-06,0.6234015964038196,2.5105070760420363e-06,3.704558711867581e-06,4.282405132853128e-06,lignin
C34 H46 O15,3.577726848801236e-06,2.5669726331038952e-06,1.8492174467358817e-06,0.6235247584428749,2.5105070760420363e-06,3.704558711867581e-06,4.282405132853128e-06,lignin
C25 H36 O6,3.577726848801236e-06,2.5669726331038952e-06,1.8492174467358817e-06,0.6242043422292768,2.5105070760420363e-06,3.704558711867581e-06,4.282405132853128e-06,lignin
C35 H38 O15,3.577726848801236e-06,2.5669726331038952e-06,1.8492174467358817e-06,0.6253924514145035,2.5105070760420363e-06,3.704558711867581e-06,4.282405132853128e-06,lignin
C35 H44 O16,3.577726848801236e-06,2.5669726331038952e-06,1.8492174467358817e-06,0.5665415993584989,2.5105070760420363e-06,3.704558711867581e-06,4.282405132853128e-06,lignin
C32 H38 O11,3.577726848801236e-06,2.5669726331038952e-06,1.8492174467358817e-06,0.5660721244158876,2.5105070760420363e-06,3.704558711867581e-06,4.282405132853128e-06,lignin
C32 H40 O13,3.577726848801236e-06,2.5669726331038952e-06,1.8492174467358817e-06,0.5649877087460471,2.5105070760420363e-06,3.704558711867581e-06,4.282405132853128e-06,lignin
C31 H30 O14,3.577726848801236e-06,2.5669726331038952e-06,1.8492174467358817e-06,0.563814682941294,2.5105070760420363e-06,3.704558711867581e-06,4.282405132853128e-06,lignin
C31 H38 O13,3.577726848801236e-06,2.5669726331038952e-06,1.8492174467358817e-06,0.5621402386939289,2.5105070760420363e-06,3.704558711867581e-06,4.282405132853128e-06,lignin
C34 H46 O12,3.577726848801236e-06,2.5669726331038952e-06,1.8492174467358817e-06,0.5617624737288339,2.5105070760420363e-06,3.704558711867581e-06,4.282405132853128e-06,lignin
C34 H42 O16,3.577726848801236e-06,2.5669726331038952e-06,1.8492174467358817e-06,0.5614608817252786,2.5105070760420363e-06,3.704558711867581e-06,4.282405132853128e-06,lignin
C32 H42 O12,3.577726848801236e-06,2.5669726331038952e-06,1.8492174467358817e-06,0.5606202573353238,2.5105070760420363e-06,3.704558711867581e-06,4.282405132853128e-06,lignin
C18 H22 O4,3.577726848801236e-06,2.5669726331038952e-06,1.8492174467358817e-06,0.5601920632234825,2.5105070760420363e-06,3.704558711867581e-06,4.282405132853128e-06,lignin
C27 H32 O8,0.0347909585561685,2.5669726331038952e-06,1.8492174467358817e-06,0.5318122859312963,2.5105070760420363e-06,3.704558711867581e-06,4.282405132853128e-06,lignin
C33 H42 O16,3.577726848801236e-06,0.0736000706422721,1.8492174467358817e-06,0.5461549552344925,2.5105070760420363e-06,3.704558711867581e-06,4.282405132853128e-06,lignin
C32 H40 O16,2.594543575127523e-05,0.1268207198776379,1.8492174467358817e-06,0.5306769496762479,2.5105070760420363e-06,3.704558711867581e-06,4.282405132853128e-06,lignin
C31 H36 O17,3.577726848801236e-06,0.1968451074085439,1.8492174467358817e-06,0.52868753117799,2.5105070760420363e-06,3.704558711867581e-06,0.089209017147952,lignin
C15 H20 O3,0.0735837561214777,0.1098171735008673,1.8492174467358817e-06,0.5088489165445254,2.5105070760420363e-06,0.1615117038892171,4.282405132853128e-06,lignin
C33 H38 O18,0.0296188635099965,0.1548632727340441,1.8492174467358817e-06,0.5358355036011855,2.5105070760420363e-06,0.2776764959924638,0.0989092118672978,lignin
C35 H42 O16,3.577726848801236e-06,2.5669726331038952e-06,1.8492174467358817e-06,0.5123750631120394,2.5105070760420363e-06,0.2894505273577247,0.0973160556747275,lignin
C34 H38 O17,3.577726848801236e-06,2.5669726331038952e-06,1.8492174467358817e-06,0.5198224349671923,2.5105070760420363e-06,0.3100325829639457,0.0991381103138066,lignin
C33 H34 O14,3.577726848801236e-06,2.5669726331038952e-06,1.8492174467358817e-06,0.5146239611179938,2.5105070760420363e-06,0.1983552510870603,4.282405132853128e-06,lignin
C33 H44 O12,3.577726848801236e-06,2.5669726331038952e-06,1.8492174467358817e-06,0.5163024502819269,2.5105070760420363e-06,0.1987385770172221,4.282405132853128e-06,lignin
C35 H46 O15,3.577726848801236e-06,2.5669726331038952e-06,1.8492174467358817e-06,0.5168239042925864,2.5105070760420363e-06,0.1979538633588333,4.282405132853128e-06,lignin
C31 H44 O15,3.577726848801236e-06,2.5669726331038952e-06,1.8492174467358817e-06,0.5204953276299253,2.5105070760420363e-06,0.1974042129572792,4.282405132853128e-06,lignin
C30 H34 O10,3.577726848801236e-06,2.5669726331038952e-06,1.8492174467358817e-06,0.5295211620206075,2.5105070760420363e-06,0.1673656236008603,4.282405132853128e-06,lignin
C34 H46 O13,3.577726848801236e-06,2.5669726331038952e-06,1.8492174467358817e-06,0.5211550270601139,2.5105070760420363e-06,0.1628757334779247,4.282405132853128e-06,lignin
C35 H48 O15,3.577726848801236e-06,2.5669726331038952e-06,1.8492174467358817e-06,0.5918332151612848,2.5105070760420363e-06,0.1520490889005339,4.282405132853128e-06,lignin
C34 H46 O16,3.577726848801236e-06,2.5669726331038952e-06,1.8492174467358817e-06,0.5939501808417933,2.5105070760420363e-06,0.1525163177300535,4.282405132853128e-06,lignin
C37 H52 O13,3.577726848801236e-06,2.5669726331038952e-06,1.8492174467358817e-06,0.6076217342213097,2.5105070760420363e-06,0.1268437717358796,4.282405132853128e-06,lignin
C27 H39 O8 P1,3.577726848801236e-06,2.5669726331038952e-06,1.8492174467358817e-06,0.6080568840775299,2.5105070760420363e-06,0.1256147378450856,4.282405132853128e-06,lignin
C37 H48 O13,3.577726848801236e-06,2.5669726331038952e-06,1.8492174467358817e-06,0.6094902966609856,2.5105070760420363e-06,0.126386223510359,4.282405132853128e-06,lignin
C35 H46 O16,3.577726848801236e-06,2.5669726331038952e-06,1.8492174467358817e-06,0.6120913292261175,2.5105070760420363e-06,0.1272213022977414,4.282405132853128e-06,lignin
C18 H26 O4,3.577726848801236e-06,2.5669726331038952e-06,1.8492174467358817e-06,0.6837452116882514,2.5105070760420363e-06,0.2398190712004915,0.1305970309486649,lignin
C34 H44 O14,3.577726848801236e-06,2.5669726331038952e-06,1.8492174467358817e-06,0.6698587484892048,2.5105070760420363e-06,0.1791076634935769,4.282405132853128e-06,lignin
C32 H46 O14,3.577726848801236e-06,2.5669726331038952e-06,1.8492174467358817e-06,0.6720097368324357,2.5105070760420363e-06,0.1812494419034339,4.282405132853128e-06,lignin
C34 H40 O14,3.577726848801236e-06,2.5669726331038952e-06,1.8492174467358817e-06,0.67411536162537,2.5105070760420363e-06,0.1834166367715755,4.282405132853128e-06,lignin
C17 H22 O4,3.577726848801236e-06,2.5669726331038952e-06,1.8492174467358817e-06,0.6735459734632303,2.5105070760420363e-06,0.1854469777855996,4.282405132853128e-06,lignin
C19 H28 O4,3.577726848801236e-06,2.5669726331038952e-06,1.8492174467358817e-06,0.6720344599673473,2.5105070760420363e-06,0.184527580287681,4.282405132853128e-06,lignin
C34 H46 O14,3.577726848801236e-06,2.5669726331038952e-06,1.8492174467358817e-06,0.7124514175277803,2.5105070760420363e-06,0.185698608519077,4.282405132853128e-06,lignin
C35 H48 O13,3.577726848801236e-06,2.5669726331038952e-06,1.8492174467358817e-06,0.7032598549666812,2.5105070760420363e-06,0.1544054128843875,4.282405132853128e-06,lignin
C30 H40 O9,3.577726848801236e-06,2.5669726331038952e-06,1.8492174467358817e-06,0.5965294767057413,0.0730854095715212,0.2497443281016317,4.282405132853128e-06,lignin
C37 H48 O15,3.577726848801236e-06,2.5669726331038952e-06,1.8492174467358817e-06,0.6061910434508718,2.5105070760420363e-06,0.2396635318315411,4.282405132853128e-06,lignin
C27 H34 O8,3.577726848801236e-06,2.5669726331038952e-06,1.8492174467358817e-06,0.6134597585237733,2.5105070760420363e-06,0.2501085007293848,4.282405132853128e-06,lignin
C28 H34 O9,3.577726848801236e-06,2.5669726331038952e-06,1.8492174467358817e-06,0.6148604715480569,2.5105070760420363e-06,0.2484956991090517,4.282405132853128e-06,lignin
C29 H38 O9,3.577726848801236e-06,2.5669726331038952e-06,1.8492174467358817e-06,0.6162680269078435,2.5105070760420363e-06,0.2478575848792759,4.282405132853128e-06,lignin
C30 H38 O10,3.577726848801236e-06,2.5669726331038952e-06,1.8492174467358817e-06,0.6179329070066877,2.5105070760420363e-06,0.2509297537950826,4.282405132853128e-06,lignin
C36 H44 O14,0.0754243407583916,2.5669726331038952e-06,1.8492174467358817e-06,0.659235663492579,2.5105070760420363e-06,0.3147281047087393,4.282405132853128e-06,lignin
C30 H34 O11,3.577726848801236e-06,2.5669726331038952e-06,1.8492174467358817e-06,0.6538873009126088,2.5105070760420363e-06,0.3382196171189878,4.282405132853128e-06,lignin
C33 H44 O13,3.577726848801236e-06,2.5669726331038952e-06,1.8492174467358817e-06,0.6498032960853222,2.5105070760420363e-06,0.3389935456749348,4.282405132853128e-06,lignin
C26 H32 O8,3.577726848801236e-06,2.5669726331038952e-06,1.8492174467358817e-06,0.616126228010208,2.5105070760420363e-06,0.3749125886938237,4.282405132853128e-06,lignin
C28 H34 O16,0.0653248758599058,0.3077115519132546,1.8492174467358817e-06,0.5047322121580665,2.5105070760420363e-06,3.704558711867581e-06,0.5239372409996824,lignin
C12 H11 O5 N1,0.1897229125396169,2.5669726331038952e-06,1.8492174467358817e-06,0.3079751654219664,2.5105070760420363e-06,3.704558711867581e-06,0.8738935654890648,lignin
C13 H11 O5 N1,0.1305807337346677,2.5669726331038952e-06,1.8492174467358817e-06,0.2110460736410706,2.5105070760420363e-06,3.704558711867581e-06,0.7818434776932828,lignin
C14 H13 O5 N1,0.171385487717792,2.5669726331038952e-06,1.8492174467358817e-06,0.2119817346688967,2.5105070760420363e-06,0.0787707044080454,0.782901824359727,lignin
C12 H15 O5 N1,0.1553757234228203,2.5669726331038952e-06,1.8492174467358817e-06,0.2124584488780762,2.5105070760420363e-06,0.1627501844902222,0.660557207373312,lignin
C16 H13 O6 N1,0.2356168004427954,2.5669726331038952e-06,1.8492174467358817e-06,0.2610321319099461,2.5105070760420363e-06,0.1924979269213932,0.7569692637159783,lignin
C11 H9 O5 N1,0.2330552237510637,2.5669726331038952e-06,1.8492174467358817e-06,0.2633500581182685,2.5105070760420363e-06,0.1855336874104121,0.8664125661305633,lignin
C9 H9 O5 N1,0.2641527719909554,2.5669726331038952e-06,1.8492174467358817e-06,0.2110838387966925,0.1368531050715065,3.704558711867581e-06,0.6504204032452938,lignin
C16 H19 O6 N1,0.3363471824546986,2.5669726331038952e-06,1.8492174467358817e-06,0.2092486752709224,2.5105070760420363e-06,0.0763955974536139,0.6493062314300864,lignin
C16 H17 O6 N1,0.3415413231935001,2.5669726331038952e-06,1.8492174467358817e-06,0.2772726042412802,2.5105070760420363e-06,3.704558711867581e-06,0.7616239768891245,lignin
C14 H17 O5 N1,0.440378859110311,2.5669726331038952e-06,0.0650618576181494,0.2129102131345926,2.5105070760420363e-06,0.0750943098735092,0.7206626113888088,lignin
C10 H13 O6 N1,0.4852219360921141,2.5669726331038952e-06,1.8492174467358817e-06,0.2107982185431375,0.0674574508626714,0.0780927957490791,0.6358940860739136,lignin
C10 H11 O5 N1,0.3839177583804691,2.5669726331038952e-06,1.8492174467358817e-06,0.2514001270784256,0.0875123045579753,0.186900302824886,0.821924216808437,lignin
C14 H19 O6 N1,0.385885688120903,2.5669726331038952e-06,1.8492174467358817e-06,0.251869545316599,2.5105070760420363e-06,0.1911042318039209,0.7453187392080325,lignin
C13 H13 O5 N1,0.3872953070380924,2.5669726331038952e-06,1.8492174467358817e-06,0.2379193463293856,2.5105070760420363e-06,0.3434981321242099,0.7296725450139339,lignin
C11 H15 O6 N1,0.4727135319454802,2.5669726331038952e-06,1.8492174467358817e-06,0.2108162316529011,2.5105070760420363e-06,0.2687154272496242,0.7209648033479384,lignin
C20 H21 O8 N1,0.5132786417098473,2.5669726331038952e-06,1.8492174467358817e-06,0.238602162268746,2.5105070760420363e-06,0.3221871335339137,0.7650171030465379,lignin
C13 H15 O5 N1,0.5551653226634131,2.5669726331038952e-06,1.8492174467358817e-06,0.2370852240483067,0.1009426148743389,0.3254912990991139,0.756795040174783,lignin
C12 H17 O7 N1,0.4815907775676716,2.5669726331038952e-06,1.8492174467358817e-06,0.2118863010999602,2.5105070760420363e-06,0.2740561839906251,0.6218295839793356,lignin
C20 H25 O8 N1,0.46544963940044,2.5669726331038952e-06,1.8492174467358817e-06,0.2302332298893174,2.5105070760420363e-06,0.2069785772001791,0.628288983115469,lignin
C15 H21 O7 N1,0.3935179766812164,2.5669726331038952e-06,1.8492174467358817e-06,0.2500159150455624,2.5105070760420363e-06,0.2057915272443122,0.5336005129042899,lignin
C13 H19 O7 N1,0.5042970532280026,0.0806197935744058,1.8492174467358817e-06,0.4624483176851766,2.5105070760420363e-06,0.3303250000961563,0.5967646443014761,lignin
C19 H25 O8 N1,0.5713704709887237,2.5669726331038952e-06,1.8492174467358817e-06,0.447290049550606,2.5105070760420363e-06,0.1666013106784157,0.6423141622206434,lignin
C31 H28 O16,0.7468698942671026,0.0044913890275722,1.8492174467358817e-06,0.4682933733379362,2.5105070760420363e-06,0.2205260822239577,0.5107187966404548,lignin
C27 H38 O14,0.6067101101478878,2.5669726331038952e-06,1.8492174467358817e-06,0.4806123746624007,2.5105070760420363e-06,0.1568337371726149,0.4161863301142262,lignin
C23 H25 O10 N1,0.3381542540376815,2.5669726331038952e-06,1.8492174467358817e-06,3.086014032624942e-06,2.5105070760420363e-06,0.0772176301652714,0.6500350870261925,lignin
C22 H27 O9 N1,0.337263355976064,2.5669726331038952e-06,1.8492174467358817e-06,3.086014032624942e-06,2.5105070760420363e-06,0.0773390015500401,0.6511411611275134,lignin
C23 H27 O11 N1,0.3394515400790017,2.5669726331038952e-06,1.8492174467358817e-06,3.086014032624942e-06,2.5105070760420363e-06,0.0782257708645473,0.6523919511913976,lignin
C22 H27 O11 N1,0.3582019474572932,2.5669726331038952e-06,1.8492174467358817e-06,3.086014032624942e-06,2.5105070760420363e-06,0.000189096199019,0.7244478632065462,lignin
C15 H19 O9 N1,0.466628560666325,2.5669726331038952e-06,1.8492174467358817e-06,3.086014032624942e-06,2.5105070760420363e-06,0.0468421492926376,0.7468116018400706,lignin
C21 H25 O11 N1,0.4580010536918286,2.5669726331038952e-06,1.8492174467358817e-06,3.086014032624942e-06,2.5105070760420363e-06,1.9918236421238484e-05,0.7631769589121384,lignin
C22 H25 O11 N1,0.4934359878612973,2.5669726331038952e-06,1.8492174467358817e-06,3.086014032624942e-06,2.5105070760420363e-06,3.704558711867581e-06,0.7297910047526832,lignin
C18 H23 O9 N1,0.4655256683434747,0.0327235815037691,1.8492174467358817e-06,3.086014032624942e-06,2.5105070760420363e-06,3.704558711867581e-06,0.7122674905558878,lignin
C14 H17 O9 N1,0.4629803867834058,2.5669726331038952e-06,1.8492174467358817e-06,3.086014032624942e-06,2.5105070760420363e-06,0.0004508864654962,0.6154807309070169,lignin
C20 H23 O12 N1,0.5760253419006713,2.5669726331038952e-06,1.8492174467358817e-06,3.086014032624942e-06,0.0827874207086555,3.704558711867581e-06,0.637038501623561,lignin
C18 H21 O10 N1,0.4406101869600775,2.5669726331038952e-06,1.8492174467358817e-06,3.086014032624942e-06,0.4542199924554584,3.704558711867581e-06,0.6319457757447335,lignin
C19 H21 O12 N1,0.3162589312626332,2.5669726331038952e-06,1.8492174467358817e-06,3.086014032624942e-06,0.3328157127394076,3.704558711867581e-06,0.5235609426892275,lignin
C17 H21 O10 N1,0.4530985597984517,2.5669726331038952e-06,1.8492174467358817e-06,3.086014032624942e-06,0.3307924038735086,3.704558711867581e-06,0.5173044771707962,lignin
C17 H21 O9 N1,0.5649240808915543,2.5669726331038952e-06,1.8492174467358817e-06,3.086014032624942e-06,0.2827777726793893,5.348269766805815e-05,0.5656821830111558,lignin
C20 H25 O11 N1,0.5675131612447392,2.5669726331038952e-06,1.8492174467358817e-06,3.086014032624942e-06,0.1350642952398386,3.704558711867581e-06,0.4685086041584091,lignin
C14 H18 O6 N2,0.5147407921702702,2.5669726331038952e-06,1.8492174467358817e-06,3.086014032624942e-06,2.5105070760420363e-06,3.704558711867581e-06,0.2400773405291745,lignin
C18 H23 O8 N1,0.2625093719514149,2.5669726331038952e-06,1.8492174467358817e-06,3.086014032624942e-06,2.5105070760420363e-06,0.1636934001722082,0.753355904279378,lignin
C24 H21 O14 N1,0.2584030437865492,2.5669726331038952e-06,1.8492174467358817e-06,3.086014032624942e-06,2.5105070760420363e-06,0.1504342991830038,0.7963745185310968,lignin
C12 H14 O7 N2,0.1898221687973977,2.5669726331038952e-06,1.8492174467358817e-06,3.086014032624942e-06,2.5105070760420363e-06,0.1012397046451618,0.771163145193789,lignin
C19 H21 O7 N1,0.1818221594344491,2.5669726331038952e-06,1.8492174467358817e-06,3.086014032624942e-06,2.5105070760420363e-06,0.1029092320061091,0.6679373533861357,lignin
C14 H18 O7 N2,0.1846538774490862,2.5669726331038952e-06,1.8492174467358817e-06,3.086014032624942e-06,2.5105070760420363e-06,0.1034142086941751,0.6669664865681931,lignin
C21 H22 O9 N2,0.1972320648218537,2.5669726331038952e-06,1.8492174467358817e-06,3.086014032624942e-06,2.5105070760420363e-06,0.1037124817471886,0.6645191979312549,lignin
C22 H22 O10 N2,0.1986610848488406,2.5669726331038952e-06,1.8492174467358817e-06,3.086014032624942e-06,2.5105070760420363e-06,0.1026452308900719,0.6660392369818667,lignin
C24 H23 O14 N1,0.2117449277126352,2.5669726331038952e-06,1.8492174467358817e-06,3.086014032624942e-06,2.5105070760420363e-06,0.0434671236552796,0.6627130396566521,lignin
C15 H20 O8 N2,0.1339571682914383,2.5669726331038952e-06,1.8492174467358817e-06,3.086014032624942e-06,2.5105070760420363e-06,3.704558711867581e-06,0.6813121388350591,lignin
C22 H23 O9 N1,0.1331954946751831,2.5669726331038952e-06,1.8492174467358817e-06,3.086014032624942e-06,2.5105070760420363e-06,3.704558711867581e-06,0.681924068350349,lignin
C19 H19 O7 N1,0.1343576931747346,2.5669726331038952e-06,1.8492174467358817e-06,3.086014032624942e-06,2.5105070760420363e-06,3.704558711867581e-06,0.6829723542207524,lignin
C18 H22 O11 N2,0.1333492068322156,2.5669726331038952e-06,1.8492174467358817e-06,3.086014032624942e-06,2.5105070760420363e-06,0.1661420082494858,0.508331934126079,lignin
C20 H24 O11 N2,0.1416072149441302,2.5669726331038952e-06,1.8492174467358817e-06,3.086014032624942e-06,2.5105070760420363e-06,0.1660246325502604,0.5652437408812534,lignin
C19 H24 O9 N2,0.1737339447938945,2.5669726331038952e-06,1.8492174467358817e-06,3.086014032624942e-06,2.5105070760420363e-06,0.1174967392607147,0.5783142485962582,lignin
C21 H23 O8 N1,0.1818936419457215,2.5669726331038952e-06,1.8492174467358817e-06,3.086014032624942e-06,2.5105070760420363e-06,0.0796907061315828,0.5832671048715908,lignin
C21 H25 O12 N1,0.1266749999909971,2.5669726331038952e-06,1.8492174467358817e-06,3.086014032624942e-06,2.5105070760420363e-06,3.704558711867581e-06,0.5442304187309447,lignin
C23 H27 O12 N1,0.1268328084380333,2.5669726331038952e-06,1.8492174467358817e-06,3.086014032624942e-06,2.5105070760420363e-06,3.704558711867581e-06,0.5791973288341127,lignin
C17 H15 O6 N1,0.1339403104825771,2.5669726331038952e-06,1.8492174467358817e-06,3.086014032624942e-06,2.5105070760420363e-06,3.704558711867581e-06,0.5772720360112699,lignin
C24 H25 O13 N1,0.1349431137853933,2.5669726331038952e-06,1.8492174467358817e-06,3.086014032624942e-06,2.5105070760420363e-06,3.704558711867581e-06,0.5758588622454335,lignin
C19 H17 O7 N1,0.1361622214567811,2.5669726331038952e-06,1.8492174467358817e-06,3.086014032624942e-06,2.5105070760420363e-06,3.704558711867581e-06,0.5767110239393575,lignin
C24 H27 O13 N1,0.1369338206988144,2.5669726331038952e-06,1.8492174467358817e-06,3.086014032624942e-06,2.5105070760420363e-06,3.704558711867581e-06,0.5892965890159296,lignin
C23 H26 O13 N2,0.1375790764027407,2.5669726331038952e-06,1.8492174467358817e-06,3.086014032624942e-06,2.5105070760420363e-06,3.704558711867581e-06,0.5908475466104718,lignin
C24 H29 O11 N1,0.2501834777808227,2.5669726331038952e-06,1.8492174467358817e-06,3.086014032624942e-06,2.5105070760420363e-06,3.704558711867581e-06,0.5656926118851006,lignin
C19 H25 O9 N1,0.2731836059811956,2.5669726331038952e-06,1.8492174467358817e-06,0.1527359645553412,2.5105070760420363e-06,3.704558711867581e-06,0.5284483424439772,lignin
C14 H15 O5 N1,0.1363125462970798,2.5669726331038952e-06,1.8492174467358817e-06,0.210575086580116,2.5105070760420363e-06,3.704558711867581e-06,0.5768788674635512,lignin
C11 H13 O4 N1,3.577726848801236e-06,2.5669726331038952e-06,1.8492174467358817e-06,0.2087668009578967,2.5105070760420363e-06,0.1269238413759358,0.5036857787641993,lignin
C21 H27 O8 N1,3.577726848801236e-06,2.5669726331038952e-06,1.8492174467358817e-06,3.086014032624942e-06,2.5105070760420363e-06,0.1259399541630547,0.5036691845853636,lignin
C23 H26 O12 N2,3.577726848801236e-06,2.5669726331038952e-06,1.8492174467358817e-06,3.086014032624942e-06,2.5105070760420363e-06,0.1256021205746385,0.5052323807702116,lignin
C22 H23 O12 N3,3.577726848801236e-06,2.5669726331038952e-06,1.8492174467358817e-06,3.086014032624942e-06,2.5105070760420363e-06,0.0839484371788833,0.5043026466580336,lignin
C23 H19 O12 N3,3.577726848801236e-06,2.5669726331038952e-06,1.8492174467358817e-06,3.086014032624942e-06,2.5105070760420363e-06,0.0841485073262291,0.5049888052172834,lignin
C22 H24 O14 N2,3.577726848801236e-06,2.5669726331038952e-06,1.8492174467358817e-06,3.086014032624942e-06,2.5105070760420363e-06,0.0851307118032473,0.5055236837580165,lignin
C22 H19 O12 N3,3.577726848801236e-06,2.5669726331038952e-06,1.8492174467358817e-06,3.086014032624942e-06,2.5105070760420363e-06,0.0847014907142607,0.5073456080361712,lignin
C24 H22 O15 N2,3.577726848801236e-06,2.5669726331038952e-06,1.8492174467358817e-06,3.086014032624942e-06,2.5105070760420363e-06,0.0849823321830263,0.5074674111492147,lignin
C16 H20 O10 N2,3.577726848801236e-06,2.5669726331038952e-06,1.8492174467358817e-06,3.086014032624942e-06,2.5105070760420363e-06,0.059521706954785,0.5172371802606937,lignin
C17 H22 O9 N2,3.577726848801236e-06,2.5669726331038952e-06,1.8492174467358817e-06,3.086014032624942e-06,2.5105070760420363e-06,0.1357811392415458,0.5844826821493321,lignin
C18 H20 O7 N2,3.577726848801236e-06,2.5669726331038952e-06,1.8492174467358817e-06,3.086014032624942e-06,2.5105070760420363e-06,0.1395538070579997,0.5852071821569083,lignin
C15 H20 O7 N2,3.577726848801236e-06,2.5669726331038952e-06,1.8492174467358817e-06,3.086014032624942e-06,2.5105070760420363e-06,0.1410147596335913,0.5859489204796521,lignin
C13 H16 O8 N2,3.577726848801236e-06,2.5669726331038952e-06,1.8492174467358817e-06,3.086014032624942e-06,2.5105070760420363e-06,0.1423986961824687,0.5843621366357937,lignin
C17 H18 O6 N2,3.577726848801236e-06,2.5669726331038952e-06,1.8492174467358817e-06,3.086014032624942e-06,2.5105070760420363e-06,0.1405921135588644,0.5830173640137718,lignin
C19 H25 O7 N1,3.577726848801236e-06,2.5669726331038952e-06,1.8492174467358817e-06,3.086014032624942e-06,2.5105070760420363e-06,0.1502127627835689,0.5870037090596916,lignin
C24 H20 O14 N2,3.577726848801236e-06,2.5669726331038952e-06,1.8492174467358817e-06,3.086014032624942e-06,2.5105070760420363e-06,0.1517359181126413,0.5865174781485951,lignin
C23 H23 O13 N3,3.577726848801236e-06,2.5669726331038952e-06,1.8492174467358817e-06,3.086014032624942e-06,2.5105070760420363e-06,0.2315516274797549,0.5133265979166668,lignin
C22 H19 O13 N3,3.577726848801236e-06,2.5669726331038952e-06,1.8492174467358817e-06,3.086014032624942e-06,2.5105070760420363e-06,0.260269028792949,0.5870003350122389,lignin
C14 H16 O9 N2,3.577726848801236e-06,2.5669726331038952e-06,1.8492174467358817e-06,3.086014032624942e-06,2.5105070760420363e-06,0.067727194809928,0.603014545763954,lignin
C23 H22 O14 N2,3.577726848801236e-06,2.5669726331038952e-06,1.8492174467358817e-06,3.086014032624942e-06,2.5105070760420363e-06,0.0641914808917611,0.6045489398528191,lignin
C23 H21 O13 N3,3.577726848801236e-06,2.5669726331038952e-06,1.8492174467358817e-06,3.086014032624942e-06,2.5105070760420363e-06,0.0631178499318745,0.6053495092938751,lignin
C21 H19 O13 N3,3.577726848801236e-06,2.5669726331038952e-06,1.8492174467358817e-06,3.086014032624942e-06,2.5105070760420363e-06,0.0642495450246061,0.6064487126076559,lignin
C21 H20 O9 N2,3.577726848801236e-06,2.5669726331038952e-06,1.8492174467358817e-06,3.086014032624942e-06,2.5105070760420363e-06,0.0562768139736673,0.6254031296559938,lignin
C21 H17 O12 N3,3.577726848801236e-06,2.5669726331038952e-06,1.8492174467358817e-06,3.086014032624942e-06,2.5105070760420363e-06,0.0538423077426848,0.6266068670944918,lignin
C20 H17 O11 N3,3.577726848801236e-06,2.5669726331038952e-06,1.8492174467358817e-06,3.086014032624942e-06,2.5105070760420363e-06,0.0538090331028318,0.6270459840338848,lignin
C23 H25 O14 N1,3.577726848801236e-06,2.5669726331038952e-06,1.8492174467358817e-06,3.086014032624942e-06,2.5105070760420363e-06,3.704558711867581e-06,0.5995924027984473,lignin
C21 H21 O13 N3,3.577726848801236e-06,2.5669726331038952e-06,1.8492174467358817e-06,3.086014032624942e-06,2.5105070760420363e-06,3.704558711867581e-06,0.5970026066663694,lignin
C21 H23 O12 N3,3.577726848801236e-06,2.5669726331038952e-06,1.8492174467358817e-06,3.086014032624942e-06,2.5105070760420363e-06,3.704558711867581e-06,0.5957747601251636,lignin
C11 H10 O7 N2,3.577726848801236e-06,2.5669726331038952e-06,1.8492174467358817e-06,3.086014032624942e-06,2.5105070760420363e-06,3.704558711867581e-06,0.5939056605289881,lignin
C18 H15 O10 N3,3.577726848801236e-06,2.5669726331038952e-06,1.8492174467358817e-06,3.086014032624942e-06,2.5105070760420363e-06,3.704558711867581e-06,0.5566620045510379,lignin
C21 H17 O11 N3,3.577726848801236e-06,2.5669726331038952e-06,1.8492174467358817e-06,3.086014032624942e-06,2.5105070760420363e-06,3.704558711867581e-06,0.5551881592773699,lignin
C20 H24 O12 N2,3.577726848801236e-06,0.1026387481282076,0.042629864235838,3.086014032624942e-06,0.073186134272553,3.704558711867581e-06,0.6149040141778701,lignin
C23 H21 O14 N1,0.1089061942386896,2.5669726331038952e-06,1.8492174467358817e-06,3.086014032624942e-06,0.1739546559529668,3.704558711867581e-06,0.7048605362023943,lignin
C23 H19 O12 N1,3.577726848801236e-06,2.5669726331038952e-06,1.8492174467358817e-06,3.086014032624942e-06,0.128059669015843,3.704558711867581e-06,0.7650173484318071,lignin
C20 H20 O8 N2,3.577726848801236e-06,2.5669726331038952e-06,1.8492174467358817e-06,3.086014032624942e-06,2.5105070760420363e-06,3.704558711867581e-06,0.6920820369578435,lignin
C22 H18 O10 N2,3.577726848801236e-06,2.5669726331038952e-06,1.8492174467358817e-06,3.086014032624942e-06,2.5105070760420363e-06,3.704558711867581e-06,0.6924701137612244,lignin
C20 H17 O8 N1,3.577726848801236e-06,2.5669726331038952e-06,1.8492174467358817e-06,3.086014032624942e-06,2.5105070760420363e-06,3.704558711867581e-06,0.6934590163964597,lignin
C13 H16 O6 N2,3.577726848801236e-06,2.5669726331038952e-06,1.8492174467358817e-06,3.086014032624942e-06,2.5105070760420363e-06,3.704558711867581e-06,0.6943747942214469,lignin
C23 H21 O11 N1,3.577726848801236e-06,2.5669726331038952e-06,1.8492174467358817e-06,3.086014032624942e-06,2.5105070760420363e-06,3.704558711867581e-06,0.6963987319225439,lignin
C20 H17 O12 N3,3.577726848801236e-06,2.5669726331038952e-06,1.8492174467358817e-06,3.086014032624942e-06,2.5105070760420363e-06,0.0589840760951089,0.7088432618155921,lignin
C21 H17 O13 N3,3.577726848801236e-06,2.5669726331038952e-06,1.8492174467358817e-06,3.086014032624942e-06,2.5105070760420363e-06,0.0593537582209768,0.7104183285128419,lignin
C24 H20 O13 N2,3.577726848801236e-06,2.5669726331038952e-06,1.8492174467358817e-06,3.086014032624942e-06,2.5105070760420363e-06,0.0603193302508557,0.7125029377217708,lignin
C18 H16 O7 N2,3.577726848801236e-06,2.5669726331038952e-06,1.8492174467358817e-06,3.086014032624942e-06,2.5105070760420363e-06,0.0617618831817996,0.7122497614701817,lignin
C16 H14 O6 N2,3.577726848801236e-06,2.5669726331038952e-06,1.8492174467358817e-06,3.086014032624942e-06,2.5105070760420363e-06,0.0626855947206949,0.7094712640660205,lignin
C19 H16 O8 N2,3.577726848801236e-06,2.5669726331038952e-06,1.8492174467358817e-06,3.086014032624942e-06,2.5105070760420363e-06,0.0632167675130052,0.7080671695551478,lignin
C21 H25 O8 N1,3.577726848801236e-06,2.5669726331038952e-06,1.8492174467358817e-06,3.086014032624942e-06,2.5105070760420363e-06,0.1362259662438248,0.6890960663084983,lignin
C24 H23 O15 N1,3.577726848801236e-06,2.5669726331038952e-06,1.8492174467358817e-06,3.086014032624942e-06,2.5105070760420363e-06,0.0602089128918201,0.8094637982192023,lignin
C22 H20 O11 N2,3.577726848801236e-06,2.5669726331038952e-06,1.8492174467358817e-06,3.086014032624942e-06,2.5105070760420363e-06,0.0602985007096337,0.8106917674530426,lignin
C22 H23 O14 N1,3.577726848801236e-06,2.5669726331038952e-06,1.8492174467358817e-06,3.086014032624942e-06,2.5105070760420363e-06,0.0397956571329133,0.8311717447205512,lignin
C24 H21 O15 N1,3.577726848801236e-06,2.5669726331038952e-06,1.8492174467358817e-06,3.086014032624942e-06,2.5105070760420363e-06,3.704558711867581e-06,0.7952211464191203,lignin
C12 H14 O6 N2,3.577726848801236e-06,2.5669726331038952e-06,1.8492174467358817e-06,3.086014032624942e-06,2.5105070760420363e-06,3.704558711867581e-06,0.7945707527628695,lignin
C22 H18 O12 N2,3.577726848801236e-06,2.5669726331038952e-06,1.8492174467358817e-06,3.086014032624942e-06,2.5105070760420363e-06,3.704558711867581e-06,0.7941047047901719,lignin
C11 H12 O6 N2,3.577726848801236e-06,2.5669726331038952e-06,1.8492174467358817e-06,3.086014032624942e-06,2.5105070760420363e-06,3.704558711867581e-06,0.7935551644795988,lignin
C11 H10 O6 N2,3.577726848801236e-06,2.5669726331038952e-06,1.8492174467358817e-06,3.086014032624942e-06,2.5105070760420363e-06,3.704558711867581e-06,0.793314196145157,lignin
C12 H10 O6 N2,3.577726848801236e-06,2.5669726331038952e-06,1.8492174467358817e-06,3.086014032624942e-06,2.5105070760420363e-06,3.704558711867581e-06,0.7924216072281176,lignin
C15 H12 O6 N2,3.577726848801236e-06,2.5669726331038952e-06,1.8492174467358817e-06,3.086014032624942e-06,2.5105070760420363e-06,0.0583708585596446,0.9980845225879288,lignin
C12 H10 O7 N2,3.577726848801236e-06,2.5669726331038952e-06,1.8492174467358817e-06,3.086014032624942e-06,2.5105070760420363e-06,0.0590411266882063,1.0,lignin
C14 H12 O9 N2,3.577726848801236e-06,2.5669726331038952e-06,1.8492174467358817e-06,3.086014032624942e-06,0.1191525093811688,0.219557164213502,0.9216819786052264,lignin
C17 H14 O7 N2,3.577726848801236e-06,2.5669726331038952e-06,1.8492174467358817e-06,3.086014032624942e-06,2.5105070760420363e-06,0.2295814621397165,0.9236367790067012,lignin
C19 H18 O8 N2,3.577726848801236e-06,2.5669726331038952e-06,1.8492174467358817e-06,3.086014032624942e-06,2.5105070760420363e-06,0.2303133937666369,0.8808309137834562,lignin
C22 H20 O14 N2,3.577726848801236e-06,2.5669726331038952e-06,1.8492174467358817e-06,3.086014032624942e-06,2.5105070760420363e-06,0.2423915910089564,0.8788853766758971,lignin
C13 H12 O6 N2,3.577726848801236e-06,2.5669726331038952e-06,1.8492174467358817e-06,3.086014032624942e-06,2.5105070760420363e-06,0.2252263598091052,0.9870856186625804,lignin
C12 H12 O6 N2,3.577726848801236e-06,2.5669726331038952e-06,1.8492174467358817e-06,3.086014032624942e-06,2.5105070760420363e-06,0.223722058918157,0.9886863894667882,lignin
C20 H16 O10 N2,3.577726848801236e-06,2.5669726331038952e-06,1.8492174467358817e-06,3.086014032624942e-06,2.5105070760420363e-06,0.2228941268854048,0.987398300841972,lignin
C22 H18 O11 N2,3.577726848801236e-06,2.5669726331038952e-06,1.8492174467358817e-06,3.086014032624942e-06,2.5105070760420363e-06,0.344572718150397,0.8893138825427828,lignin
C23 H20 O12 N2,3.577726848801236e-06,2.5669726331038952e-06,1.8492174467358817e-06,3.086014032624942e-06,2.5105070760420363e-06,0.3444884644103574,0.8861615406808595,lignin
C21 H18 O10 N2,3.577726848801236e-06,2.5669726331038952e-06,1.8492174467358817e-06,3.086014032624942e-06,2.5105070760420363e-06,0.3446927836281833,0.8859650484264762,lignin
C20 H16 O9 N2,3.577726848801236e-06,2.5669726331038952e-06,1.8492174467358817e-06,3.086014032624942e-06,2.5105070760420363e-06,0.2394216336784601,0.8111569565772976,lignin
C15 H18 O9 N2,3.577726848801236e-06,2.5669726331038952e-06,1.8492174467358817e-06,3.086014032624942e-06,2.5105070760420363e-06,0.2568768411989042,0.7716128750460788,lignin
C23 H22 O13 N2,3.577726848801236e-06,2.5669726331038952e-06,1.8492174467358817e-06,3.086014032624942e-06,2.5105070760420363e-06,0.3551342960956058,0.7832854228819432,lignin
C23 H20 O14 N2,3.577726848801236e-06,2.5669726331038952e-06,1.8492174467358817e-06,3.086014032624942e-06,2.5105070760420363e-06,0.3660943510907922,0.6761075786197532,lignin
C19 H23 O7 N1,3.577726848801236e-06,2.5669726331038952e-06,1.8492174467358817e-06,3.086014032624942e-06,2.5105070760420363e-06,0.2663326472795397,0.6667691968116847,lignin
C17 H16 O7 N2,0.1818642589424261,2.5669726331038952e-06,1.8492174467358817e-06,3.086014032624942e-06,2.5105070760420363e-06,0.2587507462511244,0.9750979961409486,lignin
C14 H14 O6 N2,0.1811916346195744,2.5669726331038952e-06,1.8492174467358817e-06,3.086014032624942e-06,2.5105070760420363e-06,0.2593278661786568,0.9755236168905306,lignin
C15 H14 O6 N2,0.1801598421875017,2.5669726331038952e-06,1.8492174467358817e-06,3.086014032624942e-06,2.5105070760420363e-06,0.2611904923526607,0.9751021063442092,lignin
C12 H12 O7 N2,0.1801762498546042,2.5669726331038952e-06,1.8492174467358817e-06,3.086014032624942e-06,2.5105070760420363e-06,0.2607232505290418,0.97396094214938,lignin
C19 H20 O12 N2,0.1537158369413696,2.5669726331038952e-06,1.8492174467358817e-06,3.086014032624942e-06,2.5105070760420363e-06,0.2664360543219882,0.9508438093928204,lignin
C17 H18 O11 N2,0.1528119185293832,2.5669726331038952e-06,1.8492174467358817e-06,3.086014032624942e-06,2.5105070760420363e-06,0.2668020201354484,0.951861115372976,lignin
C22 H20 O12 N2,0.165652639829335,2.5669726331038952e-06,1.8492174467358817e-06,3.086014032624942e-06,2.5105070760420363e-06,0.3516360766510484,0.9615201543816884,lignin
C18 H16 O8 N2,0.1669784536046091,2.5669726331038952e-06,1.8492174467358817e-06,3.086014032624942e-06,2.5105070760420363e-06,0.3542032428905904,0.9635662381033387,lignin
C19 H16 O9 N2,0.166711857148053,2.5669726331038952e-06,1.8492174467358817e-06,3.086014032624942e-06,2.5105070760420363e-06,0.3531503829984788,0.9645055729141776,lignin
C21 H18 O11 N2,0.1678344319193,2.5669726331038952e-06,1.8492174467358817e-06,3.086014032624942e-06,2.5105070760420363e-06,0.3534024165490354,0.9651173797368328,lignin
C13 H12 O8 N2,0.1713602235115882,2.5669726331038952e-06,1.8492174467358817e-06,3.086014032624942e-06,2.5105070760420363e-06,0.3516239141740779,0.9658109612004788,lignin
C16 H18 O10 N2,0.1917745236329825,2.5669726331038952e-06,1.8492174467358817e-06,3.086014032624942e-06,2.5105070760420363e-06,0.3655884908039719,0.945235406370582,lignin
C13 H12 O7 N2,0.2103604717197539,2.5669726331038952e-06,1.8492174467358817e-06,3.086014032624942e-06,2.5105070760420363e-06,0.373125744107098,0.9639235804017412,lignin
C14 H14 O9 N2,0.2123572780540047,2.5669726331038952e-06,1.8492174467358817e-06,3.086014032624942e-06,2.5105070760420363e-06,0.3800411777810049,0.855937314369878,lignin
C20 H18 O9 N2,0.1690442329098279,2.5669726331038952e-06,1.8492174467358817e-06,3.086014032624942e-06,2.5105070760420363e-06,0.3609327569913192,0.8549268178309452,lignin
C19 H22 O9 N2,0.1701440305080876,2.5669726331038952e-06,1.8492174467358817e-06,3.086014032624942e-06,2.5105070760420363e-06,0.3591609855598133,0.856177178470608,lignin
C13 H16 O7 N2,0.1694923265234687,2.5669726331038952e-06,1.8492174467358817e-06,3.086014032624942e-06,2.5105070760420363e-06,0.3602022287271261,0.8575450786542606,lignin
C21 H20 O10 N2,0.166438621100557,2.5669726331038952e-06,1.8492174467358817e-06,3.086014032624942e-06,2.5105070760420363e-06,0.3601632724173422,0.8712361043689805,lignin
C13 H14 O8 N2,0.1664728543813017,2.5669726331038952e-06,1.8492174467358817e-06,3.086014032624942e-06,2.5105070760420363e-06,0.3590446363944347,0.8738071285279577,lignin
C23 H20 O13 N2,0.1670946239389708,2.5669726331038952e-06,1.8492174467358817e-06,3.086014032624942e-06,2.5105070760420363e-06,0.3599114467723748,0.8745343891198135,lignin
C22 H22 O11 N2,0.1666082907829333,2.5669726331038952e-06,1.8492174467358817e-06,3.086014032624942e-06,2.5105070760420363e-06,0.356850218888202,0.8782495834431688,lignin
C16 H16 O6 N2,0.1839909086669574,2.5669726331038952e-06,1.8492174467358817e-06,3.086014032624942e-06,2.5105070760420363e-06,0.2652637006924607,0.8698358746760991,lignin
C17 H20 O10 N2,0.1563951932242502,2.5669726331038952e-06,1.8492174467358817e-06,3.086014032624942e-06,2.5105070760420363e-06,0.2685329381186686,0.8563091343991683,lignin
C18 H20 O11 N2,0.1570029296125936,2.5669726331038952e-06,1.8492174467358817e-06,3.086014032624942e-06,2.5105070760420363e-06,0.2712857900376008,0.8551886439132766,lignin
C21 H22 O10 N2,0.1508973418408925,2.5669726331038952e-06,1.8492174467358817e-06,3.086014032624942e-06,2.5105070760420363e-06,0.2718732792563965,0.7604471091376137,lignin
C19 H22 O11 N2,0.1723779715207913,2.5669726331038952e-06,1.8492174467358817e-06,3.086014032624942e-06,2.5105070760420363e-06,0.3679026879178058,0.7508562258874466,lignin
C23 H25 O12 N1,0.3386567922970301,2.5669726331038952e-06,1.8492174467358817e-06,3.086014032624942e-06,2.5105070760420363e-06,0.2367690702181376,0.787109752303815,lignin
C24 H23 O12 N1,0.3177081851616711,2.5669726331038952e-06,1.8492174467358817e-06,3.086014032624942e-06,2.5105070760420363e-06,0.233503808986324,0.8160898752995004,lignin
C23 H25 O11 N1,0.3123580928105879,2.5669726331038952e-06,1.8492174467358817e-06,3.086014032624942e-06,2.5105070760420363e-06,0.2378562085442752,0.9183094034641162,lignin
C13 H14 O7 N2,0.3096428827366314,2.5669726331038952e-06,1.8492174467358817e-06,3.086014032624942e-06,2.5105070760420363e-06,0.2373445788773534,0.9684779923460654,lignin
C21 H22 O12 N2,0.3073969904602357,2.5669726331038952e-06,1.8492174467358817e-06,3.086014032624942e-06,2.5105070760420363e-06,0.3394246639024232,0.9527857270676576,lignin
C23 H23 O14 N1,0.2772397883541485,2.5669726331038952e-06,1.8492174467358817e-06,3.086014032624942e-06,2.5105070760420363e-06,0.4066667370080576,0.9255259388486412,lignin
C16 H20 O8 N2,0.3171287401828583,2.5669726331038952e-06,1.8492174467358817e-06,3.086014032624942e-06,2.5105070760420363e-06,0.4034547255952883,0.8487330482488172,lignin
C22 H22 O12 N2,0.2981176332050489,2.5669726331038952e-06,1.8492174467358817e-06,3.086014032624942e-06,2.5105070760420363e-06,0.3461932122775319,0.8500483746385245,lignin
C20 H20 O9 N2,0.2967076091602768,2.5669726331038952e-06,1.8492174467358817e-06,3.086014032624942e-06,2.5105070760420363e-06,0.3464186599008644,0.8476013313868556,lignin
C22 H21 O10 N1,0.3557210136616223,2.5669726331038952e-06,1.8492174467358817e-06,3.086014032624942e-06,2.5105070760420363e-06,0.3566098800270402,0.8454978275121915,lignin
C24 H21 O13 N1,0.3686332174728465,2.5669726331038952e-06,1.8492174467358817e-06,3.086014032624942e-06,2.5105070760420363e-06,0.3640525362870619,0.8837667644915491,lignin
C21 H20 O12 N2,0.3108839235652091,2.5669726331038952e-06,1.8492174467358817e-06,3.086014032624942e-06,0.2135705388068129,0.3466192887944813,0.8569344374116344,lignin
C22 H20 O13 N2,0.3116660448708507,2.5669726331038952e-06,1.8492174467358817e-06,3.086014032624942e-06,0.1212218607196488,0.340415879787325,0.8818428212876874,lignin
C20 H18 O10 N2,0.3100678390638779,2.5669726331038952e-06,1.8492174467358817e-06,3.086014032624942e-06,0.1208849645788122,0.3402025166763672,0.8839744831220024,lignin
C22 H22 O13 N2,0.3147505512435976,2.5669726331038952e-06,1.8492174467358817e-06,3.086014032624942e-06,0.1026160649468138,0.3478032331606088,0.7920425483333832,lignin
C21 H23 O13 N1,0.2548164042820365,2.5669726331038952e-06,1.8492174467358817e-06,3.086014032624942e-06,0.1038501312083679,0.2800945939245205,0.8175818790830959,lignin
C14 H12 O6 N2,0.182963966512334,2.5669726331038952e-06,1.8492174467358817e-06,3.086014032624942e-06,0.1204709083541065,0.2635480897582484,0.9122481419274044,lignin
C22 H18 O13 N2,0.1678412628204874,2.5669726331038952e-06,1.8492174467358817e-06,3.086014032624942e-06,0.1197472578586156,0.3519300031778369,0.905682184238082,lignin
C17 H14 O8 N2,0.1679048003297198,2.5669726331038952e-06,1.8492174467358817e-06,3.086014032624942e-06,0.1182633329968396,0.3518645129172262,0.9020817075281194,lignin
C20 H20 O12 N2,0.17007755582388,2.5669726331038952e-06,1.8492174467358817e-06,3.086014032624942e-06,0.1209928920951848,0.3555951448223556,0.8972720949037344,lignin
C21 H18 O12 N2,0.1692227253706737,2.5669726331038952e-06,1.8492174467358817e-06,3.086014032624942e-06,0.2147132084056432,0.3571543847652605,0.8621201029612051,lignin
C17 H16 O11 N2,0.1574555246438208,2.5669726331038952e-06,1.8492174467358817e-06,3.086014032624942e-06,0.2163727901907436,0.4410151052766334,0.8366370881307943,lignin
C15 H18 O8 N2,0.3745180782331972,2.5669726331038952e-06,1.8492174467358817e-06,3.086014032624942e-06,2.5105070760420363e-06,0.6351899337103424,0.7197253623527589,lignin
C21 H25 O9 N1,0.380734851019283,2.5669726331038952e-06,1.8492174467358817e-06,3.086014032624942e-06,2.5105070760420363e-06,0.5196049253249903,0.7451669684189772,lignin
C23 H23 O13 N1,0.3393515410873192,2.5669726331038952e-06,1.8492174467358817e-06,3.086014032624942e-06,2.5105070760420363e-06,0.5237768628314807,0.8319517017989869,lignin
C19 H22 O10 N2,0.315397112358624,2.5669726331038952e-06,1.8492174467358817e-06,3.086014032624942e-06,2.5105070760420363e-06,0.5219593521703421,0.832501426148512,lignin
C14 H16 O8 N2,0.3693202238248869,2.5669726331038952e-06,1.8492174467358817e-06,3.086014032624942e-06,2.5105070760420363e-06,0.6191278235788016,0.9268408358141272,lignin
C13 H14 O6 N2,0.3779154331282007,2.5669726331038952e-06,1.8492174467358817e-06,3.086014032624942e-06,2.5105070760420363e-06,0.5071939491988929,0.9440146146558684,lignin
C23 H23 O12 N1,0.3753049935485683,2.5669726331038952e-06,1.8492174467358817e-06,3.086014032624942e-06,2.5105070760420363e-06,0.505075339268137,0.9448001542491804,lignin
C21 H20 O11 N2,0.3081431679464497,2.5669726331038952e-06,1.8492174467358817e-06,3.086014032624942e-06,2.5105070760420363e-06,0.5133024752927596,0.9369998473090162,lignin
C16 H14 O7 N2,0.2251436672436884,2.5669726331038952e-06,1.8492174467358817e-06,3.086014032624942e-06,2.5105070760420363e-06,0.4929810033544527,0.9511932993626055,lignin
C23 H21 O12 N1,0.2151745577717334,2.5669726331038952e-06,1.8492174467358817e-06,3.086014032624942e-06,2.5105070760420363e-06,0.5441011414952425,0.7522790923714198,lignin
C15 H16 O6 N2,0.2265169822280432,2.5669726331038952e-06,1.8492174467358817e-06,3.086014032624942e-06,2.5105070760420363e-06,0.5027950307653494,0.8415075563019631,lignin
C21 H18 O13 N2,0.175907240458165,2.5669726331038952e-06,1.8492174467358817e-06,3.086014032624942e-06,0.0883509042582223,0.5290532987808104,0.8250837975358043,lignin
C21 H20 O13 N2,0.1774880257790783,2.5669726331038952e-06,1.8492174467358817e-06,3.086014032624942e-06,0.1236612906575681,0.5211835524640919,0.8724040155581623,lignin
C14 H14 O8 N2,0.2256751946322936,2.5669726331038952e-06,1.8492174467358817e-06,3.086014032624942e-06,0.1195196657990282,0.4967513712153256,0.8775993738258698,lignin
C15 H12 O7 N2,0.2266410187896372,2.5669726331038952e-06,1.8492174467358817e-06,3.086014032624942e-06,0.1205548908867058,0.4946886359116779,0.879623127488015,lignin
C10 H9 O5 N1,0.2089219311945718,2.5669726331038952e-06,1.8492174467358817e-06,0.2382795140172614,2.5105070760420363e-06,0.4908784541304655,0.950044834956015,lignin
C11 H13 O5 N1,0.1686852898714863,2.5669726331038952e-06,1.8492174467358817e-06,0.2099973250626508,0.0881206194445343,0.3906349031279499,0.8430191909071016,lignin
C18 H15 O7 N1,0.2133881702025601,2.5669726331038952e-06,1.8492174467358817e-06,0.2363550599033242,2.5105070760420363e-06,0.5057737461187924,0.754744846249872,lignin
C16 H21 O7 N1,0.3687473734228383,2.5669726331038952e-06,1.8492174467358817e-06,0.23432133633761,2.5105070760420363e-06,0.498282855762067,0.7437454515539851,lignin
C18 H17 O7 N1,0.3712760222449254,2.5669726331038952e-06,1.8492174467358817e-06,0.2328286676165794,2.5105070760420363e-06,0.4950037688085689,0.7472063040457222,lignin
C11 H13 O7 N1,0.3169580464279811,2.5669726331038952e-06,1.8492174467358817e-06,0.2127026748919856,2.5105070760420363e-06,0.4023804254392863,0.869788638011761,lignin
C16 H15 O6 N1,0.3607635466561129,2.5669726331038952e-06,1.8492174467358817e-06,0.2433517826892389,2.5105070760420363e-06,0.3176879786181575,0.889725270946746,lignin
C31 H26 O18,0.3426037702793363,0.256882322375593,1.8492174467358817e-06,3.086014032624942e-06,0.0752413999713094,0.2354930756523739,0.5883000794373463,lignin
C16 H18 O6 N2,0.353181156309745,0.1693746534497339,1.8492174467358817e-06,3.086014032624942e-06,2.5105070760420363e-06,0.3499476233844306,0.7294132954769299,lignin
C22 H27 O10 N1,0.3946634974286102,2.5669726331038952e-06,1.8492174467358817e-06,3.086014032624942e-06,2.5105070760420363e-06,0.2224048990457237,0.7361026206103872,lignin
C22 H25 O13 N1,0.3502390297752568,2.5669726331038952e-06,1.8492174467358817e-06,3.086014032624942e-06,2.5105070760420363e-06,0.2493476962137585,0.6764276223572236,lignin
C24 H27 O11 N1,0.3240690933388743,2.5669726331038952e-06,1.8492174467358817e-06,3.086014032624942e-06,2.5105070760420363e-06,0.2521495098989568,0.7114503576091549,lignin
C24 H27 O12 N1,0.3987682951114965,2.5669726331038952e-06,1.8492174467358817e-06,3.086014032624942e-06,2.5105070760420363e-06,0.2295690137925607,0.6358884422127199,lignin
C18 H23 O7 N1,0.400418964940439,2.5669726331038952e-06,1.8492174467358817e-06,3.086014032624942e-06,2.5105070760420363e-06,0.2289420225118092,0.6355548409391213,lignin
C24 H24 O13 N2,0.2898632937484672,2.5669726331038952e-06,1.8492174467358817e-06,3.086014032624942e-06,2.5105070760420363e-06,0.2651216491986123,0.587275411899112,lignin
C17 H23 O7 N1,0.3612679755108479,2.5669726331038952e-06,1.8492174467358817e-06,3.086014032624942e-06,2.5105070760420363e-06,0.2414856683920405,0.5504116736643389,lignin
C23 H27 O10 N1,0.3624310968010045,2.5669726331038952e-06,1.8492174467358817e-06,3.086014032624942e-06,2.5105070760420363e-06,0.2054079804144618,0.5471787840877713,lignin
C17 H22 O8 N2,0.3075505338141087,2.5669726331038952e-06,1.8492174467358817e-06,3.086014032624942e-06,2.5105070760420363e-06,0.1443309447406695,0.5444292421453862,lignin
C22 H25 O9 N1,0.3489311879096965,2.5669726331038952e-06,1.8492174467358817e-06,3.086014032624942e-06,2.5105070760420363e-06,0.0805117512916914,0.5464172922508498,lignin
C15 H21 O8 N1,0.3701447934983685,2.5669726331038952e-06,1.8492174467358817e-06,3.086014032624942e-06,2.5105070760420363e-06,0.3973349206232053,0.5394201926433865,lignin
C18 H21 O7 N1,0.3754009412644229,2.5669726331038952e-06,1.8492174467358817e-06,3.086014032624942e-06,2.5105070760420363e-06,0.3854539738086776,0.6466149684891573,lignin
C20 H23 O8 N1,0.3717656864499768,2.5669726331038952e-06,1.8492174467358817e-06,3.086014032624942e-06,2.5105070760420363e-06,0.3808088691692747,0.6466923261953008,lignin
C24 H25 O12 N1,0.3750557725638958,2.5669726331038952e-06,1.8492174467358817e-06,3.086014032624942e-06,2.5105070760420363e-06,0.3753886405167868,0.6487701873093241,lignin
C16 H20 O7 N2,0.3290500694478705,2.5669726331038952e-06,1.8492174467358817e-06,3.086014032624942e-06,2.5105070760420363e-06,0.3600255609526691,0.6488198778263552,lignin
C22 H24 O11 N2,0.305836596560989,2.5669726331038952e-06,1.8492174467358817e-06,3.086014032624942e-06,2.5105070760420363e-06,0.3702890542593046,0.6440523487756533,lignin
C23 H24 O12 N2,0.3047437198922684,2.5669726331038952e-06,1.8492174467358817e-06,3.086014032624942e-06,2.5105070760420363e-06,0.3745802775976218,0.6424077767008772,lignin
C18 H22 O10 N2,0.3293263889664133,2.5669726331038952e-06,1.8492174467358817e-06,3.086014032624942e-06,2.5105070760420363e-06,0.4236206841528434,0.6534682723288172,lignin
C14 H19 O8 N1,0.4410587532225648,2.5669726331038952e-06,1.8492174467358817e-06,3.086014032624942e-06,2.5105070760420363e-06,0.3875900478089297,0.68538964450852,lignin
C16 H21 O8 N1,0.4302544957458002,2.5669726331038952e-06,1.8492174467358817e-06,3.086014032624942e-06,2.5105070760420363e-06,0.4613706737315758,0.6444612219806063,lignin
C23 H23 O11 N1,0.3702823568198097,2.5669726331038952e-06,1.8492174467358817e-06,3.086014032624942e-06,2.5105070760420363e-06,0.3657404957779053,0.7671174782590185,lignin
C14 H19 O7 N1,0.370857637987355,2.5669726331038952e-06,1.8492174467358817e-06,3.086014032624942e-06,2.5105070760420363e-06,0.3681991612880624,0.7709030981546598,lignin
C21 H21 O9 N1,0.3703908634907305,2.5669726331038952e-06,1.8492174467358817e-06,3.086014032624942e-06,2.5105070760420363e-06,0.3739053380903518,0.7699729652914192,lignin
C20 H22 O10 N2,0.3226394206063373,2.5669726331038952e-06,1.8492174467358817e-06,3.086014032624942e-06,2.5105070760420363e-06,0.4136315222712105,0.7656330200724537,lignin
C18 H22 O9 N2,0.3223101194028023,2.5669726331038952e-06,1.8492174467358817e-06,3.086014032624942e-06,2.5105070760420363e-06,0.4118049157405425,0.7629096730075652,lignin
C22 H24 O12 N2,0.3002571794909653,2.5669726331038952e-06,1.8492174467358817e-06,3.086014032624942e-06,2.5105070760420363e-06,0.3574820699621019,0.7557664464722401,lignin
C32 H30 O20,0.2267099129857974,2.5669726331038952e-06,1.8492174467358817e-06,3.086014032624942e-06,2.5105070760420363e-06,0.4611126628953286,0.5488822486271768,lignin
C22 H24 O13 N2,0.1602132280997932,2.5669726331038952e-06,1.8492174467358817e-06,3.086014032624942e-06,2.5105070760420363e-06,0.3874193833083621,0.5694589076907853,lignin
C23 H24 O11 N2,0.171125508345088,2.5669726331038952e-06,1.8492174467358817e-06,3.086014032624942e-06,2.5105070760420363e-06,0.379395085174242,0.6656164381628815,lignin
C21 H24 O11 N2,0.1740591947216017,2.5669726331038952e-06,1.8492174467358817e-06,3.086014032624942e-06,2.5105070760420363e-06,0.3754043114005757,0.6670962340293298,lignin
C23 H22 O12 N2,0.1736552262538518,2.5669726331038952e-06,1.8492174467358817e-06,3.086014032624942e-06,2.5105070760420363e-06,0.3736696511167492,0.6682784389104477,lignin
C21 H24 O12 N2,0.1722521231386188,2.5669726331038952e-06,1.8492174467358817e-06,3.086014032624942e-06,2.5105070760420363e-06,0.3743075314527372,0.6670630456716584,lignin
C19 H22 O8 N2,0.1716382423152699,2.5669726331038952e-06,1.8492174467358817e-06,3.086014032624942e-06,2.5105070760420363e-06,0.3748330388177407,0.665982368945709,lignin
C20 H22 O12 N2,0.1735970679386352,2.5669726331038952e-06,1.8492174467358817e-06,3.086014032624942e-06,2.5105070760420363e-06,0.373998063983153,0.6642519120266818,lignin
C20 H19 O8 N1,0.2191361878682834,2.5669726331038952e-06,1.8492174467358817e-06,3.086014032624942e-06,2.5105070760420363e-06,0.3963146499322071,0.6657588843117038,lignin
C21 H22 O13 N2,0.1524991825425663,2.5669726331038952e-06,1.8492174467358817e-06,3.086014032624942e-06,2.5105070760420363e-06,0.2847913371146509,0.6568842193162744,lignin
C16 H20 O9 N2,0.1550532193598408,2.5669726331038952e-06,1.8492174467358817e-06,3.086014032624942e-06,2.5105070760420363e-06,0.2696457527850773,0.6784392907948562,lignin
C24 H25 O11 N1,0.1674592725241032,2.5669726331038952e-06,1.8492174467358817e-06,3.086014032624942e-06,2.5105070760420363e-06,0.2654748548065329,0.6886632066934721,lignin
C14 H18 O8 N2,0.1868290524551991,2.5669726331038952e-06,1.8492174467358817e-06,3.086014032624942e-06,2.5105070760420363e-06,0.2752394786517863,0.691997624425208,lignin
C19 H20 O8 N2,0.1865301020597406,2.5669726331038952e-06,1.8492174467358817e-06,3.086014032624942e-06,2.5105070760420363e-06,0.2741351881145364,0.6878829428834499,lignin
C20 H22 O9 N2,0.1889680698245491,2.5669726331038952e-06,1.8492174467358817e-06,3.086014032624942e-06,2.5105070760420363e-06,0.2739480730842201,0.689314152466579,lignin
C23 H24 O13 N2,0.1893993956576805,2.5669726331038952e-06,1.8492174467358817e-06,3.086014032624942e-06,2.5105070760420363e-06,0.2721955069315204,0.6890209784160958,lignin
C22 H19 O10 N1,0.1831151578755181,2.5669726331038952e-06,1.8492174467358817e-06,3.086014032624942e-06,2.5105070760420363e-06,0.2544664877500467,0.6836552000788668,lignin
C21 H19 O9 N1,0.1906971543478472,2.5669726331038952e-06,1.8492174467358817e-06,3.086014032624942e-06,2.5105070760420363e-06,0.2554449434294089,0.6785089802113344,lignin
C24 H25 O14 N1,0.1892823362933455,2.5669726331038952e-06,1.8492174467358817e-06,3.086014032624942e-06,2.5105070760420363e-06,0.2465750152992525,0.6814236664399511,lignin
C21 H24 O10 N2,0.1813977995450327,2.5669726331038952e-06,1.8492174467358817e-06,3.086014032624942e-06,2.5105070760420363e-06,0.2364445295933335,0.6460035297444061,lignin
C24 H24 O12 N2,0.1860900884906675,2.5669726331038952e-06,1.8492174467358817e-06,3.086014032624942e-06,2.5105070760420363e-06,0.2395707539623426,0.6151293392013949,lignin
C18 H18 O7 N2,0.1843343330681698,2.5669726331038952e-06,1.8492174467358817e-06,3.086014032624942e-06,2.5105070760420363e-06,0.2837329677244244,0.5815978102309339,lignin
C20 H27 O8 N1,0.2162706754611162,2.5669726331038952e-06,1.8492174467358817e-06,3.086014032624942e-06,2.5105070760420363e-06,0.2711028071308706,0.5622797935598268,lignin
C12 H16 O7 N2,0.1853170938091823,2.5669726331038952e-06,1.8492174467358817e-06,3.086014032624942e-06,2.5105070760420363e-06,0.2497231217315292,0.5352973520414245,lignin
C11 H15 O7 N1,0.1854765002594617,2.5669726331038952e-06,1.8492174467358817e-06,0.2112501718144467,2.5105070760420363e-06,0.306838295502659,0.5382410550781347,lignin
C21 H27 O9 N1,0.2102606077705991,2.5669726331038952e-06,1.8492174467358817e-06,0.2493122507745448,2.5105070760420363e-06,0.353640052637537,0.6660571501065248,lignin
C24 H31 O7 N1,0.0891395918402623,0.1997350815743916,0.286913779411018,3.086014032624942e-06,0.0414727903839456,0.5242773435611795,0.3918867470912797,lignin
C31 H32 O19,0.0984120956871738,0.26446381207967,1.8492174467358817e-06,3.086014032624942e-06,2.5105070760420363e-06,0.609836782677639,0.3950466958965509,lignin
C32 H28 O20,0.127224870656267,0.228125237100307,1.8492174467358817e-06,3.086014032624942e-06,2.5105070760420363e-06,0.6180881397034081,0.4999657687549341,lignin
C31 H26 O20,0.0710167889821862,0.0777740203535322,1.8492174467358817e-06,3.086014032624942e-06,0.2164909332675158,0.5417179717021782,0.2794214637390813,lignin
C31 H30 O20,0.0810050407324274,0.16842781225479,1.8492174467358817e-06,3.086014032624942e-06,0.1051661151552064,0.5810911321925069,0.2816956023953774,lignin
C20 H24 O10 N2,0.3081373836248511,2.5669726331038952e-06,1.8492174467358817e-06,3.086014032624942e-06,2.5105070760420363e-06,0.5453494066530412,0.4170036470999111,lignin
C30 H28 O19,0.0336525809958072,0.4637025306613412,1.8492174467358817e-06,3.086014032624942e-06,0.171402263169258,0.341208571822701,0.7680214162447625,lignin
C31 H30 O19,0.1510296610108455,0.185597118365822,1.8492174467358817e-06,3.086014032624942e-06,2.5105070760420363e-06,0.3904391860038789,0.5335362219637361,lignin
C30 H28 O18,0.0606936880312347,0.2564587857017347,1.8492174467358817e-06,3.086014032624942e-06,2.5105070760420363e-06,0.354171407347238,0.7376162796439975,lignin
C31 H28 O19,0.1652789208877659,0.2832778143051195,1.8492174467358817e-06,3.086014032624942e-06,2.5105070760420363e-06,0.5470159258799941,0.8089032769178285,lignin
C32 H32 O18,0.147272474047527,0.1617966304864392,1.8492174467358817e-06,3.086014032624942e-06,2.5105070760420363e-06,0.5915217036282956,0.7260288191502591,lignin
C10 H12 O6 N2,0.2505814481096386,0.4697343129484353,0.1961797648938708,0.2496654816195211,0.0145822264463712,0.599415722922558,0.634904754014457,lignin
C31 H32 O18,0.3665933100652057,0.3552965311395533,1.8492174467358817e-06,0.2787807532738496,2.5105070760420363e-06,0.5294818961530293,0.6686677426401749,lignin
C28 H32 O17,0.3394934482767313,0.4182180496750277,1.8492174467358817e-06,0.2736758606486171,2.5105070760420363e-06,0.5201754182618656,0.665037512966311,lignin
C29 H30 O18,0.3433242446711318,0.3770547867865274,1.8492174467358817e-06,0.2849312190289811,0.0952574623098951,0.3521864027457675,0.6737508371471828,lignin
C30 H24 O14,0.571712983852875,0.1123699328383355,1.8492174467358817e-06,3.086014032624942e-06,2.5105070760420363e-06,0.8658292714645108,0.2614378828355274,lignin
C32 H34 O19,0.2430190440573545,0.2700597260006945,1.8492174467358817e-06,3.086014032624942e-06,2.5105070760420363e-06,0.77588536335296,0.4635447668922759,lignin
C33 H28 O17,0.4210055680734977,0.1183670229551726,1.8492174467358817e-06,3.086014032624942e-06,2.5105070760420363e-06,0.7581876079744684,0.4878743175912344,lignin
C30 H32 O19,0.4722357064686811,0.3492725737816535,1.8492174467358817e-06,3.086014032624942e-06,2.5105070760420363e-06,0.7472496429481387,0.4301697017041455,lignin
C17 H18 O8 N2,0.7168761836477544,0.2852962498383013,1.8492174467358817e-06,3.086014032624942e-06,0.1907062309122374,0.5926265659059159,0.6809147373914454,lignin
C17 H20 O8 N2,0.7367591251837029,0.1921079794665934,1.8492174467358817e-06,3.086014032624942e-06,0.1116782209565338,0.6538549698427745,0.7268458294043573,lignin
C24 H32 O15,0.6851062586629781,0.2522143806746832,1.8492174467358817e-06,3.086014032624942e-06,2.5105070760420363e-06,0.7137111449142498,0.7669798171229473,lignin
C32 H28 O18,0.5185975617441445,0.2263257014850923,1.8492174467358817e-06,3.086014032624942e-06,2.5105070760420363e-06,0.7453517767767586,0.6885157301466294,lignin
C29 H32 O18,0.688554929718467,0.5274969497633603,1.8492174467358817e-06,3.086014032624942e-06,2.5105070760420363e-06,0.6586959475354404,0.3210751837766964,lignin
C25 H32 O16,0.68794570786232,0.4294638100986753,1.8492174467358817e-06,3.086014032624942e-06,2.5105070760420363e-06,0.7251819199894052,0.5109813588785942,lignin
C31 H26 O16,0.7229592643315232,0.1227794163355599,1.8492174467358817e-06,3.086014032624942e-06,2.5105070760420363e-06,0.6298439013650146,0.4065710923760821,lignin
C31 H30 O15,0.9005757493149743,0.1724024181804603,1.8492174467358817e-06,3.086014032624942e-06,2.5105070760420363e-06,0.6405957908889741,0.3320871851407931,lignin
C16 H18 O8 N2,0.8887553868464256,0.2062892397912903,1.8492174467358817e-06,3.086014032624942e-06,0.234148058488068,0.639760322278612,0.7531767116864796,lignin
C19 H21 O9 N1,0.9393224214169528,0.1277118827393749,1.8492174467358817e-06,3.086014032624942e-06,0.1595742743691831,0.6881612112413305,0.7764778220486885,lignin
C18 H20 O9 N2,0.8991099076921304,2.5669726331038952e-06,1.8492174467358817e-06,3.086014032624942e-06,0.1158563006340409,0.676503996829024,0.7299989074220885,lignin
C22 H21 O12 N1,0.7945683554665035,2.5669726331038952e-06,1.8492174467358817e-06,3.086014032624942e-06,0.1332337175317853,0.7232506849709519,0.7999130968068813,lignin
C15 H16 O7 N2,0.7646630977027286,0.0715652238058514,1.8492174467358817e-06,3.086014032624942e-06,0.2567903047328232,0.7170731342214575,0.7446011099879963,lignin
C18 H18 O10 N2,0.7696989235850153,2.5669726331038952e-06,1.8492174467358817e-06,3.086014032624942e-06,0.3001979596893503,0.6619578822778261,0.7557774274630409,lignin
C18 H18 O9 N2,0.7723550300460621,2.5669726331038952e-06,1.8492174467358817e-06,3.086014032624942e-06,0.2989977400185764,0.658509820056673,0.7580308617372405,lignin
C19 H18 O11 N2,0.7596710255993817,2.5669726331038952e-06,1.8492174467358817e-06,3.086014032624942e-06,0.2195521479000623,0.6721269084823506,0.7816594387413159,lignin
C19 H18 O10 N2,0.7525666632936044,2.5669726331038952e-06,1.8492174467358817e-06,3.086014032624942e-06,0.2178998353435205,0.6743674030647987,0.7838330614566793,lignin
C21 H21 O12 N1,0.7315713764578741,2.5669726331038952e-06,1.8492174467358817e-06,3.086014032624942e-06,0.2365233332576625,0.6765389249680164,0.7781874212198261,lignin
C22 H21 O13 N1,0.7305130931833053,2.5669726331038952e-06,1.8492174467358817e-06,3.086014032624942e-06,0.2375007426205255,0.6761504533745208,0.7786600945947943,lignin
C14 H17 O8 N1,0.7283143757632153,2.5669726331038952e-06,1.8492174467358817e-06,3.086014032624942e-06,0.2384928836425935,0.7388409013913146,0.7657931953069822,lignin
C18 H20 O10 N2,0.7580497050131028,2.5669726331038952e-06,1.8492174467358817e-06,3.086014032624942e-06,0.184188256597489,0.6665860166235072,0.7066416651795296,lignin
C16 H18 O7 N2,0.6973440375843161,0.0376084916527815,1.8492174467358817e-06,3.086014032624942e-06,0.2163280880576476,0.5934435309188356,0.6988272485863815,lignin
C16 H16 O7 N2,0.693073677762601,0.0312754712588369,1.8492174467358817e-06,3.086014032624942e-06,0.2613664652373898,0.4813716072276714,0.8003019711123872,lignin
C17 H19 O8 N1,0.7295344850000162,2.5669726331038952e-06,1.8492174467358817e-06,3.086014032624942e-06,0.2865496811924046,0.5520281658017967,0.7808945728569415,lignin
C17 H16 O8 N2,0.6764498976017528,2.5669726331038952e-06,1.8492174467358817e-06,3.086014032624942e-06,0.2992018097239577,0.5904978725540817,0.7632843763137698,lignin
C18 H16 O10 N2,0.6045458735865099,2.5669726331038952e-06,1.8492174467358817e-06,3.086014032624942e-06,0.300273163602079,0.6409748027781592,0.7617777107603342,lignin
C19 H21 O10 N1,0.6304250634609851,2.5669726331038952e-06,1.8492174467358817e-06,3.086014032624942e-06,0.378295943094257,0.5551710745943425,0.7682480295409511,lignin
C18 H21 O9 N1,0.8391470641934557,2.5669726331038952e-06,1.8492174467358817e-06,3.086014032624942e-06,0.3220499127934075,0.3854607567285265,0.718768911919387,lignin
C21 H21 O11 N1,0.96481628994603,2.5669726331038952e-06,1.8492174467358817e-06,3.086014032624942e-06,0.3085083301495239,0.5792710227115027,0.7568655884397036,lignin
C21 H19 O11 N1,0.9256607990988522,2.5669726331038952e-06,1.8492174467358817e-06,3.086014032624942e-06,0.3172279026319437,0.5854000794823068,0.7570924471211615,lignin
C19 H19 O9 N1,0.9141424817503528,2.5669726331038952e-06,1.8492174467358817e-06,3.086014032624942e-06,0.2960086380653515,0.6648017708566469,0.7503576643665683,lignin
C17 H18 O9 N2,0.7836829374306556,0.0254007725681358,1.8492174467358817e-06,3.086014032624942e-06,0.3711250302482018,0.7180759668311582,0.7278371245459683,lignin
C15 H16 O8 N2,0.7909850470110047,0.0242921877962206,1.8492174467358817e-06,3.086014032624942e-06,0.369517443975017,0.7184149049180171,0.7225355144566584,lignin
C21 H19 O12 N1,0.9224867595303112,2.5669726331038952e-06,1.8492174467358817e-06,3.086014032624942e-06,0.4798187378010994,0.6922122516476777,0.6992771624776232,lignin
C22 H19 O13 N1,0.8893772126718146,2.5669726331038952e-06,1.8492174467358817e-06,3.086014032624942e-06,0.4824567674102854,0.6540694244580759,0.7121499510118983,lignin
C21 H17 O11 N1,0.8191702230866544,2.5669726331038952e-06,1.8492174467358817e-06,3.086014032624942e-06,0.4919834174647925,0.5918067941675413,0.7314458216624521,lignin
C19 H23 O9 N1,0.8593528473987028,0.1908056982917288,1.8492174467358817e-06,3.086014032624942e-06,2.5105070760420363e-06,0.3926695451888515,0.7911936993405946,lignin
C15 H19 O8 N1,0.7428405403429648,2.5669726331038952e-06,0.0102652652655649,3.086014032624942e-06,0.0721121117905921,0.5497675043771924,0.7682109763652883,lignin
C18 H21 O8 N1,0.7825707271734015,2.5669726331038952e-06,1.8492174467358817e-06,3.086014032624942e-06,2.5105070760420363e-06,0.5031462352819736,0.8042589312723097,lignin
C19 H23 O8 N1,0.7066891155362647,2.5669726331038952e-06,1.8492174467358817e-06,0.0669849619074707,2.5105070760420363e-06,0.4739206347440802,0.8138862542349663,lignin
C21 H23 O11 N1,0.7291762621884884,2.5669726331038952e-06,1.8492174467358817e-06,3.086014032624942e-06,2.5105070760420363e-06,0.5647642542930685,0.9169237741947576,lignin
C23 H21 O13 N1,0.734309678804049,2.5669726331038952e-06,1.8492174467358817e-06,3.086014032624942e-06,2.5105070760420363e-06,0.5648684149932779,0.9142131258175548,lignin
C18 H19 O8 N1,0.7345301582374322,2.5669726331038952e-06,1.8492174467358817e-06,3.086014032624942e-06,2.5105070760420363e-06,0.6886060252495101,0.8983169453803678,lignin
C21 H23 O10 N1,0.8765297167383953,2.5669726331038952e-06,1.8492174467358817e-06,3.086014032624942e-06,2.5105070760420363e-06,0.6813720542246884,0.8950571247704957,lignin
C21 H21 O10 N1,0.7127198447335035,2.5669726331038952e-06,1.8492174467358817e-06,0.231714236397626,2.5105070760420363e-06,0.6785831046978243,0.901534743762874,lignin
C13 H17 O7 N1,0.7418138120056769,2.5669726331038952e-06,1.8492174467358817e-06,0.2286868053611853,2.5105070760420363e-06,0.6344221903456753,0.902389052577904,lignin
C18 H15 O8 N1,0.8836388955609901,2.5669726331038952e-06,1.8492174467358817e-06,0.2354853461367417,2.5105070760420363e-06,0.5304601959031996,0.9116295870098436,lignin
C20 H21 O9 N1,0.8646459743102298,2.5669726331038952e-06,1.8492174467358817e-06,0.2278008552238925,2.5105070760420363e-06,0.5279439145566241,0.7982556420054675,lignin
C16 H19 O7 N1,0.8003204469151425,2.5669726331038952e-06,1.8492174467358817e-06,0.3606722817669224,2.5105070760420363e-06,0.5083443947769543,0.91368057843688,lignin
C13 H15 O6 N1,0.7387344822631543,2.5669726331038952e-06,1.8492174467358817e-06,0.455997507424123,2.5105070760420363e-06,0.6218061153557924,0.9023876416126058,lignin
C16 H17 O7 N1,0.9081364203214876,2.5669726331038952e-06,1.8492174467358817e-06,0.3775802976423504,2.5105070760420363e-06,0.6656217505006107,0.8877847642372073,lignin
C29 H24 O14,0.9501844320813512,0.1650042943013318,1.8492174467358817e-06,0.3886401580224153,2.5105070760420363e-06,0.7243901115527834,0.7648057649833626,lignin
C27 H22 O12,0.9472091751134268,0.0726112818838626,1.8492174467358817e-06,0.295553472360518,2.5105070760420363e-06,0.7538796482362173,0.660540643867635,lignin
C11 H11 O5 N1,0.7303787258683505,0.2226360492705086,1.8492174467358817e-06,0.2874790628313902,0.1705880129696561,0.686157001361054,0.7600489715381921,lignin
C14 H15 O6 N1,0.8576262836692531,0.0872873389773194,0.0495155223021279,0.2326471000065172,0.1966914383943747,0.6200463504720652,0.7659931229551356,lignin
C18 H17 O8 N1,0.9374037371849144,2.5669726331038952e-06,1.8492174467358817e-06,0.2275364235286219,0.1305481964343588,0.6950575955656233,0.7927006716256166,lignin
C20 H23 O10 N1,0.856805855299951,2.5669726331038952e-06,1.8492174467358817e-06,0.3531772781839579,0.1505602256793589,0.5146459612104305,0.8221367204516414,lignin
C14 H17 O7 N1,0.7836962616267115,2.5669726331038952e-06,1.8492174467358817e-06,0.3630768523563113,0.1850515318269044,0.515206578631817,0.7639361809353191,lignin
C14 H17 O6 N1,0.7641791953121877,0.0218224089232719,0.0792552813140346,0.3479507545394927,0.1877503114176155,0.6112462786198936,0.7769027066424626,lignin
C13 H13 O6 N1,0.7600478842797174,2.5669726331038952e-06,1.8492174467358817e-06,0.3472248243258712,0.2587250787419259,0.6295256498842849,0.7691621510153706,lignin
C16 H15 O7 N1,0.760658546589492,2.5669726331038952e-06,1.8492174467358817e-06,0.3537454944543816,0.2607010772465418,0.6282310737564829,0.7702877332456,lignin
C11 H9 O6 N1,0.744441244436698,2.5669726331038952e-06,1.8492174467358817e-06,0.2307174290842959,0.2273206348041003,0.6243453702699789,0.7805236116760936,lignin
C11 H11 O6 N1,0.6669271486976679,2.5669726331038952e-06,1.8492174467358817e-06,0.2254001783392374,0.2279806131364861,0.5904436091952899,0.7903970560638472,lignin
C16 H19 O8 N1,0.7041462197275166,2.5669726331038952e-06,1.8492174467358817e-06,0.2335551648745796,0.3252505468826601,0.5287174273013927,0.7832455477756838,lignin
C11 H11 O7 N1,0.7557441689536869,2.5669726331038952e-06,1.8492174467358817e-06,0.2316796277890455,0.3193357615615751,0.6175722219837083,0.7555176871554983,lignin
C12 H11 O6 N1,0.7632027478093402,2.5669726331038952e-06,1.8492174467358817e-06,0.2298218958970029,0.406883065885293,0.6236449883162256,0.7355196465568735,lignin
C15 H15 O7 N1,0.7415494887650019,2.5669726331038952e-06,1.8492174467358817e-06,0.3236832964905699,0.4293153739112458,0.6381913107730127,0.7264345023467114,lignin
C12 H13 O6 N1,0.7310109049541882,2.5669726331038952e-06,1.8492174467358817e-06,0.3351019447505224,0.3410663113036262,0.5908844729972741,0.754461426263843,lignin
C15 H17 O7 N1,0.8531936477435474,2.5669726331038952e-06,1.8492174467358817e-06,0.3351078798150195,0.3440126672948954,0.5213231610672667,0.7657974282028774,lignin
C20 H19 O10 N1,0.9126513421606732,2.5669726331038952e-06,1.8492174467358817e-06,0.3261077136332136,0.3389038486338921,0.6302522799186798,0.7426481499760412,lignin
C10 H11 O6 N1,0.5571843434934529,2.5669726331038952e-06,1.8492174467358817e-06,0.2286307435736104,0.2958101953707813,0.4804290672388506,0.7983732428957744,lignin
C10 H9 O6 N1,0.5763967988799032,2.5669726331038952e-06,1.8492174467358817e-06,0.224816935392778,0.2990142587970948,0.5814625555276847,0.7679011161164935,lignin
C16 H13 O7 N1,0.5222470860523396,0.0693845448040588,1.8492174467358817e-06,0.2262074416182448,0.1403990758178123,0.604550419236423,0.8239215302078162,lignin
C11 H13 O6 N1,0.5506271735094816,2.5669726331038952e-06,1.8492174467358817e-06,0.2278490728975619,0.1190244284719985,0.5873877088918413,0.8361467470164372,lignin
C12 H15 O7 N1,0.4361348325814765,2.5669726331038952e-06,1.8492174467358817e-06,0.2328723867381777,2.5105070760420363e-06,0.6735965930926903,0.9185425808162582,lignin
C13 H19 O8 N1,0.6153322604354563,0.1054976763922282,1.8492174467358817e-06,0.2299342840928628,2.5105070760420363e-06,0.4647093256363912,0.670515800449509,lignin
C17 H21 O7 N1,0.5655286212734114,2.5669726331038952e-06,1.8492174467358817e-06,0.2166316119831749,2.5105070760420363e-06,0.4907981505966214,0.7274554277595889,lignin
C21 H23 O9 N1,0.519158483389589,2.5669726331038952e-06,1.8492174467358817e-06,0.2301051912686053,2.5105070760420363e-06,0.4897958377508939,0.7391762551471861,lignin
C20 H25 O9 N1,0.5507217482929724,2.5669726331038952e-06,1.8492174467358817e-06,0.4170342626359035,2.5105070760420363e-06,0.4691773207019599,0.8239012245767825,lignin
C17 H19 O7 N1,0.5434353036458242,2.5669726331038952e-06,1.8492174467358817e-06,0.422818228707597,2.5105070760420363e-06,0.4687851068078581,0.8229248365902809,lignin
C15 H19 O6 N1,0.3494267039576103,2.5669726331038952e-06,0.0654544895001192,0.4606372157425431,2.5105070760420363e-06,0.4718501549572333,0.8353622503105197,lignin
C31 H28 O18,0.4174686692333149,0.1912028010671222,1.8492174467358817e-06,0.4405226395114406,0.1021175673345501,0.5405626403427698,0.7598046291562973,lignin
C31 H30 O18,0.4415719598415933,0.1122089646350839,1.8492174467358817e-06,0.3199484775916914,0.0797487201569187,0.4845599953678635,0.5956945804884234,lignin
C13 H17 O8 N1,0.6663323763919734,0.1150851213626708,1.8492174467358817e-06,0.2360693262408934,2.5105070760420363e-06,0.5080637222314798,0.90586505761002,lignin
C20 H19 O9 N1,0.7343293049847258,2.5669726331038952e-06,1.8492174467358817e-06,0.2267632396167747,2.5105070760420363e-06,0.5030498710413607,0.9199210939128074,lignin
C19 H19 O8 N1,0.6544800088443853,2.5669726331038952e-06,1.8492174467358817e-06,0.2269835363579027,2.5105070760420363e-06,0.4642677861412421,0.9263526418208764,lignin
C12 H13 O5 N1,0.6505892085535577,2.5669726331038952e-06,1.8492174467358817e-06,0.2282437546866217,2.5105070760420363e-06,0.4664280291662435,0.9264130065971216,lignin
C17 H17 O7 N1,0.6484530158237433,2.5669726331038952e-06,1.8492174467358817e-06,0.2284074414972753,2.5105070760420363e-06,0.468313888789845,0.9298485230598046,lignin
C19 H21 O8 N1,0.6550227897769566,2.5669726331038952e-06,1.8492174467358817e-06,0.2286339379236105,2.5105070760420363e-06,0.4749747680579258,0.814760439256809,lignin
C12 H15 O6 N1,0.5300811731630525,2.5669726331038952e-06,1.8492174467358817e-06,0.2275346845925272,2.5105070760420363e-06,0.5888906583964595,0.91676494857921,lignin
C14 H13 O6 N1,0.6059964103895599,2.5669726331038952e-06,1.8492174467358817e-06,0.2339991417216284,2.5105070760420363e-06,0.5330324038532807,0.9228733240876252,lignin
C13 H11 O6 N1,0.60682872250129,2.5669726331038952e-06,1.8492174467358817e-06,0.2351298093112921,2.5105070760420363e-06,0.5318013948593888,0.9247338351993758,lignin
C15 H13 O6 N1,0.5051831122657148,2.5669726331038952e-06,1.8492174467358817e-06,0.2303505324697927,2.5105070760420363e-06,0.4732515425815076,0.9305689742104376,lignin
C15 H15 O6 N1,0.5035560298649251,2.5669726331038952e-06,1.8492174467358817e-06,0.2311451128561965,2.5105070760420363e-06,0.4707366645976595,0.9326718646219284,lignin
C15 H17 O6 N1,0.5050793996045234,2.5669726331038952e-06,1.8492174467358817e-06,0.2305296428875472,2.5105070760420363e-06,0.4684478839421103,0.9308851531299168,lignin
C14 H14 O7 N2,0.4488921651206398,0.1578921270118735,1.8492174467358817e-06,3.086014032624942e-06,0.1764296833755882,0.6655207603606372,0.7858677961096251,lignin
C16 H18 O9 N2,0.4703285008514881,2.5669726331038952e-06,1.8492174467358817e-06,3.086014032624942e-06,0.1243179483290675,0.6979833989466048,0.8359113611968716,lignin
C23 H19 O13 N1,0.3969340574733795,2.5669726331038952e-06,1.8492174467358817e-06,3.086014032624942e-06,0.1237378832103038,0.6199321063507777,0.8450980949085195,lignin
C15 H14 O7 N2,0.3804421688478135,2.5669726331038952e-06,1.8492174467358817e-06,3.086014032624942e-06,0.1215636110629447,0.6222667821651516,0.8493340581196237,lignin
C20 H18 O11 N2,0.3710801205515641,2.5669726331038952e-06,1.8492174467358817e-06,3.086014032624942e-06,0.2169277873385977,0.6229905015212972,0.8052530483445175,lignin
C15 H16 O9 N2,0.3940025992985711,2.5669726331038952e-06,1.8492174467358817e-06,3.086014032624942e-06,0.2183298548907418,0.6274259073857525,0.8071309204640702,lignin
C17 H18 O10 N2,0.4215293980380301,2.5669726331038952e-06,1.8492174467358817e-06,3.086014032624942e-06,0.1900077208384391,0.5619824255326359,0.7318267822930236,lignin
C22 H23 O13 N1,0.4637124073113104,2.5669726331038952e-06,1.8492174467358817e-06,3.086014032624942e-06,0.1900266546430567,0.5829418037951294,0.7554201465109558,lignin
C18 H16 O9 N2,0.5071142204102916,2.5669726331038952e-06,1.8492174467358817e-06,3.086014032624942e-06,0.2180516438841154,0.5940158430296169,0.7994678452357561,lignin
C19 H16 O10 N2,0.3903083308995669,2.5669726331038952e-06,1.8492174467358817e-06,3.086014032624942e-06,0.2130105425549334,0.482540036639202,0.8343005295966228,lignin
C20 H18 O12 N2,0.3969300962259035,2.5669726331038952e-06,1.8492174467358817e-06,3.086014032624942e-06,0.2970284069859943,0.4505533978998001,0.8068881117401085,lignin
C22 H19 O12 N1,0.4899745777940389,2.5669726331038952e-06,1.8492174467358817e-06,3.086014032624942e-06,0.3292304857438594,0.5054741541646972,0.7929479586307429,lignin
C21 H21 O13 N1,0.54532364832333,2.5669726331038952e-06,1.8492174467358817e-06,3.086014032624942e-06,0.3285172560859865,0.405533053818129,0.777497581881537,lignin
C30 H24 O16,0.5481719653153171,0.2088808390067371,1.8492174467358817e-06,3.086014032624942e-06,0.0890991034940114,0.438942182599113,0.7788818615319145,lignin
C18 H22 O7 N2,0.4674651941389382,0.1078199346113258,1.8492174467358817e-06,3.086014032624942e-06,0.1010302984344351,0.5266521451542768,0.6485049871795399,lignin
C20 H20 O10 N2,0.4601378316059293,2.5669726331038952e-06,1.8492174467358817e-06,3.086014032624942e-06,0.1043143837505451,0.511100287315129,0.7687519895377537,lignin
C15 H18 O7 N2,0.513580506773193,2.5669726331038952e-06,1.8492174467358817e-06,3.086014032624942e-06,0.1013846189885774,0.4582722047587302,0.7771400555441826,lignin
C22 H21 O11 N1,0.4796560232748497,2.5669726331038952e-06,1.8492174467358817e-06,3.086014032624942e-06,0.1363118977226786,0.4824359279153899,0.8528970522297025,lignin
C14 H12 O7 N2,0.389592290404094,2.5669726331038952e-06,1.8492174467358817e-06,3.086014032624942e-06,0.1218261727004483,0.5124794290413546,0.8736121699315075,lignin
C18 H22 O8 N2,0.5388719915675845,2.5669726331038952e-06,1.8492174467358817e-06,3.086014032624942e-06,2.5105070760420363e-06,0.6089527681121892,0.7124223900071266,lignin
C17 H20 O9 N2,0.544445151667163,2.5669726331038952e-06,1.8492174467358817e-06,3.086014032624942e-06,0.1046757199555055,0.6089300024501674,0.7548633059886214,lignin
C20 H20 O11 N2,0.4993594032632756,2.5669726331038952e-06,1.8492174467358817e-06,3.086014032624942e-06,0.1048226018428581,0.60249667584951,0.7546444836747327,lignin
C19 H20 O9 N2,0.6530370344228804,2.5669726331038952e-06,1.8492174467358817e-06,3.086014032624942e-06,0.1057479794684141,0.6025627378504912,0.747709159808813,lignin
C19 H20 O10 N2,0.6507348744266545,2.5669726331038952e-06,1.8492174467358817e-06,3.086014032624942e-06,0.1247640640252399,0.5952322986322619,0.8266884331580036,lignin
C23 H19 O14 N1,0.5944001735026394,2.5669726331038952e-06,1.8492174467358817e-06,3.086014032624942e-06,0.1853506207341582,0.5604331650580145,0.7801503193351875,lignin
C19 H20 O11 N2,0.6149860113947084,2.5669726331038952e-06,1.8492174467358817e-06,3.086014032624942e-06,0.2145502182942091,0.5445622241157801,0.814403158304724,lignin
C19 H17 O8 N1,0.5305773194094284,2.5669726331038952e-06,1.8492174467358817e-06,3.086014032624942e-06,2.5105070760420363e-06,0.506205981838823,0.7375453019548556,lignin
C18 H18 O8 N2,0.5100760181396325,2.5669726331038952e-06,1.8492174467358817e-06,3.086014032624942e-06,2.5105070760420363e-06,0.5064705417011314,0.8187154976808945,lignin
C22 H23 O11 N1,0.5184115181552975,2.5669726331038952e-06,1.8492174467358817e-06,3.086014032624942e-06,2.5105070760420363e-06,0.499710855301764,0.8216032528762067,lignin
C14 H16 O6 N2,0.5384517842358916,2.5669726331038952e-06,1.8492174467358817e-06,3.086014032624942e-06,2.5105070760420363e-06,0.5044384204954994,0.8226066945886474,lignin
C20 H23 O9 N1,0.5769689290551381,2.5669726331038952e-06,1.8492174467358817e-06,0.072703925791885,2.5105070760420363e-06,0.5983264535641307,0.8063115177035963,lignin
C17 H18 O7 N2,0.5351026395232387,2.5669726331038952e-06,1.8492174467358817e-06,3.086014032624942e-06,2.5105070760420363e-06,0.6016486289509988,0.8112268300327277,lignin
C17 H15 O7 N1,0.6177415991844152,2.5669726331038952e-06,1.8492174467358817e-06,3.086014032624942e-06,2.5105070760420363e-06,0.5637802371391941,0.8299311994916598,lignin
C22 H19 O11 N1,0.5950126813936245,2.5669726331038952e-06,1.8492174467358817e-06,3.086014032624942e-06,2.5105070760420363e-06,0.5205668005336105,0.9205437590336286,lignin
C14 H16 O7 N2,0.534063532287588,2.5669726331038952e-06,1.8492174467358817e-06,3.086014032624942e-06,2.5105070760420363e-06,0.4944402407089331,0.9316718583032578,lignin
C17 H21 O8 N1,0.6045117978553806,2.5669726331038952e-06,1.8492174467358817e-06,0.1077862054433538,2.5105070760420363e-06,0.4016943889711906,0.7133398855289989,lignin
C17 H20 O7 N2,0.594680521789922,2.5669726331038952e-06,1.8492174467358817e-06,3.086014032624942e-06,2.5105070760420363e-06,0.4035561575346389,0.7445709275998738,lignin
C18 H20 O8 N2,0.5846917861372903,2.5669726331038952e-06,1.8492174467358817e-06,3.086014032624942e-06,2.5105070760420363e-06,0.3969979316512454,0.8254799720530717,lignin
C22 H29 O9 N1,0.4837360181468348,2.5669726331038952e-06,0.0652060028605121,3.086014032624942e-06,2.5105070760420363e-06,0.3636532016265286,0.7239876431339944,lignin
C24 H23 O13 N1,0.5286995080490748,2.5669726331038952e-06,1.8492174467358817e-06,3.086014032624942e-06,2.5105070760420363e-06,0.3607734493335638,0.7564927868693361,lignin
C22 H25 O10 N1,0.5272056676088434,2.5669726331038952e-06,1.8492174467358817e-06,3.086014032624942e-06,2.5105070760420363e-06,0.3593895257787857,0.7593353911750992,lignin
C21 H22 O11 N2,0.4602338468430478,2.5669726331038952e-06,1.8492174467358817e-06,3.086014032624942e-06,2.5105070760420363e-06,0.4052254574988479,0.7484010235755738,lignin
C20 H22 O11 N2,0.4598957003539555,2.5669726331038952e-06,1.8492174467358817e-06,3.086014032624942e-06,2.5105070760420363e-06,0.4076070679999929,0.7527577776854857,lignin
C21 H25 O10 N1,0.4420972302597534,2.5669726331038952e-06,1.8492174467358817e-06,3.086014032624942e-06,2.5105070760420363e-06,0.3852540985728216,0.7672790644588454,lignin
C15 H18 O6 N2,0.5210261215461973,2.5669726331038952e-06,0.0304226572012388,3.086014032624942e-06,2.5105070760420363e-06,0.3105287756408664,0.7078693890281007,lignin
C20 H27 O9 N1,0.5507977322218313,0.0042296427471622,1.8492174467358817e-06,0.0043193657520732,2.5105070760420363e-06,0.2986666442821649,0.6673768934310793,lignin
C18 H19 O7 N1,0.5396738290822546,2.5669726331038952e-06,1.8492174467358817e-06,3.086014032624942e-06,2.5105070760420363e-06,0.2115044219959539,0.7274743224253242,lignin
C21 H23 O12 N1,0.4509952274170181,2.5669726331038952e-06,1.8492174467358817e-06,3.086014032624942e-06,0.1221946090821403,0.2867772253148756,0.8786058215078594,lignin
C23 H25 O13 N1,0.4344953262681483,2.5669726331038952e-06,1.8492174467358817e-06,3.086014032624942e-06,2.5105070760420363e-06,0.2882975869125926,0.8463057585113261,lignin
C22 H23 O10 N1,0.480825221478748,2.5669726331038952e-06,1.8492174467358817e-06,3.086014032624942e-06,2.5105070760420363e-06,0.2252896410728302,0.8827113624483365,lignin
C22 H27 O12 N1,0.5608131612807505,2.5669726331038952e-06,1.8492174467358817e-06,3.086014032624942e-06,2.5105070760420363e-06,0.2886655538173493,0.8367016244566173,lignin
C22 H25 O12 N1,0.5618473169570561,2.5669726331038952e-06,1.8492174467358817e-06,3.086014032624942e-06,2.5105070760420363e-06,0.2866371749123236,0.8334325405528297,lignin
C21 H19 O10 N1,0.5802321417060661,2.5669726331038952e-06,1.8492174467358817e-06,3.086014032624942e-06,2.5105070760420363e-06,0.4011751187738643,0.9316306949243344,lignin
C20 H17 O9 N1,0.5100674204320425,2.5669726331038952e-06,1.8492174467358817e-06,3.086014032624942e-06,2.5105070760420363e-06,0.3445261992748045,0.9495628369408138,lignin
C19 H18 O9 N2,0.4492182478106005,2.5669726331038952e-06,1.8492174467358817e-06,3.086014032624942e-06,2.5105070760420363e-06,0.3923607274242337,0.94820573370901,lignin
C21 H17 O10 N1,0.4201214446453477,2.5669726331038952e-06,1.8492174467358817e-06,3.086014032624942e-06,2.5105070760420363e-06,0.3548995187089562,0.9459124243285508,lignin
C20 H23 O11 N1,0.6076429389143229,2.5669726331038952e-06,1.8492174467358817e-06,3.086014032624942e-06,0.2380615116807567,0.2533275029675924,0.805572539965132,lignin
C22 H23 O12 N1,0.5368456334268787,2.5669726331038952e-06,1.8492174467358817e-06,3.086014032624942e-06,0.2367821516047124,0.2875346773528753,0.839753726436036,lignin
C19 H23 O10 N1,0.4244347029766614,2.5669726331038952e-06,1.8492174467358817e-06,3.086014032624942e-06,0.2140945511698145,0.1592896349396153,0.6710027675164134,lignin
C20 H25 O10 N1,0.4300521570252904,2.5669726331038952e-06,1.8492174467358817e-06,0.0604448232552913,0.1525167590736153,0.1682965208766838,0.6785085507871131,lignin
C19 H16 O12 N2,3.577726848801236e-06,2.5669726331038952e-06,1.8492174467358817e-06,3.086014032624942e-06,0.2135954618761565,0.6524068034609212,0.8306345963660773,lignin
C20 H16 O12 N2,3.577726848801236e-06,2.5669726331038952e-06,1.8492174467358817e-06,3.086014032624942e-06,0.3015540934450879,0.5351862018050155,0.8290497756043732,lignin
C17 H14 O11 N2,3.577726848801236e-06,2.5669726331038952e-06,1.8492174467358817e-06,3.086014032624942e-06,0.3794051162810916,0.3960674501866004,0.7911473215246989,lignin
C16 H14 O10 N2,0.1568374800092045,2.5669726331038952e-06,1.8492174467358817e-06,3.086014032624942e-06,0.3796132190800586,0.4462507397540747,0.7940405365422528,lignin
C15 H12 O9 N2,0.1905455691106243,2.5669726331038952e-06,1.8492174467358817e-06,3.086014032624942e-06,0.3807660559387665,0.538255148184189,0.7781747838784577,lignin
C19 H18 O12 N2,0.1719819705621694,2.5669726331038952e-06,1.8492174467358817e-06,3.086014032624942e-06,0.3025045752669449,0.5277672987585645,0.8136517886101605,lignin
C20 H16 O11 N2,0.2230673883819492,2.5669726331038952e-06,1.8492174467358817e-06,3.086014032624942e-06,0.2967653623432708,0.4977919906658706,0.814354817406674,lignin
C15 H12 O8 N2,0.2246674397701324,2.5669726331038952e-06,1.8492174467358817e-06,3.086014032624942e-06,0.2973056761324419,0.4976178177584846,0.8193182865949034,lignin
C18 H18 O11 N2,0.2025864560267319,2.5669726331038952e-06,1.8492174467358817e-06,3.086014032624942e-06,0.2999348184455829,0.6414351057527372,0.7941636586011187,lignin
C16 H16 O10 N2,0.2022281206797644,2.5669726331038952e-06,1.8492174467358817e-06,3.086014032624942e-06,0.2988675459615692,0.6505758309128792,0.7921774488851748,lignin
C15 H14 O9 N2,0.2055816542745641,2.5669726331038952e-06,1.8492174467358817e-06,3.086014032624942e-06,0.3787063767798138,0.6537369834208806,0.7745381128412749,lignin
C22 H21 O14 N1,0.2859929073863941,2.5669726331038952e-06,1.8492174467358817e-06,3.086014032624942e-06,0.3276347572488216,0.6734911849589454,0.7422469450607534,lignin
C16 H14 O8 N2,0.282280700838308,2.5669726331038952e-06,1.8492174467358817e-06,3.086014032624942e-06,0.3833472116833166,0.6729661713697164,0.7632083682266074,lignin
C19 H16 O11 N2,0.3699803792210243,2.5669726331038952e-06,1.8492174467358817e-06,3.086014032624942e-06,0.3792961986040183,0.6233259052131391,0.7627035493813623,lignin
C16 H16 O8 N2,0.6563044784063398,0.2607977337024058,1.8492174467358817e-06,3.086014032624942e-06,0.4606133393483583,0.6341813836969377,0.6847526856957626,lignin
C14 H15 O9 N1,0.5837365853254507,2.5669726331038952e-06,1.8492174467358817e-06,3.086014032624942e-06,0.6471459946067637,0.6893008977051485,0.7068483409225885,lignin
C16 H17 O9 N1,0.5829557244167333,2.5669726331038952e-06,1.8492174467358817e-06,3.086014032624942e-06,0.6507807537876061,0.6817866699460309,0.7062323625503554,lignin
C21 H19 O13 N1,0.5840419614945138,2.5669726331038952e-06,1.8492174467358817e-06,3.086014032624942e-06,0.633788871656336,0.6778177522474335,0.7077449173502538,lignin
C16 H16 O9 N2,0.6032771040255998,0.0001256274579308,1.8492174467358817e-06,3.086014032624942e-06,0.524885539838029,0.6956036076193656,0.6960834118515073,lignin
C20 H21 O12 N1,0.5615295168754544,2.5669726331038952e-06,1.8492174467358817e-06,3.086014032624942e-06,0.4997961234967066,0.5431484141325488,0.7294895489493615,lignin
C15 H14 O8 N2,0.5788020413388585,2.5669726331038952e-06,1.8492174467358817e-06,3.086014032624942e-06,0.5247421355882593,0.5978093403872927,0.7296424239721286,lignin
C18 H16 O11 N2,0.4649748298734237,2.5669726331038952e-06,1.8492174467358817e-06,3.086014032624942e-06,0.4579955959584055,0.6450373819447094,0.735014950404263,lignin
C15 H17 O9 N1,0.5543803654646922,0.0769243407596203,1.8492174467358817e-06,3.086014032624942e-06,0.4082929581219984,0.6873115530745026,0.732114496521265,lignin
C14 H12 O8 N2,0.3925853729856606,2.5669726331038952e-06,1.8492174467358817e-06,3.086014032624942e-06,0.5357551859062941,0.6234293902201834,0.7385067214399306,lignin
C22 H19 O14 N1,0.4044584470541463,2.5669726331038952e-06,1.8492174467358817e-06,3.086014032624942e-06,0.5667123911608113,0.6565733873984888,0.7236606059163493,lignin
C17 H14 O9 N2,0.4003239850293654,2.5669726331038952e-06,1.8492174467358817e-06,3.086014032624942e-06,0.6098778914503729,0.6036854800087861,0.7220798340115885,lignin
C17 H14 O10 N2,0.2062813096100224,2.5669726331038952e-06,1.8492174467358817e-06,3.086014032624942e-06,0.6112859965677649,0.6483379871266938,0.7358919573567025,lignin
C16 H14 O9 N2,0.2329886027707845,2.5669726331038952e-06,1.8492174467358817e-06,3.086014032624942e-06,0.7535462484743073,0.7103550289399383,0.7015900413333083,lignin
C16 H15 O10 N1,0.3521576464860314,2.5669726331038952e-06,1.8492174467358817e-06,3.086014032624942e-06,0.9748629593440016,0.7020397409454777,0.6720692118967441,lignin
C17 H15 O11 N1,0.3082023390806233,0.0817137607719064,1.8492174467358817e-06,3.086014032624942e-06,0.981504570919898,0.6274044931100607,0.6663400793220152,lignin
C17 H19 O11 N1,3.577726848801236e-06,2.5669726331038952e-06,1.8492174467358817e-06,3.086014032624942e-06,0.5193567722886381,3.704558711867581e-06,0.6105001460962547,lignin
C16 H17 O10 N1,0.2662894598767044,2.5669726331038952e-06,1.8492174467358817e-06,3.086014032624942e-06,0.7604632696265549,0.1342096978393723,0.7044941146490282,lignin
C18 H19 O11 N1,0.3101332896755846,2.5669726331038952e-06,1.8492174467358817e-06,3.086014032624942e-06,0.8715801177663327,0.1798107872022883,0.7710343179274122,lignin
C17 H17 O11 N1,0.2986499258346438,2.5669726331038952e-06,1.8492174467358817e-06,3.086014032624942e-06,0.8528247352769142,0.423734772344939,0.7088608068623463,lignin
C19 H19 O12 N1,0.5324689051075965,0.104427109695008,1.8492174467358817e-06,3.086014032624942e-06,0.763715681875374,0.3996297565290411,0.5810537910889199,lignin
C17 H19 O9 N1,0.5516478249330279,2.5669726331038952e-06,1.8492174467358817e-06,3.086014032624942e-06,0.7084262675626736,0.3901965082048381,0.7171618837908122,lignin
C16 H19 O9 N1,0.6542684872319992,2.5669726331038952e-06,1.8492174467358817e-06,3.086014032624942e-06,0.4939691002240661,0.2392386767599286,0.6985070208099591,lignin
C19 H21 O11 N1,0.5529499049840776,2.5669726331038952e-06,1.8492174467358817e-06,3.086014032624942e-06,0.5834378476128191,0.217395348902482,0.6074182911529347,lignin
C17 H19 O10 N1,0.553716811498277,2.5669726331038952e-06,1.8492174467358817e-06,3.086014032624942e-06,0.6586276565890847,3.704558711867581e-06,0.6347483209052851,lignin
C19 H17 O12 N1,0.6791216689960002,2.5669726331038952e-06,1.8492174467358817e-06,3.086014032624942e-06,0.8120843075951122,0.5101746916318313,0.6109614704025184,lignin
C17 H17 O10 N1,0.6459334373580928,0.163465185206169,1.8492174467358817e-06,3.086014032624942e-06,0.8177527602540801,0.6297511754722134,0.6453591480272527,lignin
C21 H17 O13 N1,0.5937770872803263,0.0643849660130638,1.8492174467358817e-06,3.086014032624942e-06,0.770587059034347,0.6828815007789703,0.6773599023415705,lignin
C17 H16 O10 N2,0.6736413281270538,2.5669726331038952e-06,1.8492174467358817e-06,3.086014032624942e-06,0.6836829244613647,0.6002419397341989,0.7006627304006644,lignin
C18 H19 O9 N1,0.7357471614960983,2.5669726331038952e-06,1.8492174467358817e-06,3.086014032624942e-06,0.7037852636073438,0.6494476312328666,0.6865900692458826,lignin
C17 H16 O9 N2,0.7524494913938298,2.5669726331038952e-06,1.8492174467358817e-06,3.086014032624942e-06,0.7442245375345772,0.7185755639621025,0.6613044055182975,lignin
C13 H13 O8 N1,0.7452879160705289,2.5669726331038952e-06,1.8492174467358817e-06,3.086014032624942e-06,0.7762894186597474,0.7410910635836624,0.6609719084784107,lignin
C19 H17 O11 N1,0.6111622372117427,0.2108626013749292,1.8492174467358817e-06,3.086014032624942e-06,0.9055775993771163,0.7382761778345406,0.6265310430462815,lignin
C18 H15 O11 N1,0.715531520186337,0.1494084923065098,1.8492174467358817e-06,3.086014032624942e-06,0.9425754128124862,0.7444515455753481,0.6360834621554875,lignin
C17 H15 O10 N1,0.7224863904140691,0.1728763587890496,1.8492174467358817e-06,3.086014032624942e-06,1.0,0.7084384512655265,0.6277841029239066,lignin
C17 H15 O9 N1,0.7638151206577976,0.0711769550288442,1.8492174467358817e-06,3.086014032624942e-06,0.8397029324695912,0.7373555718853846,0.6429232084590192,lignin
C17 H17 O9 N1,0.7413121740298455,2.5669726331038952e-06,1.8492174467358817e-06,3.086014032624942e-06,0.8561766949015418,0.7544096515595882,0.6546599858891201,lignin
C14 H13 O9 N1,0.7331056846422075,2.5669726331038952e-06,1.8492174467358817e-06,3.086014032624942e-06,0.9289337031865303,0.7468578448652153,0.6458386921897611,lignin
C15 H13 O9 N1,0.7331143723781494,2.5669726331038952e-06,1.8492174467358817e-06,3.086014032624942e-06,0.9286525941485848,0.7401026284360167,0.6466177290734368,lignin
C19 H19 O11 N1,0.5931174945613873,2.5669726331038952e-06,1.8492174467358817e-06,3.086014032624942e-06,0.8566601831265991,0.684365426922173,0.6809279268496696,lignin
C20 H19 O12 N1,0.5695733700456947,2.5669726331038952e-06,1.8492174467358817e-06,3.086014032624942e-06,0.8611863284406515,0.6758545517446346,0.6792336029115453,lignin
C18 H17 O11 N1,0.5889522428403152,0.0424919593900041,1.8492174467358817e-06,3.086014032624942e-06,0.9324922924442044,0.6909941847767161,0.6587271240349534,lignin
C16 H13 O10 N1,0.5172269701174294,0.0862934553480815,1.8492174467358817e-06,3.086014032624942e-06,0.9761383829275044,0.7602387525415158,0.6531385358732099,lignin
C19 H17 O10 N1,0.8770541318872139,0.226602743598465,1.8492174467358817e-06,3.086014032624942e-06,0.7512781042624728,0.7227284781071777,0.6399024544477522,lignin
C20 H17 O12 N1,0.897253252994433,0.1672834163601242,1.8492174467358817e-06,3.086014032624942e-06,0.9360417046027016,0.7648462002810675,0.6238356699020919,lignin
C20 H17 O11 N1,0.913376070392088,0.0645474137717565,1.8492174467358817e-06,3.086014032624942e-06,0.8465193919350686,0.7303238929988937,0.6386581670935041,lignin
C20 H19 O11 N1,0.9115123934829557,0.063865053945458,1.8492174467358817e-06,3.086014032624942e-06,0.8460652704273776,0.7324659962612338,0.6408003191480812,lignin
C16 H15 O8 N1,0.8808662924128067,2.5669726331038952e-06,1.8492174467358817e-06,3.086014032624942e-06,0.8531278693528841,0.7295361387212621,0.6456965527725254,lignin
C16 H13 O9 N1,0.8790654552931809,2.5669726331038952e-06,1.8492174467358817e-06,3.086014032624942e-06,0.912889718799191,0.7309450629231463,0.6418493411742925,lignin
C16 H15 O9 N1,0.8749294627864207,2.5669726331038952e-06,1.8492174467358817e-06,3.086014032624942e-06,0.9134671032389848,0.7344566922782096,0.6445269238864585,lignin
C15 H15 O9 N1,0.9088988704322766,2.5669726331038952e-06,1.8492174467358817e-06,3.086014032624942e-06,0.9107026711637672,0.6598290329968001,0.6509676737421259,lignin
C18 H19 O10 N1,0.8981995409994515,2.5669726331038952e-06,1.8492174467358817e-06,3.086014032624942e-06,0.8496459813241202,0.6521680238916787,0.6613738495495064,lignin
C19 H19 O10 N1,0.8986201534587273,2.5669726331038952e-06,1.8492174467358817e-06,3.086014032624942e-06,0.7010361910981172,0.6577161404697481,0.6842718532605905,lignin
C20 H21 O11 N1,0.909738744925552,2.5669726331038952e-06,1.8492174467358817e-06,3.086014032624942e-06,0.6220652240588764,0.6568535921563874,0.6933596353623975,lignin
C21 H17 O12 N1,0.9343058616019356,2.5669726331038952e-06,1.8492174467358817e-06,3.086014032624942e-06,0.6312172069643557,0.6883983795422564,0.6744031325392706,lignin
C17 H17 O8 N1,0.9219073370585864,2.5669726331038952e-06,1.8492174467358817e-06,3.086014032624942e-06,0.6281362615685788,0.482630215688535,0.6732946045852569,lignin
C19 H17 O9 N1,0.9206089481699576,2.5669726331038952e-06,1.8492174467358817e-06,0.2303563730268935,0.39875531969874,0.5670841168342091,0.7385118131842683,lignin
C20 H21 O10 N1,0.8670005758213376,2.5669726331038952e-06,1.8492174467358817e-06,0.2304444161174274,0.4805905318418776,0.6414117163739477,0.7169760044493257,lignin
C20 H17 O10 N1,0.9443264672910792,2.5669726331038952e-06,1.8492174467358817e-06,0.2305029539987894,0.5525939553828758,0.5712431641941668,0.7064821034081744,lignin
C13 H15 O8 N1,0.9047223651672384,2.5669726331038952e-06,1.8492174467358817e-06,0.3009334760168202,0.5905601459834976,0.6332728882483548,0.6900383457425686,lignin
C17 H15 O8 N1,0.9050533093881924,2.5669726331038952e-06,1.8492174467358817e-06,0.2993787348378003,0.5967007362448566,0.6345950638431286,0.6916659862337637,lignin
C15 H13 O7 N1,0.9008428634345528,2.5669726331038952e-06,1.8492174467358817e-06,0.2946139932338752,0.6763399410057425,0.6338819996484316,0.6808648628354623,lignin
C16 H17 O8 N1,0.8622108874526766,2.5669726331038952e-06,1.8492174467358817e-06,0.2297433980535105,0.6355806278198448,0.6338896401788362,0.695581230897907,lignin
C14 H15 O8 N1,0.8557085897490838,2.5669726331038952e-06,1.8492174467358817e-06,0.2925505187397582,0.7525354634507535,0.5451775726835341,0.5839447976390502,lignin
C18 H15 O10 N1,0.8934094925173836,0.202711055674074,1.8492174467358817e-06,0.2684635509165781,0.9168549018509244,0.7288306630805724,0.6217735134453031,lignin
C18 H17 O10 N1,0.824023741556691,0.2915100607788994,1.8492174467358817e-06,0.2623944938327497,0.8605177526153525,0.7022611084216213,0.6119661390413055,lignin
C15 H15 O8 N1,0.7998176385707387,0.1658880160516041,1.8492174467358817e-06,0.2736806238213982,0.802602528725528,0.6977989866889486,0.6377156422741644,lignin
C18 H15 O9 N1,0.9094107716402048,0.0611541493222323,1.8492174467358817e-06,0.2797005181575926,0.8299775257671209,0.7256491878012227,0.6388446598981639,lignin
C14 H13 O8 N1,0.8748153068364289,2.5669726331038952e-06,1.8492174467358817e-06,0.2838424938218625,0.8280242526580984,0.7247272304657366,0.6520400073689196,lignin
C15 H13 O8 N1,0.8459983117883484,2.5669726331038952e-06,0.053684208698601,0.2826840032546835,0.7962814394135157,0.7160673909335076,0.6533982761807525,lignin
C13 H13 O7 N1,0.8702446574475233,3.531220368337857e-06,1.8492174467358817e-06,0.3821897257909475,0.8230173239482199,0.7230328518898255,0.6447486294772613,lignin
C18 H17 O9 N1,0.860231614139925,9.23209033507345e-06,1.8492174467358817e-06,0.3795114995843943,0.743818040341562,0.7200009646819341,0.6531962627578102,lignin
C14 H15 O7 N1,0.8476616756148846,2.0505751474724445e-05,0.0555422184201274,0.378675789579055,0.7047335477554506,0.7073215824401277,0.657662458697825,lignin
C11 H9 O7 N1,0.6272307675133053,2.5669726331038952e-06,1.8492174467358817e-06,0.2308011626375517,0.5340259789187541,0.6373802710693863,0.7169657596143328,lignin
C12 H11 O7 N1,0.6015126383600724,2.5669726331038952e-06,1.8492174467358817e-06,0.2295901826623837,0.687766685294568,0.7293125362600342,0.6776731366378181,lignin
C12 H13 O7 N1,0.746014489883154,2.5669726331038952e-06,1.8492174467358817e-06,0.3043970208849249,0.6012481337885819,0.7329749491436941,0.6827352507043017,lignin
C13 H11 O7 N1,0.7452559109914895,2.5669726331038952e-06,1.8492174467358817e-06,0.2966187030288789,0.6777119173326906,0.7365949492871489,0.6715354375897228,lignin
C13 H11 O8 N1,0.7432134827900002,2.5669726331038952e-06,1.8492174467358817e-06,0.2974696665280054,0.6773660372947651,0.7352974624810975,0.6748011474460577,lignin
C13 H15 O7 N1,0.73881550777971,2.5669726331038952e-06,1.8492174467358817e-06,0.2991527298499268,0.6801021652641001,0.7344051316920781,0.6717470823844848,lignin
C14 H13 O7 N1,0.7397471661775726,2.5669726331038952e-06,1.8492174467358817e-06,0.298030851448133,0.7486854288434295,0.6510526623818018,0.6802766743449762,lignin
C16 H13 O8 N1,0.736178757414285,2.5669726331038952e-06,1.8492174467358817e-06,0.2896592539601245,0.8347286549125736,0.7396321380875659,0.6595656668464318,lignin
C15 H17 O8 N1,0.6992363885234738,0.2267901704626157,1.8492174467358817e-06,0.3648271671415474,0.5592977297305652,0.6838730025340573,0.6679425678231081,lignin
C31 H32 O14,0.9009237989227568,2.5669726331038952e-06,1.8492174467358817e-06,0.7887836807349621,2.5105070760420363e-06,0.3532278538186695,0.3239634910888646,lignin
C30 H30 O14,0.8222382092568592,2.5669726331038952e-06,1.8492174467358817e-06,0.7556735058267212,2.5105070760420363e-06,0.3729295332072525,0.4089464524559599,lignin
C27 H36 O9,0.6104305317830692,2.5669726331038952e-06,1.8492174467358817e-06,0.8045445658322646,2.5105070760420363e-06,0.5324055165253238,0.5137216682002224,lignin
C26 H22 O11,0.6967184305681545,0.043222113809534,1.8492174467358817e-06,0.6353249141608219,2.5105070760420363e-06,0.4925608781349954,0.4579072857156265,lignin
C27 H22 O13,0.626598138285709,0.126894796699425,1.8492174467358817e-06,0.6297989154784819,2.5105070760420363e-06,0.4353358522481507,0.520650121278602,lignin
C28 H26 O13,0.6302351486530138,2.5669726331038952e-06,1.8492174467358817e-06,0.6507792928699537,2.5105070760420363e-06,0.4863711129321331,0.6582759832173652,lignin
C31 H30 O16,0.7507435891711017,0.0042949730129087,1.8492174467358817e-06,0.5860660336032011,2.5105070760420363e-06,0.4294491874062021,0.7130720475075697,lignin
C30 H28 O14,0.7819251338631562,0.028636838895009,1.8492174467358817e-06,0.5807411844634679,2.5105070760420363e-06,0.4739842538543877,0.620814547812921,lignin
C29 H28 O13,0.9109983315945858,0.0650948988097985,1.8492174467358817e-06,0.5716228840360978,2.5105070760420363e-06,0.4032766284699053,0.6135820010395747,lignin
C24 H34 O14,0.7753218243489239,2.5669726331038952e-06,1.8492174467358817e-06,0.5845112735227019,2.5105070760420363e-06,0.6949541105585789,0.473515935963524,lignin
C33 H36 O17,0.6666325759308122,0.1163407005867112,1.8492174467358817e-06,0.5649492253342122,2.5105070760420363e-06,0.6858379182579674,0.4645925619921406,lignin
C30 H26 O14,0.6133859825136132,2.5669726331038952e-06,1.8492174467358817e-06,0.5758463061746294,2.5105070760420363e-06,0.7404599661675234,0.3961377401501279,lignin
C32 H34 O15,0.616553450012478,2.5669726331038952e-06,1.8492174467358817e-06,0.626020963403863,2.5105070760420363e-06,0.6031751237635985,0.3746606705140214,lignin
C25 H22 O10,0.6940850112517434,2.5669726331038952e-06,1.8492174467358817e-06,0.7968132559552135,2.5105070760420363e-06,0.7452959541260475,0.343024589383026,lignin
C21 H20 O7,0.7467616801883249,2.5669726331038952e-06,1.8492174467358817e-06,0.7947962412971918,2.5105070760420363e-06,0.7661551738709245,0.3431299210098683,lignin
C17 H18 O5,0.776953768280707,2.5669726331038952e-06,1.8492174467358817e-06,0.8070979288666265,2.5105070760420363e-06,0.715018143401009,0.3489821449703044,lignin
C30 H44 O12,0.473497903959915,2.5669726331038952e-06,1.8492174467358817e-06,0.7899096796592411,2.5105070760420363e-06,0.7838435734979003,0.3500992614087433,lignin
C19 H22 O5,0.4639199676762205,2.5669726331038952e-06,1.8492174467358817e-06,0.8320551396978092,2.5105070760420363e-06,0.7154292767037317,0.3653654151670303,lignin
C23 H34 O7,0.5707232571681474,2.5669726331038952e-06,0.0331116021263204,0.8160857334809766,2.5105070760420363e-06,0.7218913462521015,0.4541073721280491,lignin
C18 H20 O5,0.5479346505801607,2.5669726331038952e-06,1.8492174467358817e-06,0.818515405234863,2.5105070760420363e-06,0.7296648842573992,0.4708662351525808,lignin
C24 H32 O7,0.5318844410481749,2.5669726331038952e-06,1.8492174467358817e-06,0.7638744040552594,2.5105070760420363e-06,0.7919111939591784,0.4936349821730669,lignin
C22 H24 O7,0.5583528214705376,2.5669726331038952e-06,1.8492174467358817e-06,0.7659286168245243,2.5105070760420363e-06,0.7910721909537991,0.5744507188776176,lignin
C33 H36 O16,0.4981174621511806,2.5669726331038952e-06,1.8492174467358817e-06,0.586324681445809,2.5105070760420363e-06,0.5846721500379791,0.5984052902119436,lignin
C33 H32 O17,0.4945665188881282,2.5669726331038952e-06,1.8492174467358817e-06,0.5789150747462779,2.5105070760420363e-06,0.7796343689145384,0.5786049687940485,lignin
C32 H28 O16,0.5181515162755055,0.061969180080147,1.8492174467358817e-06,0.4303563654663017,2.5105070760420363e-06,0.7602346464061284,0.6007583509054747,lignin
C16 H14 O5,0.5392197710903117,0.1046490553923766,1.8492174467358817e-06,0.4538469727163951,2.5105070760420363e-06,0.6599088687430683,0.5804943126749406,lignin
C17 H16 O5,0.4672229278444367,0.1266207384593685,1.8492174467358817e-06,0.573800258844418,0.0547570338842651,0.717176983063283,0.4691386921836264,lignin
C32 H36 O17,0.4648732328784981,0.1881961586927336,1.8492174467358817e-06,0.5598001221489197,2.5105070760420363e-06,0.6831632648287882,0.4599399652669421,lignin
C27 H40 O14,0.5460227634886778,0.1332867733537983,1.8492174467358817e-06,0.5264697072039889,0.0719076919064264,0.6179886049025594,0.3518527845430837,lignin
C23 H22 O9,0.4693146465684973,0.0665849225698493,1.8492174467358817e-06,0.5014823674148174,2.5105070760420363e-06,0.5239279062420639,0.4377185500896055,lignin
C22 H30 O6,0.517179030020134,0.2149091297906148,1.8492174467358817e-06,0.6909134843002045,2.5105070760420363e-06,0.7387958378548468,0.5488553175938723,lignin
C20 H26 O5,0.5410214634792789,0.2741534020910192,0.066370391064396,0.6468278252154503,2.5105070760420363e-06,0.7131280217128281,0.5391854816333114,lignin
C19 H26 O5,0.5771747338671894,0.3271174753648447,0.0511455280787148,0.636772616262621,0.0772454791918936,0.6742662569956333,0.636445221388737,lignin
C19 H24 O5,0.5783589217916506,0.3107383880527,0.0559811983112823,0.6584781678085428,2.5105070760420363e-06,0.682545213488374,0.642918423446268,lignin
C19 H28 O5,0.5109156225478527,0.3483038425949129,0.0804957865881638,0.6287023650589371,2.5105070760420363e-06,0.6862618377544284,0.6387987728528068,lignin
C27 H38 O8,0.4901314972111017,0.3172886461862186,1.8492174467358817e-06,0.6573111904771626,2.5105070760420363e-06,0.7016350007396241,0.6485614257914764,lignin
C23 H34 O8,0.4183438798546438,0.171946380811768,0.0009123008333361,0.7298768424972998,0.0919458517338196,0.6276030949241825,0.672597035610985,lignin
C20 H28 O5,0.4054512347028326,0.3199505335710262,0.1463314242495945,0.6367658117300766,0.0766853138881872,0.6449539598270267,0.6370236558147689,lignin
C21 H30 O7,0.5245506865021933,0.2895896101976854,0.1730698009041364,0.6319280159086946,0.2714815364009639,0.674671361036268,0.6525612056808898,lignin
C22 H32 O7,0.6026360571471168,2.5669726331038952e-06,0.0167820028183613,0.7850219839325329,0.0366964513848001,0.6136743040438365,0.7696839627905139,lignin
C15 H19 O7 N1,0.5996572440592991,2.5669726331038952e-06,1.8492174467358817e-06,0.653242231227391,2.5105070760420363e-06,0.6331461178153156,0.8008993615504717,lignin
C12 H10 O4,0.7471416448467951,2.5669726331038952e-06,1.8492174467358817e-06,0.4597555751425285,2.5105070760420363e-06,0.6393851566428279,0.6944354043829613,lignin
C23 H34 O13,0.7698156003288555,2.5669726331038952e-06,1.8492174467358817e-06,0.5873449454949382,2.5105070760420363e-06,0.6683247310663238,0.6771562325680606,lignin
C15 H12 O5,0.8243571165431418,2.5669726331038952e-06,1.8492174467358817e-06,0.588911008660053,0.1144583627765265,0.7031083756741728,0.7179471166525376,lignin
C32 H32 O17,0.8907982201754977,2.5669726331038952e-06,1.8492174467358817e-06,0.5727001171438081,2.5105070760420363e-06,0.5710463815539508,0.792984336996915,lignin
C28 H24 O13,0.9424358719047804,2.5669726331038952e-06,1.8492174467358817e-06,0.5713378119254423,2.5105070760420363e-06,0.5504475635595973,0.7838288899071014,lignin
C17 H14 O6,0.8418639397919193,0.0108203232329675,1.8492174467358817e-06,0.6967412640008928,2.5105070760420363e-06,0.7344617339887488,0.764269843555235,lignin
C14 H12 O5,0.8850475691804863,0.0010799086156915,1.8492174467358817e-06,0.7258030444688299,2.5105070760420363e-06,0.723872426635575,0.7694085791720542,lignin
C13 H14 O4,0.917282940743699,2.5669726331038952e-06,1.8492174467358817e-06,0.7879986644970792,2.5105070760420363e-06,0.6630452285095529,0.6848908989486897,lignin
C19 H18 O6,0.892156117804619,2.5669726331038952e-06,1.8492174467358817e-06,0.784475428757376,2.5105070760420363e-06,0.718042753913277,0.5720814014099961,lignin
C20 H18 O7,0.848221021764174,0.0143612956022511,1.8492174467358817e-06,0.6890264362137827,2.5105070760420363e-06,0.7631553561001735,0.5636175113553566,lignin
C16 H16 O5,0.7459526854196924,2.5669726331038952e-06,1.8492174467358817e-06,0.7493036316999885,2.5105070760420363e-06,0.7631713128541476,0.5700735977903547,lignin
C27 H40 O13,0.7487267290215035,0.0019595102257957,1.8492174467358817e-06,0.7446752642691425,2.5105070760420363e-06,0.7348547795052076,0.6715787480897524,lignin
C28 H40 O14,0.7643594320723482,0.0013217055633537,1.8492174467358817e-06,0.7491871985875604,2.5105070760420363e-06,0.5969494948465922,0.5817641814435119,lignin
C19 H16 O7,0.9547978449373276,0.1142098064587956,1.8492174467358817e-06,0.6796674821520892,2.5105070760420363e-06,0.7196564651205629,0.7573494268444245,lignin
C22 H18 O9,0.956275120160841,0.1144757302392308,1.8492174467358817e-06,0.6867218166468806,2.5105070760420363e-06,0.7219395803488052,0.757054289711787,lignin
C25 H20 O11,0.9736552735187364,0.1262659794463872,1.8492174467358817e-06,0.6711243915424802,2.5105070760420363e-06,0.7283835101345139,0.6576868745321193,lignin
C23 H20 O9,0.9701468686518758,0.1276395888128473,1.8492174467358817e-06,0.6774315127579693,2.5105070760420363e-06,0.7348634595635584,0.6583795358010053,lignin
C24 H20 O10,0.9745804048610988,0.1263981365574947,1.8492174467358817e-06,0.6762714155650507,2.5105070760420363e-06,0.7323767527870524,0.6573116804553761,lignin
C27 H24 O12,0.9755058062885164,0.1264874546575068,1.8492174467358817e-06,0.6757732481768767,2.5105070760420363e-06,0.7369854999365368,0.6603316983108353,lignin
C21 H18 O8,0.95144428883544,0.1184347729750321,1.8492174467358817e-06,0.6788143449828442,2.5105070760420363e-06,0.7340543429866324,0.6534965529811029,lignin
C23 H24 O8,0.9605536275483876,0.1319474228149974,1.8492174467358817e-06,0.6693199807235154,2.5105070760420363e-06,0.7497970581567028,0.5557724829498647,lignin
C22 H20 O8,0.96291002962653,0.1332158042174981,1.8492174467358817e-06,0.6679626276927236,2.5105070760420363e-06,0.7475643600338512,0.5574140490550918,lignin
C24 H24 O9,0.9860591097348376,0.1438465524451517,1.8492174467358817e-06,0.6619025110085995,2.5105070760420363e-06,0.7473519324980449,0.54820105911963,lignin
C29 H26 O13,0.9872841255168078,0.1434673776720895,1.8492174467358817e-06,0.6620432136204362,2.5105070760420363e-06,0.7529012445332525,0.5480891020905169,lignin
C31 H32 O15,0.8851917945999555,0.3272967801505912,1.8492174467358817e-06,0.6295205722944536,2.5105070760420363e-06,0.534364922751119,0.6481232903931605,lignin
C30 H28 O15,0.8815875095385038,0.3418925264794613,1.8492174467358817e-06,0.6301322997702034,0.0791426935075887,0.5351577187392896,0.6420119702615138,lignin
C30 H26 O16,0.7031961055175496,0.3261331190821496,1.8492174467358817e-06,0.6357563971300598,0.0994655064237279,0.5167361920282552,0.7364678152374069,lignin
C29 H24 O15,0.7742527376721478,0.1630262834419149,1.8492174467358817e-06,0.689281076942781,0.1367573734369347,0.5593856327466272,0.7963443361429742,lignin
C31 H30 O17,0.6896165440420498,0.2351274839445329,1.8492174467358817e-06,0.6822977364042038,2.5105070760420363e-06,0.5374696288916417,0.6717568977952563,lignin
C30 H42 O12,0.7039252901523748,0.2705984822806954,1.8492174467358817e-06,0.6684409863306013,2.5105070760420363e-06,0.6400835634934834,0.559331796280904,lignin
C11 H10 O4,0.6780274644090917,0.2824920775068151,1.8492174467358817e-06,0.5372891785704403,2.5105070760420363e-06,0.618250721874194,0.6514367890306896,lignin
C25 H36 O14,0.7174610078205829,0.140690852598342,1.8492174467358817e-06,0.5651058807945698,2.5105070760420363e-06,0.5974900493786169,0.6131770539989302,lignin
C23 H32 O14,0.7088128393393648,0.1795470985459696,1.8492174467358817e-06,0.5506431870978805,2.5105070760420363e-06,0.7274468954549863,0.6576484103911582,lignin
C29 H40 O14,0.6986833443588055,0.2109782914673208,1.8492174467358817e-06,0.6793875890467591,2.5105070760420363e-06,0.7162226444322727,0.6547566063389026,lignin
C15 H14 O5,0.7110304176991418,0.2018179613424726,1.8492174467358817e-06,0.7249431027670404,2.5105070760420363e-06,0.7137954506306868,0.7673167310976813,lignin
C21 H22 O7,0.7645338169896464,0.2466403319830213,1.8492174467358817e-06,0.6526054781930609,2.5105070760420363e-06,0.7053879045310009,0.7609609458915052,lignin
C22 H22 O8,0.8571939675242527,0.4087733848999469,1.8492174467358817e-06,0.6096181084639464,2.5105070760420363e-06,0.690794855293032,0.6223885716227764,lignin
C17 H20 O5,0.796409075145945,0.3408609234723905,1.8492174467358817e-06,0.6297908634483043,2.5105070760420363e-06,0.6893954947482528,0.6306641898295535,lignin
C14 H18 O4,0.7985177192001305,0.3388656160527135,1.8492174467358817e-06,0.629397712679067,2.5105070760420363e-06,0.687985634971217,0.6315270257826916,lignin
C14 H16 O4,0.7710190993347625,0.3651964285042162,1.8492174467358817e-06,0.6299248749364721,2.5105070760420363e-06,0.6999581382096065,0.519160878079286,lignin
C13 H16 O4,0.7903404440126285,0.3060654195776559,0.042768572972279,0.6332291937430358,2.5105070760420363e-06,0.7044158419485078,0.5281911173354448,lignin
C26 H24 O11,0.8615270320929467,0.3060445448456597,1.8492174467358817e-06,0.6276604777174997,2.5105070760420363e-06,0.7237462279429062,0.5339565055837111,lignin
C25 H24 O10,0.8630011563241496,0.3062759250304429,1.8492174467358817e-06,0.6273622123742995,2.5105070760420363e-06,0.7214828117692443,0.5350893880257019,lignin
C26 H38 O13,0.8568974141336589,0.1859351751169629,1.8492174467358817e-06,0.6970899584908393,2.5105070760420363e-06,0.638350930289152,0.6657742208910344,lignin
C19 H28 O12,0.8440870999095035,0.2414085991811756,1.8492174467358817e-06,0.6637240843707599,2.5105070760420363e-06,0.7158799640448074,0.6523109740525322,lignin
C21 H30 O13,0.846486265454717,0.2444715389496251,1.8492174467358817e-06,0.6673663238240747,2.5105070760420363e-06,0.7152487106994765,0.6501896183995274,lignin
C20 H22 O6,0.8788831478809307,0.3054029501765958,1.8492174467358817e-06,0.6345240206803353,2.5105070760420363e-06,0.7054432074177388,0.6409665063217074,lignin
C29 H26 O14,0.8874893181360675,0.3042997094475025,1.8492174467358817e-06,0.6327611553128505,2.5105070760420363e-06,0.7045061769270328,0.6413810233878541,lignin
C11 H12 O4,0.8569761889414215,0.1904481287424705,1.8492174467358817e-06,0.553049950258867,2.5105070760420363e-06,0.7263759737648096,0.6544012884689719,lignin
C12 H12 O4,0.8486084137616619,0.2311152515001578,1.8492174467358817e-06,0.545618455646318,0.1051567448539416,0.7106353896270288,0.7069452067576404,lignin
C25 H26 O10,0.8145948021951073,0.499508069482994,1.8492174467358817e-06,0.6033797886330737,2.5105070760420363e-06,0.7007482314251169,0.5178607042299574,lignin
C23 H30 O7,0.8241768797829813,0.4910581859753893,1.8492174467358817e-06,0.5930815066565718,2.5105070760420363e-06,0.6763182851614351,0.6124427999268998,lignin
C27 H40 O12,0.7949276586182521,0.5084193266638524,1.8492174467358817e-06,0.5826609321090619,2.5105070760420363e-06,0.6721312744997245,0.6010902958285056,lignin
C18 H26 O5,0.7843740850868756,0.4703490651388707,1.8492174467358817e-06,0.5972574860820847,2.5105070760420363e-06,0.6720572081335577,0.6059229133218865,lignin
C25 H36 O13,0.7853684482317171,0.4552578967897782,1.8492174467358817e-06,0.6047002459762909,2.5105070760420363e-06,0.6858010150158772,0.6231347268803674,lignin
C21 H30 O6,0.6800665165473911,0.511022106118322,1.8492174467358817e-06,0.5863340943824955,0.1194454520470002,0.663111290510534,0.5999348992880575,lignin
C21 H28 O6,0.7012026977535766,0.4722601802824066,1.8492174467358817e-06,0.6003825810620181,0.0774003548156345,0.6812770933468029,0.622433047702835,lignin
C27 H40 O9,0.6895451965733048,0.5028196488528357,1.8492174467358817e-06,0.5937217753660499,2.5105070760420363e-06,0.6691871234504926,0.6039475619041087,lignin
C27 H38 O9,0.6901500970685688,0.503586244289535,1.8492174467358817e-06,0.5898904455139153,2.5105070760420363e-06,0.6711177347521781,0.6119305581772586,lignin
C29 H40 O11,0.6990512902323199,0.4799427750051555,1.8492174467358817e-06,0.6044663968745119,2.5105070760420363e-06,0.6830689276676704,0.6190372836537769,lignin
C29 H42 O11,0.7284787675334716,0.4441795799459149,1.8492174467358817e-06,0.6054823891893216,2.5105070760420363e-06,0.6818204546042824,0.6180329217465763,lignin
C29 H42 O10,0.7343157557177906,0.4440974181893747,1.8492174467358817e-06,0.6069066156538422,2.5105070760420363e-06,0.6840756065307719,0.6209468104730679,lignin
C18 H24 O5,0.7280324069656016,0.3671273535950795,1.8492174467358817e-06,0.6272123992494449,2.5105070760420363e-06,0.6968550953137976,0.6332870516266682,lignin
C29 H40 O10,0.7178091474567171,0.378084656423207,1.8492174467358817e-06,0.6193282142078942,2.5105070760420363e-06,0.6960874039255278,0.6318692155407153,lignin
C22 H26 O7,0.7184062154853806,0.3792489860773709,1.8492174467358817e-06,0.6196518453363019,2.5105070760420363e-06,0.6944624658164229,0.635002785429538,lignin
C23 H32 O7,0.7024291539891743,0.3871294326490515,0.0099286584331942,0.6102841209882177,2.5105070760420363e-06,0.6865647042215541,0.6283568321424275,lignin
C26 H36 O8,0.6392065639311132,0.424795794110463,1.8492174467358817e-06,0.6151996396924412,2.5105070760420363e-06,0.6943564859423077,0.6283257909058624,lignin
C22 H30 O14,0.7873303460725852,0.3898553061637264,1.8492174467358817e-06,0.5190900404476536,2.5105070760420363e-06,0.6773335401300927,0.7451605270556584,lignin
C16 H18 O5,0.7580238668761566,0.4281163870063386,1.8492174467358817e-06,0.6226456128381267,2.5105070760420363e-06,0.6546617474818215,0.7413119658384444,lignin
C20 H16 O8,0.8276803330904968,0.3917841264476862,1.8492174467358817e-06,0.6120533750557027,2.5105070760420363e-06,0.679849457641887,0.7200409891553821,lignin
C18 H16 O6,0.820655060691713,0.3651297185065915,1.8492174467358817e-06,0.6203906663587994,2.5105070760420363e-06,0.605166443497342,0.7193351384282718,lignin
C20 H20 O7,0.8104043425355513,0.4688128532485045,1.8492174467358817e-06,0.6089872148881963,2.5105070760420363e-06,0.6671097308028036,0.708189984882427,lignin
C24 H22 O10,0.8154167610463887,0.4994674095661047,1.8492174467358817e-06,0.6013605814034545,2.5105070760420363e-06,0.6749807765294549,0.7062702745744606,lignin
C25 H22 O11,0.814119002356222,0.4943900210163731,1.8492174467358817e-06,0.602679564431287,2.5105070760420363e-06,0.6716340163066591,0.730955296509143,lignin
C26 H22 O12,0.821117356277839,0.3999945076921035,1.8492174467358817e-06,0.6118105288497815,2.5105070760420363e-06,0.671213423299626,0.8295395646018744,lignin
C26 H26 O11,0.8165557997524581,0.4007145249901495,1.8492174467358817e-06,0.6139609123456751,2.5105070760420363e-06,0.6690965805663784,0.8297264254844381,lignin
C19 H20 O6,0.803061180026814,0.4935369551595899,1.8492174467358817e-06,0.6096196961882068,2.5105070760420363e-06,0.6640960353339707,0.8156045032368464,lignin
C15 H16 O5,0.7131734975978635,0.4672861006079871,0.0556086838961593,0.6009373394791871,2.5105070760420363e-06,0.6305132014331764,0.8213881726876748,lignin
C26 H28 O10,0.8253773178249294,0.5124748190807036,1.8492174467358817e-06,0.5993226239063794,2.5105070760420363e-06,0.7282256578158832,0.3867685931639222,lignin
C28 H28 O13,0.811097200730454,0.5860871966527528,1.8492174467358817e-06,0.5888829588647863,2.5105070760420363e-06,0.7512139347473755,0.2895703837647707,lignin
C28 H28 O12,0.8424715411377351,0.4931628443043133,1.8492174467358817e-06,0.6050177530254086,2.5105070760420363e-06,0.7561890635214986,0.2947018498429872,lignin
C29 H32 O12,0.8608723459191768,0.4082005059856746,1.8492174467358817e-06,0.6121985384166518,2.5105070760420363e-06,0.7669120021921565,0.3038903319246787,lignin
C31 H34 O17,0.8083721325519833,0.3994951484448498,1.8492174467358817e-06,0.6132158916379704,2.5105070760420363e-06,0.6587758872345033,0.3346620127714444,lignin
C29 H42 O12,0.7348603372173965,0.4369472653259162,1.8492174467358817e-06,0.6055060160384345,2.5105070760420363e-06,0.7005581017637567,0.514864795477206,lignin
C28 H40 O8,0.7374130911306589,0.4267255306044867,1.8492174467358817e-06,0.6107413855752075,2.5105070760420363e-06,0.7036527764595986,0.5009447946330806,lignin
C30 H42 O13,0.682894036990129,0.3613433937490503,1.8492174467358817e-06,0.6297098895110248,2.5105070760420363e-06,0.7014800071228455,0.535720764323583,lignin
C23 H26 O8,0.6219706810068627,0.4133714717740937,1.8492174467358817e-06,0.6245172751204062,2.5105070760420363e-06,0.7045821144435027,0.5467390536852051,lignin
C26 H38 O8,0.5820462129933959,0.4122617432872508,1.8492174467358817e-06,0.6258158823535638,2.5105070760420363e-06,0.7046380930234057,0.5226592745172244,lignin
C21 H26 O6,0.5792446657301318,0.3790486827474574,1.8492174467358817e-06,0.632917999788001,2.5105070760420363e-06,0.7108001028301044,0.5362799360059757,lignin
C29 H42 O9,0.6061206045007694,0.3636951811708828,1.8492174467358817e-06,0.6299333427991941,2.5105070760420363e-06,0.7343027901657746,0.4090518761022783,lignin
C31 H38 O14,0.6710994676443506,0.4430508586720719,1.8492174467358817e-06,0.6081290499254601,2.5105070760420363e-06,0.7248466202503578,0.4068659841234504,lignin
C30 H36 O17,0.6799187350080287,0.4095609541183791,1.8492174467358817e-06,0.5487211334718132,2.5105070760420363e-06,0.6662551868546286,0.3386982323733473,lignin
C15 H18 O4,0.6905636423022338,0.3004414745811632,0.0639789870663847,0.6464691507444386,2.5105070760420363e-06,0.7215110349529837,0.405697858222158,lignin
C29 H42 O13,0.7320504173174216,0.1954849688062664,1.8492174467358817e-06,0.6814863337012317,2.5105070760420363e-06,0.7518970085608245,0.435011766530394,lignin
C27 H40 O8,0.8256768421511302,0.2647070287079813,1.8492174467358817e-06,0.6706074738868503,2.5105070760420363e-06,0.7310916883399581,0.3160722075601115,lignin
C32 H34 O16,0.843854466648637,0.2013160515645005,1.8492174467358817e-06,0.5497253312635457,2.5105070760420363e-06,0.5894376060253534,0.4432822316465161,lignin
C27 H38 O11,0.6213695617023713,0.8645030308228914,1.8492174467358817e-06,0.544255621186532,2.5105070760420363e-06,0.6322870519205747,0.5569340754683623,lignin
C28 H38 O12,0.6315303415351563,0.8982867168954485,1.8492174467358817e-06,0.5462017931001738,2.5105070760420363e-06,0.6360238430287852,0.5624091729430595,lignin
C27 H36 O10,0.7371304021062313,0.8640105555323339,0.0284416764699401,0.5418299187432966,2.5105070760420363e-06,0.6286907530142932,0.5625080632065831,lignin
C25 H36 O10,0.6915921261923805,0.8712513884296833,0.0089068078705278,0.5399842648965204,2.5105070760420363e-06,0.6234756492137894,0.5485618981581197,lignin
C26 H36 O12,0.7123405552876712,0.9546303671833168,0.0433134988681529,0.533209558886349,2.5105070760420363e-06,0.6174988313107065,0.5478459252886513,lignin
C28 H34 O15,0.71849862958843,0.9193974844140288,1.8492174467358817e-06,0.5449117293356553,2.5105070760420363e-06,0.616036891183566,0.6859475279182489,lignin
C25 H26 O11,0.6762384210035425,0.9330425761330944,1.8492174467358817e-06,0.5393100491302371,0.0039877276977169,0.6046042667840363,0.7511083592516412,lignin
C26 H28 O11,0.7048686072217862,0.8433683923177817,1.8492174467358817e-06,0.5500779950641433,0.0063769088668166,0.610183933035273,0.76257140941385,lignin
C27 H34 O11,0.7231678150083024,0.7104873266852471,0.1113404795046121,0.5541728115375839,2.5105070760420363e-06,0.6207606101239003,0.6637800361538386,lignin
C25 H32 O9,0.6886337495404052,0.7566764474979938,0.1464988782117296,0.5445711246788449,0.0237163230648033,0.6106789042668568,0.6524924364591715,lignin
C28 H36 O14,0.6541115678149363,0.7794505572439133,0.120647909364106,0.548572719056426,0.078293630706767,0.6097589740108658,0.6635350189624534,lignin
C27 H30 O12,0.7173631470022539,0.8098303495920834,1.8492174467358817e-06,0.5485967617380832,0.1369243241911715,0.6388236556226872,0.5526443115369664,lignin
C28 H36 O13,0.7252667360005013,0.824899281275301,0.0873335099998179,0.5423164806231863,0.0992087468864276,0.624221510515189,0.5602780632256004,lignin
C26 H36 O13,0.7265257374852488,0.8236576928265605,0.0896871638107846,0.5398346029835002,0.097745893127367,0.6222332054124894,0.5624697217582566,lignin
C25 H34 O9,0.6738984941137663,0.8527953519524387,0.0725633736129725,0.5416444574285006,0.0746811441041243,0.6124480768784971,0.6194500216767213,lignin
C26 H36 O11,0.6698883612427226,0.905216434570022,0.1136974203659654,0.5309705652555428,0.071487628304299,0.6027132614971011,0.6106782958017586,lignin
C26 H34 O10,0.6875002475779672,0.8449725028026123,0.160112655419406,0.5349859199100471,2.5105070760420363e-06,0.6112345319541015,0.550570069855665,lignin
C28 H38 O13,0.7386554373703367,0.7772213933960371,0.0750525329327722,0.5523256833754231,2.5105070760420363e-06,0.6381861651096791,0.572277832318062,lignin
C27 H36 O11,0.7076181180977513,0.8297461315630108,0.1724522425706673,0.5370988028710288,0.0801847350064312,0.4494749916084106,0.5433684416262492,lignin
C28 H38 O11,0.6447479440225315,0.7755082786760378,0.071178417742073,0.5576659183192986,2.5105070760420363e-06,0.4516782191139875,0.5954206078352621,lignin
C28 H32 O14,0.6516866991753043,0.7416955215057779,1.8492174467358817e-06,0.5693069613845803,2.5105070760420363e-06,0.4721086335810563,0.6334311541260582,lignin
C25 H34 O14,0.7178897228315141,0.6987852936497827,1.8492174467358817e-06,0.5735272458775496,2.5105070760420363e-06,0.4858837822309538,0.6165555797328208,lignin
C28 H36 O12,0.7554742639552048,0.835688471937922,1.8492174467358817e-06,0.5502582017676966,0.1058325174570161,0.4582269852930705,0.5897393867343619,lignin
C28 H34 O12,0.7705615752512781,0.7844865925285991,1.8492174467358817e-06,0.5673085835851388,2.5105070760420363e-06,0.4741104525470566,0.6072586680352621,lignin
C29 H32 O14,0.7634249377814061,0.7693990890197622,1.8492174467358817e-06,0.566200503263227,2.5105070760420363e-06,0.4621207970975548,0.7215771622874496,lignin
C29 H34 O14,0.7562091653903648,0.851440153455776,1.8492174467358817e-06,0.5581800763589521,2.5105070760420363e-06,0.4414374654811751,0.7070748928724597,lignin
C27 H32 O13,0.7247179681825401,0.9123323657494729,0.0299941910814479,0.5352669849070932,0.2201068793950456,0.450107492387277,0.5661735670129073,lignin
C28 H28 O14,0.7440901338649567,0.9428434485235548,1.8492174467358817e-06,0.5387084528473869,0.2304609173911342,0.4287766128250097,0.6733106773203953,lignin
C28 H30 O15,0.7602428856895613,0.8660656394680712,1.8492174467358817e-06,0.5506953929836802,0.2220397938340519,0.4320468897791637,0.6779452075551425,lignin
C28 H34 O13,0.7348531799634341,0.8633301828913768,0.0259615520481976,0.5453273350622895,0.2228051639054063,0.4510791911349888,0.6486189072908074,lignin
C28 H28 O16,0.7280825527575144,0.8251009465390933,1.8492174467358817e-06,0.5508243388753983,0.2310755898338993,0.4484824503253774,0.6504094222544932,lignin
C27 H26 O13,0.7449372106263704,0.8216955670686568,1.8492174467358817e-06,0.5524370130884427,0.2342330191062374,0.4359782025543073,0.6824214029448809,lignin
C29 H36 O14,0.7350271147389736,0.8280423770431237,1.8492174467358817e-06,0.5546267872671773,0.1340893250533358,0.4468299647256982,0.6732181670738733,lignin
C28 H30 O13,0.7437389332648637,0.7985888978319795,1.8492174467358817e-06,0.5602804465406437,0.1314180043093725,0.4645591658245624,0.676417806946452,lignin
C27 H28 O13,0.7291155380652475,0.7842881959061159,1.8492174467358817e-06,0.560850855382665,0.1837289307085541,0.4523806281472358,0.7042816110058238,lignin
C27 H32 O16,0.6676772199100941,0.7327786184899313,1.8492174467358817e-06,0.5679592481082265,0.1350682196572498,0.4569216500510252,0.6905185647145675,lignin
C25 H28 O9,0.8145806677438859,0.481045594772868,1.8492174467358817e-06,0.6015384065206172,2.5105070760420363e-06,0.5023721507968345,0.3256295343747034,lignin
C29 H34 O12,0.7143398599086824,0.5124627350128339,1.8492174467358817e-06,0.5989667468543024,2.5105070760420363e-06,0.5471635388483548,0.4155212746881352,lignin
C30 H36 O13,0.6238593407835996,0.6284014917682735,1.8492174467358817e-06,0.5927477443352644,2.5105070760420363e-06,0.5338737977729361,0.4082211242730998,lignin
C26 H30 O10,0.5849148313786978,0.5751434884009787,1.8492174467358817e-06,0.6024816281401595,2.5105070760420363e-06,0.5645332711834226,0.339794368371262,lignin
C25 H30 O9,0.5810315484552395,0.5865619915653206,1.8492174467358817e-06,0.6035075248301173,2.5105070760420363e-06,0.4948203441024617,0.2513524562482666,lignin
C30 H38 O13,0.6891048679050007,0.6326280430802963,1.8492174467358817e-06,0.5727852494065313,2.5105070760420363e-06,0.5117078913996839,0.5019486350965839,lignin
C30 H40 O13,0.6891788261959456,0.6345177634807186,1.8492174467358817e-06,0.5725194190017933,2.5105070760420363e-06,0.5141320705702258,0.4996269530443631,lignin
C28 H32 O12,0.6925785668422699,0.7354905012293063,1.8492174467358817e-06,0.5736731274947118,2.5105070760420363e-06,0.5199321687224545,0.4561539159470795,lignin
C27 H32 O11,0.6951943856159182,0.6757972364727279,1.8492174467358817e-06,0.5803715093315092,2.5105070760420363e-06,0.5083073356056721,0.4592133794845768,lignin
C27 H30 O11,0.7314183732741115,0.6938868879741535,1.8492174467358817e-06,0.5743582683160249,2.5105070760420363e-06,0.5235509734087712,0.375635156764686,lignin
C27 H38 O12,0.7630166592063172,0.7509085832341681,0.0784679938287275,0.5548280502186599,2.5105070760420363e-06,0.5020659058638836,0.4031052401594832,lignin
C25 H36 O12,0.7506270024556133,0.7275149173855862,0.0581472148325125,0.5571861231689949,2.5105070760420363e-06,0.482376103082086,0.5065296099963088,lignin
C29 H38 O12,0.788997491089894,0.6879320673324262,1.8492174467358817e-06,0.5530018648955527,2.5105070760420363e-06,0.7107223981161259,0.3602436111337922,lignin
C29 H38 O13,0.7831076562631104,0.7423493983421847,1.8492174467358817e-06,0.5493185714292195,2.5105070760420363e-06,0.677920093773737,0.4443293519368903,lignin
C30 H34 O15,0.7179057928922976,0.690140628835082,1.8492174467358817e-06,0.5681496994135552,2.5105070760420363e-06,0.6540876161971344,0.5955101121122353,lignin
C26 H38 O11,0.7428725454220043,0.699469727329942,1.8492174467358817e-06,0.5587645479015654,2.5105070760420363e-06,0.640511952960113,0.5748168950457143,lignin
C26 H38 O9,0.7409778537457016,0.6586212197420388,1.8492174467358817e-06,0.5655165721365885,2.5105070760420363e-06,0.6421448434580064,0.578674903595796,lignin
C26 H38 O10,0.7407526028096768,0.6466837950074574,1.8492174467358817e-06,0.567746984495797,2.5105070760420363e-06,0.651054533532105,0.5772307499397119,lignin
C24 H26 O9,0.7489079110793571,0.6658650736563556,1.8492174467358817e-06,0.5771940572539417,2.5105070760420363e-06,0.681159938547266,0.5038220596081308,lignin
C30 H36 O14,0.6635097174802289,0.6360802235512936,1.8492174467358817e-06,0.5760306712036265,2.5105070760420363e-06,0.6856944634013916,0.5101690722909298,lignin
C28 H36 O11,0.658857277333778,0.6170374164342134,1.8492174467358817e-06,0.5866916725677085,2.5105070760420363e-06,0.677043927644281,0.5098743339093548,lignin
C28 H38 O10,0.6530156526893449,0.5893650495872697,0.0521514972185207,0.579862190070554,2.5105070760420363e-06,0.6569164835971326,0.607050213249001,lignin
C24 H34 O8,0.6616612103483629,0.5799226381936973,1.8492174467358817e-06,0.5791184168604825,2.5105070760420363e-06,0.6528221988282233,0.5946178299267826,lignin
C29 H40 O12,0.6878025627830716,0.6023900899549898,1.8492174467358817e-06,0.5761233262551073,2.5105070760420363e-06,0.6580774284074504,0.6030353421655262,lignin
C27 H38 O13,0.6896082614336907,0.6051712084602738,1.8492174467358817e-06,0.5750841607266878,2.5105070760420363e-06,0.659771027337402,0.600554926517234,lignin
C27 H40 O10,0.7201001889515046,0.6149315199835815,1.8492174467358817e-06,0.5703010279834133,2.5105070760420363e-06,0.6505490110918671,0.5866504769645499,lignin
C22 H28 O7,0.7250783066603335,0.611178723561892,1.8492174467358817e-06,0.5720279427372881,2.5105070760420363e-06,0.6509082199736771,0.5904364649380951,lignin
C26 H36 O9,0.7339603687993423,0.6042760464654201,1.8492174467358817e-06,0.5735047909201527,2.5105070760420363e-06,0.6528187683860008,0.5915899597427062,lignin
C29 H32 O13,0.7610048856585916,0.6268814249849791,1.8492174467358817e-06,0.5774057538219926,2.5105070760420363e-06,0.6648220416515979,0.6306219222169185,lignin
C23 H24 O9,0.7170833838992575,0.6416066540820674,1.8492174467358817e-06,0.5751715989698845,2.5105070760420363e-06,0.6388393524946747,0.6640418008898529,lignin
C21 H20 O8,0.7682562192485658,0.5661285261458618,1.8492174467358817e-06,0.5849467258025909,2.5105070760420363e-06,0.6628987590219331,0.6983175833820678,lignin
C24 H24 O10,0.7356750487863638,0.5858717634755681,1.8492174467358817e-06,0.57437943797283,0.0036549318183794,0.6531579143784491,0.673479625078301,lignin
C20 H24 O6,0.7354167124310788,0.5484091720848523,0.0584816677188421,0.5762802841391337,2.5105070760420363e-06,0.6516680109495557,0.6885922290043303,lignin
C28 H40 O11,0.7430345964551156,0.5406203465195606,0.0500498416228473,0.5768131924462431,2.5105070760420363e-06,0.6617995621716196,0.5939024705204873,lignin
C24 H34 O13,0.7468718298766648,0.543003086984092,1.8492174467358817e-06,0.5938354488625014,2.5105070760420363e-06,0.6662903748756075,0.6098749657764232,lignin
C23 H34 O12,0.7473485299990673,0.5654896553445554,1.8492174467358817e-06,0.5779309881285101,2.5105070760420363e-06,0.6628768769586656,0.5902219368664191,lignin
C27 H40 O11,0.7468732703302924,0.5675475126729186,1.8492174467358817e-06,0.5772856916255408,2.5105070760420363e-06,0.664029713451003,0.591659403773915,lignin
C25 H34 O8,0.7484021317993462,0.5745211093808222,1.8492174467358817e-06,0.5740055289095102,2.5105070760420363e-06,0.6643012901269482,0.5931012262699409,lignin
C27 H26 O12,0.7838222112907797,0.570504493985601,1.8492174467358817e-06,0.5857473168594088,2.5105070760420363e-06,0.668051699051254,0.599206902540394,lignin
C17 H22 O5,0.7809860481262759,0.5763459026788794,1.8492174467358817e-06,0.5837455367936952,0.0793608065897368,0.6695105725709533,0.593515436604501,lignin
C15 H20 O4,0.6157775856772815,0.5575586438823218,0.071867255373998,0.5801782984102042,2.5105070760420363e-06,0.6683115290614071,0.4990073859125666,lignin
C15 H22 O4,0.6169907177168233,0.5014031880940631,0.0915028969152259,0.5924742777328931,2.5105070760420363e-06,0.6510093140664451,0.6042855187662373,lignin
C27 H36 O15,0.6366777575594106,0.5135976468952167,1.8492174467358817e-06,0.5959530571933057,2.5105070760420363e-06,0.6832740785078533,0.6240093413264313,lignin
C26 H36 O14,0.6358290152734899,0.5143621127625784,1.8492174467358817e-06,0.5924852405908814,2.5105070760420363e-06,0.6798796559287241,0.6228075056237703,lignin
C28 H40 O9,0.6574110618916109,0.5539321358748439,1.8492174467358817e-06,0.5795148564871162,2.5105070760420363e-06,0.6642640750264742,0.6020276062108729,lignin
C25 H36 O8,0.652147779378682,0.5431096149758448,1.8492174467358817e-06,0.5874557459665377,2.5105070760420363e-06,0.6623122573546862,0.604290610510575,lignin
C29 H40 O13,0.641394703019875,0.5550385709579437,1.8492174467358817e-06,0.5832179965067043,2.5105070760420363e-06,0.6648294742764131,0.6111547726484009,lignin
C28 H38 O14,0.6409775566521408,0.5556142480272759,1.8492174467358817e-06,0.5837568020753522,2.5105070760420363e-06,0.6657582924963442,0.6139339448620527,lignin
C30 H38 O14,0.621858460666433,0.5902838844691796,1.8492174467358817e-06,0.5794644273403698,2.5105070760420363e-06,0.672118436329589,0.610313469252643,lignin
C27 H38 O10,0.5188208770706071,0.5864236190832393,1.8492174467358817e-06,0.5836773024534574,2.5105070760420363e-06,0.6701081452108272,0.6058099747516962,lignin
C30 H34 O16,0.5233983236000681,0.6814972021420892,1.8492174467358817e-06,0.5663878925289105,2.5105070760420363e-06,0.6529513601755389,0.6011850145424512,lignin
C29 H36 O13,0.548911863323998,0.634918122516204,0.0001735115377788,0.5815285066818241,2.5105070760420363e-06,0.4573516507859715,0.5594371279077465,lignin
C26 H34 O9,0.4850998126329944,0.4916034547755741,0.0228369756525962,0.6060536674993903,0.0034347391723512,0.5176064848248151,0.5414649267460557,lignin
C21 H24 O7,0.7639852742425645,0.5605355837169365,1.8492174467358817e-06,0.5895167254653885,2.5105070760420363e-06,0.6550749598404366,0.8050564333974995,lignin
C16 H20 O5,0.7274436215452971,0.5732985880063843,1.8492174467358817e-06,0.5785533760385796,2.5105070760420363e-06,0.6388181981009695,0.7980600085995267,lignin
C22 H20 O9,0.7294062846271547,0.5673604572452803,1.8492174467358817e-06,0.5712312831881624,0.0307199651656635,0.641913964301155,0.7853218138854567,lignin
C22 H24 O8,0.7289108135934168,0.5821868161234746,1.8492174467358817e-06,0.5764637797000834,0.0290270228137855,0.6401504571168214,0.7818405330700513,lignin
C27 H24 O13,0.7293595599126077,0.5816749766094047,1.8492174467358817e-06,0.574458105929636,0.0302444646394293,0.6425823287941652,0.7816899892073423,lignin
C23 H20 O10,0.7271537302527312,0.5843477347028082,1.8492174467358817e-06,0.5744135740444282,0.0345516878375904,0.643305580362735,0.7771234920385056,lignin
C27 H28 O12,0.7123707597996761,0.7219673892609086,1.8492174467358817e-06,0.5651713177158727,0.0118970676028595,0.6198080906667959,0.7731644461037942,lignin
C25 H24 O11,0.6936807389383064,0.7160197002002191,1.8492174467358817e-06,0.5674902646040768,0.0138575359802663,0.6151046944978098,0.7660629964105656,lignin
C18 H20 O6,0.6927626748215548,0.6845827004880577,1.8492174467358817e-06,0.5671556706176807,0.0245678929645942,0.6247738636894032,0.7696577065667,lignin
C28 H36 O15,0.6092444982773976,0.6585255376964478,1.8492174467358817e-06,0.5753316188935558,2.5105070760420363e-06,0.636599585581789,0.7137320725356402,lignin
C25 H28 O10,0.6892803331625196,0.7050960990449823,1.8492174467358817e-06,0.5637058104205821,0.032814167122704,0.6283469811224843,0.6599044825570028,lignin
C17 H18 O6,0.6930387917763062,0.6689030281287385,1.8492174467358817e-06,0.5618545239329775,0.1734640554760475,0.6267176769960054,0.7096538307063716,lignin
C20 H18 O8,0.6929278318328008,0.6688733132077476,1.8492174467358817e-06,0.5607815247566283,0.1760165931613223,0.6214563661782929,0.7081325033830961,lignin
C24 H20 O11,0.7202256434596384,0.6039042137540861,1.8492174467358817e-06,0.5694683044118019,0.1946772462520002,0.6354336510373293,0.6951187410116143,lignin
C19 H18 O7,0.7241547958283022,0.6110875978041862,1.8492174467358817e-06,0.5716833687698267,0.1380299835150318,0.6273071932942963,0.7281548984696977,lignin
C22 H30 O7,0.7263821872784177,0.5944083155027299,1.8492174467358817e-06,0.5724910667828579,0.1177354686672098,0.6487579564169592,0.6483081268472526,lignin
C24 H32 O8,0.7341990339597746,0.66159325661469,1.8492174467358817e-06,0.5629877054193868,0.0873502321564589,0.6356678047072112,0.6415872083603743,lignin
C25 H32 O15,0.6935466417084069,0.6671456381764627,1.8492174467358817e-06,0.5677407470076312,0.1037664988545531,0.6404736983316928,0.6788918425777428,lignin
C27 H34 O15,0.6790077381168877,0.6664263885138756,1.8492174467358817e-06,0.5684543156537969,0.14190032849185,0.6363278529766518,0.6666939248803302,lignin
C26 H32 O16,0.648390401105116,0.6518175428573353,1.8492174467358817e-06,0.5694171570088424,0.1059535947904989,0.6555357825789877,0.6107258391976834,lignin
C29 H38 O14,0.5979697076203238,0.7270483931260275,1.8492174467358817e-06,0.5640909091596418,0.081037891276491,0.639855543038484,0.5877639739702668,lignin
C26 H36 O10,0.6196657301317331,0.7723775146004265,1.8492174467358817e-06,0.5500409103617758,0.1177835759871056,0.6252684191098086,0.6186189017696389,lignin
C18 H16 O7,0.682386592185611,0.7286584465950563,1.8492174467358817e-06,0.5527426878115247,0.1699743669129832,0.6167229276516617,0.6994930401682803,lignin
C29 H32 O15,0.6624004331444059,0.723600075594759,1.8492174467358817e-06,0.5667736717212246,0.1384593993057283,0.6247157021008132,0.6632904311952894,lignin
C29 H30 O14,0.7264949928031336,0.7695388481981565,1.8492174467358817e-06,0.5584846547962352,0.1353598099084657,0.6298495667923213,0.6541879873236424,lignin
C29 H30 O16,0.7198207859619151,0.772906093519988,1.8492174467358817e-06,0.556820228332894,0.1354112741146393,0.631834857263977,0.6528791636435712,lignin
C23 H32 O8,0.7145047468348732,0.7702405165324906,7.782890024469665e-05,0.5480716786434,0.1805196025253445,0.6243032174117604,0.609357570936127,lignin
C24 H34 O9,0.7153097353418538,0.7449167675158068,1.8492174467358817e-06,0.5553435691648223,0.1982330340793993,0.6285695960321634,0.6164484690627761,lignin
C23 H34 O11,0.6879254964973569,0.7205303756817841,0.099261856612276,0.5443604109877173,0.1813456863528324,0.6187304120449687,0.609357570936127,lignin
C25 H36 O11,0.672396956249462,0.7926590872487529,0.1018944546681623,0.5346101963047154,0.1731190569226481,0.608853337264135,0.6033125661735057,lignin
C19 H26 O6,0.6269129674317035,0.5622296808875015,0.4199098258497953,0.5456288892628861,0.182478768298049,0.5829305768933104,0.6908484852091268,lignin
C18 H22 O6,0.6521758232102454,0.5374753192818735,0.2894928626101551,0.5636861150791617,0.1714135775665327,0.6055450395753487,0.7082247682443488,lignin
C23 H34 O10,0.646932932118983,0.6497978196775772,0.2801634352586388,0.5439523658527992,0.1269958862445426,0.6021394420707978,0.6207359018341138,lignin
C23 H28 O8,0.6898183425924492,0.604512973435455,0.1224204138641917,0.5656205302726849,0.0757942598210658,0.617607046169906,0.7591367517996096,lignin
C26 H32 O10,0.6839139231726855,0.5821586859982698,0.1048140499430484,0.5708793376437779,2.5105070760420363e-06,0.6315183210043587,0.697592408565001,lignin
C20 H26 O6,0.6921259493039548,0.5904957518558454,0.1654657457018074,0.5684300461543882,0.0379235955777974,0.6251037059067329,0.6663321043007633,lignin
C19 H28 O6,0.6934047570260826,0.6458463790090628,0.1710119995899868,0.5572920470589374,0.078806111320145,0.6164288971720786,0.6377743506998419,lignin
C16 H22 O5,0.6951820967459073,0.5978114168292238,0.1281138605514676,0.5643700084028417,0.1331487206882244,0.6290105637869421,0.6359243298083535,lignin
C19 H22 O6,0.695113180042659,0.5964654794829366,0.1264416799425981,0.5644909022643821,0.1339103233188641,0.6300275339767111,0.633735861284198,lignin
C22 H32 O8,0.6667686087702739,0.4332024424080258,0.1555632459628554,0.5892535034647923,0.1450769330714157,0.6496815250207619,0.6545961857191049,lignin
C19 H24 O6,0.6746691818187384,0.5645630945831878,0.1904980653702715,0.5597476894453686,0.286533572968323,0.6181429228261729,0.6679907860285235,lignin
C20 H22 O7,0.6696930897478234,0.620198390679499,0.135651288619549,0.5552314077867139,0.2295202164249789,0.6129298461051642,0.6821897592506719,lignin
C14 H16 O5,0.6640753656141392,0.5650144147081727,0.1389428534614975,0.5712867023254414,0.19643664106578,0.6102761911404984,0.703106276912246,lignin
C26 H30 O16,0.528287898424972,0.53905481590715,0.0711194843414259,0.5774017089054244,0.2852183014541838,0.6249850957680714,0.6905048231394874,lignin
C22 H32 O12,0.7243633915192572,0.6050143136774414,0.0649539896768655,0.562229264661386,0.1840254476130123,0.6301401148532847,0.6203327338366716,lignin
C25 H36 O9,0.7500009002835173,0.6174427279565307,1.8492174467358817e-06,0.5652958784643954,0.2069955578009931,0.6448753715142939,0.6341186009579718,lignin
C25 H20 O12,0.7429293082977692,0.5832512045933721,1.8492174467358817e-06,0.5675866999514156,0.2923704495474483,0.6442396481987943,0.6711927570611605,lignin
C27 H22 O14,0.7452450625751061,0.5851738095063579,1.8492174467358817e-06,0.5716702511431992,0.2933374742980847,0.6470520390808452,0.675557056768103,lignin
C13 H12 O5,0.7225211413578364,0.4510092078616172,1.8492174467358817e-06,0.5986617147815163,0.294557714535221,0.6385848240770473,0.6933284100868805,lignin
C12 H10 O5,0.7122964413953242,0.4515408573230144,1.8492174467358817e-06,0.5900259691204265,0.3534034962815843,0.6440027917562523,0.6742194616652077,lignin
C14 H14 O5,0.7182808059914229,0.4346493114359458,1.8492174467358817e-06,0.6062967783260215,0.1386004006045293,0.6420359529056417,0.7385861649208629,lignin
C16 H14 O6,0.7713709301333176,0.4708523368507215,1.8492174467358817e-06,0.5895487823742647,0.1969339190898636,0.653448878250591,0.7216323739730397,lignin
C29 H28 O14,0.79371191575651,0.5321380737480758,1.8492174467358817e-06,0.5819838055149678,0.146445480061303,0.6680720737989996,0.6765521553813879,lignin
C18 H18 O6,0.7843993830537113,0.4806393918029211,1.8492174467358817e-06,0.5930787092376368,0.1154791701583919,0.6635054795077336,0.6654759550962134,lignin
C17 H16 O6,0.7554576987384867,0.5431170437060925,1.8492174467358817e-06,0.5832691817126222,0.1384598219352956,0.4666789712124565,0.7478870641290476,lignin
C30 H28 O16,0.8257820852943009,0.564342659394303,1.8492174467358817e-06,0.5868650369357588,0.1552316710386689,0.4937718242395255,0.6928864098705734,lignin
C28 H24 O14,0.8004886198761714,0.5461077514540996,1.8492174467358817e-06,0.5796621368137459,0.1522200006665472,0.499524623870202,0.5912272803146968,lignin
C28 H30 O12,0.8298803559216869,0.5136388515856575,1.8492174467358817e-06,0.6079055210313736,2.5105070760420363e-06,0.4984361341577344,0.6290107225387658,lignin
C26 H38 O12,0.8030132849436945,0.5229231300746895,1.8492174467358817e-06,0.5909400068559446,2.5105070760420363e-06,0.5058701623358026,0.619623202330522,lignin
C28 H40 O10,0.6864071233312795,0.5196084306381438,1.8492174467358817e-06,0.5907964312192558,2.5105070760420363e-06,0.4975666729835314,0.6255356990477272,lignin
C30 H40 O14,0.6541877768146744,0.5128371925421887,1.8492174467358817e-06,0.6064190708970294,2.5105070760420363e-06,0.466886409014121,0.554027486953632,lignin
C29 H38 O11,0.6821488723228719,0.4966052683762519,1.8492174467358817e-06,0.5988246455329983,2.5105070760420363e-06,0.5253833493195406,0.540546572375741,lignin
C28 H32 O11,0.7007144289879769,0.4102350371010598,1.8492174467358817e-06,0.6237840867387372,2.5105070760420363e-06,0.5472586556554322,0.5431150199893907,lignin
C29 H36 O15,0.5687289041064812,0.4606889919490393,1.8492174467358817e-06,0.5304697138573096,2.5105070760420363e-06,0.2665586926314413,0.7068572361386002,lignin
C30 H28 O17,0.6328506973416068,0.5367581496637559,1.8492174467358817e-06,0.5199993906163077,0.1827473192002786,0.3146807282225912,0.7688026615958619,lignin
C27 H24 O14,0.5735483918595644,0.5439718429332668,1.8492174467358817e-06,0.3262929103272995,0.0935349992827372,0.3389762375346306,0.7548254553108336,lignin
C30 H30 O17,0.664200775108097,0.4842614920971186,1.8492174467358817e-06,0.2828245735561651,0.1038777832572036,0.3399693245698355,0.6576131976050152,lignin
C29 H26 O15,0.8985393980272267,0.3031353797933386,1.8492174467358817e-06,0.349673737785675,0.2272575301721285,0.3782310997446815,0.7619460450550666,lignin
C27 H34 O16,0.7268845904952388,0.3272726367772861,1.8492174467358817e-06,0.2779570646093389,2.5105070760420363e-06,0.4633646442615822,0.7796054413447309,lignin
C29 H34 O15,0.6445780605228199,0.5973462297411097,1.8492174467358817e-06,0.2534799891550872,2.5105070760420363e-06,0.6595086504837807,0.7210253521631356,lignin
C25 H22 O12,0.8001390397864095,0.5228327471900085,1.8492174467358817e-06,0.3087099037249372,0.1951238208031314,0.6697191538533586,0.7015342775308623,lignin
C28 H34 O17,0.5120622686496431,0.381975503415334,1.8492174467358817e-06,0.2704321210831787,2.5105070760420363e-06,0.732817200777858,0.4200889681101598,lignin
C31 H38 O15,0.3739504044613729,0.3850809107583663,1.8492174467358817e-06,0.3323628557806545,2.5105070760420363e-06,0.6687027034275628,0.4374787473351926,lignin
C31 H36 O18,0.3802412255667555,0.3092796578188178,1.8492174467358817e-06,0.2797345030173565,2.5105070760420363e-06,0.6991890954350066,0.2511396305368962,lignin
C26 H34 O16,0.4318965678671527,0.3970405473963885,1.8492174467358817e-06,0.2718131576675212,2.5105070760420363e-06,0.6191369714247281,0.2373559718830196,lignin
C25 H34 O15,0.5600355864068712,0.3182969972676139,1.8492174467358817e-06,0.3838765316057683,2.5105070760420363e-06,0.6594198228207778,0.1271159571770805,lignin
C31 H28 O17,0.7403085829789517,0.1402377867217488,1.8492174467358817e-06,0.3140249051939602,0.0793372359350087,0.4674973395881037,0.3031593905537836,lignin
C28 H38 O15,0.7235394520442378,0.1700637796111664,1.8492174467358817e-06,0.305039179742332,2.5105070760420363e-06,0.4352696862943749,0.3303494280100046,lignin
C30 H40 O15,0.635656881064985,0.2747097644617072,1.8492174467358817e-06,0.6812909680112876,2.5105070760420363e-06,0.5306046383113243,0.3839260502044764,lignin
C32 H38 O16,0.7154662496313339,0.3539302143099532,1.8492174467358817e-06,0.6357069508602365,2.5105070760420363e-06,0.5087611415305864,0.3570706262360899,lignin
C29 H36 O16,0.6253412974814029,0.2982376922283001,1.8492174467358817e-06,0.5407137485882485,2.5105070760420363e-06,0.4826759029417705,0.3770337914533169,lignin
C28 H36 O16,0.6000989681670552,0.350825624127248,1.8492174467358817e-06,0.5391653772077495,2.5105070760420363e-06,0.3530594243031862,0.403170972738494,lignin
C30 H40 O12,0.6807027919232325,0.3904250154864263,1.8492174467358817e-06,0.6242650159777985,2.5105070760420363e-06,0.3831023536887805,0.4588695947223027,lignin
C30 H30 O15,0.6182913573142454,0.3027569850369525,1.8492174467358817e-06,0.6716431237401219,2.5105070760420363e-06,0.3943372078965453,0.548396140408715,lignin
C31 H34 O18,0.5278730477802069,0.3067753585649991,1.8492174467358817e-06,0.2936583155394807,2.5105070760420363e-06,0.3050381969346192,0.3849578032423614,lignin
C29 H28 O15,0.5206589859278484,0.3397508235490352,1.8492174467358817e-06,0.4548583152672994,0.0792223712561661,0.3145903152794703,0.3525862717861477,lignin
C28 H40 O12,0.4983258777854322,0.3019300683106413,1.8492174467358817e-06,0.4596638651650122,2.5105070760420363e-06,0.3215162221974352,0.502240459528086,lignin
C30 H38 O16,0.4132644352359445,0.3585611114093608,1.8492174467358817e-06,0.5358803001071033,2.5105070760420363e-06,0.4882957469481279,0.4768226558329888,lignin
C31 H32 O16,0.3705744312999049,0.3472391322133714,1.8492174467358817e-06,0.5370764991254664,2.5105070760420363e-06,0.3443106531551596,0.3280651365381917,lignin
C29 H28 O17,0.2985370302815763,0.4239864091875366,1.8492174467358817e-06,0.6236224034848884,0.1574930048769037,0.3072230767719455,0.5838182401864143,lignin
C31 H36 O16,0.3366841810823064,0.2970209405010213,1.8492174467358817e-06,0.5576154513695937,2.5105070760420363e-06,0.3305727196057361,0.6148186814504748,lignin
C31 H32 O17,0.4844133914652402,0.2183116863435572,1.8492174467358817e-06,0.5588497179672473,2.5105070760420363e-06,0.3786460533126065,0.6419875544272196,lignin
C26 H26 O13,0.426751267509164,0.1701240513759098,1.8492174467358817e-06,0.5642707756365678,0.3491536299532789,0.490272565267022,0.5526071970149864,lignin
C26 H32 O14,0.675357448567703,0.6052264782133171,0.1779437841338328,0.4939100567815559,0.4099620792601905,0.2899635863755725,0.4514656770115166,lignin
C27 H36 O13,0.6379896056866229,0.4686988470016357,0.1206741339191028,0.5118565199291906,0.2072440156860775,0.2998371267613891,0.4453374866426062,lignin
C29 H28 O16,0.7734115127535963,0.6268227875408902,1.8492174467358817e-06,0.5228401317417986,0.149523068570802,0.3126882390199081,0.6163547318899076,lignin
C29 H26 O16,0.738535924733417,0.577034892646924,1.8492174467358817e-06,0.5805060500610971,0.2563068648082879,0.3366285156445318,0.555302386120224,lignin
C29 H32 O16,0.6348565290181184,0.5989442486671372,1.8492174467358817e-06,0.5144270077037894,0.197762913023801,0.2856314836007709,0.5058911788719357,lignin
C26 H32 O15,0.6205830290074951,0.7155783345737662,1.8492174467358817e-06,0.5581357334885372,0.3307914378630689,0.4370696289332229,0.4448914989156731,lignin
C28 H40 O13,0.8254345758566287,0.3061146225343301,1.8492174467358817e-06,0.542723013639761,2.5105070760420363e-06,0.294964001666987,0.4949969931102564,lignin
C30 H32 O15,0.8248520924209451,0.4669513620230235,1.8492174467358817e-06,0.4469436988440913,0.1054492045145531,0.3201353912382971,0.5390012586423925,lignin
C29 H34 O16,0.7296332461018624,0.5560545241066258,1.8492174467358817e-06,0.4542149467152178,2.5105070760420363e-06,0.2754206683728092,0.4738319001708924,lignin
C30 H32 O17,0.6829288779622479,0.4800224605182797,1.8492174467358817e-06,0.457885803008178,2.5105070760420363e-06,0.1755743209985373,0.5339963806899706,lignin
C30 H36 O15,0.7168041609663716,0.5025581080232466,1.8492174467358817e-06,0.5239008827595676,2.5105070760420363e-06,0.2913825160339389,0.5993719241339909,lignin
C26 H24 O12,0.7233322067785587,0.7096659072193193,1.8492174467358817e-06,0.5780258357515886,2.5105070760420363e-06,0.275777174481959,0.5620515852593879,lignin
C27 H36 O14,0.5954618328403981,0.6478001350642209,1.8492174467358817e-06,0.5940255599412028,2.5105070760420363e-06,0.268697885215532,0.4515115027105563,lignin
C28 H34 O11,0.6024092757291126,0.545288065358563,1.8492174467358817e-06,0.6141989953788152,2.5105070760420363e-06,0.3102805103791148,0.4031219263577949,lignin
C29 H34 O13,0.7711525213520242,0.6058346435962662,1.8492174467358817e-06,0.6131929074391534,2.5105070760420363e-06,0.3046640708267812,0.2750705682024738,lignin
C29 H36 O12,0.7273222183129912,0.5875711102821749,1.8492174467358817e-06,0.6051746353035177,2.5105070760420363e-06,0.3039356735948779,0.3357739454460696,lignin
C30 H34 O14,0.8064779360316151,0.4287181141564062,1.8492174467358817e-06,0.5425603853119477,2.5105070760420363e-06,0.314278976659583,0.3464795219551415,lignin
C27 H28 O11,0.8395861324648358,0.4012858191086356,1.8492174467358817e-06,0.6226181300872387,2.5105070760420363e-06,0.3401230707530787,0.2602707384753121,lignin
C31 H40 O14,0.6341844673724649,0.3401324869467305,1.8492174467358817e-06,0.6637362569234229,2.5105070760420363e-06,0.1211773049011351,0.468994896415823,lignin
C31 H34 O16,0.7208467490582134,0.3507037434263166,1.8492174467358817e-06,0.5690494854336884,2.5105070760420363e-06,3.704558711867581e-06,0.4903297039420591,lignin
C30 H30 O16,0.6513079949137582,0.4222536330948149,1.8492174467358817e-06,0.4649729126680587,0.083047494869277,3.704558711867581e-06,0.457584358701242,lignin
C29 H32 O17,0.6275369089233581,0.2935575178849157,1.8492174467358817e-06,0.4678479410769821,0.1141852716252304,3.704558711867581e-06,0.4408080733225907,lignin
C29 H30 O13,0.5509805798041919,0.2293476594250083,1.8492174467358817e-06,0.4817605639233664,2.5105070760420363e-06,3.704558711867581e-06,0.5005680668984044,lignin
C28 H28 O18,0.3708354459986539,0.3869864791166507,1.8492174467358817e-06,0.2469805831907783,0.2419474818764366,3.704558711867581e-06,0.5782367681974802,lignin
C27 H28 O17,0.3905937207745463,0.5501395214590263,1.8492174467358817e-06,0.4651699038852217,0.3983424951373449,3.704558711867581e-06,0.4877566860277689,lignin
C28 H24 O16,0.5686229857506726,0.5347264414658648,1.8492174467358817e-06,0.2731941753503842,0.4193728080619367,0.0233501934587496,0.4440207492876005,lignin
C27 H22 O15,0.6926518499205769,0.4456357596490786,1.8492174467358817e-06,0.4573558055288793,0.4811650182503522,0.0001904008624255,0.4659241144827797,lignin
C27 H28 O14,0.6824106297555226,0.6059954013188275,0.034697041127766,0.4558681835028191,0.5418217314674519,3.704558711867581e-06,0.4500578710484459,lignin
C28 H24 O17,0.8010265392777494,0.6061359528951148,0.0649050491488874,0.2530883316027139,0.5534184935936602,3.704558711867581e-06,0.4464245433855572,lignin
C28 H28 O17,0.5734199664158237,0.5968494457870086,1.8492174467358817e-06,0.4617177377076498,0.3066172922630775,3.704558711867581e-06,0.5068237655878692,lignin
C25 H30 O16,0.66425483713331,0.5669084437721389,1.8492174467358817e-06,0.4616653050040986,0.2118475384363478,3.704558711867581e-06,0.3551240462411363,lignin
C28 H32 O13,0.7958288424190546,0.6480302771272961,1.8492174467358817e-06,0.4575015359342071,0.1994262622496161,3.704558711867581e-06,0.4635707163845032,lignin
C28 H32 O16,0.768239203890089,0.6380830587509551,1.8492174467358817e-06,0.5162227616452392,0.1517571005389855,3.704558711867581e-06,0.4817350542120474,lignin
C15 H22 O3 N2,0.4745339502316069,0.6709420164822724,1.8492174467358817e-06,0.2743582796569124,2.5105070760420363e-06,3.704558711867581e-06,4.282405132853128e-06,lignin
C14 H18 O5 N2,0.6485194567473188,0.6709039813834039,0.3184080569496747,0.2197040474418057,0.0588139154769845,0.2318407981661895,0.3653299876687768,lignin
C28 H30 O17,0.7878504398605208,0.7013882216788574,1.8492174467358817e-06,0.2536977909009488,0.2311264985840702,0.2663942912867495,0.4786891788838369,lignin
C28 H30 O14,0.7432769527779688,0.9184287779897222,1.8492174467358817e-06,0.2796635846670595,0.1530872848392872,0.4479491724889761,0.6214142694110637,lignin
C29 H24 O17,0.8090372620145536,0.7873553205259383,1.8492174467358817e-06,3.086014032624942e-06,0.2830851572012938,0.2925841843515492,0.7062675753364983,lignin
C28 H26 O18,0.7682121953845705,0.7248662283781854,0.1293831050639496,3.086014032624942e-06,0.2602715890050623,0.3040866910172623,0.710451271485244,lignin
C29 H24 O18,0.6266411718378352,0.7352647668795114,0.0594104241049403,3.086014032624942e-06,0.3173928247642572,0.2926965313343349,0.7263819898990834,lignin
C29 H26 O18,0.6684944522729098,0.5675006621474894,1.8492174467358817e-06,3.086014032624942e-06,0.2410206673103516,0.3589332509749992,0.6073601961904305,lignin
C29 H30 O15,0.795221511158294,0.6660520300342574,1.8492174467358817e-06,3.086014032624942e-06,0.1067591025956217,0.2873442358331312,0.5261977301003742,lignin
C27 H32 O17,0.7447627356807206,0.6569692682344127,1.8492174467358817e-06,3.086014032624942e-06,2.5105070760420363e-06,0.4928168099153502,0.6516964679919148,lignin
C29 H28 O18,0.6618292482668642,0.6649574313946857,1.8492174467358817e-06,3.086014032624942e-06,0.235348278158842,0.0007576452237108,0.4702053512760678,lignin
C27 H22 O17,0.4778257468842087,0.6417037228239714,0.1768476695830607,3.086014032624942e-06,0.5801693029896574,3.704558711867581e-06,0.6639664676121811,lignin
C27 H26 O17,0.4833095538446967,0.6483051896713312,0.131884975509379,3.086014032624942e-06,0.4151527431556953,0.2819898352878364,0.6766401873467454,lignin
C30 H24 O19,0.3476753149101715,0.4289587059666967,1.8492174467358817e-06,3.086014032624942e-06,0.3084607541353699,0.346728621146223,0.7313520844895837,lignin
C30 H24 O18,0.4908819285369348,0.3629360887517336,1.8492174467358817e-06,3.086014032624942e-06,0.1863234415474328,0.387676744439643,0.6370559239776805,lignin
C30 H26 O17,0.571003290356199,0.3088197203667455,1.8492174467358817e-06,3.086014032624942e-06,0.1893280117428229,0.3707597005369473,0.5450834392733112,lignin
C30 H24 O17,0.549455409497559,0.4598286459366133,1.8492174467358817e-06,3.086014032624942e-06,0.1963268056787889,0.328094614922985,0.5263966148611331,lignin
C29 H30 O17,0.2071984059219929,0.4338471571437938,1.8492174467358817e-06,3.086014032624942e-06,0.1430880021020387,0.4846947181896912,0.5649516097181646,lignin
C28 H30 O18,0.3552620491245103,0.3745169839592913,1.8492174467358817e-06,3.086014032624942e-06,0.0760641027622585,0.5373771628808272,0.6577952121285104,lignin
C29 H34 O17,0.4148524903462598,0.4461607727781213,1.8492174467358817e-06,3.086014032624942e-06,2.5105070760420363e-06,0.3938462908239517,0.5785907364484298,lignin
C30 H30 O18,0.4633881702025602,0.6318094465318627,1.8492174467358817e-06,3.086014032624942e-06,2.5105070760420363e-06,0.6632710659558652,0.6157505320106004,lignin
C30 H26 O18,0.4789686568094024,0.6474191897771163,1.8492174467358817e-06,3.086014032624942e-06,0.2290372353554025,0.4837978654541058,0.6854260228746921,lignin
C13 H16 O5,0.6675795391484687,0.5713997550301914,0.1949817697431382,3.086014032624942e-06,0.2126052528749678,0.6209015701134052,0.6149794701481766,lignin
C14 H14 O7,0.6491539315561257,0.5946323164821337,0.4328520149558996,3.086014032624942e-06,0.1238059024203874,0.5979208817359202,0.618744170949611,lignin
C16 H20 O8,0.6590674035067123,0.5060495617148204,0.4813084783627064,3.086014032624942e-06,0.122048343026443,0.6003538449176076,0.6262925285645323,lignin
C19 H20 O7,0.6424641047958823,0.7534758533580536,0.1451734484882681,0.2593456852232317,0.3353718971140921,0.6063188641785011,0.6374619139057194,lignin
C28 H26 O17,0.7264622224831043,0.7374562423025973,0.1035338366212618,0.2689575221763496,0.5792912961010369,0.4601900298666774,0.6160651772721464,lignin
C27 H24 O17,0.717306744239896,0.745945002831832,0.1990544551088307,0.2607677758205926,0.4600566758324957,0.2972251308791672,0.6647404127515192,lignin
C26 H22 O14,0.4807837634227771,0.6703821378459337,0.0352534926556876,0.5729207352100839,0.4441881672415234,0.2824325702401237,0.6969488856962902,lignin
C27 H28 O15,0.6934363119633635,0.776835247997759,0.1121938432887651,0.5485737775392663,0.354054997872362,0.2845301037417704,0.6972176439124792,lignin
C28 H26 O16,0.6730204025851821,0.7540563838644809,1.8492174467358817e-06,0.5644273554910083,0.2735614293283667,0.284488704541313,0.6740924747883507,lignin
C28 H28 O15,0.7255126034290719,0.8794535980708281,0.0758698888462058,0.5362556456828492,0.3979785265539364,0.4212243123548624,0.6345058189129101,lignin
C25 H34 O13,0.7069298963629627,0.8823177202554137,0.1115739379174973,0.5326128013821971,0.4147358613504536,0.4314679246895267,0.6104618046479283,lignin
C27 H34 O12,0.6952208989655022,0.8690402021090066,0.1456190623536095,0.5343106834638821,0.3482787142980654,0.43278373317563,0.6491999796084841,lignin
C27 H30 O15,0.6393190093424221,0.7354790609847247,0.073554769563997,0.5492837549043669,0.4490198616576449,0.4507323006593414,0.6474497691752791,lignin
C27 H32 O14,0.623488423974478,0.7784391603831164,0.1609949620115167,0.5372268792946996,0.413379872496282,0.4385211737809014,0.6411074188125966,lignin
C26 H34 O13,0.6084409052098687,0.7792231390485956,0.1561448802483836,0.5353095132354962,0.5188898511426213,0.4359415591942037,0.6276003707035264,lignin
C27 H24 O15,0.7488865743599975,0.7469741791203551,1.8492174467358817e-06,0.5524616228144786,0.4539133324413837,0.4560670021500556,0.6392076460577599,lignin
C24 H30 O15,0.692363309053287,0.6439205549796364,1.8492174467358817e-06,0.5700921666372559,0.3758454644119339,0.4357416579701491,0.66817666537001,lignin
C24 H20 O12,0.7211918277303888,0.6520008839198498,1.8492174467358817e-06,0.5713802268449696,0.3530076010531446,0.4765375943722452,0.6715964771754585,lignin
C29 H24 O16,0.810770217756976,0.6313051843226454,1.8492174467358817e-06,0.5668680279058416,0.2926727383642835,0.4862149758346136,0.690066196970633,lignin
C27 H26 O16,0.7371766316648439,0.9678401353098642,0.0607623358390755,0.5324724011940292,0.640600549370137,0.2691113834443324,0.6222951411814945,lignin
C26 H24 O14,0.708059302035397,0.9353996627158369,0.1059630446923895,0.5315678141981561,0.6179385240616295,0.2747708594536386,0.6340564571385243,lignin
C27 H26 O15,0.751605430582199,0.9013766724795657,0.0708262782494738,0.5392063934178093,0.4773587922164675,0.2724888357297398,0.6509396384751097,lignin
C27 H26 O14,0.7494662219026016,1.0,0.0585741242435592,0.5377641727450044,0.3896223671989223,0.2691513273056652,0.6561980607570246,lignin
C27 H30 O13,0.7290355478747367,0.995267007384554,1.8492174467358817e-06,0.5335860007478938,0.419636384010402,0.4262231943425563,0.6289283344346019,lignin
C27 H28 O16,0.7276513169527348,0.9714385131921373,1.8492174467358817e-06,0.5310285171910466,0.5751554190046132,0.4312786526387221,0.6028609345853789,lignin
C27 H30 O14,0.7162581390131381,0.9058018185135448,0.0788609490271288,0.5286788743004751,0.563531656886616,0.4260287246520206,0.6094458482867537,lignin
C25 H20 O13,0.7719812323296853,0.7462802366654787,1.8492174467358817e-06,0.5555698954778437,0.5920933494528275,0.2658156120672978,0.5369304523548613,lignin
C25 H28 O16,0.7211602277789322,0.7785203811671585,1.8492174467358817e-06,0.5559752944056612,0.5187387188093342,0.2764532314817712,0.6402920649090661,lignin
C26 H28 O16,0.7049641723171461,0.7850429548992872,0.135775226584945,0.545725324610225,0.5480432251031336,0.2880950348922753,0.6510081009652413,lignin
C24 H32 O13,0.7031321403736465,0.8168167237160133,0.1261795062407256,0.5412066235622212,0.5319466897478761,0.304402369666325,0.5493400148470358,lignin
C25 H28 O15,0.641976061101162,0.773489991717461,0.1648776091636019,0.5469034538143865,0.551446673084196,0.3116881351710663,0.5439466306670118,lignin
C19 H16 O9,0.6226133934098527,0.8522248254694116,0.140782188665436,0.534298170684592,0.6562750830648226,0.3406220961436528,0.6034421295956903,lignin
C22 H18 O11,0.6101304222725821,0.8504896721830106,0.1514294178675676,0.4978659095792546,0.6523660735201565,0.3915821469807274,0.6086865035709385,lignin
C20 H16 O10,0.656476837685724,0.8832259072906351,0.1365507908559407,0.5392990484692901,0.7420121321251119,0.0782945941116355,0.5083100948371123,lignin
C26 H28 O14,0.6896311286350297,0.7257130045766921,0.223703046071873,0.5349044167313475,0.6121632789485556,0.4400514108941073,0.6056213348259302,lignin
C25 H20 O14,0.5985314845351098,0.7087408322040013,0.3314198908100537,0.4920173004483884,0.647712366527545,0.3564430877680721,0.4962915537715501,lignin
C25 H30 O14,0.5897440421937676,0.6484452459989354,0.3104880497457056,0.5408557365006769,0.6833800318880047,0.4468747683801795,0.60628504063304,lignin
C23 H20 O12,0.5663548564713999,0.6361864543938364,0.3286153482860397,0.4958617479271504,0.6779914324534105,0.4909025711788174,0.6030368758234593,lignin
C24 H24 O12,0.580909695081175,0.6667337398466591,0.3040818579726,0.4923430863454353,0.5837825201376952,0.5221865410029843,0.5959154272307837,lignin
C22 H22 O10,0.578048414006539,0.6686114752289485,0.3035144496100564,0.4918857461525283,0.5808934244152376,0.5206918037691413,0.596231851535532,lignin
C24 H30 O14,0.6014210345121885,0.6463968974452894,0.259867425893479,0.5451945710717547,0.4868704208086377,0.4530572568874184,0.6339673822857723,lignin
C26 H30 O13,0.5838484455524734,0.6584064303881423,0.3154470292728302,0.5435249656030879,0.5046775191499494,0.4437077945156792,0.6277169900527559,lignin
C27 H22 O16,0.6476515834366559,0.6757199281532831,0.3309184868982602,0.5337625783674232,0.510085583694903,0.4390690050085496,0.6265791999053795,lignin
C26 H32 O12,0.6434350155550986,0.6262496857647105,0.3425848214670615,0.536638476244394,0.4571998931592453,0.4282062498291276,0.6304200314866109,lignin
C25 H30 O11,0.61968198024922,0.574716782135548,0.3462230413969569,0.4759193641723821,0.4998890054004813,0.4380261505729202,0.6278861218496136,lignin
C25 H28 O13,0.5851339153726292,0.6301710648381557,0.4062779908206873,0.5479550187132206,0.4795896484253305,0.3027551076945755,0.66249452407435,lignin
C26 H26 O16,0.5441126319500537,0.6939394338594393,0.2791321995384478,0.5543416395506044,0.4638092882869785,0.2850513490421945,0.6785615540052796,lignin
C21 H20 O10,0.5346228334227014,0.6750541158236114,0.370800239302058,0.4879879208962507,0.6587273005659372,0.2736552640499738,0.6279287575401525,lignin
C22 H20 O11,0.5367493481047051,0.674575953219998,0.372501674060634,0.4891182671607664,0.658448751455657,0.2738588036218401,0.6296979239854101,lignin
C25 H22 O14,0.6042090325085175,0.6859643947892707,0.3796079536800115,0.4911772431028124,0.6215990757212113,0.259132954688744,0.6500249648838343,lignin
C25 H28 O14,0.6022627996008503,0.6828758259014666,0.3541060947302774,0.5457886445658474,0.6652075400978859,0.3042102908900657,0.6353806173979261,lignin
C25 H26 O15,0.5542291628479641,0.7016649666430201,0.3258693140614387,0.5427797180776318,0.6399979520578679,0.2874667961779883,0.6500048432917526,lignin
C25 H26 O16,0.5580207518951869,0.7193236527403397,0.2934127989240029,0.5419620778864941,0.598401494224948,0.2858442749713584,0.6509573062144985,lignin
C27 H24 O16,0.6734168874461945,0.731896283435972,0.3462986016444592,0.5321607536034915,0.5912737378952855,0.2968581255377608,0.6316675088493596,lignin
C26 H28 O15,0.6691389202287584,0.7492930325047559,0.3150574688969593,0.5328138753188869,0.6279591435544644,0.2853893255657033,0.6338484317764844,lignin
C26 H22 O15,0.6771931716736235,0.7471069552923165,0.3148765793408943,0.5339314063804438,0.6413468407353078,0.2898715361759363,0.6306882989322612,lignin
C26 H26 O15,0.6819479290418139,0.7990042629025653,0.2498472030494248,0.5320769066413599,0.6559305554415127,0.2863592831041053,0.630574624206263,lignin
C26 H26 O14,0.669428901549676,0.8038076303558916,0.2569474953274788,0.5346380948881478,0.5678899578867749,0.2822835798972343,0.6390090680285876,lignin
C25 H26 O13,0.6558930038247645,0.7553644842113729,0.255390139950511,0.5337407282573637,0.5134420352680752,0.2843054357643976,0.6427953013874022,lignin
C27 H34 O14,0.7357108800703518,0.5892454965551492,0.1572542747222113,0.5591239406287902,0.3965698418302806,0.5960224438241697,0.4455415551671788,lignin
C15 H12 O6,0.7390708731993879,0.555729690495326,0.0709390617979842,0.5647882603365764,0.4331407269518361,0.6361709882095701,0.6377618360511081,lignin
C10 H10 O5,0.6365439304145661,0.6516068145426408,0.1008356532285181,0.5529983492204047,0.3813487292857174,0.6017449931916117,0.6400470477176808,lignin
C16 H16 O6,0.6817317259551378,0.6362960034025565,0.0927798351613085,0.5546421730713195,0.3582463722685451,0.6247153902424294,0.6456921358376781,lignin
C17 H14 O7,0.6826082870017426,0.6768076923610268,0.0892555303874336,0.5524679737115202,0.3140191299047369,0.6202960970611402,0.6511982745489404,lignin
C13 H14 O5,0.6280436335010622,0.7235837819130823,1.8492174467358817e-06,0.5522892413233516,0.426459991953133,0.6044103428456724,0.6276046035994216,lignin
C15 H14 O6,0.6810982414582,0.6852558424982403,1.8492174467358817e-06,0.5506414481617857,0.4588752933652954,0.6278263855270266,0.625731884570524,lignin
C20 H16 O9,0.704133795814978,0.7239859238438271,1.8492174467358817e-06,0.5478197597274195,0.4270593048299073,0.6246415317818518,0.6269954960147285,lignin
C14 H12 O6,0.6380000489754234,0.6483871038035297,0.0302385344808591,0.5532541240381604,0.5622678737289114,0.609935849690912,0.6143701171782142,lignin
C18 H18 O7,0.6295471970032803,0.7279834226398776,0.0554584555150119,0.5369031347574161,0.5173656798709023,0.6161138162515849,0.6018163908403323,lignin
C26 H30 O15,0.6146675361004688,0.7465202341773494,0.1167275778857308,0.5429166025906519,0.4925730219366481,0.6137291391429986,0.6133613383361665,lignin
C22 H30 O13,0.5217373455248527,0.9090821476914775,1.8492174467358817e-06,0.5362549652295947,0.4241819944348138,0.6009806282927698,0.6231039923753889,lignin
C22 H20 O10,0.6233927238365906,0.8322280703387838,0.0129834314099757,0.5351700959242514,0.4458780576041685,0.6133269977570106,0.6096120354603799,lignin
C20 H20 O8,0.6244725238872225,0.8314635054216855,0.0131723005951896,0.5348514169834176,0.4454876927854959,0.6116160387103575,0.6097350348266111,lignin
C21 H20 O9,0.6245187084316594,0.8299181314306804,0.0139916143692359,0.532260099778641,0.4439649222289145,0.6128739714780559,0.6123458727455305,lignin
C23 H20 O11,0.6381777649417355,0.7853005337394109,0.011619069747976,0.5369139842065288,0.4526713328190938,0.6149237646587734,0.6127183062379942,lignin
C28 H26 O15,0.7361934320356166,0.8366076534939101,1.8492174467358817e-06,0.5416705792728798,0.4168848964750762,0.6264647598466946,0.6131920838466742,lignin
C23 H30 O14,0.7231510697348809,0.8709150155240653,1.8492174467358817e-06,0.5371119204976563,0.3800154175266172,0.6127394565618175,0.6314751267982369,lignin
C27 H30 O16,0.7218913480233196,0.8897174289303282,1.8492174467358817e-06,0.5352316391408204,0.4307838546811175,0.6183932931320156,0.6135155629779147,lignin
C28 H32 O15,0.7166242393054421,0.891314407834121,1.8492174467358817e-06,0.5328094523727329,0.4333986517392293,0.6177028386701485,0.6169219399398695,lignin
C21 H30 O12,0.705293541041945,0.8841956042123079,0.0003892603071631,0.533168202449662,0.4788434536612037,0.6158487366253035,0.6091985612816276,lignin
C24 H34 O12,0.6926295679035241,0.9312782031743856,0.0269028728700631,0.5317192906531882,0.4684903333750327,0.6068643564682703,0.6040806220663808,lignin
C18 H26 O11,0.7094442981983886,0.8723581701868612,0.00018897891026,0.5318830908727176,0.5697348929249878,0.6112288665267948,0.5950704430559864,lignin
C23 H22 O11,0.6061782676600515,0.8142250873569152,0.1346843569451722,0.4930016138839077,0.5902720816703866,0.5427397237204996,0.5919719019143548,lignin
C21 H18 O10,0.6025578675236406,0.8218074437461879,0.1529966763070845,0.4932977244584688,0.6697029179794346,0.5438636093595354,0.5833861780735133,lignin
C20 H18 O9,0.6748278567886599,0.8165486951286746,0.1459207285588517,0.5266871120187854,0.670655355972432,0.6058824183702883,0.5709188886967386,lignin
C25 H22 O13,0.6973370153728812,0.8314707360524599,0.1353015201141139,0.5290593988815465,0.6637470772146634,0.6103182920223195,0.5714176956028861,lignin
C19 H18 O8,0.6760872183868144,0.8321556649813023,0.1331998794867938,0.5309339341886782,0.5994832327152959,0.6069732989970322,0.5793958455169675,lignin
C24 H22 O12,0.6813979908552802,0.834074654578901,0.1441266097565882,0.530345946970917,0.5869413259749098,0.6091703413113292,0.5772165789404105,lignin
C25 H34 O12,0.6656963260870113,0.7935298334835258,0.1879626179147,0.5302945349472474,0.4986224691130237,0.5998272200600618,0.5990890562648178,lignin
C23 H32 O12,0.6643590899646117,0.79083181770728,0.1882598295379975,0.532453121685153,0.4989470486207544,0.5975716523223938,0.5979842704361606,lignin
C20 H28 O12,0.6780237732466708,0.7770539002913845,0.1744049540699072,0.5340743393668367,0.5117485706668032,0.6056291893625937,0.6010896823653324,lignin
C23 H24 O10,0.6617911662740831,0.7692491772433626,0.1727744932553797,0.528413951166743,0.4890060766886708,0.5961385071193631,0.5971029692415086,lignin
C21 H28 O13,0.6865847942834157,0.7197839368664902,0.1877638980561737,0.5387809211189857,0.4491667918455195,0.6035804876862197,0.6172689147106445,lignin
C19 H28 O11,0.6828481225307473,0.7455925343440104,0.1841240495694383,0.5326554809224345,0.4355113648713201,0.5979273268091866,0.6167242207591398,lignin
C25 H26 O12,0.6554925127021002,0.7562046240775251,0.1964071880667018,0.5316934712324778,0.464859438235949,0.5948228285742532,0.5967789379934123,lignin
C25 H34 O11,0.6467124526855997,0.7248097700283025,0.250604194587635,0.5310135094164902,0.4829881697531505,0.593727218095354,0.6024424300086063,lignin
C25 H28 O12,0.6457887167826892,0.7285232932294157,0.2359087442964586,0.5287940221123114,0.4884445831206098,0.5904305111431678,0.5994790348040356,lignin
C22 H28 O14,0.6861067437357372,0.6916630728120557,0.2279177032750278,0.5350104918331244,0.501431724072642,0.6071254339119588,0.6105611243356731,lignin
C22 H26 O8,0.6429427855420229,0.666188570096211,0.1963571099438722,0.5445704820285491,0.3243822483989584,0.5983172537418068,0.6459739608194568,lignin
C21 H26 O7,0.6434002195971555,0.6834593278999931,0.1656876126218903,0.5485020275238806,0.2836840353733703,0.6052631715727361,0.6595363433067518,lignin
C23 H30 O8,0.6453704450605585,0.6974921993379912,0.1442354117231185,0.5457382532220596,0.2223320844428365,0.5994511188491262,0.6774450510300138,lignin
C25 H30 O10,0.6658856557106965,0.7296431000269613,0.1956432871366043,0.5376537125000321,0.2063605991389949,0.5973297021929154,0.6726214514452794,lignin
C23 H26 O9,0.6495898488351952,0.7457568083322224,0.221147840389934,0.5328392033011358,0.2633971640831522,0.5935049150440588,0.6488643539064138,lignin
C24 H34 O11,0.6585702669484674,0.7564008416058022,0.2430996849221502,0.5329745000898954,0.3565909684785963,0.5998110034241011,0.5621691248033774,lignin
C25 H30 O15,0.6996545702172529,0.7571335620325719,0.178263496185824,0.5380740813994473,0.3326928362114809,0.6127199134364288,0.5980946938073408,lignin
C25 H32 O14,0.6022086025331097,0.7823688101095708,0.1643235166481617,0.5376754492012159,0.2612497470260161,0.6071312552684576,0.6125425490388657,lignin
C24 H34 O10,0.6562734186249933,0.823018029627361,0.1628989964257967,0.5302193448626309,0.2637310414413648,0.6028593151735424,0.5701243925410976,lignin
C27 H34 O13,0.6633712988894462,0.8647548152534217,0.1347849442794067,0.5317542961928338,0.2947348566995963,0.6001065412192061,0.6339794061639675,lignin
C26 H30 O12,0.6654053094400488,0.8217088892582344,0.125080996753424,0.5253105550850348,0.325143995931164,0.5955074616796214,0.6246677100039342,lignin
C26 H30 O11,0.6743545777436231,0.8138653882383192,0.103987054410084,0.5375147110213316,0.302124063754757,0.6275030403593607,0.5370833887239457,lignin
C26 H34 O14,0.6617839189917689,0.7565406007841966,0.1068397830570694,0.5448138952788489,0.2557717433252301,0.6182623126107942,0.5563621437519666,lignin
C27 H36 O12,0.6811327673310879,0.8409229533699593,0.1492901048886402,0.529248602689242,0.3876628874728249,0.6080034192153206,0.5627521602032084,lignin
C24 H24 O11,0.6795796882354191,0.8976896450830026,0.0763398173046617,0.5299807325880707,0.3939245671427971,0.6105050951942519,0.6078764254506976,lignin
C26 H26 O12,0.7136027527789052,0.9432545049305968,1.8492174467358817e-06,0.5409421162610334,0.1809012370246685,0.6261256138542464,0.5904608194260721,lignin
C27 H32 O12,0.7165760291230915,0.9223444121784424,1.8492174467358817e-06,0.5383184019207532,0.1667474814900324,0.6121302931853434,0.6305167132827108,lignin
C25 H28 O11,0.6856889221553651,0.8960409622166856,0.101159987508011,0.5317678296520056,0.2233415412020357,0.6025754720678321,0.6513328683691456,lignin
C26 H24 O13,0.6984317151157242,0.9078073775809636,1.166265168148082e-05,0.5328210956839757,0.3096780480406652,0.6133799097294722,0.633216994132286,lignin
C26 H28 O12,0.6973428222015677,0.9072105038679912,0.0179417074244948,0.5369391231739848,0.2906234438175573,0.6205728713768163,0.6407313045410936,lignin
C25 H24 O12,0.6814791964285393,0.9307054975971524,0.0294432419202026,0.5312842164028851,0.3044941945187601,0.6044868521025129,0.6272661559667545,lignin
C27 H32 O15,0.742442524999973,0.7868046039902384,1.8492174467358817e-06,0.5397444807302443,0.3205723998259249,0.6283969824166966,0.6090380179691952,lignin
C19 H16 O8,0.6882546851654523,0.732686006986176,1.8492174467358817e-06,0.5510624597114969,0.3241824532897727,0.6228828064260707,0.6471570245490171,lignin
C22 H18 O10,0.693950508894261,0.7327382557222518,1.8492174467358817e-06,0.5503862781913673,0.3243854120831483,0.6210782378878622,0.6462388542176544,lignin
C28 H24 O15,0.732255907030242,0.7109068023199033,1.8492174467358817e-06,0.5457507281983911,0.366802350883006,0.6356134893720222,0.6419363915985727,lignin
C23 H32 O13,0.6701467426121834,0.6908831056609104,1.8492174467358817e-06,0.5540473813210138,0.2038778557079866,0.6321401666217764,0.6159635264243434,lignin
C28 H30 O16,0.65566698764775,0.7555036986162158,1.8492174467358817e-06,0.557189525435267,0.251598022769832,0.6184779107068363,0.6724352653722062,lignin
C21 H18 O9,0.6785358094971269,0.7054035989523707,1.8492174467358817e-06,0.5523624278511634,0.2706529650965938,0.6212569847182116,0.661496358145199,lignin
C24 H32 O14,0.662013041146918,0.7048763076793855,1.8492174467358817e-06,0.5528640353085682,0.239528253631837,0.6308663810528984,0.6370577030208828,lignin
C26 H22 O13,0.6980865464151971,0.7478416071889507,1.8492174467358817e-06,0.5517742516186093,0.2717946445347234,0.6273360921712007,0.6262728977429892,lignin
C23 H22 O10,0.6359869700165977,0.7848657549204442,0.02139084861223,0.5411757385450608,0.2962872837766758,0.6144926204430863,0.6426595419871679,lignin
C22 H22 O9,0.6526910554671878,0.8212265170408138,1.8492174467358817e-06,0.5386027935781543,0.2675671896486185,0.6165980803453228,0.6529262776152748,lignin
C21 H22 O8,0.6531281881290056,0.8217977368719974,1.8492174467358817e-06,0.5426078658279249,0.2664644645814687,0.610608528224899,0.6558405344196703,lignin
C24 H22 O11,0.6945004470807947,0.8022211507241823,1.8492174467358817e-06,0.5427625555344363,0.2291194669940798,0.6127497998648822,0.6596043150263449,lignin
C28 H34 O14,0.643987384507129,0.8177414025323848,1.8492174467358817e-06,0.5489710488309889,0.1771942685634603,0.6324872130266158,0.6433571109614398,lignin
C15 H12 O7,0.6724311670231189,0.6300347724005436,0.2207524842676619,0.5422144126350189,0.7195240852967898,0.6079307042354839,0.5815353596798998,lignin
C16 H16 O7,0.64815493195117,0.6412828109681339,0.3643407601911734,0.5281331507904069,0.6643198731048686,0.589783664878644,0.58018985090207,lignin
C14 H12 O7,0.6575853117663815,0.5569378001330832,0.3958593463356034,0.538108179668087,0.657705986028591,0.5954655687033895,0.5851687180159473,lignin
C11 H10 O7,0.6266556664024635,0.5362390299940432,0.3769294806149047,0.5487354985960737,0.5970400474117924,0.6003531172480452,0.6003200928145243,lignin
C12 H10 O6,0.6767514475658675,0.5133169399415883,0.3770934379697069,0.5460868343031304,0.5878533364310068,0.6000560201610208,0.5966147139019405,lignin
C16 H14 O7,0.6676281094442261,0.5364176661940674,0.3504745087745685,0.548054742917956,0.580675782263179,0.6038327811187628,0.6005881148749054,lignin
C13 H12 O6,0.6608491996299475,0.5405343713481601,0.3323098013256452,0.5427838764030757,0.5796629686177018,0.603060567783927,0.5975118424464617,lignin
C10 H12 O6,0.6352655728341969,0.5428132581638279,0.3089426211526542,0.5494359118126534,0.5223163867731918,0.6050432594357172,0.6167969161451667,lignin
C17 H16 O7,0.6611917124940987,0.5958506282427646,0.2755923636011798,0.544173437554578,0.5292952808941006,0.6049560430410309,0.6063238115055877,lignin
C17 H24 O11,0.672557836914001,0.6718022634449617,0.2490938997134698,0.53807933601069,0.5788458686873029,0.6028296886270756,0.5976519574352258,lignin
C16 H18 O6,0.6581314237479667,0.6850046028412615,0.2790831751876911,0.5349627088934786,0.5278472312450281,0.5969442972068612,0.5976191371554583,lignin
C26 H34 O11,0.6453840843558454,0.6943167638311567,0.2778552193809759,0.5333766101603163,0.5196645915152405,0.592248593544677,0.5946237191732455,lignin
C22 H24 O9,0.6429313519413534,0.6933972356010902,0.278028948076818,0.5293327142720836,0.5209301134917365,0.589775296678677,0.5967266709310537,lignin
C25 H24 O13,0.6068647338419815,0.6576806929678055,0.266924944605118,0.5395197421414831,0.5215831365489567,0.5668376447581648,0.6156705977591295,lignin
C26 H32 O13,0.57558802918215,0.6112087851569612,0.2731337696588365,0.5397919234432629,0.4875063454810756,0.605368423777289,0.6144604803036299,lignin
C24 H32 O12,0.5695155718438851,0.647446527504428,0.2746547938486534,0.5350325309579769,0.4839685737483765,0.6027192907591891,0.6049225389253119,lignin
C25 H32 O13,0.56837050123825,0.6486775671562167,0.276566743528163,0.5384586887000454,0.4839096471115563,0.6049337971429822,0.6082679989941657,lignin
C26 H30 O14,0.5710188202468721,0.6517690580112516,0.2807424830127152,0.5404039155397227,0.4951388905659903,0.6064729741965255,0.6125487450169154,lignin
C23 H30 O13,0.5548372143355386,0.6174683818383195,0.3154283487679009,0.5346368473905146,0.5148983926069289,0.6032734631073091,0.6032810955127194,lignin
C21 H22 O9,0.5685536639198416,0.6404020111850924,0.3554234774670001,0.4944737366969499,0.4996428176399302,0.5158641840105841,0.6109919595222275,lignin
C23 H24 O11,0.5742025828773998,0.5939963676480581,0.4337872855693578,0.4936588183188298,0.5479102054655904,0.5191790827018288,0.6050846772419948,lignin
C25 H32 O11,0.6295102403648957,0.6129927204386556,0.4105119991109995,0.5352424885899331,0.4888652806670882,0.5830809965871258,0.6028644926717837,lignin
C22 H26 O9,0.6354567930532683,0.6123989667923871,0.4092223257899219,0.5341682419159507,0.4881306780282374,0.5867439812111561,0.6021717700565803,lignin
C23 H28 O9,0.6328208979571847,0.6136010343962096,0.4099418605208125,0.5300853711774215,0.4877914634623456,0.5851995545414845,0.6023918192968154,lignin
C22 H28 O8,0.6312449966743526,0.6160523172784936,0.4093955275997275,0.5300916842715044,0.4911214946499926,0.5841175099022833,0.6032103632088467,lignin
C24 H30 O10,0.6342376291141606,0.6152894857317864,0.4084543175436764,0.532098151904082,0.4902832390909648,0.5828213225061647,0.6044903541197764,lignin
C21 H24 O8,0.6373197497355867,0.6456921585691195,0.3471311055314412,0.5305230538318667,0.5004888978835195,0.5833105763340444,0.6021710339007724,lignin
C23 H32 O11,0.6413336187832273,0.646811767267192,0.3557138395718237,0.5328747380822014,0.4983678770616474,0.587678308929202,0.6017567008735777,lignin
C19 H26 O12,0.6414933740933695,0.6414680835005128,0.3693420103480417,0.5325091456697694,0.5642983310720638,0.5907554675791504,0.5925997814721484,lignin
C26 H28 O13,0.6435006012093328,0.709677050314691,0.2740696869051576,0.5297245797407292,0.4419560552190887,0.5911773599961163,0.6066433644725195,lignin
C25 H34 O10,0.6710987024033609,0.6833255612306652,0.2630040742660238,0.5391304850769797,0.4237703773864684,0.6065160106534982,0.563962093619756,lignin
C24 H32 O9,0.6567505238749787,0.6500521298763918,0.3007191994397764,0.5378961050704504,0.4106908858364032,0.5988624341731922,0.5642366183897732,lignin
C26 H34 O12,0.6456614166933451,0.6794040335826151,0.3151523083835232,0.5319324993395823,0.4042208618648542,0.5962863799697102,0.5586834270531248,lignin
C24 H30 O9,0.6474936286935482,0.649956150681591,0.2978057591517709,0.5378819667639413,0.3757400968232263,0.5899612162518552,0.6258399154353285,lignin
C26 H32 O11,0.6466032032807771,0.6898685887334094,0.2963605347031093,0.5368282470964681,0.3648796520043992,0.5912935272441043,0.6240667001331276,lignin
C23 H32 O9,0.6536199229861468,0.684113056161795,0.2735965192950456,0.5388279101965013,0.3349538077958008,0.6016602716639963,0.574668927728333,lignin
C11 H12 O5,0.6440407263055281,0.586106511351397,0.1715409692212336,0.5575211329879353,0.4701843775825685,0.6023017643595973,0.6278154508920583,lignin
C10 H8 O5,0.6171959373445886,0.584902660852315,0.2039327731736453,0.554947167341147,0.4058269266715965,0.600743304062652,0.6314905247238848,lignin
C15 H18 O5,0.68154460202607,0.5565039622866147,0.1923335567010803,0.558625168393279,0.3867945165383402,0.6190088496053588,0.6452754103041078,lignin
C15 H20 O5,0.6697788417528449,0.5245316482728004,0.3361487648354343,0.5528474020067927,0.4689719378797327,0.6030480414721753,0.6219023407116798,lignin
C14 H18 O5,0.6674857746201434,0.538091309594017,0.3189648078446625,0.5525583227825276,0.4121718764414687,0.6064732860549094,0.6339146244528752,lignin
C11 H10 O5,0.6185093159537801,0.5442621081864806,0.2922219646334932,0.556050371081402,0.3891646473023434,0.5961658467043481,0.6397260224391332,lignin
C20 H24 O7,0.6465341965491773,0.6172571087500736,0.3162541707819659,0.5399548541947448,0.4313167060396422,0.5958015441356018,0.6205262814678235,lignin
C17 H20 O6,0.6505755692582709,0.6119269452724452,0.275940874764937,0.5462066318788721,0.3632334494638883,0.6009395669388948,0.6381530415166724,lignin
C21 H28 O7,0.6550415156741161,0.5905916320009097,0.253762205794022,0.553840447925744,0.3093411518998286,0.6101865318551385,0.6605469011920019,lignin
C20 H28 O6,0.6654993890676052,0.5791321717704685,0.2999241763094794,0.5503503275777573,0.2532444668129529,0.6099002978351519,0.5955342212149429,lignin
C22 H30 O8,0.6259826594591169,0.6077744831634267,0.4668289794983853,0.5321835109845569,0.2955396641471504,0.5895303319181546,0.5758394768091596,lignin
C18 H24 O6,0.6502714534861318,0.536768599410971,0.4309911013738314,0.5497386379049661,0.2473477941876118,0.5971917568344545,0.5948513753568285,lignin
C11 H14 O5,0.6420692854593769,0.4656609420541212,0.387048877780641,0.5616777951016136,0.4347291862183154,0.5889504832297634,0.6374043097137538,lignin
C10 H10 O6,0.6254942556509896,0.478985112626484,0.3839610621639305,0.5574908528181123,0.3664839296918282,0.5923674115889278,0.6479336689263173,lignin
C10 H12 O5,0.637008926851244,0.4204634576797124,0.4324972290584355,0.5063014507717021,0.367821202093731,0.5907908115293213,0.6546255706051023,lignin
C20 H20 O9,0.6381499461810514,0.5993656557716579,0.5634904379764127,0.5385721731817041,0.5167076335593959,0.312832213640457,0.6538800901570018,lignin
C20 H24 O8,0.5714018008551253,0.5325647800135064,0.6357033784890633,0.5385046949006379,0.5065428370084395,0.3987626602809158,0.6110582748912529,lignin
C17 H22 O7,0.6430312834117721,0.5100864823060522,0.6665794750107533,0.5354479476698181,0.6087567397340863,0.4247722991998441,0.612991236003761,lignin
C25 H24 O14,0.461109957747894,0.5514548029118246,0.4976917122742413,0.4975005817875325,0.6336495729509349,0.3909168750833571,0.6303164175566535,lignin
C20 H28 O11,0.5317037991604316,0.5119105327310846,0.5488169492532109,0.5441289434723288,0.6283850092567951,0.3682375198692773,0.6184787254345574,lignin
C15 H14 O7,0.6293269426407765,0.588672939552521,0.4605838472068813,0.5308659644691505,0.6387959452677805,0.4312295349432641,0.6072697717186974,lignin
C25 H30 O12,0.554495511726553,0.4610121417148164,0.4460127659696762,0.4785031963913598,0.557028812710379,0.4419126856817811,0.6339225381278097,lignin
C16 H20 O6,0.6266903723320548,0.534649925544313,0.5675404193438065,0.5367449671787153,0.5621152923799647,0.5788923226807015,0.5995870043225229,lignin
C20 H26 O7,0.6264932552559452,0.5353015737616456,0.5684594043888649,0.5297966321797836,0.5620617271010848,0.5793747156241362,0.5983597098981731,lignin
C19 H20 O8,0.6258187628447951,0.522296541440726,0.5840375564366793,0.5337639014709736,0.5206399239556582,0.5760779566955527,0.599019612233609,lignin
C22 H30 O9,0.6258836282722154,0.5187119314718454,0.615296507511958,0.5346404008686213,0.5550063732538758,0.5757548714098732,0.6004305161857044,lignin
C21 H28 O8,0.6236388613502164,0.5162531208095771,0.6174954903345151,0.5390002916876284,0.5574048805745444,0.5742422023189582,0.6008485913382559,lignin
C18 H22 O7,0.6224544933690518,0.5162369757025053,0.6142701814116522,0.5389901604947288,0.557002102521722,0.5717435929474682,0.6032371102031993,lignin
C15 H18 O6,0.6309232803594508,0.5044924503300238,0.6301972278130685,0.5309788441034718,0.6181247708743989,0.5762962575642551,0.5937018067165261,lignin
C12 H14 O6,0.629109209072121,0.5019571237462037,0.6279000525928062,0.5336340861112081,0.6262116789696146,0.5758201017884974,0.5922651986574726,lignin
C18 H18 O8,0.6319493334841008,0.5120647531710278,0.5861310662544821,0.531972986308222,0.6249368349923757,0.5773778863922777,0.5913277655824707,lignin
C13 H14 O6,0.6320977452219253,0.517618471904245,0.58539184514532,0.5344656377911036,0.6248400890468423,0.5794651025790585,0.5904208829734953,lignin
C14 H16 O6,0.6274297751848013,0.5191961856342621,0.5839429085450377,0.5328959833449237,0.624805409272058,0.5756955663405425,0.5912744556327176,lignin
C12 H12 O7,0.6102911228804175,0.5065402045852501,0.569580857368118,0.5416894429492114,0.6433538723252982,0.5745591024133577,0.5970420523484076,lignin
C23 H30 O10,0.5470686678648841,0.4657874780926745,0.5364184586380092,0.5434427063652169,0.5739705588998301,0.5954692590275985,0.6078182691418761,lignin
C22 H28 O9,0.4948479025014557,0.4060667517966136,0.5908370207372764,0.5038720436385257,0.5648365920890507,0.5243410666242816,0.6249203341386673,lignin
C22 H30 O11,0.564768691956471,0.4106395314630497,0.6500454558953279,0.5481758257942893,0.6238824345974707,0.5846420037275393,0.6055483940546339,lignin
C16 H18 O7,0.6419125460990175,0.4440247156826835,0.6456315878716582,0.4789248505913668,0.5986330469273381,0.5798695309265282,0.6036791104195064,lignin
C17 H20 O7,0.6442852433088229,0.4463510968470686,0.6450237529804985,0.4790931115600086,0.6001952307098583,0.5866178864712819,0.602658798469802,lignin
C22 H28 O10,0.6398161909148429,0.4182363243514372,0.5966272108856571,0.4669906077793347,0.629026536789783,0.5933257004261336,0.6026178804761481,lignin
C19 H24 O7,0.6270923939366986,0.3915875127204624,0.703636232132576,0.4603403491088104,0.5079758651951751,0.580613105266446,0.6183309421561279,lignin
C18 H20 O7,0.6204072486507451,0.5364542650717546,0.5660110607748673,0.5344338833058959,0.4648562504014981,0.5739606461747294,0.6082028492051695,lignin
C19 H22 O7,0.6304788554011429,0.5555370387575677,0.5163761448994079,0.5344666962739438,0.4698569483440407,0.5755686399783113,0.6098850879187814,lignin
C17 H22 O6,0.6323686855464523,0.5610898660431551,0.5246194206361143,0.5341265074496778,0.4704286333222403,0.581062649126781,0.609620439905853,lignin
C21 H30 O8,0.6378278697527425,0.5518448112498313,0.5282141245692706,0.5366834617651048,0.4584411199731835,0.5884443890491552,0.5621430526185154,lignin
C15 H16 O6,0.6290447937864593,0.5863624558708661,0.4645824332363544,0.5306139699472527,0.4802899576935728,0.5783540551101582,0.6045785701240858,lignin
C23 H26 O10,0.6334064873710029,0.585988741214536,0.4658478697997545,0.5339638035159473,0.4803202904213786,0.5826136248225136,0.6055031818187674,lignin
C20 H22 O8,0.633324516556754,0.5834093870227809,0.4658713880764732,0.5340172190964216,0.4769539372411998,0.5842436046421576,0.6059875109940269,lignin
C23 H32 O10,0.6472954312772178,0.5625923514981966,0.4502561624111837,0.5398710450355718,0.4817945672538883,0.5833209196371091,0.6100093755576763,lignin
C12 H12 O5,0.6565641201727248,0.4893941999247618,0.4439520667823261,0.548826036681874,0.4800289416727726,0.5958395388820356,0.6165292621626896,lignin
C24 H28 O11,0.5452747629283414,0.5041318102389297,0.4843278227440416,0.5449273419575491,0.4816149376126308,0.5969435695372989,0.6172627187325949,lignin
C24 H32 O11,0.5458622879517218,0.536426333046023,0.429535794242381,0.5460407902995794,0.493194021747793,0.5965645056717165,0.6150094071510298,lignin
C25 H32 O12,0.547237155925144,0.5375737747200904,0.4289325576293577,0.5449178156119868,0.4915566340525442,0.596731713741863,0.614411587288724,lignin
C24 H30 O12,0.5448164736038673,0.5286267605843062,0.4439884219188423,0.5478694328149943,0.5575675567325856,0.5986839472248294,0.6024845749286067,lignin
C25 H30 O13,0.5463369174220345,0.5359361358994083,0.4432312866844403,0.5408636373190202,0.5581374545914718,0.5958426574658742,0.6053920836380967,lignin
C22 H30 O12,0.555344794182584,0.5684975977467374,0.3895199014435719,0.5414766500953617,0.5692072580228374,0.598560347352026,0.599123164817249,lignin
C24 H30 O11,0.6354232124780735,0.6008389215543914,0.4255215453280057,0.5320037957194651,0.5531116403774976,0.5877336637923373,0.5943297476206371,lignin
C21 H26 O8,0.6359133718390596,0.5813271139343368,0.4612313901456983,0.527690856175015,0.5754093348486817,0.5820228610906872,0.5966990037419413,lignin
C11 H10 O6,0.6237791255222095,0.5663002288643215,0.4573517366642749,0.5419507369989199,0.578774528816333,0.5869815133468631,0.6016115554867931,lignin
C23 H30 O11,0.6364128041202736,0.5720543252147546,0.4822302894328694,0.5280952344229507,0.5376433016111605,0.5853770019619011,0.5967999797802538,lignin
C10 H8 O6,0.6388802561702731,0.5482164708222257,0.5147869608159644,0.5319388124336653,0.568424403162525,0.5849967426391806,0.6000644013639249,lignin
C12 H12 O6,0.6475723134729588,0.4965563873312217,0.5111843535922611,0.5392088884130757,0.6409389428271551,0.5891247081135468,0.5909721409809534,lignin
C11 H12 O6,0.6383664643669584,0.4984591822968802,0.5099357773820278,0.5367321519757565,0.639926322383766,0.5893966486242731,0.5922374087757256,lignin
C15 H12 O8,0.6291088039445382,0.5358769041568996,0.53244952192277,0.5293193698277047,0.6329501813926103,0.5808400342171018,0.5911421929725708,lignin
C17 H18 O7,0.6398223578569363,0.5649481999592312,0.477416275413869,0.5324352030827859,0.6409437245788315,0.5826764642868615,0.5864886453794537,lignin
C12 H10 O7,0.6375702536242713,0.567444748571158,0.4767215043266923,0.528340500018221,0.6425516489556703,0.5864995362146068,0.5894871306775327,lignin
C22 H30 O10,0.6251458009156243,0.5486266853065065,0.6227489752066591,0.2113479680682945,0.4600643556154911,0.5730464852988398,0.6106135140906663,lignin
C17 H16 O8,0.627109454309351,0.5672190637462314,0.5328890885733746,0.2129542913842974,0.6316988597695775,0.5866136763830997,0.5879363571219425,lignin
C23 H28 O10,0.5645366888940665,0.539942549171756,0.4966998253612282,0.2216975864625488,0.6452840094842905,0.5990891032418615,0.5906670043985923,lignin
C24 H32 O10,0.6304795756279568,0.6406859867800297,0.4104116991691486,0.2316968281351997,0.4914734605536882,0.5898121479443699,0.5994402025851706,lignin
C23 H30 O9,0.6298190376113245,0.639615506751329,0.4125900376388225,0.2293308354650421,0.4915878844902677,0.5890940420391338,0.6008299420577898,lignin
C20 H28 O7,0.6613056433732111,0.5722799109899447,0.4085027431603008,0.2377387426947672,0.4587998962504788,0.5982877311481347,0.6179477117118156,lignin
C18 H16 O8,0.6566153913190342,0.6728381751155762,0.3019147517552489,0.2477281934011458,0.6906833123145562,0.606415072489922,0.5762753423937346,lignin
C17 H14 O8,0.6774391291305458,0.7097813496873693,0.3415086567375791,0.2362226928438545,0.6642627335873619,0.4342129021842665,0.5983855366977657,lignin
C22 H26 O10,0.2818982153859893,0.3944307849354859,0.6064586648324646,0.4359896111421347,0.5291267603728993,0.0155494311910983,0.674133086050418,lignin
C24 H24 O15,0.2058457074301839,0.5417263854037139,0.5433479200934217,0.495393444876255,0.6404854009257278,3.704558711867581e-06,0.5717905585195711,lignin
C24 H24 O14,0.1914956833205913,0.6241860835516224,0.5261965342394496,0.4937781622590685,0.6260224858250043,0.0715682960504902,0.6027510019847374,lignin
C23 H28 O13,0.1203145307020086,0.4901413816130804,0.5511722256336763,0.6007779244028532,0.6242862752617767,0.1294316375756503,0.7093748276551898,lignin
C22 H22 O11,0.1254848026740581,0.5203456578279304,0.5132545367282676,0.5013198524958798,0.6278500326753031,0.2261820238382469,0.6596734523259671,lignin
C23 H24 O12,0.034463803966145,0.4442359392460611,0.4886681183175283,0.5071379546391716,0.5391231330036984,0.2294174246298059,0.6804050721871318,lignin
C24 H28 O13,0.2325815620855319,0.4005724381429442,0.5215578774731312,0.4968913115040905,0.6443737861475068,0.286301147503714,0.6965886601209738,lignin
C21 H28 O12,0.2917959548821114,0.4853589136541845,0.5650004454581945,0.5627755174128743,0.633580889608674,0.4158433258823435,0.6252121585701694,lignin
C22 H26 O14,0.2081711397553317,0.494230848089598,0.4770894144763375,0.5674536335372122,0.6541354182414649,0.4328928316335839,0.6448112640672473,lignin
C24 H28 O15,0.4569543390604569,0.5431520577879936,0.3056456078301013,0.5735136368124606,0.5580618642745672,0.2947354874362132,0.6792677114639765,lignin
C24 H28 O14,0.34783630811015,0.6298535609073669,0.3565833931269153,0.5624355554063599,0.5188735255661908,0.2870317277443044,0.6813923798181167,lignin
C24 H30 O13,0.2814873710028762,0.6203613770211346,0.3754627017374785,0.5515224461115045,0.5656479442573336,0.4412353292720362,0.632002398395622,lignin
C23 H28 O14,0.2919005453197321,0.597611683035296,0.3384955631405856,0.5718740846958653,0.6401942453792098,0.2612003158917523,0.5507101234981118,lignin
C24 H26 O14,0.242121168798478,0.5848615552116109,0.3848837593606094,0.5694410106757067,0.6616041279558108,0.2711925963572238,0.6764765767184469,lignin
C22 H28 O13,0.2539082882981509,0.5410280847604254,0.452325100180195,0.5714559839739649,0.6491547167150236,0.2738744485174304,0.687186294103938,lignin
C24 H26 O13,0.2211816770337314,0.557844154748177,0.4655361927598195,0.4985452287449463,0.648776330425803,0.2666820066340594,0.6504296051928922,lignin
C24 H28 O12,0.2613969591303693,0.6291841827871764,0.4248056987993704,0.5641293925714767,0.5500699150055715,0.1540329240330649,0.7010447339186303,lignin
C24 H22 O13,0.4664281125412015,0.6623425678723462,0.3724110496623618,0.54562692350904,0.6659461033795392,0.2443847299166059,0.5286039167047065,lignin
C23 H22 O12,0.4093409546534394,0.6196200887921459,0.4438671423329939,0.489383341506333,0.6503834336937679,0.2064067328769736,0.5440593238519328,lignin
C25 H24 O15,0.4938710948852012,0.5675715817589213,0.4447188296615763,0.4971607331898938,0.6274002099140685,0.2326727063933359,0.5817949772948078,lignin
C25 H26 O14,0.3955605849394091,0.5135388113516545,0.4373498973530203,0.49443272048689,0.6466650663093716,0.264472801842792,0.693823229482402,lignin
C24 H26 O15,0.4687556605326149,0.527305090423495,0.4852223315377696,0.5588626843820403,0.639257891460033,0.3043798119098925,0.6779695006968022,lignin
C22 H24 O10,0.4145040806250704,0.5101118390386312,0.5318896815596593,0.4961960016869192,0.5679689775407403,0.2686389439809825,0.6581435365182664,lignin
C23 H26 O11,0.4187939765991106,0.533268082668495,0.4954094814579224,0.4965424658023096,0.5379257630637214,0.2673946550175779,0.6572653026394805,lignin
C21 H24 O9,0.4504997563832802,0.6430644185810175,0.4846788725405199,0.1989722245030007,0.5299735168237963,0.2600998716079034,0.6502977106106492,lignin
C26 H22 O16,0.6525127993307652,0.5502120753911127,0.3677241828237068,0.2611217249217819,0.54488736559776,0.0303326913035482,0.6578043527297915,lignin
C26 H24 O15,0.6427450382674512,0.4470404830140597,0.364655574597962,0.4480740451086071,0.5013807187214272,3.704558711867581e-06,0.4450191912751795,lignin
C25 H24 O16,0.623714935307427,0.6766919527437668,0.4351529741758784,0.5432100291551538,0.6266297199873839,0.012570511992722,0.4952227168848438,lignin
C24 H20 O13,0.6016499766106342,0.7233630000501192,0.3685431313699324,0.5534210619032519,0.5645592021912981,0.0154176044291583,0.5363953284288588,lignin
C26 H24 O16,0.623567693938175,0.7014296244687716,0.3266723123303786,0.546710394104916,0.5989519269734748,0.0196421566680883,0.6393915623170922,lignin
C23 H20 O13,0.4880586394267283,0.4216371970588567,0.5680087731314944,0.5134849201730045,0.6334482563753067,0.2166300614225877,0.4021088839466932,lignin
C24 H22 O14,0.288056334700924,0.5170428938846494,0.5662829818684145,0.584402590016783,0.6425566722099566,0.0335840391035069,0.3968024581714736,lignin
C21 H18 O11,0.2494184618620095,0.566842030923724,0.4683339576134553,0.5783459512048483,0.6514765228067819,0.1175378655850863,0.4969630812341186,lignin
C24 H24 O13,0.1802461793768093,0.4242754363190423,0.4925152964596132,0.5040222725959246,0.6724794734856699,0.2267160293442106,0.4486242689589413,lignin
C25 H22 O16,0.3579225444677038,0.6207292477430032,0.552334871521235,0.4865858847684168,0.6198036970185536,3.704558711867581e-06,0.5286256946473559,lignin
C25 H22 O15,0.3619527086470071,0.6685161398574357,0.4968958269667937,0.4846495038210474,0.626733517809127,3.704558711867581e-06,0.3951675481416759,lignin
C24 H22 O15,0.4990152248746175,0.6843895535016162,0.5165378031151419,0.4793641587730309,0.6479246956221856,3.704558711867581e-06,0.3750187489682316,lignin
C25 H20 O15,0.4911577754066311,0.6537799162395808,0.4535314297100498,0.5590502626625168,0.644646780697759,3.704558711867581e-06,0.2884747385373946,lignin
C20 H18 O10,0.4241900059166633,0.6116977937067363,0.5455700859015834,0.5655358516454645,0.6610528257978884,0.0532038231810781,0.2255880611968777,lignin
C24 H20 O14,0.5476157251441623,0.5914580200472705,0.4959846973135517,0.5390965380201744,0.6875003079158276,0.3207054943521927,0.1411441652566726,lignin
C24 H20 O15,0.6562713929870795,0.528959815323747,0.6095552219675074,0.563931834309935,0.6945895204289473,0.0729604318760433,0.0352213094469586,lignin
C20 H26 O9,0.4505495420617861,0.3698209864204792,0.8229686866838655,0.4867838966654615,0.5827608191961731,0.6084924651376111,0.5133377322732607,lignin
C15 H18 O7,0.5577949607890517,0.3270444261840752,0.8333992100541352,0.5570032324553823,0.6064182699622435,0.5896389625885327,0.6114427322619117,lignin
C17 H14 O9,0.5492112976218471,0.3072385151335121,0.7433790063695732,0.5721102775810764,0.6262322549919797,0.603601642079925,0.6206144974721329,lignin
C17 H18 O8,0.5678593652713112,0.3620222063566555,0.7466953228805531,0.5487556097700386,0.6081541907223391,0.5878728565843336,0.609709698797557,lignin
C20 H26 O8,0.5325862120498988,0.3243385854786351,0.7113475924661045,0.5061766254024692,0.5973550634161703,0.601058800794324,0.6209954581027044,lignin
C12 H14 O7,0.6311596047827381,0.488412369410351,0.6772794287405796,0.538491804091762,0.621178088371601,0.5788663864584437,0.5954514036865579,lignin
C15 H16 O7,0.6264521122992053,0.4870979298803142,0.6813053170464877,0.5348557643236544,0.6115315081210083,0.5779765505364952,0.5956981999211455,lignin
C13 H12 O7,0.6292200789872747,0.4898104564429774,0.6828795567259877,0.5339534077023377,0.6096526661163627,0.5751941500356922,0.5948000898355471,lignin
C15 H20 O6,0.6279525698232887,0.4889344110472944,0.6814540426049629,0.5358590170414225,0.6099657984003833,0.5711835992428494,0.5959394136408567,lignin
C15 H14 O8,0.6320263977531805,0.4751118222001759,0.7225990042811885,0.5383526135982686,0.6146445250633824,0.5777893835297816,0.5940587195907072,lignin
C16 H14 O9,0.6318128955170562,0.4751813055904265,0.7233209818473391,0.5361660526710134,0.6142586521932543,0.5760498374646079,0.5957920597866485,lignin
C13 H12 O8,0.6299986891871988,0.4730691194815182,0.7236960289078419,0.5358556147751503,0.6127416776993109,0.5746940331407746,0.594593168707219,lignin
C16 H22 O10,0.6295014626006021,0.4756574376744389,0.7254937640642648,0.5371214846461771,0.6125697278410488,0.5752640063136769,0.5975862555293736,lignin
C14 H12 O9,0.6316248262902954,0.4774732669713304,0.7232600546620314,0.5346025223041236,0.6104236873487892,0.5743816549929411,0.5946996659140905,lignin
C17 H24 O10,0.6258784066278152,0.4723697292911268,0.7277051526580443,0.5360231574875791,0.6033351027424554,0.5747328595095653,0.5974277366454128,lignin
C11 H12 O7,0.6151321274095638,0.4280283813153369,0.7535501102149791,0.5475744941321492,0.611380810492419,0.5732442035142074,0.6044451418839099,lignin
C13 H16 O8,0.6326391757292207,0.4601703675280097,0.7669141913401011,0.538146927700632,0.6055503095821957,0.5690150399942785,0.598508536063997,lignin
C15 H12 O9,0.6330092372690007,0.4609539499945423,0.7675082313968515,0.5350725642911136,0.6061888424828207,0.5737445283147142,0.5968758038284642,lignin
C14 H12 O8,0.631098340489387,0.4618709524563245,0.7678296797778266,0.5385730426497515,0.6093368773036331,0.5743957405966121,0.5983208776793081,lignin
C14 H16 O7,0.6360084417784849,0.4379848113171852,0.8096315725440645,0.5371542220083079,0.5992844277668109,0.5685371689974096,0.5990389363235655,lignin
C14 H14 O9,0.6325475718813369,0.4389175626870926,0.8082966349225813,0.5378423492633488,0.5996773042126267,0.5685684587885903,0.5970892276664285,lignin
C16 H18 O8,0.6334400229320217,0.4420322311805005,0.8092312349538112,0.5389025710396977,0.5997921628539039,0.5701569094667835,0.5961387278258369,lignin
C16 H16 O9,0.6311551933935035,0.4414704210742974,0.8074356073415342,0.5418801966782086,0.6023980243154488,0.5689104634828905,0.5979963556606731,lignin
C14 H18 O9,0.6336992595708241,0.4407705356352228,0.8101016506860536,0.541756618806609,0.601720078188885,0.5724343072913218,0.5988604185401576,lignin
C14 H14 O8,0.6345160417918811,0.4405075585844524,0.8108237719483958,0.5413616156924013,0.5991610199331424,0.5713109933926565,0.598563379671683,lignin
C13 H14 O7,0.6325437456763884,0.4396185871981385,0.811117774356744,0.5416576128580867,0.5992207676788363,0.5715277869458367,0.5999136734622641,lignin
C13 H14 O8,0.6335215886186878,0.4414665086097002,0.8097111802343014,0.5409655918983118,0.5984084978006358,0.5700515013330386,0.6010892529411112,lignin
C15 H14 O9,0.6323816496291012,0.4423593429357431,0.8099608284181252,0.5389994222195811,0.5997242523199948,0.5722126279567943,0.6011874683951441,lignin
C16 H14 O10,0.6316950484046436,0.4467523473301837,0.8238117043422115,0.5395098377663351,0.5207940026207863,0.5708370726019831,0.5870882442849618,lignin
C14 H16 O8,0.6392749854784269,0.4353874300733621,0.8396248954610205,0.5415528986628186,0.5922437572782849,0.4280309334410007,0.6184298324196515,lignin
C15 H18 O9,0.6399725701617953,0.381428501244758,0.9322519396590953,0.5454278153261964,0.5858842207507736,0.5716730089999211,0.6000197412449143,lignin
C16 H16 O10,0.637618463806622,0.3815741538824822,0.9311267026801257,0.5432976564131434,0.5850735447897986,0.5687998577094148,0.6002870271494876,lignin
C16 H18 O9,0.636206054010529,0.3820156928459743,0.929630729526406,0.5443477091936342,0.5829223844422087,0.5684637783244078,0.6010526291896697,lignin
C17 H18 O9,0.6323708912410696,0.4007109344371964,0.8950016716656976,0.5454372660658415,0.5876662202088418,0.5707056762695832,0.6029744866187425,lignin
C17 H18 O10,0.6350258723477198,0.4004286426877819,0.8924206006692411,0.5433696710492393,0.5882702182362485,0.5716356899466525,0.6009252742349087,lignin
C17 H20 O9,0.6341010561045884,0.3978437417107752,0.893454446870249,0.5417545774468456,0.5890803628914818,0.5719921960558023,0.6017069490102294,lignin
C16 H18 O10,0.6390473487910813,0.4027387054080562,0.8935652845328294,0.5404898416645761,0.5890341875924653,0.5690178467197332,0.59981410838925,lignin
C14 H16 O9,0.6340640994662039,0.4190227792603322,0.8526245151450996,0.5404045581900185,0.592062437118758,0.569765423242244,0.5992176994922427,lignin
C15 H16 O9,0.6312880752406548,0.4200788970772205,0.8534902368017443,0.5459150576593406,0.5946153129076865,0.5705894570451979,0.5990458684574229,lignin
C16 H16 O8,0.6677479821945527,0.360391055293723,0.8060649372670325,0.5567604618553783,0.607697316084895,0.5814577217227348,0.608194751491283,lignin
C17 H14 O10,0.6457186297108686,0.3730253692128458,0.8195536987878748,0.4859832678056849,0.5829443128791892,0.5807592109192847,0.6064194504142931,lignin
C17 H16 O9,0.6524310986015716,0.3505914705498389,0.8604852716193315,0.4819816734281038,0.5745752331345445,0.5825729792798171,0.6103349404637057,lignin
C16 H20 O7,0.6310630043613334,0.3264226662247728,0.878845238243496,0.4566112762596361,0.6001418586330662,0.5840601799360503,0.6128389744441671,lignin
C17 H20 O8,0.6352076395898596,0.3110739437979908,0.9202269633450174,0.454961177117597,0.5974586197353035,0.586250829153478,0.6153648477135951,lignin
C18 H22 O8,0.6336054500283229,0.3125159841512497,0.9227173141457404,0.4567243071057918,0.5979091187038459,0.5822790527530286,0.6154146609232608,lignin
C17 H20 O10,0.653071335224889,0.3288803873399381,0.9419291117946792,0.4914694221696811,0.5677952888636868,0.5807621735739313,0.6075849690970994,lignin
C17 H22 O10,0.694494370167053,0.2712223965717698,0.8905740088076186,0.5031710255746088,0.5775606400978376,0.5865705359733324,0.6174262680145761,lignin
C19 H20 O9,0.539082387825574,0.1463350656471939,0.9047889150841724,0.3974195927290697,0.5857090347575387,0.4999642402386506,0.5572119742858322,lignin
C18 H18 O9,0.5564962568011919,0.1370470108869527,0.918240315595156,0.396233638312482,0.5926002634310469,0.6550942430838387,0.5234224840510311,lignin
C18 H16 O10,0.4933997064355507,0.1195654876248249,0.9227318753598392,0.3979730658456469,0.5765259463159018,0.6511971567663238,0.5546770217614405,lignin
C19 H22 O8,0.5498062049700692,0.1946957900296139,0.737413746360894,0.4065206928102856,0.598478775060122,0.6241548767738375,0.6378488251290712,lignin
C18 H20 O8,0.5468521946931527,0.2045377185359101,0.8608594565026838,0.4679850524077536,0.6019734144266897,0.6138686957697762,0.6296507486673892,lignin
C18 H24 O10,0.6253859965580361,0.1518474806402337,0.9176498200444692,0.5219427651110145,0.5850857648218605,0.608773709423456,0.6367461250752029,lignin
C17 H16 O10,0.5826603864088878,0.2445791564884808,0.958562329181152,0.5023595472657195,0.4981618753353867,0.6010977311159094,0.6115459167676478,lignin
C18 H20 O10,0.6347935091719085,0.2575295133547769,0.8249310018785883,0.5141186489706481,0.4998679946734184,0.5999707788694323,0.6148844447026443,lignin
C19 H24 O9,0.7056541496047936,0.2404435823595588,0.8937045740413787,0.5076302625687654,0.56045389932529,0.6214463347336121,0.450892917119837,lignin
C20 H26 O10,0.6454480044855726,0.3168256381923106,0.8716187567597083,0.4531261080992234,0.6029401010736724,0.6059180741788431,0.5198475274090745,lignin
C16 H20 O9,0.6516653174417688,0.397757989401282,0.9213519129316036,0.5401809536900148,0.5986847284858607,0.5916175481049354,0.4816782475222069,lignin
C18 H22 O9,0.6549817818627443,0.4164951785559697,0.8684086796331724,0.5329083449123796,0.6147420921177895,0.618819967377534,0.3958703928992373,lignin
C19 H22 O9,0.6558210711717334,0.3627519800537602,0.8532564909964756,0.4784864874836672,0.6002948746867107,0.6321199478032228,0.3538042415702645,lignin
C18 H22 O10,0.6407013046548619,0.3290468156599218,0.8996942145039272,0.4885171245134192,0.4741476769139444,0.6372695093667186,0.3394485898536749,lignin
C18 H20 O9,0.5081409937617555,0.2080635301048798,0.8965673853711529,0.587438507817425,0.5898138546183268,0.6897318859916437,0.2777627820113212,lignin
C18 H22 O11,0.482906541928184,0.1348606241440864,0.8933354664234688,0.5295448644756374,0.5790164178304275,0.6679747739832351,0.316825386971036,lignin
C19 H26 O7,0.5928110830662793,0.34189948472346,0.7341741636163158,0.0973745712955482,0.4945488513894369,0.5187970561815997,0.648936129097681,lignin
C21 H28 O9,0.4105397271708806,0.3341054590469949,0.7220758064469776,0.1211451756091077,0.6183505758146728,0.2821839931199882,0.6637197940702282,lignin
C21 H24 O10,0.4408727096337178,0.2385696356296958,0.7869790653808093,0.1248343474355002,0.6357319050546979,0.3768586109973116,0.4663223441016773,lignin
C18 H20 O11,0.383964888222599,0.1572675441350769,0.878046383214752,0.206041075333887,0.5335403654707297,0.7341276816832369,0.2626804524928904,lignin
C17 H18 O11,0.5024196019810558,0.2417698088082553,0.9195741994445664,0.1813202464027082,0.4795888273164568,0.5456510256866316,0.3726407509967089,lignin
C19 H24 O10,0.6384784596365087,0.2556844643855776,0.8696112251633107,0.1684027108350386,0.5615726843159994,0.655941822194774,0.3766161763981454,lignin
C19 H22 O10,0.5504017875309293,0.1859162813796994,0.8664179125924805,0.2077935448877622,0.5880020537381947,0.6630212673903929,0.4813770371041544,lignin
C20 H24 O10,0.3991071168132268,0.1462347530264151,0.9861418434688644,0.06524089406114,0.6095372278688216,0.5404577519729981,0.2940390949037957,lignin
C20 H24 O11,0.4062506864661819,0.205126556838998,0.9330319225879876,0.0577150527147136,0.6120685133244235,0.479283767324123,0.2593507277544297,lignin
C16 H20 O10,0.5921798942923105,0.2428985796069666,0.9123032679387932,0.1930342491780502,0.5620767968639437,0.43352881483107,0.1237046571731604,lignin
C19 H18 O10,0.2151995406393381,2.5669726331038952e-06,0.9286552239792542,0.0855691893185774,0.5620004820392094,0.7613890421903852,0.3873407089192699,lignin
C19 H22 O11,0.2432394784765618,2.5669726331038952e-06,0.9546642346884524,0.0665503743702594,0.5495251334181168,0.6837195162328006,0.3627321551691296,lignin
C19 H20 O10,0.3891293196053301,2.5669726331038952e-06,0.9422851909578692,0.0754136796658944,0.601429019243411,0.7471146082679271,0.3585297790667593,lignin
C20 H24 O9,0.4075223819485232,7.386693960288472e-05,0.870678504678269,0.0914139236461891,0.60596530766708,0.712392295808904,0.4608977959924537,lignin
C18 H18 O10,0.3810154243774449,2.5669726331038952e-06,0.976461701611984,0.0722299239449836,0.4711526098462546,0.6936005931962272,0.5634503426406534,lignin
C17 H22 O11,0.3969402694296488,0.000914334889871,0.914680194545484,0.5180198764931979,0.6188737670688007,0.3869243860885796,0.6839831574912718,lignin
C17 H16 O11,0.3067623581018134,2.5669726331038952e-06,0.9366125442943511,0.4247434955851437,0.5050850306539263,0.4475883523388495,0.6017598908820785,lignin
C19 H24 O12,0.2043336812629033,2.5669726331038952e-06,0.9660391294309918,0.4656468260106734,0.6140580118249338,0.3951814605180529,0.7018632778306617,lignin
C17 H20 O11,0.3903416864038823,2.5669726331038952e-06,0.9420873692005416,0.4021715380315153,0.5743470131681713,0.6630489708101592,0.6637796067296174,lignin
C19 H24 O8,0.2351960304339042,0.0632679759424037,0.8519179130714678,0.500375156560953,0.621204943461824,0.689697581569419,0.5672603170242717,lignin
C19 H24 O11,0.3945997123414105,2.5669726331038952e-06,0.9662216235945316,0.3972350386852796,0.6269317431513483,0.6436858396854555,0.3112850476878665,lignin
C17 H14 O11,0.2999919109525972,0.1032655100992102,0.9383250197103276,0.4119656041464704,0.5325903425038314,0.7106926676168646,0.4160758760698874,lignin
C21 H26 O11,0.3756935784217166,0.1523289242663732,0.93202825258725,0.3658988054113877,0.5943172503865249,0.5187875445008919,0.4520698155445065,lignin
C19 H18 O11,0.1545705323520483,2.5669726331038952e-06,0.9100673551949526,0.4214006555637865,0.5572355872449913,0.5632227383016463,0.3768802416210592,lignin
C18 H16 O11,0.11027302718172,2.5669726331038952e-06,0.9285987034771604,0.4221124474708989,0.4886076456828269,0.5709516285816546,0.3588453751962238,lignin
C18 H18 O11,0.0995873482977259,2.5669726331038952e-06,0.8928698907621551,0.4310125870243008,0.4831042359074775,0.5482088881510551,0.4996512461860227,lignin
C21 H28 O10,0.207179815067361,0.2230396026600004,0.792995864423601,0.5490739106812864,0.6126588906046307,0.5446393570893883,0.6586648575228713,lignin
C21 H24 O13,0.2152215525713357,0.1787210732672882,0.8415360548114754,0.5439465441971778,0.6222483796382388,0.4792889129874567,0.5504622843761298,lignin
C21 H28 O11,0.1530066048399962,0.1030161585778359,0.7871710913917359,0.4576731613661626,0.634296848246039,0.4037914027088642,0.5420290674801516,lignin
C23 H26 O13,0.2087326690921505,0.0454483216418325,0.7385265775686413,0.4683595285154521,0.642528802808772,0.4004300111302257,0.6838972113007032,lignin
C21 H26 O9,0.2869465101949906,0.1045208726519517,0.6962715628110424,0.4334793812835132,0.6314923750380971,0.2364974675539938,0.712664401228963,lignin
C22 H28 O11,0.2046716251882042,0.1904608813960624,0.7875055682274308,0.4248768644230157,0.6098387680275661,0.2169708316774519,0.6936677779143074,lignin
C22 H28 O12,0.1024638891779799,0.177273226123219,0.6809946458798949,0.4618635059159362,0.6323428023286648,0.3002356297995655,0.6916480117627882,lignin
C19 H26 O11,0.1097020448679698,0.2528165535485657,0.752244917705191,0.5452818203001585,0.6161957929279341,0.3350403768247224,0.6786848601030974,lignin
C23 H28 O12,0.2528075341486541,0.2746454316577618,0.6838756587272924,0.4419717025197486,0.6210205803694121,0.3982769668362518,0.6653369443411611,lignin
C22 H18 O14,0.3201089036959519,0.2433295697735069,0.6367194063622926,0.4958316567721202,0.6470169356120231,0.4589447273635253,0.6572229736805282,lignin
C18 H24 O7,0.4862985851504355,0.3436648481795352,0.7135898757411131,0.513229220961166,0.5969668238204651,0.4323981462721852,0.6365148494588979,lignin
C18 H24 O11,0.3501575091027666,0.3188991701414965,0.8784523728552146,0.5848140374179732,0.6033800705284222,0.412293961662833,0.6519773727789335,lignin
C23 H30 O12,0.3363892031878679,0.5361143759004859,0.4857814055211908,0.5505681860280568,0.4952508994764706,0.6292812568641329,0.4896312147730275,lignin
C19 H18 O9,0.3522411702893475,0.4332693009802556,0.5742751245606489,0.5666733804721106,0.6352995187818995,0.6106341525887728,0.6129732001864683,lignin
C16 H14 O8,0.3523201926750772,0.3555567843225661,0.7086645450722265,0.5648707841951576,0.614179246135113,0.6112174836957838,0.6277688890372106,lignin
C18 H16 O9,0.37887009376993,0.34232886533178,0.6507794081441254,0.574560476341472,0.6407259858257288,0.6416065758874632,0.5011528506682792,lignin
C22 H18 O12,0.4044155035303718,0.4243169876835614,0.5690462596360272,0.4738858296214608,0.6679337181596922,0.5121934029269573,0.2371598170333816,lignin
C19 H16 O10,0.339525385834507,0.2630232079475924,0.6154580220315001,0.4856791052009461,0.6838152195910782,0.5452556932086912,0.2400428332256807,lignin
C21 H18 O13,0.2575789017477384,0.3482506776487732,0.7167035806217064,0.5822573099202978,0.6075505307985863,0.4459045769479896,0.3000169254489492,lignin
C20 H26 O11,0.4287196924055323,0.2936052598579746,0.8760123157216088,0.5934198809388259,0.6425155201652264,0.3124606603642859,0.281805350957067,lignin
C23 H22 O14,0.2422224957083484,0.0967283389121446,0.6840889038758695,0.5120572914422116,0.7082546558080653,0.5021552532908596,0.1576216480602263,lignin
C22 H20 O12,0.1425036159887471,0.2185599049835686,0.6130034036837956,0.502417272383472,0.6784959797060527,0.4951707169967289,0.2840057206667829,lignin
C20 H16 O12,0.0173844536183835,0.2074077960859109,0.7667291106451097,0.6290034278210722,0.6138222086766092,0.4914579389840756,0.2087206458638441,lignin
C20 H16 O11,3.577726848801236e-06,0.2272782380398929,0.6223739281461562,0.5457368167096335,0.6438395823743667,0.5641573778780761,4.282405132853128e-06,lignin
C19 H16 O11,1.9581854736492444e-05,0.1231382116253091,0.7979527124572144,0.4147511151494751,0.6051678660491284,0.6260222327999966,0.0376184321329065,lignin
C19 H20 O11,3.577726848801236e-06,2.5669726331038952e-06,0.9805375003951644,0.0333296730618687,0.5792481154343835,0.361829349844918,4.282405132853128e-06,lignin
C20 H22 O11,3.577726848801236e-06,2.5669726331038952e-06,0.966274791185484,0.0350041811017264,0.5772389103209038,3.704558711867581e-06,0.0055394478444959,lignin
C20 H20 O11,3.577726848801236e-06,2.5669726331038952e-06,0.949661691265858,0.0372535988983613,0.582912627736768,3.704558711867581e-06,4.282405132853128e-06,lignin
C21 H18 O12,3.577726848801236e-06,0.1507434970381157,0.706377380686657,0.4367505846983603,0.649492192462124,0.2515609551640162,4.282405132853128e-06,lignin
C19 H16 O12,3.577726848801236e-06,2.5669726331038952e-06,0.9085024078691868,0.3541087430833817,0.5990053473507888,0.2314456476056396,0.0288668144305187,lignin
C19 H20 O12,3.577726848801236e-06,2.5669726331038952e-06,0.8830516089662592,0.3501735307010679,0.5874736943282146,0.1535654743038567,0.0280443596907581,lignin
C20 H18 O11,3.577726848801236e-06,2.5669726331038952e-06,0.8226706607821479,0.3567344987834251,0.5856779775219031,0.1352251996959173,0.0794039815723024,lignin
C21 H24 O12,3.577726848801236e-06,2.5669726331038952e-06,0.841294836804235,0.436593362193624,0.6863622027163248,0.2109758999999064,0.2099907293445262,lignin
C21 H20 O13,3.577726848801236e-06,2.5669726331038952e-06,0.8797493746820721,0.619377169039256,0.6215179308442786,3.704558711867581e-06,0.0139125654787586,lignin
C21 H22 O12,3.577726848801236e-06,2.5669726331038952e-06,0.8814013061025857,0.4448992770410989,0.695980720363645,3.704558711867581e-06,4.282405132853128e-06,lignin
C21 H20 O12,3.577726848801236e-06,2.5669726331038952e-06,0.7652319879218561,0.4431564850446203,0.7113725028026378,3.704558711867581e-06,4.282405132853128e-06,lignin
C22 H20 O13,3.577726848801236e-06,2.5669726331038952e-06,0.7732476488908091,0.4447357036393211,0.7152320043122706,3.704558711867581e-06,0.0871154053669561,lignin
C22 H24 O12,3.577726848801236e-06,2.5669726331038952e-06,0.8236773963016432,0.4413077691581992,0.6936643239303487,0.0789475216146447,0.1158656483750556,lignin
C20 H18 O12,3.577726848801236e-06,2.5669726331038952e-06,0.8702884174163616,0.3554682508828125,0.5941381037504873,3.704558711867581e-06,4.282405132853128e-06,lignin
C20 H20 O12,3.577726848801236e-06,2.5669726331038952e-06,0.925651781976474,0.35027733762533,0.6651401608697185,3.704558711867581e-06,4.282405132853128e-06,lignin
C19 H18 O12,3.577726848801236e-06,2.5669726331038952e-06,0.9902832635129504,0.3470185713838559,0.5850506986429003,3.704558711867581e-06,4.282405132853128e-06,lignin
C20 H22 O12,0.1845646255918914,2.5669726331038952e-06,0.9647434687685909,0.3440442724057001,0.6575499270420615,3.704558711867581e-06,0.0475810855684812,lignin
C21 H22 O11,0.2122676998440348,0.145993888829349,0.7759307441834177,0.4204747855022327,0.6885722897007348,3.704558711867581e-06,0.0640570922262744,lignin
C22 H18 O13,0.2627696439162621,0.2393975923782416,0.7247309288809228,0.4515542988844044,0.6440551476039802,0.1670127948218202,0.1283510809251785,lignin
C22 H26 O12,3.577726848801236e-06,2.5669726331038952e-06,0.8655464430881653,0.4412893591173705,0.6458264243461679,3.704558711867581e-06,0.395333459256874,lignin
C23 H24 O14,3.577726848801236e-06,2.5669726331038952e-06,0.7334585086826029,0.44339324497421,0.6695922614835699,3.704558711867581e-06,0.3355592026622829,lignin
C21 H20 O11,3.577726848801236e-06,2.5669726331038952e-06,0.773861854313137,0.4406787657303781,0.6789807720452035,0.0115929017419473,0.2409126319858349,lignin
C20 H24 O12,3.577726848801236e-06,2.5669726331038952e-06,0.8723654021721117,0.4386013419445448,0.6770684577788232,0.0012099690091705,0.2228958473880302,lignin
C21 H22 O13,3.577726848801236e-06,0.0024632489416783,0.8977754871540394,0.6158794502965944,0.6618498327111421,0.0026209504409209,0.2207731421160443,lignin
C22 H22 O13,3.577726848801236e-06,0.0436638973020634,0.8013927513893027,0.5832048410771182,0.6606874806496034,3.704558711867581e-06,0.3281499784950484,lignin
C22 H24 O13,3.577726848801236e-06,2.5669726331038952e-06,0.8923570869524816,0.6308829531187365,0.6481366866131723,3.704558711867581e-06,0.3978476153796935,lignin
C22 H22 O12,3.577726848801236e-06,0.132941659308922,0.740213235568831,0.6934998115144485,0.6574520701845225,0.1269045451384344,0.299766019011101,lignin
C23 H22 O13,0.179174121764426,0.1542168493903191,0.6465987111409573,0.4718467758385868,0.6739878021861783,0.1250001299409932,0.3638218498037255,lignin
C23 H20 O14,0.2442881962387595,0.1269282259855399,0.6947658662150136,0.5392905428036096,0.6700174026780708,0.2880271537173883,0.4625319698664435,lignin
C22 H20 O14,0.1704842138886378,0.1039855088254305,0.7128129104322477,0.4609786520644423,0.6784211621974998,0.3562753079575552,0.3987822571972573,lignin
C21 H26 O10,3.577726848801236e-06,2.5669726331038952e-06,0.8923187679680114,0.3534810627591109,0.6082034572547625,0.2715250893708164,0.5208439142950232,lignin
C22 H22 O14,3.577726848801236e-06,2.5669726331038952e-06,0.7861964480217345,0.4473030915713162,0.6585992075816364,0.3330713809536234,0.5002209694349949,lignin
C21 H26 O12,3.577726848801236e-06,2.5669726331038952e-06,0.8576169998342704,0.4424590582617685,0.6507622063871644,0.2851295215437489,0.3792011261711548,lignin
C21 H24 O11,0.221459729598045,2.5669726331038952e-06,0.9264879980150766,0.3514150176638104,0.605264225590486,0.3135156772768858,0.3691590407570823,lignin
C19 H22 O12,0.2133804727784874,2.5669726331038952e-06,0.9346440980621132,0.4380941396492702,0.6707732092460723,0.3097006357025249,0.1679508189027879,lignin
C20 H22 O9,3.577726848801236e-06,5.6448562192243183e-05,0.7598037684805278,0.4441831755967083,0.6302901267453997,0.3986133580796426,0.7150051313127124,lignin
C22 H26 O13,3.577726848801236e-06,2.5669726331038952e-06,0.7241469475575958,0.4564143984513489,0.6498092853889472,0.3123072260394265,0.7081843410212334,lignin
C23 H26 O12,3.577726848801236e-06,2.5669726331038952e-06,0.7518602908985706,0.4461776974943745,0.6401865172956924,0.2280522125780594,0.7281925037622162,lignin
C20 H26 O12,3.577726848801236e-06,0.0558597180370957,0.7826764182095646,0.5723730459461694,0.6237078765110214,0.299573528462431,0.7206961678243842,lignin
C21 H26 O13,3.577726848801236e-06,0.246749658129834,0.6045737539863718,0.6893839009901199,0.6370532624346071,0.1581105243784376,0.730840517549433,lignin
C23 H26 O14,3.577726848801236e-06,0.1644640151316301,0.6177525628215801,0.5596534088666688,0.6394831650945652,0.0749335533736788,0.7423330139439566,lignin
C22 H24 O14,3.577726848801236e-06,0.1980929607531266,0.5348851244744312,0.5566298148305241,0.5935246388207718,0.0067445913166047,0.4643806104657921,lignin
C20 H20 O10,3.577726848801236e-06,2.5669726331038952e-06,0.8410268913053266,0.1254601659640608,0.6751044619539204,0.0921043265568932,0.2936669067966014,lignin
C21 H22 O10,3.577726848801236e-06,6.330435282873791e-05,0.7900679108202274,0.1198652808404474,0.6446682744300417,3.704558711867581e-06,0.5911863009747255,lignin
C20 H22 O10,3.577726848801236e-06,2.5669726331038952e-06,0.9236867844528384,0.3499169242182234,0.6046201381298327,3.704558711867581e-06,0.5514349302372746,lignin
C22 H26 O11,3.577726848801236e-06,2.5669726331038952e-06,0.8318282274883151,0.4398963200936787,0.6359471804811795,3.704558711867581e-06,0.5938162789446495,lignin
C22 H24 O11,3.577726848801236e-06,2.302896401700584e-05,0.8292193752281177,0.4468705501192381,0.5367075755987695,3.704558711867581e-06,0.6223813327573323,lignin
C23 H24 O13,3.577726848801236e-06,3.553217961253792e-05,0.687241981513006,0.4469584041949792,0.6670026289974116,0.000613538225775,0.4952123493572163,lignin
C25 H20 O16,0.0407770449444939,0.2748054217448641,0.4525317353039509,0.1370891215333363,0.6389410883363417,3.704558711867581e-06,0.3777128031665987,lignin
C23 H28 O11,3.577726848801236e-06,0.2762197529342989,0.5850222585401041,0.162471823564822,0.6422920819505297,0.2169286528310348,0.6953192821229408,lignin
C18 H16 O13,3.577726848801236e-06,0.1722504015971571,0.8279286960336977,0.4379676887528184,0.6304779674753945,3.704558711867581e-06,4.282405132853128e-06,tanin
C20 H16 O14,3.577726848801236e-06,0.1748924542722033,0.8059765162103674,0.440943084016773,0.5424946060392075,3.704558711867581e-06,4.282405132853128e-06,tanin
C19 H16 O13,3.577726848801236e-06,0.1420800746795394,0.8539809113978861,0.3761774298494278,0.5243978494675592,3.704558711867581e-06,4.282405132853128e-06,tanin
C18 H16 O12,3.577726848801236e-06,2.5669726331038952e-06,1.0,0.3564169539313489,0.5126627546463894,3.704558711867581e-06,0.0077121944577651,tanin
C17 H16 O12,3.577726848801236e-06,2.5669726331038952e-06,0.9789463045650364,0.3541761079555721,0.5944534095579971,3.704558711867581e-06,0.0760301948414249,tanin
C19 H18 O13,3.577726848801236e-06,2.5669726331038952e-06,0.9566248255288738,0.3525554195153086,0.5926265872155281,3.704558711867581e-06,0.00516261131596,tanin
C18 H18 O12,3.577726848801236e-06,2.5669726331038952e-06,0.9081993047020268,0.356003767594064,0.605383093175088,3.704558711867581e-06,4.282405132853128e-06,tanin
C20 H16 O13,3.577726848801236e-06,2.5669726331038952e-06,0.8479769971136225,0.4606485944330758,0.5527147066878352,3.704558711867581e-06,4.282405132853128e-06,tanin
C21 H18 O14,3.577726848801236e-06,2.5669726331038952e-06,0.8588383216667992,0.4490495126518186,0.6344662381766359,3.704558711867581e-06,0.0187884062453741,tanin
C20 H18 O13,3.577726848801236e-06,2.5669726331038952e-06,0.8845454745758328,0.4572873443708899,0.6360704917138039,3.704558711867581e-06,4.282405132853128e-06,tanin
C20 H20 O13,3.577726848801236e-06,2.5669726331038952e-06,0.9398844107833454,0.4375979002119838,0.6908480170945207,3.704558711867581e-06,0.0402019556040382,tanin
C19 H20 O13,3.577726848801236e-06,2.5669726331038952e-06,0.9244827655577472,0.4412393458031685,0.6940420823127835,3.704558711867581e-06,0.0511668775037349,tanin
C19 H22 O13,3.577726848801236e-06,2.5669726331038952e-06,0.8560781094179442,0.4365513253036825,0.7010799030705125,3.704558711867581e-06,0.0944903599476765,tanin
C18 H18 O13,3.577726848801236e-06,2.5669726331038952e-06,0.9040582678477856,0.4395659600386437,0.6761016745307966,3.704558711867581e-06,0.1965467299130839,tanin
C17 H18 O12,3.577726848801236e-06,2.5669726331038952e-06,0.9916103457426172,0.4552825400684899,0.5943598997474365,0.0360762001532056,0.3160593248334739,tanin
C20 H22 O13,3.577726848801236e-06,2.5669726331038952e-06,0.8998721103893305,0.4495877133731292,0.6591961537328334,3.704558711867581e-06,0.370631014968072,tanin
C20 H20 O14,3.577726848801236e-06,0.0394101104077699,0.840304578448062,0.5874778985002659,0.6713334953010838,0.0003019586567099,0.2361365757970251,tanin
C20 H18 O14,5.328776710138901e-05,0.164330347512039,0.8386234288018899,0.4402824017096615,0.6591691537410445,3.704558711867581e-06,0.2741872732525087,tanin
C19 H18 O14,0.009044138492594,0.1945195929293543,0.7700235853349414,0.4365248254297175,0.6757328517449288,3.704558711867581e-06,0.2358936443804288,tanin
C17 H16 O13,0.0014052600151871,0.2024628494152797,0.7248746250726863,0.4379003238806279,0.6706360840641605,3.704558711867581e-06,0.329819303808864,tanin
C21 H20 O15,0.4334774657235056,0.2391897365059096,0.7106813211236276,0.4362947566237966,0.6650090732530547,3.704558711867581e-06,0.3611492668164212,tanin
C19 H16 O14,0.4366766682163547,0.2443600337086063,0.7546644741821052,0.4314244124550768,0.6922605658599352,3.704558711867581e-06,0.0523906061733903,tanin
C16 H14 O12,0.3315163286222097,0.4085155336730475,0.7111315212924227,0.4334155698894293,0.6753275137644412,3.704558711867581e-06,0.1250346913424457,tanin
C17 H14 O13,0.4356499848932426,0.4315059680437815,0.5796307774251367,0.5125790856794984,0.6914609507184944,3.704558711867581e-06,0.0565135771362766,tanin
C17 H14 O12,0.2867142145404431,0.1557708283271945,0.807365675194876,0.4610425390644433,0.6001239391394103,0.2720755713947274,0.1240095867117005,tanin
C23 H20 O15,0.2845427757109269,0.3776703808997242,0.6071328394654885,0.5891839838239629,0.6999616976860669,0.2701167369093025,0.0646827824873686,tanin
C23 H22 O15,0.1892826288854886,0.2596296401582498,0.6542472283399545,0.5535038125795847,0.7138538938190305,3.704558711867581e-06,0.0639245803467134,tanin
C18 H20 O13,0.1303543124300704,0.2814440817683309,0.7601261748361144,0.5390589240763868,0.6851787433266792,3.704558711867581e-06,0.0587666931764552,tanin
C22 H20 O15,0.2221724840586797,0.2054298099889282,0.760350292996535,0.5736475726947113,0.6986434315395647,0.0260659147388534,0.0567649705105185,tanin
C16 H16 O12,0.1940103552410725,0.2112503810938617,0.8331020463295682,0.5832376918481247,0.6727016558867952,3.704558711867581e-06,0.1511984892610511,tanin
C21 H22 O14,3.577726848801236e-06,0.0852653562254443,0.5078092174401194,0.6422080768591608,0.4875984062759766,0.1936412777212217,0.1039773225362997,tanin
C17 H18 O13,0.2128710698573194,0.4370960875552128,0.6950790760143275,0.4956043475821757,0.6205518238035599,0.1883932208848233,0.5262649043178421,tanin
C22 H22 O15,3.577726848801236e-06,0.3703768783049183,0.6989603101538603,0.5105563249717725,0.6417240195114788,3.704558711867581e-06,0.4319049129627652,tanin
C19 H20 O14,0.0029838416636042,0.3012475413379123,0.7516016856521268,0.5234924217921052,0.6205087880384723,3.704558711867581e-06,0.5756308993302639,tanin
C23 H24 O15,3.577726848801236e-06,0.4014144351916582,0.5716997535131324,0.5067935696865031,0.628123703432863,3.704558711867581e-06,0.7033416013854943,tanin
C21 H24 O14,3.577726848801236e-06,0.1409913075932122,0.7558168218425876,0.5619864562584235,0.6201748865299987,0.0736160296664643,0.7375590435299358,tanin
C20 H22 O14,3.577726848801236e-06,0.0664466243750704,0.789528379518886,0.575028363559823,0.6379900027579598,3.704558711867581e-06,0.5982020498626548,tanin
C20 H24 O13,3.577726848801236e-06,0.0472738454316973,0.8486054284589349,0.6946075138067745,0.6246228815994814,0.3850087959657168,0.6997690372499134,tanin
C21 H20 O14,3.577726848801236e-06,0.0406387542940537,0.782765270354805,0.5861858689819013,0.6562910222370774,0.3402340663495344,0.4243304218166644,tanin
C18 H20 O12,0.1722330371280523,2.5669726331038952e-06,0.9415862526811316,0.4428479750996448,0.6446236447477288,0.30114331961399,0.3687353524164958,tanin
C13 H16 O9,0.6127511926055753,0.4693037437432757,0.7520664949337512,0.204369693126167,0.6116967442067146,0.5764398683500228,0.6010591318993059,tanin
C18 H22 O13,0.5267019589809223,0.5518992390801132,0.4367906796734073,0.2416144721217545,0.6141335538413164,0.5487988202605244,0.6117098954738504,tanin
C18 H20 O14,0.6433133422377375,0.5670094745035082,0.4902127086827945,0.5297706237442802,0.6420189424987116,0.5886883662581287,0.5905570717979508,tanin
C14 H14 O11,0.6141745408464033,0.5444087513215711,0.4736611586319739,0.5401671178071744,0.6642729249975005,0.5925185589523055,0.5905113074452283,tanin
C12 H12 O8,0.6028566716230275,0.5340201177939088,0.5170169341172121,0.5415910418480263,0.6522121397565943,0.5790107768901711,0.594974436069377,tanin
C14 H18 O10,0.6046090734894233,0.5210972967543976,0.5216525253647728,0.5430395000089971,0.6530557083730404,0.5816840789330202,0.5938175672173133,tanin
C12 H10 O8,0.6160112542641929,0.5121755898263242,0.5694258570759357,0.5442316919137505,0.6434339545907473,0.5716117288274926,0.5972523475241884,tanin
C15 H12 O11,0.6346605823105812,0.5117030235328307,0.5820345752196875,0.5342937099354794,0.6359362645632112,0.5797737384262857,0.5902075204818483,tanin
C12 H16 O8,0.6302654882075464,0.5203956284200636,0.5841251632149245,0.5311353861549537,0.6240903200440887,0.5793911921420836,0.5895327723376205,tanin
C10 H8 O7,0.6383867207460974,0.549605990052633,0.5340883290911024,0.5365972710195412,0.5582687354102236,0.5846529707473718,0.5985552819577965,tanin
C14 H12 O10,0.6201296012140143,0.4991684774609353,0.6192088279276423,0.5418994005811676,0.6345129447813943,0.5693128647508652,0.5962955290129126,tanin
C15 H18 O11,0.6327181756078625,0.4986280620978457,0.6267789828033977,0.536820686504752,0.625892750622956,0.5762379400464731,0.5915200862872761,tanin
C13 H12 O9,0.620801932944723,0.4830276295278358,0.6600987767622183,0.546600349692488,0.6269448325928059,0.5682666318494106,0.602101835254833,tanin
C15 H14 O11,0.6341724035733333,0.48320656287707,0.6766847660003315,0.5312539362330622,0.6199450243458781,0.5771356244044155,0.5937499022293068,tanin
C12 H14 O8,0.6148397153231495,0.4535479516613513,0.708999069806652,0.5489559654505153,0.6188270121635204,0.5696041404813909,0.6019553402490673,tanin
C15 H16 O11,0.6320608786118924,0.475214833926278,0.7238357495049667,0.5343727559218713,0.6128252859028648,0.5760746302061249,0.5948866494892888,tanin
C14 H14 O10,0.6342971378546531,0.4625720760171071,0.7682324602033397,0.5389875898935453,0.6079161657500033,0.5738005588710144,0.59933253979827,tanin
C14 H16 O10,0.6342583356350582,0.4618709524563245,0.7667305476070273,0.5380447085006304,0.606663250209745,0.5700299831045523,0.5989445243412065,tanin
C15 H14 O10,0.6303586675515853,0.460449984934535,0.7673466210798482,0.5394318502627835,0.6068309979225945,0.5705173657821289,0.5975275471036962,tanin
C15 H20 O10,0.6302850243598714,0.4602475272728497,0.7674063028981606,0.5398512362852756,0.6080590386940312,0.5702412671596178,0.5988462475408561,tanin
C13 H14 O9,0.6369353736878818,0.4415608039589783,0.8094978392882631,0.536129232589356,0.5996418033289685,0.5688507426023813,0.5975480981199992,tanin
C15 H18 O10,0.6338325015313823,0.440679558452122,0.8096679755793112,0.5389187885089288,0.5994708194811461,0.5717505058083104,0.5989944602435069,tanin
C16 H20 O11,0.6622913637962867,0.3793984026050873,0.7658984029605247,0.5566991832595193,0.613145325161529,0.5793267933858163,0.608116718975649,tanin
C15 H12 O10,0.6673129201848246,0.379812034305282,0.7641725158999836,0.5552992640973659,0.6121284059716834,0.5807058831356445,0.6110774762885748,tanin
C17 H20 O12,0.4437917438959877,2.5669726331038952e-06,0.8700505523202624,0.4946334541969525,0.6284781809637017,0.6614893150560758,0.6585245584951552,tanin
C18 H22 O12,0.4656255998138934,0.0903704044141317,0.8969128310161524,0.6311809538412266,0.6118297638442579,0.6394813649542488,0.6426496038837617,tanin
C16 H16 O11,0.6189565317909916,0.1694055693487816,0.9524429789561716,0.5234643341938798,0.5147843550745252,0.6285566539092332,0.5331575311469056,tanin
C16 H18 O11,0.594765463539778,0.2521836257314575,0.8386454622179603,0.5828945165901308,0.5914302315865128,0.5928342116131696,0.6273418573223302,tanin
C15 H16 O10,0.6337446788742711,0.4020157413803452,0.8936814868532355,0.5434247499598911,0.5872480825900286,0.5712110427806292,0.6016531482899377,tanin
C16 H14 O11,0.6843638398604488,0.2398343274295068,0.8018050636622028,0.4006886791782362,0.5269311635450844,0.4746742405286789,0.6363472513199734,tanin
C22 H18 O15,0.41450223504386,0.262564038130979,0.6715539018784924,0.4820294563677496,0.6580702685653924,0.4312846819008101,0.4333551705774228,tanin
C21 H18 O15,0.4107250505329138,0.3138350542564742,0.6647697172729529,0.5856907636333724,0.6453810452329558,0.4020179160562472,0.5403283635250257,tanin
C16 H18 O12,0.2954823232932515,0.3489648014874893,0.7549865452465778,0.57374933825921,0.6145737164981542,0.4266761686451136,0.649983985543863,tanin
C21 H22 O15,0.4961833380568208,0.4814680418996234,0.6284732567017509,0.5450646801060721,0.6261465215654586,0.4186708418960116,0.6288475413346886,tanin
C19 H22 O14,0.5367202689470968,0.5233536497549807,0.542573780809661,0.5466693400918975,0.6277331937126245,0.4231777932713643,0.6230907415708473,tanin
C15 H16 O12,0.6268694837378187,0.5663429688256801,0.5189634906295714,0.5417083066255431,0.645856032566144,0.3904086238822605,0.5034431540791896,tanin
C22 H24 O15,0.5042857546698606,0.5868874689999086,0.5004687848762632,0.549119463246376,0.6408332612850547,0.2686564860150746,0.5240726323220127,tanin
C22 H22 O16,0.5584189022807062,0.5961804143408963,0.500657074786204,0.548089975275353,0.5833351607030817,0.2914456153802733,0.6672409499918931,tanin
C24 H24 O16,0.5717299541971758,0.5788496323967124,0.4712555406856607,0.5490856295984464,0.6119530267763603,0.2949358044714463,0.6686223463653564,tanin
C15 H14 O12,0.6336393907169245,0.5661250594050795,0.5013496904305043,0.544333306266415,0.6492650834077563,0.2961310796921874,0.6456531195798612,tanin
C23 H26 O15,0.4877200878100531,0.6957736864073452,0.2808125828049305,0.5509510165896015,0.6559244695757427,0.2944841035906231,0.6563430221048572,tanin
C23 H24 O16,0.5716175988142186,0.7342860564318046,0.3043035093483952,0.5426938675586955,0.598900873321738,0.2853398700236628,0.6525003501341061,tanin
C21 H24 O15,0.5786936021892014,0.701713798163182,0.3227187750570234,0.5458028584782737,0.5686362975524677,0.2866230893086526,0.6545990076497017,tanin
C26 H24 O17,0.559594942639336,0.6885571206954718,0.3518182597624797,0.5413122450284951,0.5909556789580225,0.286550660199001,0.6536060561575231,tanin
C21 H26 O14,0.6828678837539518,0.7475330177344591,0.2683945255582836,0.535923584494678,0.6410153059524114,0.4366680592876052,0.6021217728079626,tanin
C20 H24 O14,0.6741877101936942,0.7530976319387065,0.3282637955528902,0.5356128441751462,0.6211525373954716,0.2942349547301172,0.6322715246897149,tanin
C24 H26 O16,0.585290519690461,0.8173208868754939,0.1531551971559649,0.5471411966208993,0.5354410393113118,0.2812268997399205,0.6596262156616289,tanin
C20 H22 O15,0.6171303516903544,0.5985714749833052,0.3374592022562218,0.547083282488354,0.542608933374743,0.4322870727111336,0.6332925727952271,tanin
C14 H16 O11,0.6518743182603065,0.5635721514930064,0.3221155384440001,0.5458341593279783,0.5339301989836605,0.6032285035236359,0.6129808684761335,tanin
C9 H8 O6,0.6284015862275347,0.5142285937175922,0.451732640781554,0.5513479854576555,0.463160129271517,0.5864964696071655,0.6214746955336261,tanin
C20 H26 O13,0.6682111330500201,0.7153251139220546,0.2785010858642224,0.5314647255301072,0.6426517759377426,0.5961614287105768,0.5799336073346147,tanin
C10 H12 O7,0.6200611796667006,0.6544018990607906,0.2687188239137286,0.5358847608562158,0.6183988280361346,0.6023286881334039,0.58838682313004,tanin
C12 H10 O9,0.6429686686931448,0.6254346550067958,0.2522018567463925,0.5446207221605026,0.6704597871589199,0.6094894244144157,0.5873338749395202,tanin
C17 H20 O13,0.6242931423964034,0.6020692678580237,0.3585319613859593,0.5356819101804728,0.6858013370550495,0.6005422073814592,0.5895186626846363,tanin
C13 H18 O9,0.6773466700133206,0.5868454719115748,0.332748481849734,0.5393924973829012,0.681783796237486,0.6009076014545491,0.5857037805956322,tanin
C12 H14 O9,0.6428242182027964,0.5988241508614652,0.2937453119117437,0.5412894876474297,0.6957953429602713,0.600724540583223,0.5871989130414111,tanin
C12 H12 O9,0.6246460985493552,0.6433301194995452,0.3063265122347727,0.5408408799379547,0.6870917338003671,0.5969991323060233,0.5815072630665662,tanin
C19 H24 O13,0.6055137683959433,0.6492161500991785,0.3266235514226402,0.5336016133697875,0.6737232602272732,0.5595259690193645,0.5906181727300037,tanin
C13 H14 O10,0.6284646961020964,0.5721880918840825,0.4192204194204445,0.5360644761213076,0.676367762106405,0.595828883720587,0.58652011604024,tanin
C13 H12 O10,0.6315947118066422,0.5704148044490764,0.4192218084836315,0.5379433209657174,0.6740840168259699,0.5940523824369258,0.5895787207292948,tanin
C14 H12 O11,0.6277821461534666,0.5681895530657973,0.4183238988800319,0.5414616801237638,0.6766820053024313,0.5960826844686521,0.5887172957414553,tanin
C17 H22 O12,0.5594134904964271,0.4694715835220066,0.2834709623525557,0.5662383818277247,0.6482582107264834,0.5697317945131843,0.6232874792104999,tanin
C15 H22 O10,0.664178223005989,0.5694297548182249,0.1693051522748544,0.5547917593784226,0.6169110753579914,0.6078478538581716,0.6065048444880058,tanin
C11 H14 O8,0.6594263015308781,0.6001960887636196,0.129191821483347,0.5517183788458273,0.6884027548685718,0.6130954948833914,0.5984435703139527,tanin
C16 H20 O12,0.649919217559994,0.5996089714497058,0.1773706279236187,0.5490018204392734,0.7387967180761322,0.6105437136574533,0.5910158195588868,tanin
C18 H24 O12,0.6366964384423943,0.6023907833031463,0.2114827866331886,0.5411773262693212,0.7255011782912338,0.608670796156782,0.5896971191217268,tanin
C13 H16 O10,0.6457591874833223,0.6307929981344973,0.2066218318582121,0.5460108881593422,0.7289927264243945,0.6106677293414351,0.5882588547121057,tanin
C11 H12 O8,0.627884508389382,0.6401728596193835,0.192054211304292,0.541860161110161,0.728593136206023,0.6109052614771422,0.5834197345090887,tanin
C16 H22 O11,0.6583532986208016,0.7233281840676914,0.0964407770515265,0.5401994771397193,0.7069146061261484,0.6219379274993708,0.5832777177844876,tanin
C23 H22 O16,0.4843741391038866,0.3477410419913434,0.2691381294012946,0.2473447579922637,0.6214173208569865,0.0111965630334402,0.4670650639654983,tanin
C28 H24 O19,0.4734338938018361,0.3204881012541876,0.1446654944250667,3.086014032624942e-06,0.2955203439383569,3.704558711867581e-06,0.5013884511999555,tanin
C24 H26 O17,0.7097096117509326,0.4477932114876299,1.8492174467358817e-06,3.086014032624942e-06,0.4012759065887225,3.704558711867581e-06,0.4885762728271947,tanin
C24 H20 O18,0.4678212562700246,0.5988102838983361,0.1698505870947408,3.086014032624942e-06,0.4434219760612953,3.704558711867581e-06,0.6919524735356588,tanin
C25 H22 O18,0.4879146390781385,0.6989263899996216,0.208138209871162,3.086014032624942e-06,0.4842278509503852,3.704558711867581e-06,0.6718517392018366,tanin
C26 H22 O18,0.485544642718885,0.645498219184785,0.2226608415423774,3.086014032624942e-06,0.5541950210855928,3.704558711867581e-06,0.663809605078788,tanin
C22 H18 O17,0.5084343511458629,0.6980170638924288,0.2631675286841548,3.086014032624942e-06,0.4855251546703465,3.704558711867581e-06,0.5466029875533843,tanin
C25 H20 O18,0.4915809086597551,0.6983031690567038,0.266038003810823,3.086014032624942e-06,0.3987818125350481,3.704558711867581e-06,0.6503607746248565,tanin
C27 H22 O18,0.6108555556315794,0.7157354274560719,0.2107843033943914,3.086014032624942e-06,0.4174129660819244,3.704558711867581e-06,0.6466884000309921,tanin
C17 H14 O14,0.7243164867480066,0.6665336098537847,0.2067771674415084,3.086014032624942e-06,0.5935697032077826,3.704558711867581e-06,0.6522432477182084,tanin
C26 H22 O17,0.6367778240723568,0.7692727015558138,0.336041998564954,3.086014032624942e-06,0.5971259257398794,0.0128671843351246,0.6281213236302272,tanin
C24 H22 O17,0.6258798470814428,0.7288609042567417,0.3873930062105494,3.086014032624942e-06,0.5912488631264639,0.0183487889915237,0.6323501706685221,tanin
C22 H18 O16,0.5405879319515302,0.6778619777577873,0.4989639025586544,3.086014032624942e-06,0.6181177189981892,3.704558711867581e-06,0.2847085347511858,tanin
C22 H20 O16,0.6683485613289337,0.6901410250340285,0.4990459530841513,0.1951441457053041,0.607691278519647,3.704558711867581e-06,0.3864466783637735,tanin
C16 H14 O13,0.7047147037545064,0.6711774081813894,0.4782027725701213,3.086014032624942e-06,0.6639050682220723,3.704558711867581e-06,0.4857035474796264,tanin
C23 H20 O17,0.6741467923078336,0.6529411630697415,0.3941541515266762,3.086014032624942e-06,0.6208481475059301,0.001997583295685,0.5014696430509314,tanin
C24 H20 O17,0.650307554855175,0.716125782468157,0.4311230623766009,3.086014032624942e-06,0.6068523467533113,0.0046558113711831,0.4915619060717947,tanin
C21 H18 O16,0.5291171045585675,0.6661077950359838,0.493478731526657,3.086014032624942e-06,0.5971165554386146,3.704558711867581e-06,0.5065240274814324,tanin
C25 H20 O17,0.4223461802590872,0.6926971520625423,0.3835949003179518,3.086014032624942e-06,0.6242323235787209,3.704558711867581e-06,0.5275035478108966,tanin
C21 H20 O16,0.5952567032409847,0.6710746936044972,0.4071229723269874,3.086014032624942e-06,0.5996135958241301,0.2998353595638806,0.6460154309299666,tanin
C19 H18 O15,0.6262694897877239,0.6217912094943531,0.5011065564740403,3.086014032624942e-06,0.6345687801848074,0.2471091767344082,0.4823983919412533,tanin
C19 H16 O15,0.4511301799162592,0.6093599722977696,0.4286450694483695,3.086014032624942e-06,0.5955500729096379,0.1981282441718086,0.516325696677919,tanin
C20 H16 O15,0.5132474468859733,0.4680468025853566,0.6212289089914539,3.086014032624942e-06,0.612705645509911,0.0541638044997214,0.6662508817766286,tanin
C20 H18 O15,0.3957826398689475,0.4415135077097343,0.6686745654866655,0.1871203921406742,0.6296193773966116,0.2166952398248146,0.5444904044237565,tanin
C23 H24 O17,0.7448796825096159,0.7339455234372477,0.0710685919401764,3.086014032624942e-06,0.3131532947476563,0.3096232168587315,0.5435491678770806,tanin
C27 H26 O18,0.7562454468161113,0.6267125451840136,0.1343348758321207,3.086014032624942e-06,0.4522917390168235,0.3303535871146769,0.5783743066409167,tanin
C22 H20 O17,0.5716547355093066,0.7385922437320831,0.237970521205247,3.086014032624942e-06,0.5580934528159446,0.2840522847212989,0.6579285790223691,tanin
C23 H22 O17,0.635110048856586,0.6937168195763485,0.2191135094537724,3.086014032624942e-06,0.4918470650912324,0.2925853798086874,0.6735874105578362,tanin
C24 H24 O17,0.7305373108099202,0.7670447263047773,0.2583290384138239,3.086014032624942e-06,0.5469069553234662,0.3003206631855648,0.6439276930588543,tanin
C22 H24 O16,0.7179593147474003,0.6079913030369244,0.3262662029430896,0.247909893321563,0.402034997592219,0.4495118948505008,0.6531140586925983,tanin
C26 H26 O17,0.695079689495816,0.7443630299631396,0.2850866344340142,0.2501538391399434,0.4080988383241458,0.3119156358620925,0.5669035881890426,tanin
C25 H26 O17,0.7006529846379221,0.6435776447914002,0.1515469613524302,0.2766480426610924,0.4344019984823976,0.2947648800888921,0.6843943618562831,tanin
C25 H24 O17,0.5943491724413852,0.6567319945902996,0.3176851214089124,0.2581901432868221,0.6051091809149182,0.2932323560142045,0.649746636642143,tanin
C15 H12 O12,0.6748130921389764,0.6200924569861661,0.4077778437715844,0.2932448267785271,0.6809514333421401,0.27948342945675,0.5099293922291516,tanin
C25 H22 O17,0.6382415500289351,0.729635572246977,0.3446053575688137,0.5446600372374263,0.5523653490123268,0.00953941092784,0.5143304383801701,tanin
C16 H16 O13,0.5420790715412097,0.6044451243658588,0.5076826210951757,0.5588153928808561,0.6483605112320449,0.0173553738553108,0.6439109455142253,tanin
C20 H20 O15,0.5232020617933,0.5513567931974226,0.6246553446840551,0.484507969544122,0.6310033322530116,3.704558711867581e-06,0.5111221793500076,tanin
C18 H18 O14,0.5294717712502021,0.5684913576133293,0.6188758838513262,0.4872134516838118,0.6452108824940072,3.704558711867581e-06,0.4014230627921887,tanin
C24 H22 O16,0.3714977620752327,0.6420524274218007,0.4951094917082507,0.4831445302369988,0.6364993037479756,3.704558711867581e-06,0.2892625172712888,tanin
C24 H20 O16,0.3667945909525827,0.6184420407494579,0.541781775299391,0.4823799275967494,0.6440158792796074,3.704558711867581e-06,0.2962332993086208,tanin
C18 H16 O14,0.3777158852865944,0.5536232492711425,0.5544478282236565,0.4878912965341189,0.6683101724280335,3.704558711867581e-06,0.3071335276825563,tanin
C23 H20 O16,0.4883082880460714,0.5333562369341016,0.5232416615494856,0.2441692338655838,0.6691365943591753,3.704558711867581e-06,0.1394550404189413,tanin
C23 H28 O16,0.7908251566583349,0.5489882168452302,1.8492174467358817e-06,3.086014032624942e-06,0.0837562929542579,0.4833850169302719,0.4464127342194727,tanin
C22 H26 O16,0.7291326884662518,0.7212879575924496,1.8492174467358817e-06,3.086014032624942e-06,0.2497315939993363,0.5336185416857463,0.4145360528319392,tanin
C26 H28 O17,0.7306924296599485,0.741181502897502,1.8492174467358817e-06,3.086014032624942e-06,0.3772356500356699,0.4741456925444328,0.6666248489270253,tanin
C19 H24 O14,0.6810132546941683,0.7081498519503586,1.8492174467358817e-06,3.086014032624942e-06,0.3071194727901424,0.6377569959970898,0.6670513898713673,tanin
C18 H22 O14,0.7078694772557774,0.6722346650702491,1.8492174467358817e-06,3.086014032624942e-06,0.3855910848828543,0.652130029145245,0.6506275084125739,tanin
C21 H26 O15,0.7164586321524374,0.5983908577885483,1.8492174467358817e-06,3.086014032624942e-06,0.3096620122673665,0.6541795624439759,0.676101812065925,tanin
C20 H26 O14,0.7194938029884371,0.5978758982077742,1.8492174467358817e-06,3.086014032624942e-06,0.3042825174811664,0.6563557622229516,0.680842716814909,tanin
C19 H22 O15,0.7430851023604353,0.6022507765004104,1.8492174467358817e-06,3.086014032624942e-06,0.3013824816904796,0.6600490490866135,0.6777998167830886,tanin
C20 H24 O15,0.7313614753558191,0.5780924466849935,1.8492174467358817e-06,3.086014032624942e-06,0.2476316563553102,0.6606195939998862,0.6958571052869054,tanin
C12 H10 O10,0.7260746504289131,0.51570968442952,0.0214854066937518,3.086014032624942e-06,0.268709545294056,0.6348365981614285,0.6939172120405399,tanin
C19 H20 O15,0.7228646445338566,0.6354239695212074,0.2852790436347855,3.086014032624942e-06,0.5516291524562505,0.4570298129338275,0.624773900479219,tanin
C17 H16 O14,0.6608282680381706,0.6167201106028979,0.3025052952046665,3.086014032624942e-06,0.5538200158329111,0.6146652340585531,0.6041124608050711,tanin
C21 H22 O16,0.6644358841486361,0.6116366800192315,0.2363639019838696,3.086014032624942e-06,0.5182921321830725,0.6178361581292489,0.6171346889683432,tanin
C17 H18 O14,0.6704791272867652,0.6875551830845237,0.0765520146685072,3.086014032624942e-06,0.5886968567469308,0.6303076867582124,0.6038190413693185,tanin
C23 H26 O16,0.6888991081071251,0.6664669989058966,0.090891559429392,3.086014032624942e-06,0.5439556968292156,0.4936144397084706,0.5277652512005935,tanin
C14 H12 O12,0.612728415432588,0.6538533120944284,0.0617197536280893,3.086014032624942e-06,0.5029335805032045,0.6409756344005162,0.6331074909558658,tanin
C14 H14 O12,0.599513378753237,0.6153408430202325,0.0626499290140812,3.086014032624942e-06,0.4722074449458575,0.6491329141471541,0.6398773638039673,tanin
C18 H18 O15,0.5448641886302834,0.6172547810812626,0.0545367881410406,3.086014032624942e-06,0.521451276123941,0.6309494393357998,0.6366961891729026,tanin
C20 H20 O16,0.5101301251790213,0.6699271528806932,0.1323725127386674,3.086014032624942e-06,0.499848288060449,0.6138133928830383,0.6279938459828315,tanin
C18 H16 O15,0.4541651706955554,0.6068090453804292,0.110964833709977,3.086014032624942e-06,0.5778341659538314,0.6369922672634666,0.6326064755822947,tanin
C16 H18 O13,0.4529948921514363,0.6386407087682194,0.0574518569858861,3.086014032624942e-06,0.5856502047217624,0.6360150590176399,0.6303356803002926,tanin
C20 H16 O16,0.4355985336902297,0.6507519657905981,0.2109475901669654,3.086014032624942e-06,0.5575507964514572,0.4543124349060594,0.6404909496698249,tanin
C20 H18 O16,0.4139082279791552,0.7342409888016349,0.1655669916435874,3.086014032624942e-06,0.486022891549389,0.4433885035070034,0.6491426208017878,tanin
C15 H20 O11,0.6470896714793423,0.6960445874370464,1.8492174467358817e-06,0.546457341100178,0.603469716297224,0.6306570721009307,0.6076887057196914,tanin
C14 H18 O11,0.6889523598771725,0.6583385317936779,1.8492174467358817e-06,0.5626215081596174,0.4905851173533632,0.646122701096941,0.6361018047043668,tanin
C12 H16 O9,0.6736704072846621,0.6317807716331063,1.8492174467358817e-06,0.5602373133649033,0.5395543117634473,0.6345107061502944,0.6206733899367624,tanin
C15 H18 O12,0.6617572705996573,0.6349132690791088,0.0776671450153228,0.555545361357725,0.5329347735260975,0.6298709290916158,0.622253364339398,tanin
C23 H28 O15,0.6707738350961485,0.6013269396068003,0.1426989282180043,0.5520825725487919,0.4390857967002049,0.620802295194543,0.6374341853702897,tanin
C10 H10 O7,0.6261509674626733,0.7074535818266713,0.1389942368247356,0.543832265853389,0.4343149126412609,0.6143827423391728,0.617045368730322,tanin
C11 H10 O8,0.6276874813416241,0.7443618413663,0.1201956974486262,0.5403020365663482,0.4840660442017397,0.6210544326978942,0.6081902732101184,tanin
C24 H28 O16,0.6540699747164377,0.69671505510434,1.8492174467358817e-06,0.5463360314060931,0.3845148768022736,0.6243953195877939,0.6438122392896538,tanin
C22 H26 O15,0.7010964192843611,0.8812168814824338,0.1138929789082729,0.2608081682818359,0.4870898017794878,0.6096811653440926,0.5975814705166225,tanin
C13 H12 O11,0.6095772430653862,0.6594333780575911,1.8492174467358817e-06,0.2873564111322757,0.4555398042186642,0.638895383050975,0.6428226004986106,tanin
C13 H14 O11,0.6172548609007948,0.5879489850274437,1.8492174467358817e-06,0.2957354747046039,0.4827807190112304,0.6552888946917649,0.6498228287682574,tanin
C12 H12 O10,0.6181397045557587,0.5901224333984618,1.8492174467358817e-06,0.2990145411348357,0.3997518077677865,0.6531964808652532,0.6634953278951459,tanin
C10 H8 O8,0.7147297276858429,0.4485966534263582,0.0501290631295689,0.2669396191488014,0.3407889697063956,0.6425260383558784,0.6793880115922455,tanin
C19 H26 O13,0.6349307573941185,0.6984006339975543,1.8492174467358817e-06,0.2941686932832761,0.0048869619110536,0.5064313514975596,0.6759525564758798,tanin
C25 H28 O17,0.6849788235311064,0.7166747656334657,1.8492174467358817e-06,0.2901476303820261,0.1438734651905383,0.6347161688488611,0.6686717914971182,tanin
C11 H10 O9,0.7282454140457914,0.434571705967291,0.0214092222659165,0.3212291284195233,0.1290883493827918,0.6487543700455448,0.7435168751756421,tanin
C23 H30 O15,0.663113367661744,0.3938445590692019,1.8492174467358817e-06,0.2696177130449996,2.5105070760420363e-06,0.6993228826816827,0.6329692163566214,tanin
C14 H20 O10,0.6830162954917762,0.5451064576664397,1.8492174467358817e-06,0.5761094903722669,0.3250051319304607,0.6298300236669327,0.6709239374986542,tanin
C9 H10 O6,0.6615011849531655,0.5502846293231991,1.8492174467358817e-06,0.5056389539225786,0.240933412417388,0.6271100468192992,0.6912709159502082,tanin
C18 H24 O13,0.6365135908600337,0.4883205998293571,1.8492174467358817e-06,0.5844418294877896,0.2113398758000377,0.6364190715539311,0.715976182169607,tanin
C11 H12 O9,0.6767352424625563,0.3044262207236217,1.8492174467358817e-06,0.6485849067302724,0.1378149737414212,0.6871630565073877,0.7644214303053384,tanin
C11 H16 O8,0.7182166157766404,0.4210944045020878,0.0525721139338365,0.6024704384644196,0.1257251478116724,0.6339472300270558,0.7368284702369446,tanin
C21 H28 O14,0.663747437342968,0.378811359578476,1.8492174467358817e-06,0.520396586302113,2.5105070760420363e-06,0.697205000420489,0.6351897076584191,tanin
C12 H14 O10,0.8531137925955642,0.1965437114411756,1.8492174467358817e-06,0.6583880455552868,0.3494017014341874,0.7092260496139661,0.7106793570930483,tanin
C27 H24 O19,0.1074899019699283,0.2704209356277742,0.1224850412264374,3.086014032624942e-06,2.5105070760420363e-06,3.704558711867581e-06,0.5007171691226563,tanin
C26 H24 O18,0.1714984282850355,0.2657005470913153,0.2147539585905894,3.086014032624942e-06,0.370827668084609,3.704558711867581e-06,0.5434799692311411,tanin
C26 H22 O19,0.1733872456113879,0.4877909808875609,0.1440464153069015,3.086014032624942e-06,0.1914582700395243,0.1973210247333844,0.5316463259659883,tanin
C27 H22 O19,0.244950287244459,0.5555878512724622,0.157780059087874,3.086014032624942e-06,0.2015159843332427,0.072530528596842,0.4117211770616059,tanin
C23 H20 O18,0.4586835586262826,0.5805973649996662,0.1371062844092505,3.086014032624942e-06,0.2641262121619748,0.2955667459583933,0.7595261782219714,tanin
C24 H22 O18,0.4389188693303295,0.589207956704964,0.1741293687234701,3.086014032624942e-06,0.2666486586220537,0.2911467510957404,0.7068015336824716,tanin
C25 H24 O18,0.3424945658886896,0.5850297416644199,0.1735605832724221,3.086014032624942e-06,0.1635317655627904,0.2990431872924777,0.7258351488264726,tanin
C25 H26 O18,0.3469352593518751,0.4272269698962097,1.8492174467358817e-06,3.086014032624942e-06,0.0924923479898047,0.3553819636287883,0.6683184980556591,tanin
C29 H24 O20,0.3485814052561433,0.4492574637443297,0.0663363829656786,3.086014032624942e-06,0.150383119740375,0.3406556988845137,0.7535064481420869,tanin
C26 H24 O19,0.3333916416958028,0.4899037612948891,0.0597964220127238,3.086014032624942e-06,0.0977191165254923,0.3355367774072322,0.7699550521667611,tanin
C19 H18 O16,0.4369878061999285,0.4671914585846308,0.0560387965348142,3.086014032624942e-06,0.0983775613163051,0.4705034984793265,0.7960267462581967,tanin
C25 H24 O19,0.4363807900383989,0.494976841181077,1.8492174467358817e-06,3.086014032624942e-06,0.0959203084857738,0.4788854721915359,0.7367315430555754,tanin
C26 H28 O18,0.4225813343138021,0.5711577269987197,1.8492174467358817e-06,3.086014032624942e-06,0.0968885105616336,0.4720174669801744,0.7294111483558237,tanin
C29 H26 O19,0.4216526018373706,0.5949761676428679,1.8492174467358817e-06,3.086014032624942e-06,0.2300556035609076,0.4745189350535164,0.6923247843354878,tanin
C27 H28 O18,0.2325303584604863,0.3857836686398034,1.8492174467358817e-06,3.086014032624942e-06,0.1400263286145333,0.5259456819620383,0.6379377159428711,tanin
C24 H20 O19,0.2574522318568563,0.3574747586603642,1.8492174467358817e-06,3.086014032624942e-06,0.1834844334662724,0.5510496061696399,0.5175313971985713,tanin
C22 H18 O18,0.2904652233081242,0.4544197379183588,0.0523627964811676,3.086014032624942e-06,0.1350654061518442,0.5546179937505659,0.4291531625529564,tanin
C24 H30 O16,0.5876446710598101,0.4277571831364257,1.8492174467358817e-06,3.086014032624942e-06,2.5105070760420363e-06,0.5344214730713924,0.5768553718240168,tanin
C21 H22 O17,0.4683253700255284,0.4425075213417515,1.8492174467358817e-06,3.086014032624942e-06,2.5105070760420363e-06,0.5320186042237476,0.5400164175014418,tanin
C25 H30 O17,0.4569211636128449,0.434185709143618,1.8492174467358817e-06,3.086014032624942e-06,2.5105070760420363e-06,0.5109117689220855,0.6567443497127796,tanin
C24 H28 O17,0.4549939717015682,0.4336730772316549,1.8492174467358817e-06,3.086014032624942e-06,2.5105070760420363e-06,0.5140977141716038,0.6570949439162765,tanin
C23 H24 O18,0.4533570311962643,0.4335380724406192,1.8492174467358817e-06,3.086014032624942e-06,2.5105070760420363e-06,0.5115279491121963,0.6583672665375409,tanin
C19 H20 O16,0.494759269589179,0.4094792133232197,1.8492174467358817e-06,3.086014032624942e-06,2.5105070760420363e-06,0.7020388573467234,0.6424397381322021,tanin
C27 H30 O18,0.4738677404288158,0.463520774394613,1.8492174467358817e-06,3.086014032624942e-06,2.5105070760420363e-06,0.687962817332798,0.6533198142408972,tanin
C16 H14 O14,0.5064466151680487,0.4506856618968936,0.0489518949456301,3.086014032624942e-06,0.1224750660630389,0.6773934169397939,0.6371995970528493,tanin
C16 H16 O14,0.4930538625223855,0.450136381582375,0.0558896758118116,3.086014032624942e-06,0.1714290578838285,0.6912427359086529,0.5306511046600687,tanin
C24 H26 O18,0.4266259480435578,0.4671882394681901,1.8492174467358817e-06,3.086014032624942e-06,0.0736878861324854,0.6350951807380462,0.5493689089624946,tanin
C17 H14 O15,0.4293816258616163,0.4348916366166274,1.8492174467358817e-06,3.086014032624942e-06,0.0785872676926019,0.705020327449224,0.5113369834801116,tanin
C17 H16 O15,0.4913467899310851,0.4627147571627322,0.0594195847371653,3.086014032624942e-06,0.0055591489550665,0.695436711407603,0.4997869442399397,tanin
C18 H20 O15,0.483577748304496,0.5522673574263234,1.8492174467358817e-06,3.086014032624942e-06,0.1457172772416151,0.6769921071761629,0.6190193705291187,tanin
C22 H24 O17,0.4674250414940673,0.5592969667602951,1.8492174467358817e-06,3.086014032624942e-06,0.1157243677582423,0.6894221066636756,0.5394511111873169,tanin
C23 H26 O17,0.4514820557289902,0.6291356484162244,1.8492174467358817e-06,3.086014032624942e-06,0.1021629215246929,0.6750754775253538,0.5723156216495325,tanin
C15 H14 O13,0.4839825157738675,0.5052356700288769,0.0550503283936969,3.086014032624942e-06,0.3920821678819883,0.6560739461967363,0.6776827066633204,tanin
C21 H18 O17,0.4567154488291453,0.6144757921453162,0.1061643271330023,3.086014032624942e-06,0.2983189727831388,0.6336002875750111,0.6497258402405708,tanin
C24 H24 O18,0.4755117031455546,0.6030627862413577,0.0566847288788152,3.086014032624942e-06,0.2179172959822176,0.6442637132707489,0.6692571580570076,tanin
C15 H12 O13,0.4822619839439836,0.4979446189150527,0.0534298544644969,3.086014032624942e-06,0.2191264029490366,0.662147440198816,0.7259451427734315,tanin
C19 H16 O16,0.4994452452966488,0.466613057647541,1.8492174467358817e-06,3.086014032624942e-06,0.1850089911421672,0.6785494239923674,0.6988866931678668,tanin
C20 H22 O16,0.4682212522367544,0.480597840438402,1.8492174467358817e-06,3.086014032624942e-06,0.0908718715148154,0.673373770277422,0.7200489028303166,tanin
C28 H28 O19,0.4548121594452525,0.5479802867252156,1.8492174467358817e-06,3.086014032624942e-06,0.0967382899006989,0.6644726563088795,0.7135007355730179,tanin
C21 H20 O17,0.4432188484797632,0.5489024397733029,0.0640302087714071,3.086014032624942e-06,0.0966493263767701,0.6464240602485449,0.7067581618361247,tanin
C21 H24 O16,0.661128287520306,0.4248785006405546,1.8492174467358817e-06,3.086014032624942e-06,0.2274364836060783,0.6839062154519384,0.6805988038572356,tanin
C15 H16 O13,0.6360896023375682,0.4396023925661984,0.0593011072270562,3.086014032624942e-06,0.2039415399462222,0.6696252325034193,0.7222367578912988,tanin
C17 H22 O13,0.6725019293075776,0.4512153303635581,1.8492174467358817e-06,3.086014032624942e-06,0.1486684632850827,0.6704831029410221,0.7482943423297503,tanin
C14 H16 O12,0.6409852540762137,0.4760143634004091,1.8492174467358817e-06,3.086014032624942e-06,0.1425565876840431,0.672262099091754,0.74569589636693,tanin
C22 H28 O15,0.6110510071831822,0.5547847560078123,1.8492174467358817e-06,3.086014032624942e-06,0.1381475469855402,0.6537708200555296,0.6866033200504242,tanin
C17 H20 O14,0.7315780835700779,0.5898320690955114,1.8492174467358817e-06,3.086014032624942e-06,2.5105070760420363e-06,0.6553409230654723,0.818390300852769,tanin
C15 H22 O11,0.6533098653427938,2.5669726331038952e-06,1.8492174467358817e-06,3.086014032624942e-06,2.5105070760420363e-06,0.7334879042087472,0.5866840334001252,tanin
C15 H20 O12,0.6900938293487385,0.087203270513349,1.8492174467358817e-06,3.086014032624942e-06,2.5105070760420363e-06,0.7342633920566135,0.7832557926106766,tanin
C16 H22 O12,0.7247624421882939,0.1408601905043394,1.8492174467358817e-06,3.086014032624942e-06,2.5105070760420363e-06,0.7322524252446867,0.779858801635272,tanin
C13 H16 O11,0.6295377440263488,0.2694298934878562,1.8492174467358817e-06,3.086014032624942e-06,2.5105070760420363e-06,0.7196889503688817,0.7674692380425445,tanin
C30 H28 O20,0.4391938609306843,0.1954419193144807,1.8492174467358817e-06,3.086014032624942e-06,2.5105070760420363e-06,0.576246464175632,0.6893162382413679,tanin
C12 H15 O8 N1,0.3764422767017789,2.5669726331038952e-06,1.8492174467358817e-06,3.086014032624942e-06,2.5105070760420363e-06,0.6377974856105942,0.7181776561130347,tanin
C10 H9 O7 N1,0.3968837316247632,2.5669726331038952e-06,1.8492174467358817e-06,3.086014032624942e-06,0.1195673142639652,0.5073700972093769,0.8717503705470933,tanin
C11 H9 O8 N1,0.4163399387735185,2.5669726331038952e-06,1.8492174467358817e-06,3.086014032624942e-06,0.1207472356403755,0.6162740594844919,0.8447251706455172,tanin
C11 H11 O8 N1,0.4090931966294825,2.5669726331038952e-06,1.8492174467358817e-06,3.086014032624942e-06,0.214544325630527,0.6174674895431285,0.8046486644262583,tanin
C12 H11 O9 N1,0.4026174572896496,2.5669726331038952e-06,1.8492174467358817e-06,3.086014032624942e-06,0.2971550992551576,0.6165887245938071,0.7876080684394239,tanin
C19 H26 O14,0.7364031530809683,0.0922222816245503,1.8492174467358817e-06,3.086014032624942e-06,2.5105070760420363e-06,0.8300086457539285,0.3368044408844495,tanin
C15 H18 O13,0.6140674971361981,2.5669726331038952e-06,1.8492174467358817e-06,3.086014032624942e-06,2.5105070760420363e-06,0.7168015575455123,0.3654816664383561,tanin
C14 H20 O11,0.6237766947567128,2.5669726331038952e-06,1.8492174467358817e-06,3.086014032624942e-06,2.5105070760420363e-06,0.729471428106611,0.3595194792041198,tanin
C19 H24 O15,0.5444911561548963,2.5669726331038952e-06,1.8492174467358817e-06,3.086014032624942e-06,2.5105070760420363e-06,0.8340905081638808,0.2754435538117933,tanin
C23 H30 O16,0.5526312046189586,2.5669726331038952e-06,1.8492174467358817e-06,3.086014032624942e-06,2.5105070760420363e-06,0.7721717017415524,0.2855881795952701,tanin
C22 H28 O16,0.5180944383005096,0.0588047205222536,1.8492174467358817e-06,3.086014032624942e-06,2.5105070760420363e-06,0.7928865830310993,0.3883526470966598,tanin
C30 H30 O20,0.5280143472782448,0.1950074747883753,1.8492174467358817e-06,3.086014032624942e-06,2.5105070760420363e-06,0.6462148552493718,0.3477310481748336,tanin
C27 H32 O18,0.4533875958216761,0.2298463005616714,1.8492174467358817e-06,3.086014032624942e-06,2.5105070760420363e-06,0.6404427203988959,0.3318110960396842,tanin
C26 H30 O18,0.4341356630029929,0.213121108707284,1.8492174467358817e-06,3.086014032624942e-06,2.5105070760420363e-06,0.604485864550964,0.4657456580456891,tanin
C17 H18 O15,0.4683803773484346,0.2801321680065785,1.8492174467358817e-06,3.086014032624942e-06,2.5105070760420363e-06,0.7477727334106673,0.544671130674588,tanin
C16 H18 O14,0.5051689778144933,0.185876389098269,1.8492174467358817e-06,3.086014032624942e-06,2.5105070760420363e-06,0.774607055837516,0.5638266409511083,tanin
C16 H20 O13,0.6786977705018864,0.2823925077590611,1.8492174467358817e-06,3.086014032624942e-06,2.5105070760420363e-06,0.7516405570164966,0.5368437086621675,tanin
C22 H22 O18,0.5435919529778318,0.3898257645797746,1.8492174467358817e-06,3.086014032624942e-06,2.5105070760420363e-06,0.7660504414303447,0.308383826975902,tanin
C22 H20 O18,0.527068509414985,0.428388872831826,0.0639369559302939,3.086014032624942e-06,2.5105070760420363e-06,0.7435511064683483,0.300762559262843,tanin
C27 H24 O20,0.3474134224349932,0.4679205141711449,1.8492174467358817e-06,3.086014032624942e-06,0.1171920274192403,0.7355896737867748,0.3432896361470169,tanin
C29 H28 O20,0.3405380022276615,0.4681330253810988,1.8492174467358817e-06,3.086014032624942e-06,0.104779698904206,0.6694303210135065,0.4017674303444773,tanin
C20 H18 O17,0.3141981147703034,0.396775515063583,1.8492174467358817e-06,3.086014032624942e-06,2.5105070760420363e-06,0.7372087385629836,0.4300136059997189,tanin
C20 H16 O17,0.2922466818250403,0.4238622998675309,1.8492174467358817e-06,3.086014032624942e-06,2.5105070760420363e-06,0.6091718486268511,0.3079224719964797,tanin
C26 H28 O19,0.2810436662713821,0.2419052097982376,1.8492174467358817e-06,3.086014032624942e-06,2.5105070760420363e-06,0.6178441105180373,0.3890495719345996,tanin
C26 H22 O20,0.183767840918462,0.2290722268698559,1.8492174467358817e-06,3.086014032624942e-06,0.0679375218257983,0.6690037507207827,0.2742826054296275,tanin
C20 H20 O17,0.141739579128259,0.2573720242735247,1.8492174467358817e-06,3.086014032624942e-06,2.5105070760420363e-06,0.7765465031267441,0.3743304432878755,tanin
C23 H22 O19,0.2518289034582771,0.282699289555859,1.8492174467358817e-06,3.086014032624942e-06,2.5105070760420363e-06,0.8004498245328803,0.323068386972815,tanin
C23 H20 O19,0.2878782136070291,0.3777630666907819,1.8492174467358817e-06,3.086014032624942e-06,2.5105070760420363e-06,0.8407451502642844,0.1001109555504829,tanin
C18 H16 O16,0.4236957052514978,0.2500514068133144,1.8492174467358817e-06,3.086014032624942e-06,2.5105070760420363e-06,0.8602867163609537,0.1174921002813526,tanin
C8 H10 O6,0.5818592241068558,2.5669726331038952e-06,1.8492174467358817e-06,0.3926941094976304,2.5105070760420363e-06,0.5085618640232996,0.3529364365654233,tanin
C9 H10 O7,0.6471729477046911,2.5669726331038952e-06,1.8492174467358817e-06,0.5844063325096824,2.5105070760420363e-06,0.7979322957527695,0.4598463814598669,tanin
C10 H14 O8,0.7588305209076442,2.5669726331038952e-06,1.8492174467358817e-06,0.2282970568582203,2.5105070760420363e-06,0.6602575783926216,0.586425520018929,tanin
C9 H8 O7,0.6704178629934139,2.5669726331038952e-06,1.8492174467358817e-06,0.3226666237225057,2.5105070760420363e-06,0.7707601787198026,0.5696432533743389,tanin
C9 H12 O7,0.6689803352871886,2.5669726331038952e-06,1.8492174467358817e-06,0.3200785197692084,2.5105070760420363e-06,0.7759802722544482,0.5711579552953435,tanin
C12 H16 O10,0.6370905375520859,2.5669726331038952e-06,1.8492174467358817e-06,0.3459353276057315,2.5105070760420363e-06,0.6594140014642791,0.8082669929145617,tanin
C11 H14 O9,0.6598004593606619,2.5669726331038952e-06,1.8492174467358817e-06,0.3270992474338217,2.5105070760420363e-06,0.7315329679531206,0.8815800136642787,tanin
C17 H24 O12,0.903690820313133,0.0501206029593287,1.8492174467358817e-06,0.4377713779889098,2.5105070760420363e-06,0.7382198354198565,0.6656299343526924,tanin
C10 H10 O8,0.746762310386787,2.5669726331038952e-06,1.8492174467358817e-06,0.577449680859863,2.5105070760420363e-06,0.7382375593713393,0.7842173347883862,tanin
C10 H12 O8,0.7457077632888149,2.5669726331038952e-06,1.8492174467358817e-06,0.5790190706853329,2.5105070760420363e-06,0.7252534914885012,0.8795691427287713,tanin
C13 H18 O10,0.8835672329930142,0.0003516800799691,1.8492174467358817e-06,0.7317336482168572,2.5105070760420363e-06,0.7135500180825887,0.8735257329704004,tanin
C18 H26 O12,0.8909409151129873,0.004124828780149,1.8492174467358817e-06,0.724918001602543,2.5105070760420363e-06,0.7360745615972805,0.6666833119674335,tanin
C20 H28 O13,0.8379404141952383,0.2355256638858122,1.8492174467358817e-06,0.6720179778774062,2.5105070760420363e-06,0.7036529323887906,0.7604278463939745,tanin
C12 H13 O8 N1,0.745139999488639,2.5669726331038952e-06,1.8492174467358817e-06,0.2287314128523103,0.324835089942817,0.7358762716415425,0.7366879871702766,tanin
C8 H7 O6 N1,0.6289221301572291,2.5669726331038952e-06,0.1324055149640424,0.2279843696863216,0.5425362893896795,0.4642378477363915,0.724089416674432,tanin
C13 H11 O9 N1,0.6348014766810364,2.5669726331038952e-06,1.8492174467358817e-06,3.086014032624942e-06,0.6852006234631378,0.6669613901648805,0.6963149328530817,tanin
C12 H11 O8 N1,0.4961194179270936,2.5669726331038952e-06,1.8492174467358817e-06,3.086014032624942e-06,0.6720906542837009,0.6843144900528091,0.7012719606779921,tanin
C20 H17 O13 N1,0.4029305758969614,2.5669726331038952e-06,1.8492174467358817e-06,3.086014032624942e-06,0.7161871954350211,0.6572247036331813,0.7065730186504461,tanin
C15 H13 O10 N1,0.2623398035509343,2.5669726331038952e-06,1.8492174467358817e-06,3.086014032624942e-06,0.7575144261584035,0.5519482261027339,0.7099475568737107,tanin
C15 H15 O10 N1,0.2788372739343074,2.5669726331038952e-06,1.8492174467358817e-06,3.086014032624942e-06,0.6088787468526172,0.4229443412828461,0.7431983037497875,tanin
C20 H17 O14 N1,0.0735266500126219,2.5669726331038952e-06,1.8492174467358817e-06,3.086014032624942e-06,0.5352850769258264,0.5677760786115982,0.7549958140340375,tanin
C20 H19 O13 N1,0.2596582640805242,2.5669726331038952e-06,1.8492174467358817e-06,3.086014032624942e-06,0.4589390500543139,0.5503138282893185,0.746631243667143,tanin
C21 H19 O14 N1,0.2736091925069043,2.5669726331038952e-06,1.8492174467358817e-06,3.086014032624942e-06,0.3815721675004141,0.6734370255529483,0.7621302680459855,tanin
C21 H17 O14 N1,0.3077439372207095,0.0257318494081481,1.8492174467358817e-06,3.086014032624942e-06,0.4883719391355462,0.7159785632705046,0.7336794410761567,tanin
C13 H13 O9 N1,0.4646862439919579,2.5669726331038952e-06,1.8492174467358817e-06,3.086014032624942e-06,0.458519946425061,0.7031297379734673,0.737161089969466,tanin
C19 H17 O13 N1,0.075071007611717,0.020889536836498,1.8492174467358817e-06,3.086014032624942e-06,0.7810814100467984,0.4192321869869604,0.7297188614835122,tanin
C18 H17 O12 N1,0.0736365802568544,2.5669726331038952e-06,1.8492174467358817e-06,3.086014032624942e-06,0.906455316462605,0.5691819881824384,0.7079764996981455,tanin
C16 H13 O11 N1,0.1593360593618142,2.5669726331038952e-06,1.8492174467358817e-06,3.086014032624942e-06,0.9597901052516674,0.5565635742546766,0.6928246341290298,tanin
C18 H15 O12 N1,0.3104862683356242,0.0826248573931416,1.8492174467358817e-06,3.086014032624942e-06,0.9762804830631804,0.6256173366649511,0.6666826985042602,tanin
C16 H15 O11 N1,3.577726848801236e-06,2.5669726331038952e-06,1.8492174467358817e-06,3.086014032624942e-06,0.899717973252137,0.1855659907413404,0.7766717991040616,tanin
C17 H15 O12 N1,3.577726848801236e-06,2.5669726331038952e-06,1.8492174467358817e-06,3.086014032624942e-06,0.7852437075287473,3.704558711867581e-06,0.6398341146502551,tanin
C17 H17 O12 N1,3.577726848801236e-06,2.5669726331038952e-06,1.8492174467358817e-06,3.086014032624942e-06,0.5194328939112846,3.704558711867581e-06,0.6141689012573971,tanin
C16 H17 O11 N1,3.577726848801236e-06,2.5669726331038952e-06,1.8492174467358817e-06,3.086014032624942e-06,0.5488041032259435,3.704558711867581e-06,0.480127535312934,tanin
C16 H13 O12 N1,3.577726848801236e-06,2.5669726331038952e-06,1.8492174467358817e-06,3.086014032624942e-06,0.4517702865814871,3.704558711867581e-06,0.5132104079916584,tanin
C18 H17 O13 N1,3.577726848801236e-06,1.0285444444252836e-05,1.8492174467358817e-06,3.086014032624942e-06,0.4089911904677953,3.704558711867581e-06,0.520611289059737,tanin
C15 H13 O11 N1,3.577726848801236e-06,2.5669726331038952e-06,1.8492174467358817e-06,3.086014032624942e-06,0.370652313039547,3.704558711867581e-06,0.6254511024761398,tanin
C19 H19 O13 N1,0.0583079198301129,2.5669726331038952e-06,1.8492174467358817e-06,3.086014032624942e-06,0.3647093926644065,3.704558711867581e-06,0.7253373848077195,tanin
C20 H17 O15 N1,3.577726848801236e-06,2.5669726331038952e-06,1.8492174467358817e-06,3.086014032624942e-06,2.5105070760420363e-06,0.0851519116763001,0.5024117384460499,tanin
C13 H14 O9 N2,3.577726848801236e-06,2.5669726331038952e-06,1.8492174467358817e-06,3.086014032624942e-06,2.5105070760420363e-06,0.0848606619339731,0.5038120908315659,tanin
C19 H18 O13 N2,3.577726848801236e-06,2.5669726331038952e-06,1.8492174467358817e-06,3.086014032624942e-06,2.5105070760420363e-06,0.0840369919658003,0.5064638774172979,tanin
C20 H18 O14 N2,3.577726848801236e-06,2.5669726331038952e-06,1.8492174467358817e-06,3.086014032624942e-06,2.5105070760420363e-06,0.0589137910118463,0.5171852199299216,tanin
C15 H17 O10 N1,3.577726848801236e-06,2.5669726331038952e-06,1.8492174467358817e-06,3.086014032624942e-06,0.0703720311480406,3.704558711867581e-06,0.500747964973952,tanin
C25 H21 O17 N1,3.577726848801236e-06,2.5669726331038952e-06,1.8492174467358817e-06,3.086014032624942e-06,0.087368423340551,3.704558711867581e-06,0.5665250200648467,tanin
C16 H14 O11 N2,3.577726848801236e-06,2.5669726331038952e-06,1.8492174467358817e-06,3.086014032624942e-06,0.1383807660559387,0.0860107046949552,0.544997370390108,tanin
C19 H17 O14 N1,3.577726848801236e-06,2.5669726331038952e-06,1.8492174467358817e-06,3.086014032624942e-06,0.1392899509314997,0.0673457595212183,0.634453061080013,tanin
C19 H16 O13 N2,3.577726848801236e-06,2.5669726331038952e-06,1.8492174467358817e-06,3.086014032624942e-06,0.1077594426312965,0.069205182649738,0.6756726332299382,tanin
C15 H14 O10 N2,3.577726848801236e-06,2.5669726331038952e-06,1.8492174467358817e-06,3.086014032624942e-06,0.0689574477231375,0.0631801501411003,0.6342109885118592,tanin
C12 H13 O9 N1,0.1231798405453845,2.5669726331038952e-06,1.8492174467358817e-06,3.086014032624942e-06,2.5105070760420363e-06,0.0733805570955007,0.7078896946591344,tanin
C13 H13 O10 N1,3.577726848801236e-06,2.5669726331038952e-06,1.8492174467358817e-06,3.086014032624942e-06,2.5105070760420363e-06,0.0779230278413651,0.6824590695837168,tanin
C13 H12 O9 N2,3.577726848801236e-06,2.5669726331038952e-06,1.8492174467358817e-06,3.086014032624942e-06,2.5105070760420363e-06,0.0630285674753951,0.6913296243758855,tanin
C21 H20 O14 N2,3.577726848801236e-06,2.5669726331038952e-06,1.8492174467358817e-06,3.086014032624942e-06,2.5105070760420363e-06,0.058865972726321,0.7091129402265409,tanin
C21 H18 O14 N2,3.577726848801236e-06,2.5669726331038952e-06,1.8492174467358817e-06,3.086014032624942e-06,2.5105070760420363e-06,0.059899231019597,0.7111091493922083,tanin
C12 H11 O10 N1,3.577726848801236e-06,2.5669726331038952e-06,1.8492174467358817e-06,3.086014032624942e-06,2.5105070760420363e-06,0.0627528521788142,0.7101517787640766,tanin
C15 H16 O10 N2,3.577726848801236e-06,2.5669726331038952e-06,1.8492174467358817e-06,3.086014032624942e-06,2.5105070760420363e-06,0.0630685178337776,0.7105932882098451,tanin
C11 H9 O9 N1,3.577726848801236e-06,2.5669726331038952e-06,1.8492174467358817e-06,3.086014032624942e-06,2.5105070760420363e-06,0.0632078535608666,0.7119165896208043,tanin
C12 H12 O8 N2,3.577726848801236e-06,2.5669726331038952e-06,1.8492174467358817e-06,3.086014032624942e-06,2.5105070760420363e-06,3.704558711867581e-06,0.6953112457553716,tanin
C22 H21 O15 N1,3.577726848801236e-06,2.5669726331038952e-06,1.8492174467358817e-06,3.086014032624942e-06,2.5105070760420363e-06,3.704558711867581e-06,0.6911576093021139,tanin
C12 H10 O8 N2,3.577726848801236e-06,2.5669726331038952e-06,1.8492174467358817e-06,3.086014032624942e-06,2.5105070760420363e-06,0.0584184104661336,0.7929609640500151,tanin
C24 H21 O16 N1,3.577726848801236e-06,2.5669726331038952e-06,1.8492174467358817e-06,3.086014032624942e-06,2.5105070760420363e-06,0.0587717070327496,0.8104720249443942,tanin
C18 H18 O12 N2,3.577726848801236e-06,2.5669726331038952e-06,1.8492174467358817e-06,3.086014032624942e-06,2.5105070760420363e-06,0.0594637987511319,0.903223669225074,tanin
C23 H19 O16 N1,3.577726848801236e-06,2.5669726331038952e-06,1.8492174467358817e-06,3.086014032624942e-06,0.0867784324645196,0.0587712652333724,0.8884734993417847,tanin
C20 H16 O13 N2,3.577726848801236e-06,2.5669726331038952e-06,1.8492174467358817e-06,3.086014032624942e-06,0.1237114869750397,0.0588629061188797,0.8390635190198429,tanin
C23 H19 O15 N1,3.577726848801236e-06,2.5669726331038952e-06,1.8492174467358817e-06,3.086014032624942e-06,0.1695139421871732,0.0035610645938236,0.8305077935281721,tanin
C15 H12 O10 N2,3.577726848801236e-06,2.5669726331038952e-06,1.8492174467358817e-06,3.086014032624942e-06,0.2013448435087238,0.0601381600209818,0.8228219588161314,tanin
C21 H19 O15 N1,3.577726848801236e-06,2.5669726331038952e-06,1.8492174467358817e-06,3.086014032624942e-06,0.0903818325314641,3.704558711867581e-06,0.7649610938588226,tanin
C18 H15 O13 N1,0.1371756818657331,2.5669726331038952e-06,1.8492174467358817e-06,3.086014032624942e-06,0.4594746062420696,0.3069696658468602,0.7503221448488386,tanin
C14 H13 O10 N1,0.1965912880284259,2.5669726331038952e-06,1.8492174467358817e-06,3.086014032624942e-06,0.3765139194859279,0.2340456889164802,0.8433116901480943,tanin
C13 H11 O10 N1,0.18465993185574,2.5669726331038952e-06,1.8492174467358817e-06,3.086014032624942e-06,0.2114067720229852,0.2261535147843223,0.8790308901405856,tanin
C20 H21 O13 N1,3.577726848801236e-06,2.5669726331038952e-06,1.8492174467358817e-06,3.086014032624942e-06,0.2114915877395887,0.2868924829759107,0.8720494338440394,tanin
C18 H16 O12 N2,3.577726848801236e-06,2.5669726331038952e-06,1.8492174467358817e-06,3.086014032624942e-06,0.3019771335668824,0.3917785138097649,0.8120989906260987,tanin
C21 H21 O14 N1,3.577726848801236e-06,2.5669726331038952e-06,1.8492174467358817e-06,3.086014032624942e-06,2.5105070760420363e-06,0.2912769519710022,0.9726940793503572,tanin
C20 H18 O13 N2,3.577726848801236e-06,2.5669726331038952e-06,1.8492174467358817e-06,3.086014032624942e-06,2.5105070760420363e-06,0.2355337211950704,0.9557270989443096,tanin
C10 H9 O8 N1,0.1594988868894592,2.5669726331038952e-06,1.8492174467358817e-06,3.086014032624942e-06,0.0720039910721315,0.2576089287550166,0.7502977290145444,tanin
C13 H17 O9 N1,0.1840807457084385,2.5669726331038952e-06,1.8492174467358817e-06,3.086014032624942e-06,2.5105070760420363e-06,0.2527695623306674,0.6801196277726311,tanin
C20 H20 O13 N2,0.1527136300763836,2.5669726331038952e-06,1.8492174467358817e-06,3.086014032624942e-06,2.5105070760420363e-06,0.2798300080740135,0.657047829944573,tanin
C10 H11 O7 N1,0.3388044387938649,2.5669726331038952e-06,1.8492174467358817e-06,3.086014032624942e-06,0.1866791024410601,0.0740866174706601,0.7776299058880012,tanin
C9 H9 O6 N1,0.4589006619964759,2.5669726331038952e-06,0.0533189868652101,3.086014032624942e-06,0.1356331787877631,0.2329874754554458,0.7983612190175792,tanin
C13 H15 O9 N1,0.4269661651847399,2.5669726331038952e-06,1.8492174467358817e-06,3.086014032624942e-06,2.5105070760420363e-06,0.2820096902716089,0.9518685996236894,tanin
C22 H19 O15 N1,0.0838315821168402,2.5669726331038952e-06,1.8492174467358817e-06,3.086014032624942e-06,0.2498853104105496,0.6791100414137539,0.7678414261497388,tanin
C21 H17 O15 N1,3.577726848801236e-06,2.5669726331038952e-06,1.8492174467358817e-06,3.086014032624942e-06,0.1715138615253015,0.651748834247373,0.7986315108917013,tanin
C20 H19 O14 N1,3.577726848801236e-06,2.5669726331038952e-06,1.8492174467358817e-06,3.086014032624942e-06,0.1031956470603577,0.5428231458381823,0.7933330908108922,tanin
C23 H21 O15 N1,3.577726848801236e-06,2.5669726331038952e-06,1.8492174467358817e-06,3.086014032624942e-06,0.1227990055888534,0.5104350933823547,0.8857689242499968,tanin
C22 H22 O17,0.0685193068501132,0.3069302475906647,0.1018782169984931,3.086014032624942e-06,0.3158181069962823,0.3587506059148516,0.6750680039264096,tanin
C28 H26 O19,0.0277144065709173,0.2025544332780173,0.0753933623376113,3.086014032624942e-06,0.1477994885940732,0.4076876833922208,0.6846364344244369,tanin
C27 H22 O20,3.577726848801236e-06,0.2657535387004159,1.8492174467358817e-06,3.086014032624942e-06,0.1845650248192232,0.3834255429272545,0.5789306563927126,tanin
C29 H26 O20,0.0213515065164321,0.3376913814248859,1.8492174467358817e-06,3.086014032624942e-06,0.0972715276633994,0.3534001815639511,0.5871870118558506,tanin
C30 H24 O20,0.0584127353386128,0.3927875993295521,1.8492174467358817e-06,3.086014032624942e-06,0.0927874460664296,0.3595050952982047,0.8037451558647355,tanin
C30 H26 O21,0.0362977883995227,0.2140662908191393,1.8492174467358817e-06,3.086014032624942e-06,0.0941665527579356,0.601201112170159,0.3614153871409653,tanin
C29 H30 O20,3.577726848801236e-06,0.0879095756134794,1.8492174467358817e-06,3.086014032624942e-06,2.5105070760420363e-06,0.5879646469019832,0.2952201035317259,tanin
C29 H26 O21,3.577726848801236e-06,0.0827989434958891,1.8492174467358817e-06,3.086014032624942e-06,2.5105070760420363e-06,0.5893483625511721,0.2901614248590123,tanin
C25 H20 O20,3.577726848801236e-06,0.0931353406686927,1.8492174467358817e-06,3.086014032624942e-06,0.0685311895790657,0.5436269608225827,0.1734940874726096,tanin
C29 H24 O21,3.577726848801236e-06,0.1537920622135357,1.8492174467358817e-06,3.086014032624942e-06,0.0683538179872109,0.5938289359048898,0.1692304417358136,tanin
C21 H18 O18,0.0579166622402727,0.2318349221241255,1.8492174467358817e-06,3.086014032624942e-06,2.5105070760420363e-06,0.5879006639568946,0.1581795314699553,tanin
C21 H30 O14,3.577726848801236e-06,2.5669726331038952e-06,1.8492174467358817e-06,3.086014032624942e-06,2.5105070760420363e-06,0.7874879505716936,4.282405132853128e-06,tanin
C23 H26 O18,3.577726848801236e-06,2.5669726331038952e-06,1.8492174467358817e-06,3.086014032624942e-06,2.5105070760420363e-06,0.7871712583828833,4.282405132853128e-06,tanin
C19 H22 O16,3.577726848801236e-06,2.5669726331038952e-06,1.8492174467358817e-06,3.086014032624942e-06,2.5105070760420363e-06,0.7530623193885164,4.282405132853128e-06,tanin
C9 H8 O8,3.577726848801236e-06,2.5669726331038952e-06,1.8492174467358817e-06,3.086014032624942e-06,2.5105070760420363e-06,0.7489989605760066,4.282405132853128e-06,tanin
C10 H10 O9,3.577726848801236e-06,2.5669726331038952e-06,1.8492174467358817e-06,3.086014032624942e-06,2.5105070760420363e-06,0.7487206269684111,4.282405132853128e-06,tanin
C17 H22 O14,3.577726848801236e-06,2.5669726331038952e-06,1.8492174467358817e-06,3.086014032624942e-06,2.5105070760420363e-06,0.7127896033899422,4.282405132853128e-06,tanin
C25 H24 O20,3.577726848801236e-06,0.0766551731003102,1.8492174467358817e-06,3.086014032624942e-06,2.5105070760420363e-06,0.7346166756291301,4.282405132853128e-06,tanin
C30 H28 O21,3.577726848801236e-06,0.1660304990977559,1.8492174467358817e-06,3.086014032624942e-06,2.5105070760420363e-06,0.7067734913304928,4.282405132853128e-06,tanin
C28 H28 O21,3.577726848801236e-06,0.0734832043342579,1.8492174467358817e-06,3.086014032624942e-06,2.5105070760420363e-06,0.646045256264949,4.282405132853128e-06,tanin
C23 H24 O19,3.577726848801236e-06,0.0733616641167962,1.8492174467358817e-06,3.086014032624942e-06,2.5105070760420363e-06,0.6393407687995251,4.282405132853128e-06,tanin
C19 H16 O17,3.577726848801236e-06,2.5669726331038952e-06,1.8492174467358817e-06,3.086014032624942e-06,2.5105070760420363e-06,0.6343242148367457,4.282405132853128e-06,tanin
C20 H22 O17,3.577726848801236e-06,2.5669726331038952e-06,1.8492174467358817e-06,3.086014032624942e-06,2.5105070760420363e-06,0.5517595517804983,4.282405132853128e-06,tanin
C24 H20 O20,3.577726848801236e-06,0.0751203912405167,1.8492174467358817e-06,3.086014032624942e-06,2.5105070760420363e-06,0.5290899421409141,4.282405132853128e-06,tanin
C19 H18 O17,3.577726848801236e-06,0.0609096636191704,1.8492174467358817e-06,3.086014032624942e-06,2.5105070760420363e-06,0.5150319379368551,4.282405132853128e-06,tanin
C27 H26 O21,3.577726848801236e-06,0.0789009587321158,1.8492174467358817e-06,3.086014032624942e-06,2.5105070760420363e-06,0.501192494483485,4.282405132853128e-06,tanin
C25 H22 O20,0.1886287417133403,0.2315020159592897,1.8492174467358817e-06,3.086014032624942e-06,2.5105070760420363e-06,0.8196232937837996,4.282405132853128e-06,tanin
C28 H24 O21,0.1381352152919997,0.1645236183106512,1.8492174467358817e-06,3.086014032624942e-06,0.0676328300579944,0.8815640862221902,4.282405132853128e-06,tanin
C18 H18 O16,0.2439744924471614,0.1599708590722328,1.8492174467358817e-06,3.086014032624942e-06,2.5105070760420363e-06,0.9525757995191352,4.282405132853128e-06,tanin
C24 H28 O18,0.2079890799210487,0.0930179233965184,1.8492174467358817e-06,3.086014032624942e-06,2.5105070760420363e-06,1.0,4.282405132853128e-06,tanin
C21 H28 O15,0.188724025470101,2.5669726331038952e-06,1.8492174467358817e-06,3.086014032624942e-06,2.5105070760420363e-06,0.900785893522608,4.282405132853128e-06,tanin
C13 H14 O12,0.1048791247839769,2.5669726331038952e-06,1.8492174467358817e-06,3.086014032624942e-06,2.5105070760420363e-06,0.9055378876230789,4.282405132853128e-06,tanin
C14 H14 O13,0.1042067930532683,2.5669726331038952e-06,1.8492174467358817e-06,3.086014032624942e-06,2.5105070760420363e-06,0.9044175883554574,4.282405132853128e-06,tanin
C15 H14 O14,0.1031443122068001,2.5669726331038952e-06,1.8492174467358817e-06,3.086014032624942e-06,2.5105070760420363e-06,0.9054991132306854,4.282405132853128e-06,tanin
C15 H12 O14,3.577726848801236e-06,2.5669726331038952e-06,1.8492174467358817e-06,3.086014032624942e-06,2.5105070760420363e-06,0.9135780125701798,4.282405132853128e-06,tanin
C11 H10 O10,0.1546844407240728,2.5669726331038952e-06,1.8492174467358817e-06,3.086014032624942e-06,2.5105070760420363e-06,0.8758613398621232,0.2520653618018689,tanin
C10 H8 O9,0.1559758524154426,2.5669726331038952e-06,1.8492174467358817e-06,3.086014032624942e-06,2.5105070760420363e-06,0.8736291615032448,0.2520995163640381,tanin
C12 H10 O11,0.1293306900709171,2.5669726331038952e-06,1.8492174467358817e-06,3.086014032624942e-06,2.5105070760420363e-06,0.8000352088115379,0.263353237554964,tanin
C13 H12 O12,0.1041893500601209,2.5669726331038952e-06,1.8492174467358817e-06,3.086014032624942e-06,2.5105070760420363e-06,0.8344499769276772,0.1542330768668742,tanin
C12 H12 O11,0.105217023695102,2.5669726331038952e-06,1.8492174467358817e-06,3.086014032624942e-06,2.5105070760420363e-06,0.8354712091820256,0.1529586531342416,tanin
C14 H12 O13,0.1731806755583468,2.5669726331038952e-06,1.8492174467358817e-06,3.086014032624942e-06,2.5105070760420363e-06,0.8514008834532204,0.1334876847574707,tanin
C18 H22 O15,0.1538687838574123,2.5669726331038952e-06,1.8492174467358817e-06,3.086014032624942e-06,2.5105070760420363e-06,0.9101846814953942,0.110913252197103,tanin
C10 H8 O10,0.0693439046574547,2.5669726331038952e-06,1.8492174467358817e-06,3.086014032624942e-06,2.5105070760420363e-06,0.7023076792736112,0.1448274288218617,tanin
C11 H12 O10,3.577726848801236e-06,2.5669726331038952e-06,1.8492174467358817e-06,3.086014032624942e-06,2.5105070760420363e-06,0.7078496626367979,0.1636299370519303,tanin
C31 H26 O21,3.577726848801236e-06,0.081957485030118,1.8492174467358817e-06,3.086014032624942e-06,2.5105070760420363e-06,0.7843835562895547,0.151783840484361,tanin
C21 H24 O17,3.577726848801236e-06,0.0706320390933462,1.8492174467358817e-06,3.086014032624942e-06,2.5105070760420363e-06,0.9169118826464429,0.1476315076403464,tanin
C22 H26 O17,3.577726848801236e-06,2.5669726331038952e-06,1.8492174467358817e-06,3.086014032624942e-06,2.5105070760420363e-06,0.8666521098103267,0.2801816059570218,tanin
C20 H24 O16,3.577726848801236e-06,2.5669726331038952e-06,1.8492174467358817e-06,3.086014032624942e-06,2.5105070760420363e-06,0.7500025208552695,0.3937066469409628,tanin
C14 H18 O12,0.2532220021729243,2.5669726331038952e-06,1.8492174467358817e-06,3.086014032624942e-06,2.5105070760420363e-06,0.7841285081079541,0.2860142297690734,tanin
C20 H26 O15,0.2834316683009813,2.5669726331038952e-06,1.8492174467358817e-06,3.086014032624942e-06,2.5105070760420363e-06,0.7594922675233485,0.2836566907943778,tanin
C18 H24 O14,0.2442825694667764,2.5669726331038952e-06,1.8492174467358817e-06,3.086014032624942e-06,2.5105070760420363e-06,0.7342493584293398,0.1219314878806976,tanin
C21 H26 O16,0.3844940298598834,2.5669726331038952e-06,1.8492174467358817e-06,3.086014032624942e-06,2.5105070760420363e-06,0.8298865531966472,0.1291128028107901,tanin
C20 H28 O14,0.511659076676427,2.5669726331038952e-06,1.8492174467358817e-06,3.086014032624942e-06,2.5105070760420363e-06,0.7639277253642012,4.282405132853128e-06,tanin
C24 H30 O17,0.3853565464836186,2.5669726331038952e-06,1.8492174467358817e-06,3.086014032624942e-06,2.5105070760420363e-06,0.6291959635961472,4.282405132853128e-06,tanin
C25 H32 O17,0.2818418351307193,2.5669726331038952e-06,1.8492174467358817e-06,3.086014032624942e-06,2.5105070760420363e-06,0.5820656896420707,4.282405132853128e-06,tanin
C29 H46 O11,0.531242043744416,2.5669726331038952e-06,1.8492174467358817e-06,0.8328111232635022,2.5105070760420363e-06,0.7159897901723236,4.282405132853128e-06,protein
C25 H40 O8,0.5319511070426298,2.5669726331038952e-06,1.8492174467358817e-06,0.8231849022846445,2.5105070760420363e-06,0.7148253109669886,4.282405132853128e-06,protein
C26 H40 O8,0.5447049284760757,2.5669726331038952e-06,1.8492174467358817e-06,0.8201500807698013,2.5105070760420363e-06,0.6604635088787641,4.282405132853128e-06,protein
C30 H46 O10,0.3707469031147289,2.5669726331038952e-06,1.8492174467358817e-06,0.825678007403029,2.5105070760420363e-06,0.5266871772460638,4.282405132853128e-06,protein
C26 H42 O8,0.3828603303752417,2.5669726331038952e-06,1.8492174467358817e-06,0.8549799122638695,2.5105070760420363e-06,0.5482077446703142,4.282405132853128e-06,protein
C30 H46 O12,0.3605599250315909,2.5669726331038952e-06,1.8492174467358817e-06,0.8181985408360412,2.5105070760420363e-06,0.6808076425262982,4.282405132853128e-06,protein
C30 H46 O11,0.3601688643787701,2.5669726331038952e-06,1.8492174467358817e-06,0.8192169525402,2.5105070760420363e-06,0.6817537688865335,4.282405132853128e-06,protein
C27 H44 O9,0.3701343051953921,2.5669726331038952e-06,1.8492174467358817e-06,0.8481432472045847,2.5105070760420363e-06,0.6710396662034184,0.0261246896413123,protein
C29 H44 O9,0.3747620325592936,2.5669726331038952e-06,1.8492174467358817e-06,0.8384975198990994,2.5105070760420363e-06,0.7078855263509419,0.1568086406533333,protein
C28 H44 O9,0.2643524098609134,2.5669726331038952e-06,1.8492174467358817e-06,0.8543863302082384,2.5105070760420363e-06,0.5544074373650628,0.2526078166127913,protein
C29 H46 O10,0.1813069384310507,2.5669726331038952e-06,1.8492174467358817e-06,0.872364510038122,2.5105070760420363e-06,0.4181091589584803,4.282405132853128e-06,protein
C29 H46 O9,0.1593678506235183,2.5669726331038952e-06,1.8492174467358817e-06,0.8752877372192356,2.5105070760420363e-06,0.4373041464378859,4.282405132853128e-06,protein
C30 H46 O9,0.0771775866405848,2.5669726331038952e-06,1.8492174467358817e-06,0.8681151550700043,2.5105070760420363e-06,0.651041643385572,0.0389490759312202,protein
C31 H48 O11,0.1476542842872077,2.5669726331038952e-06,1.8492174467358817e-06,0.8032631967482198,2.5105070760420363e-06,0.262983704048057,4.282405132853128e-06,protein
C31 H48 O12,0.14642581366724,2.5669726331038952e-06,1.8492174467358817e-06,0.807550354674918,2.5105070760420363e-06,0.131603159478868,4.282405132853128e-06,protein
C32 H48 O12,3.577726848801236e-06,2.5669726331038952e-06,1.8492174467358817e-06,0.8221559813580002,2.5105070760420363e-06,3.704558711867581e-06,4.282405132853128e-06,protein
C26 H39 O9 P1,3.577726848801236e-06,2.5669726331038952e-06,1.8492174467358817e-06,0.5892237525363895,2.5105070760420363e-06,3.704558711867581e-06,4.282405132853128e-06,protein
C26 H41 O10 P1,3.577726848801236e-06,2.5669726331038952e-06,1.8492174467358817e-06,0.6125575531142909,2.5105070760420363e-06,3.704558711867581e-06,4.282405132853128e-06,protein
C25 H41 O10 P1,3.577726848801236e-06,2.5669726331038952e-06,1.8492174467358817e-06,0.6139453753296985,2.5105070760420363e-06,3.704558711867581e-06,4.282405132853128e-06,protein
C26 H41 O11 P1,3.577726848801236e-06,2.5669726331038952e-06,1.8492174467358817e-06,0.6154058548314979,2.5105070760420363e-06,3.704558711867581e-06,4.282405132853128e-06,protein
C33 H50 O13,3.577726848801236e-06,2.5669726331038952e-06,1.8492174467358817e-06,0.6157051030516212,2.5105070760420363e-06,3.704558711867581e-06,4.282405132853128e-06,protein
C27 H45 O10 P1,3.577726848801236e-06,2.5669726331038952e-06,1.8492174467358817e-06,0.6163598124912769,2.5105070760420363e-06,3.704558711867581e-06,4.282405132853128e-06,protein
C32 H48 O11,3.577726848801236e-06,2.5669726331038952e-06,1.8492174467358817e-06,0.617049376258744,2.5105070760420363e-06,3.704558711867581e-06,4.282405132853128e-06,protein
C22 H35 O11 P1,3.577726848801236e-06,2.5669726331038952e-06,1.8492174467358817e-06,0.6177062026640804,2.5105070760420363e-06,3.704558711867581e-06,4.282405132853128e-06,protein
C27 H41 O11 P1,3.577726848801236e-06,2.5669726331038952e-06,1.8492174467358817e-06,0.6193953144593746,2.5105070760420363e-06,3.704558711867581e-06,4.282405132853128e-06,protein
C27 H45 O9 P1,3.577726848801236e-06,2.5669726331038952e-06,1.8492174467358817e-06,0.6099345192272652,2.5105070760420363e-06,0.1260790689904551,4.282405132853128e-06,protein
C29 H49 O9 P1,0.1326804762355761,0.0356209813045603,1.8492174467358817e-06,0.5466981081433773,2.5105070760420363e-06,3.704558711867581e-06,4.282405132853128e-06,protein
C28 H45 O10 P1,0.1363303494036342,0.0082260752108917,1.8492174467358817e-06,0.553539838799112,2.5105070760420363e-06,0.13043062393195,4.282405132853128e-06,protein
C23 H38 O7,0.1592105148253288,2.5669726331038952e-06,1.8492174467358817e-06,0.5183653577316653,2.5105070760420363e-06,0.1693018093711573,4.282405132853128e-06,protein
C10 H20 O4,0.4476102514203773,0.1423431260176122,1.8492174467358817e-06,0.5227872075997858,2.5105070760420363e-06,3.704558711867581e-06,4.282405132853128e-06,protein
C29 H44 O12,0.6017636374046915,2.5669726331038952e-06,1.8492174467358817e-06,0.5128400773055382,2.5105070760420363e-06,3.704558711867581e-06,4.282405132853128e-06,protein
C12 H24 O4,0.5028396292560453,2.5669726331038952e-06,1.8492174467358817e-06,0.4193778192501435,2.5105070760420363e-06,0.1325226609295812,4.282405132853128e-06,protein
C29 H46 O12,0.3130778244684816,2.5669726331038952e-06,1.8492174467358817e-06,0.5885487807109345,2.5105070760420363e-06,0.3524796795675896,4.282405132853128e-06,protein
C28 H46 O10,0.5047467448448866,2.5669726331038952e-06,1.8492174467358817e-06,0.6717933526975208,2.5105070760420363e-06,0.3751534733071573,0.1272186125708297,protein
C27 H42 O13,0.4915263514786076,2.5669726331038952e-06,1.8492174467358817e-06,0.5903835095026809,2.5105070760420363e-06,0.4053768907324108,9.64647700229894e-05,protein
C28 H42 O14,0.5677235575027287,2.5669726331038952e-06,1.8492174467358817e-06,0.5723866928142171,2.5105070760420363e-06,0.2371981353779323,4.282405132853128e-06,protein
C14 H26 O7,0.6243232568800566,2.5669726331038952e-06,1.8492174467358817e-06,0.3435627005163431,2.5105070760420363e-06,0.3745614101653982,0.1244082150816608,protein
C13 H24 O7,0.561579392582312,2.5669726331038952e-06,1.8492174467358817e-06,0.4612474310999496,2.5105070760420363e-06,0.3803355201189718,0.1330170051378154,protein
C26 H42 O12,0.6562306551579223,2.5669726331038952e-06,1.8492174467358817e-06,0.470110221330274,2.5105070760420363e-06,0.3636468345178581,0.2004613917872127,protein
C16 H30 O7,0.6211900451690247,0.2003169987771319,1.8492174467358817e-06,0.5537657114766305,2.5105070760420363e-06,0.4451118329362163,0.273548627416025,protein
C18 H32 O9,0.7183096600781518,2.5669726331038952e-06,1.8492174467358817e-06,0.3267725920687276,2.5105070760420363e-06,0.4984913330916777,4.282405132853128e-06,protein
C28 H46 O11,0.6320014598997516,2.5669726331038952e-06,1.8492174467358817e-06,0.2122427829993744,2.5105070760420363e-06,0.5076238459810446,0.0703411674216455,protein
C25 H42 O8,0.5995983655172687,2.5669726331038952e-06,1.8492174467358817e-06,0.2151438009423219,2.5105070760420363e-06,0.547431944964064,0.0330351720828614,protein
C26 H44 O9,0.6115414816433992,2.5669726331038952e-06,1.8492174467358817e-06,0.2393338763350304,2.5105070760420363e-06,0.330752402011237,0.2555605989044652,protein
C22 H38 O10,0.6878702190893956,2.5669726331038952e-06,1.8492174467358817e-06,0.2361147464956279,2.5105070760420363e-06,0.3620762117439422,0.2968080836287721,protein
C26 H44 O10,0.6492240186279463,2.5669726331038952e-06,1.8492174467358817e-06,0.2336971338855287,2.5105070760420363e-06,0.4896787869041517,0.2478720649544623,protein
C21 H38 O8,0.6550050992058419,0.0758631342625123,1.8492174467358817e-06,0.2320781465784012,2.5105070760420363e-06,0.4942143512862235,0.184170877222278,protein
C24 H38 O13,0.8391458938248834,0.2139595647279133,1.8492174467358817e-06,0.2307835842618118,0.0713202911458864,0.3900984027549153,0.1742515764623259,protein
C24 H42 O9,0.6730398937233314,2.5669726331038952e-06,1.8492174467358817e-06,0.2402968500004309,2.5105070760420363e-06,0.2256563605440515,0.1197332652920879,protein
C25 H42 O11,0.5733078811179216,2.5669726331038952e-06,1.8492174467358817e-06,0.2181380220796496,2.5105070760420363e-06,0.3018329164653014,0.1275471144318009,protein
C26 H42 O11,0.5660389919993605,1.7053488192246846e-05,1.8492174467358817e-06,0.105331829456035,2.5105070760420363e-06,0.3408015966317631,0.2316180207751757,protein
C18 H34 O8,0.5734966255573205,2.5669726331038952e-06,1.8492174467358817e-06,3.086014032624942e-06,2.5105070760420363e-06,0.3350872335468974,0.199879905381894,protein
C15 H28 O7,0.5663066012748735,2.5669726331038952e-06,1.8492174467358817e-06,3.086014032624942e-06,2.5105070760420363e-06,0.1697548746324099,4.282405132853128e-06,protein
C23 H38 O11,0.7142021165305378,2.5669726331038952e-06,1.8492174467358817e-06,0.3530020992738959,2.5105070760420363e-06,0.6390734541881593,0.3377683142222173,protein
C23 H40 O8,0.7005473363671687,0.1486531885397869,1.8492174467358817e-06,0.2318448078165631,2.5105070760420363e-06,0.610793928034104,0.3394743553069503,protein
C25 H42 O10,0.8688892806122505,0.0891367089912794,1.8492174467358817e-06,0.2278867057428289,2.5105070760420363e-06,0.7472424182289126,0.4554594756349911,protein
C25 H40 O12,0.8683100381972291,2.5669726331038952e-06,1.8492174467358817e-06,0.3316146974273877,2.5105070760420363e-06,0.5949374365303218,0.5517653415023726,protein
C22 H36 O11,0.9790601256147586,0.0057867266611334,0.0376046078339331,0.3132208173634734,2.5105070760420363e-06,0.5611026210553682,0.5441770474348743,protein
C24 H40 O11,0.9036530984337589,2.5669726331038952e-06,1.8492174467358817e-06,0.234643096219568,2.5105070760420363e-06,0.5563848794007246,0.4503657682150865,protein
C20 H34 O10,0.9252581923099222,2.5669726331038952e-06,1.8492174467358817e-06,0.3301345225841679,2.5105070760420363e-06,0.5613424921289543,0.4444224143002682,protein
C21 H36 O10,0.9798901870176956,2.5669726331038952e-06,1.8492174467358817e-06,0.3157629907220954,2.5105070760420363e-06,0.5901877813677298,0.4396141512948643,protein
C19 H32 O10,0.9459881205789328,2.5669726331038952e-06,1.8492174467358817e-06,0.3270043998107432,2.5105070760420363e-06,0.5871029302109795,0.3286973410113566,protein
C22 H34 O12,0.9722727081212416,2.5669726331038952e-06,1.8492174467358817e-06,0.5682097683147396,2.5105070760420363e-06,0.7035532416587498,0.6794022439378643,protein
C24 H36 O13,0.7778115584159764,2.5669726331038952e-06,1.8492174467358817e-06,0.5898421333328494,2.5105070760420363e-06,0.678344688963363,0.5820763115060478,protein
C23 H36 O12,0.8200774387870228,2.5669726331038952e-06,1.8492174467358817e-06,0.7479945152443455,2.5105070760420363e-06,0.7140372968073706,0.569460564041353,protein
C24 H38 O8,0.8861357418678291,2.5669726331038952e-06,1.8492174467358817e-06,0.7906277090545193,2.5105070760420363e-06,0.7246016035134382,0.5700596108300052,protein
C27 H42 O12,0.950190734065972,2.5669726331038952e-06,1.8492174467358817e-06,0.7547381850255223,2.5105070760420363e-06,0.7287622621417124,0.4531668410640224,protein
C28 H42 O12,0.765814020151226,2.5669726331038952e-06,1.8492174467358817e-06,0.8042248284085907,2.5105070760420363e-06,0.5244897710969858,0.6025729136255508,protein
C28 H44 O10,0.7462989344604403,0.1427855316662998,1.8492174467358817e-06,0.7292132493623775,2.5105070760420363e-06,0.5015350709181557,0.4419052522078999,protein
C27 H44 O10,0.7020626935834633,0.1988133742501192,1.8492174467358817e-06,0.6933820174955116,2.5105070760420363e-06,0.5052700948288579,0.5333418768304591,protein
C22 H36 O7,0.7323578641385745,0.1873017024272534,1.8492174467358817e-06,0.696566689938168,2.5105070760420363e-06,0.7204357472454329,0.4478384533072014,protein
C27 H44 O11,0.8813013094083589,0.1513220094061592,1.8492174467358817e-06,0.7227160548711455,2.5105070760420363e-06,0.7540527296392598,0.3181931644620538,protein
C28 H44 O11,0.8992690778179865,0.1546439147110452,1.8492174467358817e-06,0.7232939108960073,2.5105070760420363e-06,0.5851944608545481,0.3155584321525373,protein
C29 H44 O10,0.7974439510490644,0.2018587822151839,1.8492174467358817e-06,0.679973534904757,2.5105070760420363e-06,0.6869002638425881,0.1756935216509864,protein
C27 H42 O9,0.654048637997078,0.126359296679516,1.8492174467358817e-06,0.7367677169991891,2.5105070760420363e-06,0.7317007997400349,0.2189035670859094,protein
C23 H36 O7,0.5601308814171759,0.1910897357927515,1.8492174467358817e-06,0.7180746076166308,2.5105070760420363e-06,0.5928492847683895,0.1895554275326075,protein
C29 H44 O13,0.5637894985888956,2.5669726331038952e-06,1.8492174467358817e-06,0.8342601106658931,2.5105070760420363e-06,0.5184396144972984,0.1712820619626024,protein
C28 H42 O13,0.7167607673008384,2.5669726331038952e-06,1.8492174467358817e-06,0.812820162706958,2.5105070760420363e-06,0.4279159096737535,0.1190354662691261,protein
C28 H44 O12,0.8119370752237295,2.5669726331038952e-06,1.8492174467358817e-06,0.798503879868851,2.5105070760420363e-06,0.6136880258127263,0.2082495674931263,protein
C26 H40 O13,0.8151593699887969,2.5669726331038952e-06,1.8492174467358817e-06,0.5905107542612629,2.5105070760420363e-06,0.60780518123598,0.2082683548028062,protein
C25 H38 O13,0.9213549230923802,2.5669726331038952e-06,0.0338888069288387,0.5894630830671627,2.5105070760420363e-06,0.3917139851125045,0.3475405065132305,protein
C21 H34 O11,0.8908321608640993,0.232090916168463,1.8492174467358817e-06,0.5493842351682738,0.074116040072045,0.4988243458692434,0.6292540833795833,protein
C20 H36 O8,0.8615574616758309,0.3065954347183986,1.8492174467358817e-06,0.540015036504805,0.0321794620384462,0.4481490217366333,0.5285819547231051,protein
C26 H42 O9,0.9290158856827192,0.3089620548382923,1.8492174467358817e-06,0.6585666267316213,2.5105070760420363e-06,0.4925135276370459,0.5171293947811584,protein
C27 H42 O11,0.8710718379432051,0.2899098132337976,0.0489507064583774,0.6624244942606792,2.5105070760420363e-06,0.5274439535908986,0.5503275065169727,protein
C28 H42 O11,0.8788619011899227,0.2373646212962084,1.8492174467358817e-06,0.6683222850406586,2.5105070760420363e-06,0.5317005606486073,0.5582157227298596,protein
C26 H40 O12,0.8983686142439977,0.2144557543835946,1.8492174467358817e-06,0.6680701393069266,2.5105070760420363e-06,0.673124023688347,0.5481036411677223,protein
C26 H40 O11,0.8742830592210099,0.315170343756073,0.0515541341873357,0.6431706913964549,2.5105070760420363e-06,0.6295075101216238,0.518090936958868,protein
C25 H40 O11,0.8714209678912083,0.3132346642778511,0.0510977251455881,0.6392544560993486,2.5105070760420363e-06,0.6235201929862841,0.522717246787094,protein
C24 H38 O11,0.868016905884001,0.3161245889188305,0.051075104970068,0.6356272622235488,2.5105070760420363e-06,0.6256134384351528,0.5213179372889725,protein
C25 H38 O12,0.8337323990070953,0.342327775784677,0.090985087688206,0.6146502870983492,2.5105070760420363e-06,0.6805784785905581,0.6265435576950152,protein
C25 H38 O9,0.6720514724497039,0.5506558677361133,1.8492174467358817e-06,0.5839153854865974,2.5105070760420363e-06,0.669627363535709,0.6004772007331867,protein
C25 H38 O11,0.7442781130633659,0.5285350405281808,0.0497109730722916,0.5763067084071815,2.5105070760420363e-06,0.6476245071208184,0.6743970592538557,protein
C24 H36 O12,0.7974638473147964,0.4935274463848728,1.8492174467358817e-06,0.5894430096961565,2.5105070760420363e-06,0.6751344187599034,0.6009959451924639,protein
C23 H36 O8,0.780522402114874,0.4891447926879107,1.8492174467358817e-06,0.5922319985713506,2.5105070760420363e-06,0.5934949875521726,0.6072629622774747,protein
C27 H42 O10,0.8387065554684481,0.3895986187712325,1.8492174467358817e-06,0.6099173566840697,2.5105070760420363e-06,0.6404410571541821,0.4190648526887814,protein
C26 H40 O9,0.8227561423643533,0.4165215257859151,1.8492174467358817e-06,0.6117172689509633,2.5105070760420363e-06,0.6177432243308585,0.5100839849488037,protein
C26 H40 O10,0.7936065825849876,0.4875864431814062,1.8492174467358817e-06,0.5896165630789996,2.5105070760420363e-06,0.6876850554655729,0.495473347264264,protein
C28 H42 O9,0.7357253296208042,0.4352831307006838,1.8492174467358817e-06,0.6075042426260415,2.5105070760420363e-06,0.6989070715032021,0.516855238089045,protein
C28 H42 O10,0.7129285754669861,0.4777139578313575,1.8492174467358817e-06,0.6011143707342197,2.5105070760420363e-06,0.7083052357592208,0.4189840902620267,protein
C24 H36 O8,0.6051769723321269,0.2232972805498607,0.0315020880254131,0.6539693333327284,2.5105070760420363e-06,0.7227075316190616,0.6490725019610883,protein
C22 H34 O7,0.6779166395081139,0.3023814627229287,1.8492174467358817e-06,0.6504826908569311,2.5105070760420363e-06,0.6604509305906151,0.5371297665398413,protein
C24 H38 O10,0.5944013438712119,0.3551526118722203,0.1039965144093751,0.6306510697708037,2.5105070760420363e-06,0.6948967286159485,0.5521809014559137,protein
C25 H38 O8,0.4765837607579379,0.2619350475409021,1.8492174467358817e-06,0.6770856912928748,2.5105070760420363e-06,0.6792965327273024,0.4330472427376235,protein
C20 H30 O6,0.6694136867582339,0.6407864232129793,0.2041088249579209,0.549063855094304,0.2759854634749037,0.6200541469316617,0.5909711594398762,protein
C20 H32 O6,0.6086171807225531,0.5312451898971646,0.1800245888133472,0.5712485969431923,0.166263015179405,0.5951621304958933,0.5229067455613026,protein
C18 H34 O7,0.6624902814394309,0.576471398695198,0.035977975924182,0.5071058977302952,0.1731295260607881,0.5760442240136985,0.5611166673833962,protein
C24 H36 O9,0.6835899111348146,0.6499859646523186,1.8492174467358817e-06,0.567042904392235,0.1773003968853891,0.643402984131294,0.6297164505732414,protein
C21 H32 O7,0.7130475479337953,0.6089935873219506,0.1313833919773458,0.5611950513205405,0.0938049025995824,0.6266372175329694,0.6434250213347155,protein
C25 H38 O10,0.7387645517326317,0.6689226895014608,0.0509360369931476,0.5624129870400874,2.5105070760420363e-06,0.641501427635705,0.5783572523647011,protein
C16 H30 O6,0.6963526903892574,0.6622348017588856,1.8492174467358817e-06,0.518539478158887,0.0578094638593759,0.411120672458154,0.4008752401785006,protein
C16 H32 O5,0.4519448914852265,0.5090048096571116,0.0959414806838789,0.5503676413327871,0.0478359313379099,0.2872603979042701,0.4566273868241729,protein
C11 H20 O5 N2,0.6400308185053637,0.5643998606172106,0.3491487677093581,0.5035279611095259,0.3041004728138097,0.2086073485685856,0.3719191342660468,protein
C16 H29 O6 N3,0.5740983300460981,0.6915421826084907,0.4659510436654407,0.224947960447218,0.2078561040509164,0.3415630768405543,0.3390179693792311,protein
C17 H31 O6 N3,0.5023052659743606,0.6921185530259794,0.2856075091797917,0.2160268024488454,0.1671867022866916,0.203532620023117,0.3521082306084137,protein
C16 H27 O6 N3,0.4717730957833241,0.6103344731316694,0.0285216493879979,3.086014032624942e-06,2.5105070760420363e-06,0.1666918535625298,0.2579129847885058,protein
C14 H25 O7 N3,0.4475208532671109,0.6206244531216416,0.024743556183774,3.086014032624942e-06,2.5105070760420363e-06,0.27694752702019,0.1524188362149641,protein
C15 H27 O7 N3,0.5543615945533568,0.5751170421212967,0.023562455813421,3.086014032624942e-06,2.5105070760420363e-06,0.3584274166763775,0.2437776583705792,protein
C15 H25 O6 N3,0.5673119928928018,0.7240837849836241,0.052549541657047,3.086014032624942e-06,2.5105070760420363e-06,0.4648271041526958,0.2866955419692548,protein
C15 H27 O6 N3,0.519303113936641,0.734693893722406,0.0893291028376166,0.2472838763274698,0.0345177657772447,0.4296717243512852,0.3024396755589585,protein
C14 H25 O6 N3,0.5013144589494124,0.6843184853155794,0.0785214727614288,0.2539066711485854,2.5105070760420363e-06,0.3166667203756105,0.2368755381989101,protein
C13 H23 O6 N3,0.5416315406047673,0.5987286173904792,0.0565654490649688,0.2548090466713814,2.5105070760420363e-06,0.3365758635540566,0.2461731247059594,protein
C18 H36 O6,0.5216840937548053,0.3849055431996512,1.8492174467358817e-06,0.2835590850413844,0.0683395451829648,0.452056815191994,4.282405132853128e-06,protein
C15 H29 O5 N3,0.5451265312472203,0.7494648837978205,0.0457758259178115,0.254480746877589,2.5105070760420363e-06,0.2478459161780798,4.282405132853128e-06,protein
C14 H25 O5 N3,0.5163075555754018,0.6219374564304971,0.0256520514068336,0.2670512890884481,2.5105070760420363e-06,0.1219137064982243,4.282405132853128e-06,protein
C15 H27 O5 N3,0.5100491896908175,0.6064362716965972,0.0285378301779246,0.2400315488371129,2.5105070760420363e-06,3.704558711867581e-06,4.282405132853128e-06,protein
C16 H27 O8 N3,0.5921032351508136,0.7349259672553456,0.0283492468882589,3.086014032624942e-06,0.1724562409345957,0.5802029075388749,0.5527229575157735,protein
C15 H25 O8 N3,0.5399490907676645,0.5923938419590136,0.027640636061613,3.086014032624942e-06,0.1090301689890362,0.4411215529383245,0.5230636080946957,protein
C13 H20 O7 N2,0.4531165204546216,0.2964138646651752,1.8492174467358817e-06,3.086014032624942e-06,0.0249255130481445,0.5401917367715651,0.5368500886791691,protein
C19 H35 O9 P1,0.3447632128309847,0.3589503768743429,1.8492174467358817e-06,3.086014032624942e-06,2.5105070760420363e-06,0.5880258231216172,0.4484358437452859,protein
C12 H20 O6 N2,0.356307098231375,0.5429609908460215,0.0251902357958709,3.086014032624942e-06,2.5105070760420363e-06,0.4402127456313578,0.4623429311896149,protein
C13 H22 O6 N2,0.3478587251697304,0.5140976004408901,1.8492174467358817e-06,0.2736440305574923,2.5105070760420363e-06,0.5430169658237516,0.4608202849205169,protein
C11 H17 O6 N1,0.5938372712334569,0.4886910458443782,0.0276739107110183,0.2717103714231407,0.0834865466141092,0.6324390309063094,0.5497220797113189,protein
C12 H18 O6 N2,0.2941442769156863,0.1285902062790005,1.8492174467358817e-06,0.2083755214351091,2.5105070760420363e-06,0.2448706052786605,0.5031515750329568,protein
C22 H37 O14 N3,0.1860412030956789,0.5695941773810418,0.0520419767710316,3.086014032624942e-06,2.5105070760420363e-06,3.704558711867581e-06,4.282405132853128e-06,aminosugar
C9 H16 O6,0.3073122512741713,2.5669726331038952e-06,1.8492174467358817e-06,0.540013410977586,2.5105070760420363e-06,3.704558711867581e-06,4.282405132853128e-06,aminosugar
C18 H31 O10 P1,3.577726848801236e-06,2.5669726331038952e-06,1.8492174467358817e-06,0.3946281088586092,2.5105070760420363e-06,0.648388975972455,4.282405132853128e-06,aminosugar
C16 H28 O9,0.5417588857082872,0.0039015861502913,1.8492174467358817e-06,3.086014032624942e-06,2.5105070760420363e-06,0.3909874850191029,4.282405132853128e-06,aminosugar
C12 H19 O7 N3,0.567706227045021,0.1504261788255831,1.8492174467358817e-06,3.086014032624942e-06,0.0078082676667611,0.3605290823016105,0.2893089257603431,aminosugar
C14 H23 O9 N1,0.5667183909556798,0.0893451158277715,0.0844220155977426,3.086014032624942e-06,2.5105070760420363e-06,0.1969856210415425,0.3595821444672646,aminosugar
C12 H21 O7 N1,0.5206506132911376,0.2063394580077651,0.0258763671495178,0.4247031220253797,2.5105070760420363e-06,0.1116234713351728,0.2756966380439064,aminosugar
C13 H21 O8 N1,0.5841623294007748,0.1137221103180308,1.8492174467358817e-06,0.2516824017701462,2.5105070760420363e-06,0.1912905152118802,0.5000730021176135,aminosugar
C11 H17 O7 N1,0.6723283546454449,0.096823773333394,1.8492174467358817e-06,0.3305395056794409,2.5105070760420363e-06,0.4724904521956961,0.4923803886375087,aminosugar
C13 H21 O9 N1,0.5714586987734177,0.1661357146804982,0.1289115300866296,0.2257445821933851,2.5105070760420363e-06,0.4238150498905845,0.509219584664574,aminosugar
C10 H15 O6 N1,0.568262062088593,0.3175656882995913,0.0146549339524403,0.2917129941924071,2.5105070760420363e-06,0.6063460478342942,0.4701224110550481,aminosugar
C13 H20 O8 N2,0.3613318056122234,0.3371911554924366,1.8492174467358817e-06,3.086014032624942e-06,0.0063225534215848,0.6205281716751296,0.4832012311960501,aminosugar
C12 H18 O8 N2,0.3593825567547732,0.337816481242258,1.8492174467358817e-06,3.086014032624942e-06,0.0051758363899513,0.6187591549926812,0.4829307246098175,aminosugar
C10 H16 O6 S2 N2,0.2689732050417317,0.1436635332942813,1.8492174467358817e-06,3.086014032624942e-06,0.1809702946959747,0.5110542362271123,0.5729156499792619,aminosugar
C14 H22 O8 N2,0.3503280903222042,0.1691453904530713,1.8492174467358817e-06,3.086014032624942e-06,0.0581542993985136,0.3319777195896234,0.5359784802026539,aminosugar
C16 H24 O10,0.6854935606321143,0.609881667260635,0.2001152323711117,0.5437993016735068,0.5217448466965583,0.6160064330147422,0.6106546774695896,aminosugar
C20 H32 O11,0.7323430994888911,0.4493115944254016,0.2538408076109167,0.4987273633993872,0.0041643910076986,0.6250356168262567,0.6887766973805184,aminosugar
C14 H22 O9,0.7261488337907374,0.5237579212550632,0.1167002995586611,0.5788034426095896,2.5105070760420363e-06,0.6356099549770051,0.6735588845202813,aminosugar
C10 H18 O6,0.6761966478483404,0.5640439253886068,1.8492174467358817e-06,0.5123773690925127,0.0037954697340476,0.6138177069240149,0.4254818921928038,aminosugar
C19 H30 O12 N2,0.6376311127900398,0.5287194216129298,1.8492174467358817e-06,0.2929165080832554,2.5105070760420363e-06,0.3910703613846138,0.3096986012487533,aminosugar
C12 H22 O7,0.5380795170014941,2.5669726331038952e-06,1.8492174467358817e-06,0.5887522362340148,2.5105070760420363e-06,0.5236176071501227,0.4031556975054808,aminosugar
C15 H24 O10,0.8124692328107967,2.5669726331038952e-06,1.8492174467358817e-06,0.586258979903796,2.5105070760420363e-06,0.611297475371244,0.209010139135288,aminosugar
C12 H20 O8,0.9126114596008577,2.5669726331038952e-06,1.8492174467358817e-06,0.580005652298367,2.5105070760420363e-06,0.6244747395228837,0.4325925438336307,aminosugar
C16 H26 O10,0.9252554014310188,2.5669726331038952e-06,1.8492174467358817e-06,0.5882162658872604,2.5105070760420363e-06,0.5458280053194724,0.4464804298806378,aminosugar
C17 H28 O10,0.9024573418661004,2.5669726331038952e-06,0.0513976370598226,0.5884351828204001,0.0467081503749811,0.4921789035911636,0.5486758796157046,aminosugar
C14 H24 O8,0.8114214828533802,0.315475441707348,0.0579842813130766,0.5224437299181234,0.1389605534467011,0.6946023343015844,0.5594622798978486,aminosugar
C18 H30 O10,0.7159186420987698,0.173945563552391,0.0425785796637317,0.5547268895014984,0.0446597041061722,0.7052441897924385,0.6229116103242662,aminosugar
C13 H22 O8,0.8437464326265628,0.1644021585711005,1.8492174467358817e-06,0.5533606527754403,2.5105070760420363e-06,0.7296111406625806,0.6424223157780826,aminosugar
C13 H20 O9,0.8337469836000754,0.217544348033833,1.8492174467358817e-06,0.6841147734113344,2.5105070760420363e-06,0.7024446370805232,0.7510191617062546,aminosugar
C21 H32 O12,0.9697655985823056,0.1259312780050749,1.8492174467358817e-06,0.6818453105959122,2.5105070760420363e-06,0.732926663070593,0.6601050850146467,aminosugar
C20 H30 O12,0.8946528740831062,0.0055219090650616,1.8492174467358817e-06,0.7261255037055216,2.5105070760420363e-06,0.7347223956212589,0.670164224704935,aminosugar
C19 H30 O11,0.9138255819522684,2.5669726331038952e-06,1.8492174467358817e-06,0.5827107564084709,2.5105070760420363e-06,0.6661396952998055,0.6867545387226237,aminosugar
C18 H28 O11,0.8687457754195952,0.1577130203256002,1.8492174467358817e-06,0.2953680488486807,2.5105070760420363e-06,0.6586350831741903,0.6682193624068663,aminosugar
C17 H26 O11,0.763350034192768,2.5669726331038952e-06,1.8492174467358817e-06,0.3376245361765997,2.5105070760420363e-06,0.6751268302058961,0.6907407610759089,aminosugar
C16 H24 O11,0.6843241373573365,2.5669726331038952e-06,1.8492174467358817e-06,0.324044201336138,2.5105070760420363e-06,0.7534288569423471,0.6810328903986081,aminosugar
C16 H24 O12 N2,3.577726848801236e-06,0.0524854525651801,1.8492174467358817e-06,3.086014032624942e-06,2.5105070760420363e-06,0.5752353673187591,0.4254905420235463,carb
C14 H22 O10,0.4968660230479783,0.0478416913812267,1.8492174467358817e-06,3.086014032624942e-06,2.5105070760420363e-06,0.6832640470631725,4.282405132853128e-06,carb
C18 H30 O15,0.4769596291264045,2.5669726331038952e-06,0.2232706881802218,0.4373971286989628,0.3405388937538248,0.5504159619100328,0.5573571810189342,carb
C8 H12 O6,0.6782576218902857,2.5669726331038952e-06,1.8492174467358817e-06,0.2367205767098391,0.0615872046604207,0.3360566453331276,0.3986947773487557,carb
C12 H18 O9,0.7791052658303153,2.5669726331038952e-06,1.8492174467358817e-06,0.3451165533258362,2.5105070760420363e-06,0.6542943263292366,0.7897891754055006,carb
C10 H16 O7,0.8381560320976282,0.1477097150358887,0.0412192166833194,0.5508703450759908,2.5105070760420363e-06,0.7224766524622103,0.6433660061774514,carb
C21 H16 O14,0.2851731317226421,0.287534501499514,0.7776498775229459,0.6283285316015345,0.6210349739249632,0.0149436495289742,0.0192538503402604,condHC
C18 H14 O13,0.2683098086249321,0.1977221309203761,0.7403671820889403,0.4394222331901206,0.6416425848314142,3.704558711867581e-06,4.282405132853128e-06,condHC
C19 H14 O13,3.577726848801236e-06,0.1746223084967439,0.8052708721113473,0.4427896073315965,0.5405963955252464,3.704558711867581e-06,4.282405132853128e-06,condHC
C18 H14 O12,3.577726848801236e-06,0.1393476638822465,0.8370048348978656,0.3742997190937754,0.6071834468315099,0.2367035799575269,4.282405132853128e-06,condHC
C20 H14 O13,3.577726848801236e-06,0.2097495794843431,0.7499065495766232,0.5595557638246553,0.5436773892215453,0.2434232965073628,4.282405132853128e-06,condHC
C20 H14 O12,0.0164519554248023,0.235085486856199,0.7046194493753527,0.6105437895107072,0.6636395119522057,0.463575980293045,0.2817475627261493,condHC
C19 H14 O11,0.0100306072763434,0.2264532032585778,0.7405883305280644,0.6127350380048264,0.6581063973558362,0.4638413198013129,0.2784940301138029,condHC
C19 H14 O12,0.21490575562056,0.2541808398585649,0.7591788816412788,0.5450696322936461,0.5347879679535696,0.4695147514732969,0.1868741180316641,condHC
C21 H16 O13,0.3050333410997791,0.2066785547811407,0.7182213476978433,0.5008185096591852,0.6409113149285804,0.5557661523671454,4.282405132853128e-06,condHC
C21 H14 O13,0.2295478542102479,0.347872431466992,0.668025441889739,0.5753053080343837,0.6304362841249226,0.5903632017086513,0.0201734776466595,condHC
C18 H12 O12,0.4429606921811816,0.3603711215342249,0.6560034831956884,0.5797997773859375,0.5499426914306663,0.495572858382717,4.282405132853128e-06,condHC
C21 H16 O12,0.386803617195127,0.3356426614347275,0.5977571898389549,0.5901315905867004,0.6454177053291414,0.3452197723205101,0.0288815471320381,condHC
C17 H12 O12,0.5451686195016534,0.4057433544064949,0.5935003338541522,0.5702708612224661,0.6427152428236292,0.3518121207087377,4.282405132853128e-06,condHC
C23 H18 O15,0.5628175975178104,0.3967581565972374,0.5612600335865899,0.5778762872474441,0.6378550510995372,0.3718170563874262,4.282405132853128e-06,condHC
C22 H16 O13,0.6393014988280109,0.4348430527208071,0.5846942001343081,0.5644250117075763,0.6345814349215672,0.3530205719461969,4.282405132853128e-06,condHC
C19 H14 O10,0.6189002190569854,0.7031626481858347,0.2898887695678289,0.5315194264111731,0.6975928468858963,0.583467233195537,0.0744787234714752,condHC
C20 H12 O11,0.682209551431937,0.6987735067311229,0.2342775290769244,0.538659687030818,0.7334999379338293,0.5158611693795401,0.2801169776117228,condHC
C17 H12 O9,0.6422979574727673,0.6024915168853058,0.3953855799913591,0.5370749492041645,0.6870471041180543,0.6461375663465717,0.3437862039125822,condHC
C24 H18 O14,0.6499173269646077,0.631303104278176,0.4428558085353622,0.5312408186064348,0.6417279318537595,0.5545465781806619,0.3905272206799417,condHC
C20 H14 O11,0.5270786376045544,0.5701372175621522,0.3909451042228479,0.5402589411935664,0.6930390253727472,0.4632710867464241,0.2397795501683128,condHC
C23 H16 O13,0.6812107768978607,0.7025964303663513,0.3593574002101796,0.5311725086602798,0.6737532548514252,0.3938019029806489,0.4837496365997528,condHC
C22 H16 O12,0.5577304554750382,0.6151232307488418,0.3871713548347542,0.5381860537627629,0.6601432303678906,0.3798928111548833,0.6042201235919716,condHC
C21 H16 O11,0.4061268524683793,0.6597240890346197,0.3862475559672718,0.4903050532424429,0.6665156148342495,0.2177266464589364,0.5233329184277405,condHC
C24 H18 O15,0.4573033339659325,0.582364858025079,0.5406263142214205,0.5448485227889087,0.6396210630848288,0.2261240181788489,0.3302513965949236,condHC
C23 H18 O13,0.5726011585568527,0.5474752321181053,0.52471277526203,0.5451252404457181,0.6508267841850567,0.4069076735977885,0.4162574918423201,condHC
C19 H12 O11,0.4892574119441694,0.4086782476279074,0.5323520959047543,0.5669899802502223,0.6770466259428866,0.4200603269253019,0.4025874158949657,condHC
C21 H14 O12,0.5377954775517906,0.4440873646411061,0.5459076761547665,0.555380351443521,0.6583778945899068,0.4283233266640685,0.3692303865241281,condHC
C18 H12 O11,0.5428123074518627,0.4473823036551928,0.638170881595296,0.5504505054179957,0.6512853010402483,0.4570066314606272,0.3854468560840547,condHC
C19 H12 O12,0.4482210937868554,0.4080813739149349,0.5812999044899312,0.564800999933618,0.6330851330510329,0.4797815452811616,0.2174841206591269,condHC
C16 H12 O12,0.6159484144746864,0.3950134945361194,0.589355225607811,0.5648091275697128,0.6714093754211202,0.5185853043389584,0.2328279695283026,condHC
C23 H16 O14,0.6697105102338828,0.4414147551223076,0.583641769225832,0.5490141820067292,0.6611166307874289,0.6364880442331615,0.3858021739539854,condHC
C18 H10 O10,0.6628919429306678,0.5906463569804015,0.3207870192524157,0.2915149822953624,0.6625926464387301,0.6181833604632802,0.5244024914702546,condHC
C14 H8 O10,0.6437989101527853,0.5805091612091913,0.3244642287490097,0.2928925032045568,0.6758181504667521,0.6092843255506302,0.5922641557700782,condHC
C12 H8 O9,0.6226022749084141,0.5998703637046899,0.4199510666568314,0.2898996996781758,0.5782298438299223,0.5976482655320289,0.5972578073464301,condHC
C13 H10 O10,0.6293064161765823,0.5877038864541363,0.4279211280342648,0.2935235290906619,0.6439833730283123,0.6000767587435475,0.5913052514840135,condHC
C15 H10 O11,0.6225339884036281,0.5656301573959746,0.4603229907200999,0.2941426659462935,0.6662424270819095,0.5984573301325575,0.5858805193358377,condHC
C17 H10 O11,0.6759241320276581,0.497336354482367,0.4487622489028796,0.300900058201435,0.6765597566812904,0.5991009018840509,0.5918049785849209,condHC
C22 H14 O13,0.6614009833976916,0.5111149157215505,0.4737581535614143,0.298280521088078,0.673700607282463,0.6134043906126052,0.4818075655591223,condHC
C16 H10 O11,0.5380207735019913,0.5032018322616482,0.4667140225449745,0.2994555693511152,0.6705943041126445,0.5768336415360439,0.519994758570648,condHC
C15 H10 O9,0.6008159539602211,0.4545300793249721,0.5128626772133285,0.5497913352292273,0.6631071435989009,0.56896535055845,0.5033519014321727,condHC
C16 H10 O10,0.6793488555415872,0.4766335233041249,0.4575092276904478,0.5497716776907654,0.6753530647405707,0.5976303336749569,0.5931200595893588,condHC
C18 H12 O10,0.6760267643486286,0.4750873073903583,0.4639038040213858,0.5516819745967143,0.6584339231954079,0.6022125728618132,0.5967815145387398,condHC
C17 H10 O10,0.6673144056526281,0.4493912799385258,0.5043885295951887,0.5509977410464071,0.6605831515221186,0.5973412929295155,0.5982306985928443,condHC
C13 H10 O7,0.6433518293581014,0.4971769339312504,0.5105319249829241,0.5378867677396809,0.6404690270487753,0.5894337077955553,0.5930211693258353,condHC
C14 H10 O8,0.6458228825421701,0.498642275735053,0.50450516300417,0.5353523817905266,0.6539651589014722,0.5893314182456489,0.5913999088516417,condHC
C13 H8 O8,0.6457103020883337,0.5040116629083895,0.5046175334261291,0.5375137659473671,0.6549645933023598,0.5902749977624161,0.5906411162526823,condHC
C16 H12 O8,0.6482009364389033,0.5279542128725434,0.4526588585349311,0.5394763443450328,0.6482565685087359,0.5928196582219228,0.5890403454484744,condHC
C11 H6 O7,0.6520964632181967,0.5124968081222369,0.4884405993472361,0.5415714599154816,0.5887818173651003,0.5931717463373013,0.5986912253969827,condHC
C11 H8 O6,0.6340928185104053,0.4559347531650848,0.4202667671901359,0.5543756244103684,0.58528882021628,0.5884221951275038,0.6101057506221896,condHC
C16 H10 O9,0.6573330523248382,0.5600188412409031,0.4047083494193237,0.5376389693461857,0.6771440963962497,0.5942464103280843,0.5811297991760821,condHC
C12 H8 O7,0.6563652025295806,0.5588882875469322,0.3942467637222678,0.5393296688657404,0.6625419308906472,0.5939334084634831,0.5832847112646623,condHC
C13 H8 O9,0.6370821649153752,0.5523637328200708,0.3726532974923098,0.5457669834705807,0.6420625095695409,0.6026898201419143,0.5935207123877907,condHC
C14 H8 O9,0.6350770984798533,0.5550070236168249,0.3629792866729446,0.5463173567445544,0.6622401492292928,0.6039275860674564,0.5938700796649411,condHC
C11 H8 O8,0.6219443026998063,0.5769018688506209,0.430058177798172,0.5437570757687723,0.5786905342086032,0.5938384995619949,0.6001989338378128,condHC
C11 H8 O7,0.6265343982126851,0.5708777629181162,0.4576964638283156,0.5409756474852943,0.5790673265805983,0.5851172759045427,0.6004864640271023,condHC
C9 H6 O7,0.6265602363496312,0.5549946423997453,0.5238273193283831,0.5356233912005902,0.4470347102041132,0.5839216108608216,0.6105013730226011,condHC
C9 H6 O6,0.6725870511141369,0.5453000008518277,0.3417619452249276,0.5477825994191349,0.4717338583278069,0.5993889550779433,0.613373055482775,condHC
C13 H10 O9,0.6102862163352483,0.5107176272279009,0.5705044885900434,0.5428330958551475,0.6424131230586209,0.5719604904534431,0.5954274172764848,condHC
C16 H12 O9,0.6292276863829958,0.4941230819761373,0.6284603719432228,0.5358135022792916,0.6265920455802366,0.5770421188656546,0.5952309863684189,condHC
C17 H12 O10,0.6330428628583714,0.4958068779740922,0.629878509659737,0.5366867884254599,0.6265595393289415,0.5775829332796659,0.5937176954127126,condHC
C15 H10 O10,0.6310641297157301,0.4960131985755063,0.6293918585569646,0.5325313738094147,0.6282542114432631,0.5773210242136205,0.5921736699520278,condHC
C14 H10 O10,0.6304810160815845,0.4965468785565046,0.6284305789327971,0.5312519326762575,0.625756156746786,0.5787842637506938,0.5935504040053746,condHC
C13 H10 O8,0.6288744601449888,0.4866910830870792,0.6771948395823614,0.5329334082739184,0.6207004928102258,0.5759504585929511,0.5920506092394793,condHC
C14 H10 O9,0.6283057510471197,0.4843579170157344,0.6763950744777362,0.5341225381390269,0.6200623946142986,0.5769333322660847,0.5940883498619739,condHC
C12 H8 O8,0.6394276735629585,0.4459439529046236,0.7000435878448349,0.5416606748977316,0.6192126435310387,0.5794054336749465,0.5985806793331679,condHC
C16 H12 O10,0.629271710246991,0.4736197864923497,0.7234836459364153,0.5370315514077141,0.6127313896881283,0.57429028048647,0.5982094727670508,condHC
C16 H12 O11,0.561561837053725,0.3240434172634578,0.6994085464747013,0.5687305796751032,0.6314259135198474,0.6026385194377692,0.6166724444673198,condHC
C18 H14 O10,0.557045699831791,0.3390298652784912,0.64604974378969,0.5670072562022936,0.6389879398426659,0.6047935648230396,0.6141277992247911,condHC
C22 H16 O14,0.3083986459015673,0.3769782956274097,0.6471306744428659,0.5646634349673435,0.6295210375338526,0.5588194018743312,0.6301162445232308,condHC
C17 H12 O11,0.3500995758584293,0.2935825527058506,0.7167026226470946,0.5766122697213877,0.632689744978074,0.6487233401363507,0.538083517735251,condHC
C18 H14 O11,0.2801127731145092,0.1979705600410779,0.7539231455287972,0.5066241368261453,0.605335130756758,0.5122996946594564,0.4997492776011037,condHC
C20 H12 O12,0.5622846296755775,0.4248632965059809,0.5076731371465193,0.313095821880927,0.6695239645454848,0.6401189074436542,4.282405132853128e-06,condHC
C23 H16 O15,0.7131662503155494,0.5980121906453862,0.4817946025794424,3.086014032624942e-06,0.6191039673565752,0.6204181896184215,4.282405132853128e-06,condHC
C18 H12 O13,0.5814996058558761,0.5101161972270432,0.4843143153020158,3.086014032624942e-06,0.6847141406057176,0.2804973070508789,4.282405132853128e-06,condHC
C19 H12 O13,0.4164978935166262,0.4895987871557848,0.6031073343494251,3.086014032624942e-06,0.6334217393887376,0.349007474309886,0.143768453355665,condHC
C21 H14 O14,0.5349089885386706,0.4948659550009122,0.5804422777187559,3.086014032624942e-06,0.6725274842045218,0.3759061954930018,0.2675897222097655,condHC
C21 H16 O15,0.4670434563252659,0.4397482928282642,0.5987342281454857,3.086014032624942e-06,0.6024068150104498,0.391353684726351,0.3576912669284395,condHC
C20 H12 O13,0.6059979858857152,0.4805859049451373,0.5479890675937307,3.086014032624942e-06,0.6828875114653364,0.5609347892684541,0.2088689812591294,condHC
C22 H16 O15,0.6032399223163358,0.5301942226665813,0.528550756847842,3.086014032624942e-06,0.5824943935169108,0.6432029789544449,0.3392707775529162,condHC
C23 H18 O14,0.4931553244747836,0.3669067945940238,0.6064600059969211,0.1659167315743465,0.6400275602778439,0.6886851333262161,0.3290199919673132,condHC
C19 H14 O14,0.4399356495347515,0.4575098420770809,0.6796825080541715,3.086014032624942e-06,0.545338830576742,3.704558711867581e-06,0.0008129807476047,condHC
C20 H14 O14,0.4021994556525741,0.46223243447018,0.6715523691191136,3.086014032624942e-06,0.5436341602543698,0.023073503604719,0.2418497583292502,condHC
C24 H18 O16,0.5701230831613492,0.6534513187382887,0.5128499840497227,3.086014032624942e-06,0.6185246508959023,0.0986177487858053,0.2887679739341952,condHC
C20 H14 O15,0.5601618061559946,0.6089448053266571,0.4963866155619144,3.086014032624942e-06,0.6158060560160473,0.0627574455929264,0.2924707456282927,condHC
C19 H12 O14,0.5604343669908528,0.6418611623803554,0.3976009441797773,3.086014032624942e-06,0.6288059966064053,3.704558711867581e-06,0.2945186390663041,condHC
C17 H12 O13,0.4723439655616346,0.6876322933044954,0.3481745075292015,3.086014032624942e-06,0.6395499647164687,3.704558711867581e-06,0.2988420207795926,condHC
C18 H14 O14,0.3872028929350431,0.6125212436922651,0.4911884537235994,3.086014032624942e-06,0.6506419380874249,3.704558711867581e-06,0.2985162411614526,condHC
C25 H18 O17,0.4844418404243864,0.7933384693923438,0.2918932356454689,3.086014032624942e-06,0.613713049496926,3.704558711867581e-06,0.3848432389947621,condHC
C25 H18 O16,0.5221013751650669,0.7293361448931244,0.3535952787179234,3.086014032624942e-06,0.6239857977145159,0.0981791329630049,0.4462483567622076,condHC
C23 H18 O17,0.5205580641455607,0.6924452685822754,0.3682283169631438,3.086014032624942e-06,0.6151481063055848,3.704558711867581e-06,0.5254888120573978,condHC
C23 H16 O16,0.6010204533611725,0.7090332270265527,0.4245891486383827,3.086014032624942e-06,0.5609537131267778,0.3463614858638233,0.2967786373964574,condHC
C22 H16 O16,0.6123706427628188,0.6726153132081437,0.4667412769226789,3.086014032624942e-06,0.6226001523398463,0.3364107345398025,0.317654819854392,condHC
C23 H18 O16,0.505562401711547,0.6290788433922633,0.4783960918467739,3.086014032624942e-06,0.624104327195464,0.2330986789574907,0.3299384383571039,condHC
C17 H10 O12,0.5182275902327161,0.6123836636080768,0.345477162364243,3.086014032624942e-06,0.6726078079725808,0.2740730243433535,0.4425694794587071,condHC
C19 H14 O15,0.60652429162992,0.5968726234253816,0.3747339704503151,3.086014032624942e-06,0.6297821984562187,0.2131001233815719,0.5027407387458493,condHC
C21 H16 O16,0.5646548060915344,0.7155437166908117,0.4097722990145315,3.086014032624942e-06,0.6144945519426228,0.2460400222417399,0.4867329693574531,condHC
C25 H18 O15,0.6361796757034726,0.797613654125055,0.3432228804572221,3.086014032624942e-06,0.60263228184707,0.3021239583020392,0.4904959524620025,condHC
C24 H16 O14,0.671340068414345,0.7765190812384148,0.2413272163461124,3.086014032624942e-06,0.6318337631274781,0.312587976549497,0.4943025527981681,condHC
C18 H12 O14,0.4888225299911448,0.5622804438775277,0.2654184576800346,3.086014032624942e-06,0.6656544165272794,0.1650157576843725,0.422391786169804,condHC
C25 H16 O16,0.448432795455945,0.6456856708113698,0.203414437060589,3.086014032624942e-06,0.6518099896105577,0.2590062622203007,0.3482559272658431,condHC
C24 H16 O16,0.4867137058802558,0.7297355134312433,0.2774442003738017,3.086014032624942e-06,0.6387400132633233,0.3047632158046502,0.3252469480667229,condHC
C19 H10 O13,0.6208273209399104,0.595358747250627,0.2211246095055989,3.086014032624942e-06,0.6908994088499114,0.3894670714449885,0.2970946016038258,condHC
C18 H10 O13,0.5911280930590661,0.5949723542280073,0.2071083871635234,3.086014032624942e-06,0.7104208376179921,0.2321595694108922,0.1913925963706169,condHC
C22 H14 O12,0.57531146208564,0.8019281616032111,0.1578537033861528,0.2617125851643952,0.6892246365506473,0.2135073714485957,0.4099060008783565,condHC
C17 H10 O13,0.6805571710643116,0.5847944490150395,0.0901405432578225,3.086014032624942e-06,0.6748947410874669,3.704558711867581e-06,0.4327319840129043,condHC
C25 H16 O15,0.6905180429420833,0.8125792769329606,0.11650404648476,3.086014032624942e-06,0.6582262309508778,0.1323140016825799,0.4313754022247978,condHC
C23 H14 O13,0.7829890889238839,0.7340379368415297,0.1251904453528172,3.086014032624942e-06,0.6560295232110573,0.2345119431885503,0.4353191422533373,condHC
C24 H14 O14,0.7976451644151776,0.6976999561605866,0.0667437137705976,3.086014032624942e-06,0.6679741456965925,0.2806576802247792,0.5122136530278057,condHC
C15 H10 O12,0.7579160129107859,0.5484779126020782,0.1512981992951222,3.086014032624942e-06,0.6763548175665134,0.2622577237186285,0.5109228344918688,condHC
C16 H12 O13,0.7507592991184784,0.6373542012639143,0.2887137897571438,3.086014032624942e-06,0.6557459508464908,3.704558711867581e-06,0.4048089194109993,condHC
C24 H18 O17,0.7596938027723691,0.675055304420451,0.3941610010451503,3.086014032624942e-06,0.6067814898875612,3.704558711867581e-06,0.4893932524081343,condHC
C26 H20 O17,0.7516052055113196,0.6633501513182827,0.2810172540807323,3.086014032624942e-06,0.6164468590412057,3.704558711867581e-06,0.6332606727102196,condHC
C26 H20 O16,0.7492438068596562,0.7349740063776145,0.2885544785792087,3.086014032624942e-06,0.6097273387233496,3.704558711867581e-06,0.629650687321072,condHC
C27 H20 O15,0.7958935728039475,0.8122328009542056,1.8492174467358817e-06,3.086014032624942e-06,0.5087955250532392,3.704558711867581e-06,0.6611546591577139,condHC
C27 H18 O16,0.8115364490585375,0.7110085263994291,0.0634371805753404,3.086014032624942e-06,0.5841188366722679,3.704558711867581e-06,0.6492524307097947,condHC
C25 H16 O14,0.7960007965708561,0.7870167190012458,1.8492174467358817e-06,3.086014032624942e-06,0.6696247194343429,3.704558711867581e-06,0.6450671395567986,condHC
C28 H22 O16,0.7763729953837062,0.4770556732816703,1.8492174467358817e-06,3.086014032624942e-06,0.4744680059757405,1.2632797697792056e-05,0.5782985439390237,condHC
C23 H14 O17,0.5038020773501991,0.6256304763361265,1.8492174467358817e-06,3.086014032624942e-06,0.5249727705807317,0.0019236084973119,0.6909991517644704,condHC
C24 H14 O17,0.4830722841237162,0.5762660685911503,0.0524389554628023,3.086014032624942e-06,0.4587272039648932,0.0029007270026401,0.6998625903838298,condHC
C25 H16 O18,0.4732022958670144,0.6448252257492073,0.059935412154207,3.086014032624942e-06,0.3905753847981835,0.0002336167750161,0.6812005498838499,condHC
C28 H22 O17,0.5275498009833257,0.5716547585771624,0.0669919788785757,3.086014032624942e-06,0.3691505290597675,0.0249929383567204,0.704169531284076,condHC
C28 H20 O16,0.48834988114457,0.6844993006098096,1.8492174467358817e-06,3.086014032624942e-06,0.3142617434266612,3.704558711867581e-06,0.6815012081850466,condHC
C29 H22 O19,0.2965045502129531,0.6243807162841135,0.05834562334929,3.086014032624942e-06,0.3100936498820743,0.0344575187029269,0.6913590706082002,condHC
C28 H22 O19,0.4474113787914089,0.6292360353243057,0.1624328938784464,3.086014032624942e-06,0.2797334390792761,0.0002074472553793,0.5846095463335546,condHC
C24 H18 O18,0.4892296381976612,0.5654425571947846,0.1673962082406892,3.086014032624942e-06,0.3492385664211873,3.704558711867581e-06,0.601899883178208,condHC
C28 H20 O18,0.4965279665872376,0.5878994106342571,0.0879770653693135,3.086014032624942e-06,0.4381189651516564,3.704558711867581e-06,0.4575124914904989,condHC
C17 H12 O14,0.5130396614501839,0.6042323655315633,0.1557905374141774,3.086014032624942e-06,0.585574372902248,3.704558711867581e-06,0.5527608081935613,condHC
C26 H20 O18,0.4833733839460723,0.6265644163028735,0.2010995872087398,3.086014032624942e-06,0.5632243689657555,3.704558711867581e-06,0.6654200686011328,condHC
C23 H16 O17,0.4892095168610499,0.6252210542497388,0.2335821113568848,3.086014032624942e-06,0.5711855025017255,3.704558711867581e-06,0.6662943149692928,condHC
C22 H16 O17,0.4948624870944357,0.6585197432868546,0.2898993551872888,3.086014032624942e-06,0.4890910373068401,3.704558711867581e-06,0.671326492032923,condHC
C25 H18 O18,0.4868875056132677,0.6742705333570789,0.2065015341963407,3.086014032624942e-06,0.4886909157827269,3.704558711867581e-06,0.67065094638657,condHC
C26 H18 O18,0.4890062778570227,0.6774554281137621,0.2095999593818764,3.086014032624942e-06,0.4117006082484733,3.704558711867581e-06,0.6508068850444242,condHC
C25 H16 O17,0.543706964197165,0.4173157560991361,0.2074102928624185,3.086014032624942e-06,0.6347617890706545,0.0028226815996198,0.5582392797157113,condHC
C26 H18 O16,0.4663803975147854,0.3202685822753666,0.1823016705161279,3.086014032624942e-06,0.6185279353313972,3.704558711867581e-06,0.4612019510337375,condHC
C24 H16 O17,0.2900252772603148,0.2651682042817616,0.2955646254462964,3.086014032624942e-06,0.5042634387749828,3.704558711867581e-06,0.4904033195228459,condHC
C25 H14 O17,0.1238847400323309,0.2774389066176912,1.8492174467358817e-06,3.086014032624942e-06,0.4886363361928852,3.704558711867581e-06,0.5276513310893259,condHC
C27 H18 O17,0.1915425880918418,0.4744826582730599,0.0994626660529242,3.086014032624942e-06,0.5434750100344334,3.704558711867581e-06,0.6918520496142022,condHC
C29 H20 O19,0.1404458266997443,0.2462682516473457,1.8492174467358817e-06,3.086014032624942e-06,0.2733123676867576,0.2245884534849186,0.5307188923407098,condHC
C28 H18 O19,0.2235743605376205,0.175861507370588,1.8492174467358817e-06,3.086014032624942e-06,0.1922498793694463,0.213303221154061,0.5661785974109278,condHC
C29 H22 O16,0.2588477838440882,0.2766601775882538,1.8492174467358817e-06,3.086014032624942e-06,0.1841141515216355,3.704558711867581e-06,0.5434490506872106,condHC
C23 H16 O18,0.2540284086264446,0.3714679359164052,0.0459976988252357,3.086014032624942e-06,0.1591919757376818,0.1624737220329299,0.657229783121751,condHC
C29 H20 O17,0.2875444334929956,0.4136430909143855,1.8492174467358817e-06,3.086014032624942e-06,0.2436763266100616,0.17811132793354,0.6219429519737472,condHC
C24 H16 O18,0.2203087621353716,0.4574302556136933,0.0530958626034492,3.086014032624942e-06,0.3001819480663127,0.1129259218871673,0.7220885451886482,condHC
C29 H20 O18,0.4409267716589308,0.4543659539113651,1.8492174467358817e-06,3.086014032624942e-06,0.4001805232009142,0.082041280226484,0.5893622909217818,condHC
C27 H18 O18,0.4362676244002761,0.4392817190438372,0.057517172892384,3.086014032624942e-06,0.3007023378901656,0.0632677888440147,0.7028067228447612,condHC
C28 H20 O19,0.4963717223828128,0.4580481773957011,0.0508654522262851,3.086014032624942e-06,0.3036953038851491,0.033380415069995,0.7050071539007945,condHC
C27 H20 O19,0.4522185776744812,0.2736761556974696,0.0671540023221304,3.086014032624942e-06,0.3099303216669862,0.1444998810260265,0.7290166915354412,condHC
C27 H16 O17,0.4434626002420682,0.2874021215264991,1.8492174467358817e-06,3.086014032624942e-06,0.4846334787340047,0.1935265398241596,0.6921098268395904,condHC
C25 H18 O19,0.1688804263238579,0.4752445983721374,1.8492174467358817e-06,3.086014032624942e-06,0.0787413886206868,0.5184262565631896,0.5495171216651452,condHC
C28 H22 O20,0.2742142505517838,0.5414268590001245,1.8492174467358817e-06,3.086014032624942e-06,0.1821255586559124,0.4973306481633464,0.7343332701261778,condHC
C22 H14 O17,0.4662432393209269,0.4473879990150494,0.0857299383351742,3.086014032624942e-06,0.1586790241942144,0.2989286313128063,0.6488203072505765,condHC
C31 H24 O19,0.3651882600868665,0.3637074138133574,1.8492174467358817e-06,3.086014032624942e-06,0.1472541394754853,0.3936983919854058,0.6518577474601551,condHC
C21 H12 O16,0.2846776381818162,0.4783933894998166,1.8492174467358817e-06,3.086014032624942e-06,0.2691029288953526,0.3443779885778748,0.7079524519417552,condHC
C26 H18 O19,0.3044599055134443,0.4760695341037158,0.0594692497334435,3.086014032624942e-06,0.2109473857583979,0.3299616590907602,0.6181431610788044,condHC
C29 H22 O17,0.1492882088427287,0.4215047180361052,1.8492174467358817e-06,3.086014032624942e-06,0.2325984086910027,0.3037062497771512,0.5576477171777725,condHC
C23 H18 O18,0.4774492483172801,0.5436644916004832,0.1569148164185352,3.086014032624942e-06,0.177538252805898,0.639713387591841,0.6704550062490426,condHC
C21 H16 O17,0.4463116374608691,0.5151936353016431,0.1495376814523661,3.086014032624942e-06,0.1964421956258081,0.4853718147174495,0.5670274464037163,condHC
C28 H18 O18,0.4834376191750306,0.6376321843497851,1.8492174467358817e-06,3.086014032624942e-06,0.3185233226315477,0.4845935201441285,0.6698561434993424,condHC
C27 H20 O17,0.2353836045047306,0.4310272606666166,0.1714295567738863,3.086014032624942e-06,0.5381014320621763,0.3409252484809638,0.4723232715353026,condHC
C19 H12 O15,0.4618941046914494,0.4443253316333757,0.0997236243245081,3.086014032624942e-06,0.6083349312756023,0.3074370116232738,0.6539988566273377,condHC
C19 H10 O14,0.3586298747201468,0.512954219806025,0.0500108969612087,3.086014032624942e-06,0.6024055108963563,0.4556419391728538,0.5663488947878145,condHC
C26 H16 O17,0.4441697729448958,0.5955221793160774,0.0615943068526797,3.086014032624942e-06,0.6661966864875909,0.46529598323283,0.6393009538064071,condHC
C20 H14 O16,0.482622682535184,0.5292368079122515,0.1549163496569014,3.086014032624942e-06,0.5115196744931223,0.4832406784749418,0.6404889865876706,condHC
C18 H14 O15,0.4243263538553561,0.5577168263117305,0.166243788732111,3.086014032624942e-06,0.4912733997916315,0.4754376698523693,0.667004153207029,condHC
C28 H22 O18,0.5019804886954999,0.6444547797341862,0.0987752414335515,3.086014032624942e-06,0.4515523063257745,0.2701374754918292,0.4814375552461929,condHC
C29 H22 O18,0.4498767151751429,0.5751470046666293,0.062794481395654,3.086014032624942e-06,0.3086977164962222,0.2883165323094122,0.4931998834174586,condHC
C28 H20 O17,0.4943712023790532,0.6536055391782318,0.0541395160695451,3.086014032624942e-06,0.4959831836902661,0.2873852971870062,0.695743982677763,condHC
C26 H16 O15,0.4963502956351014,0.6347734108509779,0.0586655210088622,3.086014032624942e-06,0.5844743768145902,0.2862864641714738,0.6833261997790674,condHC
C26 H16 O16,0.4856566830026111,0.6320007610981763,0.0928031857924701,3.086014032624942e-06,0.6551070798422118,0.2903699638379413,0.6703902858842676,condHC
C25 H14 O16,0.5012519792733128,0.5736204996504535,0.0532780573999227,3.086014032624942e-06,0.6765452665246954,0.2958680791217984,0.676121995004324,condHC
C25 H14 O15,0.5219703388991261,0.6228553008150407,1.8492174467358817e-06,3.086014032624942e-06,0.6681583638874385,0.2668238502223186,0.559819438157299,condHC
C23 H12 O14,0.5427502779175218,0.6658153011636957,1.8492174467358817e-06,3.086014032624942e-06,0.6890020677453461,0.4362309897626248,0.5524430342698319,condHC
C24 H14 O16,0.5083929381040677,0.5852084273893124,0.0922641394657758,3.086014032624942e-06,0.679508020543178,0.4632246198472289,0.4266915802240821,condHC
C11 H8 O9,0.6757216582646207,0.5889331927355338,0.203603637046411,3.086014032624942e-06,0.5056825564113872,0.6126544751522155,0.6173155379118094,condHC
C22 H12 O14,0.6984150598706544,0.6204620115535575,0.2827659409370333,3.086014032624942e-06,0.6414141716629531,0.6197616237676007,0.5884380473050042,condHC
C19 H10 O12,0.698264622494916,0.6224629648082228,0.2827510444318205,3.086014032624942e-06,0.6402520611040243,0.6193774662150818,0.5879821828209821,condHC
C14 H10 O11,0.6427552114711965,0.6454466142719973,0.2800984845799616,3.086014032624942e-06,0.6377968489705468,0.6055881280087188,0.5934607770357668,condHC
C17 H8 O12,0.6738658138220889,0.5340222473632464,0.1465031771227999,3.086014032624942e-06,0.7101666802713137,0.6522374123820877,0.4982524581315985,condHC
C22 H12 O15,0.6165731212073307,0.4854193835184011,0.2038512974329154,3.086014032624942e-06,0.6779023179903505,0.6502734322333291,0.5030312135583704,condHC
C21 H12 O15,0.5430931508950799,0.4436924533411358,0.2445217742839379,3.086014032624942e-06,0.6573677374731389,0.65086294853162,0.6214540218246886,condHC
C22 H14 O16,0.4865816793024459,0.5106716681501016,0.2619550681167847,3.086014032624942e-06,0.6490567632564405,0.5980253023181161,0.5240291377830312,condHC
C21 H14 O16,0.4634405216890903,0.5266335827339669,0.2526002544380569,3.086014032624942e-06,0.575227386782369,0.6215081346700138,0.632298946493558,condHC
C24 H16 O15,0.7021659110887201,0.6161062993849605,0.3967777565958947,3.086014032624942e-06,0.6025437952907957,0.579988348970779,0.3392117317224936,condHC
C22 H14 O15,0.6801675283580305,0.6598856886799424,0.3793532521801107,3.086014032624942e-06,0.5665232946172449,0.6611078602762172,0.320923597026593,condHC
C23 H14 O15,0.7144106221931411,0.635864047501084,0.3379264064743756,3.086014032624942e-06,0.6459721470209928,0.6585108595846192,0.3368117717693695,condHC
C23 H14 O14,0.6937508260101272,0.6618007658129438,0.3381510275714673,3.086014032624942e-06,0.6319566396554047,0.6270690894182188,0.4815458314962667,condHC
C21 H14 O15,0.6600345780893319,0.6194005450508908,0.4656300263730411,3.086014032624942e-06,0.6078002444972422,0.6170226755349488,0.4901859388474143,condHC
C21 H12 O13,0.6712006595116934,0.5697512702633475,0.4007971546238081,3.086014032624942e-06,0.6460570110381183,0.6079630335546107,0.588666439644395,condHC
C18 H10 O11,0.621897983112842,0.5534914140716791,0.4212176048910351,3.086014032624942e-06,0.6801887681000168,0.5703424132287832,0.5950538795503094,condHC
C22 H14 O14,0.5310696844650318,0.5461806025353959,0.5359005775628934,3.086014032624942e-06,0.6541433395270703,0.4520608693509842,0.5047478368828415,condHC
C21 H12 O14,0.6436227246684526,0.6454586488149987,0.3246845629097137,3.086014032624942e-06,0.6438281351506566,0.4866849464190913,0.4488502074456393,condHC
C21 H12 O12,0.6398694426848903,0.6952069238143103,0.2202572592921142,3.086014032624942e-06,0.7358343987623475,0.5067887412054637,0.4360525068037666,condHC
C24 H14 O15,0.6894227580149541,0.6226735940731807,0.1894583156507186,3.086014032624942e-06,0.6542603716918369,0.4514709892179122,0.4940669829396505,condHC
C17 H8 O11,0.7368984890721786,0.7028960062948089,0.1598773529053933,3.086014032624942e-06,0.673569664567365,0.4585151424397575,0.6011433603929894,condHC
C20 H10 O13,0.6073279747258007,0.6903445227179485,0.1787552604780868,3.086014032624942e-06,0.6721034539220265,0.4048210291513782,0.6085068815538188,condHC
C20 H12 O14,0.6391342711646751,0.6747367604674276,0.3446556033372003,3.086014032624942e-06,0.6244307421230301,0.4574202596304207,0.599224999704004,condHC
C26 H18 O17,0.5009511945501878,0.6129338848950935,0.2285710419602459,3.086014032624942e-06,0.6258212175498981,0.2888225745136231,0.6359359242623274,condHC
C16 H10 O12,0.5982056719302042,0.5879842962585546,0.2567137974209407,3.086014032624942e-06,0.6469198032623139,0.3111584956824766,0.6365271187223623,condHC
C18 H10 O12,0.5430917104414522,0.5647805582799736,0.325528251150288,3.086014032624942e-06,0.6396472419677439,0.3617384691142213,0.5690684997273463,condHC
C23 H14 O16,0.501084751609977,0.6123565239802384,0.2514059953883102,3.086014032624942e-06,0.6466843865181651,0.4331621993126433,0.5281760261413835,condHC
C20 H12 O15,0.525029322234158,0.4178963856553002,0.2393409517860957,3.086014032624942e-06,0.6716093395821329,0.4301572098903599,0.5205208032416866,condHC
C26 H18 O15,0.762257630172894,0.6863089392981613,0.0624771642801922,3.086014032624942e-06,0.6644413972181797,0.4747042309099268,0.6058120605264852,condHC
C22 H12 O12,0.7515556449036931,0.645896498175801,1.8492174467358817e-06,3.086014032624942e-06,0.678848573516534,0.498427350146589,0.5818192090901501,condHC
C23 H12 O13,0.7943127649759463,0.5628052589070971,1.8492174467358817e-06,3.086014032624942e-06,0.6880573578358661,0.5090414502412797,0.5872568239649634,condHC
C20 H10 O11,0.7829933202564151,0.5688107434891141,1.8492174467358817e-06,3.086014032624942e-06,0.6956092410490681,0.6148334816566458,0.50267061990515,condHC
C22 H12 O13,0.660489536364792,0.7147479511066728,0.0695153498666978,3.086014032624942e-06,0.6687072993197838,0.590466582762901,0.499987239965997,condHC
C20 H10 O12,0.7447644912335792,0.7593003740712354,0.0834867988703563,3.086014032624942e-06,0.7184938351628766,0.6315512740402532,0.575287175914307,condHC
C17 H8 O10,0.7183929363035007,0.718284422903548,0.0618576061747211,3.086014032624942e-06,0.6652819229017408,0.64230186415428,0.587442519267498,condHC
C21 H12 O11,0.737291012685715,0.6946942919023472,1.8492174467358817e-06,3.086014032624942e-06,0.6781948259514841,0.6410040135134475,0.5872886013573363,condHC
C27 H20 O16,0.7348620477560793,0.6618277568661772,0.1152263358716467,3.086014032624942e-06,0.6582965082103642,0.635255060136172,0.5901376470264182,condHC
C16 H8 O10,0.6926490140274976,0.626817141705902,0.1996352990653041,3.086014032624942e-06,0.6650085902478348,0.6310576022186021,0.5876057004715752,condHC
C19 H10 O11,0.69773070935499,0.6952937409084723,0.1923739113816005,3.086014032624942e-06,0.6926569199433338,0.6454173294090461,0.4335002852910487,condHC
C14 H8 O11,0.6741462521377232,0.6785039686257979,0.0679219926063519,3.086014032624942e-06,0.5078186469961181,0.6261041476021573,0.6182802700980198,condHC
C18 H8 O11,0.6967818555419473,0.7272654606238668,0.0574204354186205,3.086014032624942e-06,0.5676599508010883,0.6378789846015764,0.6001545804503887,condHC
C15 H8 O11,0.6785671843777042,0.6683133850465405,0.0670524450386015,3.086014032624942e-06,0.593523817711898,0.6318553879409144,0.603673711943582,condHC
C12 H6 O9,0.6345685733351147,0.7427901201453495,0.1375818948546225,3.086014032624942e-06,0.5495925609468062,0.620952143147988,0.5982428451636741,condHC
C12 H8 O10,0.7015720840807187,0.5856417204622295,0.0492238310075306,3.086014032624942e-06,0.4459853813640164,0.6470555734758623,0.6412374116590026,condHC
C26 H16 O14,0.6733163707914896,0.5982682342145921,1.8492174467358817e-06,3.086014032624942e-06,0.452248606650692,0.6601295085496496,0.6451918566199148,condHC
C24 H14 O13,0.7258748325022516,0.6525678941372263,1.8492174467358817e-06,3.086014032624942e-06,0.5156930810951273,0.6509920059261409,0.6122468597893723,condHC
C27 H18 O15,0.7697979547719168,0.6446781368903018,1.8492174467358817e-06,3.086014032624942e-06,0.5188647348711898,0.6636364080525577,0.6194779342511029,condHC
C23 H14 O12,0.7371918014421102,0.6720279482698883,1.8492174467358817e-06,3.086014032624942e-06,0.4336038806571383,0.6470301050411804,0.62554686407748,condHC
C24 H16 O12,0.7405688999579748,0.6798767979755819,1.8492174467358817e-06,3.086014032624942e-06,0.3483818359125007,0.6450504799968315,0.6410955176270361,condHC
C26 H18 O14,0.7717404064888115,0.6396848910918431,1.8492174467358817e-06,3.086014032624942e-06,0.4254887167565619,0.4673427617825035,0.6494679403225478,condHC
C23 H14 O11,0.9033136015193904,0.2747710019613829,1.8492174467358817e-06,3.086014032624942e-06,0.2398414583666405,0.7163704653062226,0.7189487793217759,condHC
C26 H18 O13,0.854700722351483,0.3856068153350387,1.8492174467358817e-06,3.086014032624942e-06,0.2602939521467408,0.7030579585687821,0.6675876180310814,condHC
C27 H18 O14,0.7293625758623906,0.3770233880200136,1.8492174467358817e-06,3.086014032624942e-06,0.2502339194279672,0.705298920938806,0.6787686591725597,condHC
C28 H22 O14,0.8382452501941912,0.4917712450294366,1.8492174467358817e-06,3.086014032624942e-06,0.1041581677873192,0.6865767627457301,0.6971424333274421,condHC
C25 H16 O13,0.7508924960648607,0.5694721976303737,1.8492174467358817e-06,3.086014032624942e-06,0.2947425364825917,0.6622580459722918,0.6659837799110073,condHC
C28 H20 O15,0.7846416493482128,0.5589051755270288,1.8492174467358817e-06,3.086014032624942e-06,0.3063922359808942,0.6725068559466871,0.6759246439014982,condHC
C20 H10 O10,0.7693009982703753,0.4126187185380893,1.8492174467358817e-06,3.086014032624942e-06,0.3788402175262308,0.6993975727646173,0.6713730538877707,condHC
C13 H10 O11,0.6689550823345288,0.4227449197885328,0.0448895856424513,3.086014032624942e-06,0.4408832523253079,0.6557170762528053,0.6640219860293578,condHC
C19 H8 O10,0.6589109792455841,0.1574115500709295,1.8492174467358817e-06,3.086014032624942e-06,0.4819672899205022,0.7272239167105261,0.6931852891285676,condHC
C23 H12 O12,0.6862317931162882,0.2582256844287277,1.8492174467358817e-06,3.086014032624942e-06,0.4515083528507692,0.7326437555400342,0.6839928502094087,condHC
C21 H10 O11,0.7728368617845132,0.2580800070285693,1.8492174467358817e-06,3.086014032624942e-06,0.5578589054811915,0.7331354522585876,0.6631405007957537,condHC
C21 H12 O10,0.7891262316328658,0.2396591579702648,1.8492174467358817e-06,3.086014032624942e-06,0.4281887642359751,0.7321414036600323,0.6788901248808578,condHC
C22 H12 O11,0.7794276573578551,0.2705603728945245,1.8492174467358817e-06,3.086014032624942e-06,0.3712658745703064,0.7292902903619854,0.6797247415280275,condHC
C24 H14 O12,0.6959045292543528,0.2443881638338111,1.8492174467358817e-06,3.086014032624942e-06,0.3015110818302613,0.7457772555651389,0.6015188612013191,condHC
C25 H14 O13,0.6827014663457817,0.2495006407527463,1.8492174467358817e-06,3.086014032624942e-06,0.2949345552077381,0.7324959346660844,0.7155171276770843,condHC
C28 H16 O16,0.6165293224142147,0.2111076008984999,1.8492174467358817e-06,3.086014032624942e-06,0.3033721975433388,0.7101133386924464,0.7250182612650089,condHC
C14 H6 O8,0.5825118846427116,0.1312508679233172,1.8492174467358817e-06,3.086014032624942e-06,0.3016957830263271,0.7101179126154097,0.7445655291239495,condHC
C15 H6 O10,0.4983671557846997,0.2844278312723394,1.8492174467358817e-06,3.086014032624942e-06,0.2153587931824779,0.6815773609940632,0.7505276550118684,condHC
C14 H6 O9,0.4958772866751197,0.2848963860514991,1.8492174467358817e-06,3.086014032624942e-06,0.2168191353143953,0.6823245217053955,0.7526414037215252,condHC
C16 H8 O12,0.4985137669554896,0.2801283793541521,1.8492174467358817e-06,3.086014032624942e-06,0.3899431068151553,0.676618500832298,0.7045723925499314,condHC
C15 H8 O12,0.4991662474346421,0.2808805382917367,1.8492174467358817e-06,3.086014032624942e-06,0.3899792114553382,0.6793689878251526,0.7066037531554246,condHC
C24 H12 O13,0.5429238525796544,0.2580174818823174,1.8492174467358817e-06,3.086014032624942e-06,0.4556270349613668,0.7201494092726517,0.6940159796114287,condHC
C26 H14 O15,0.5616412420599495,0.2448161577458181,1.8492174467358817e-06,3.086014032624942e-06,0.460837163967231,0.718465166094216,0.692456740264048,condHC
C19 H14 O16,0.4965248155949271,0.4653057001736738,1.8492174467358817e-06,3.086014032624942e-06,0.2338536668065771,0.6720376650081691,0.7307159845252688,condHC
C12 H6 O10,0.5168873381605336,0.4343308665326589,0.0199601374789365,3.086014032624942e-06,0.2646496690689736,0.6603656892990265,0.7142781161061259,condHC
C14 H10 O12,0.5189835583021806,0.3867573027885076,1.8492174467358817e-06,3.086014032624942e-06,0.3024993829608317,0.6751284414742128,0.7112038681061539,condHC
C11 H6 O9,0.5423301156000048,0.3653175168072545,0.0428143791270743,3.086014032624942e-06,0.3177717423592197,0.6777244026378645,0.645794522841289,condHC
C28 H18 O16,0.5854037303427595,0.3846437547457205,1.8492174467358817e-06,3.086014032624942e-06,0.3354708648836368,0.6984921958998731,0.6772084382841018,condHC
C30 H20 O18,0.5866185279068085,0.3838375394143664,1.8492174467358817e-06,3.086014032624942e-06,0.338420070605703,0.700083609232713,0.673164059621995,condHC
C13 H8 O11,0.5152771360756929,0.4332970349065139,0.0429144455626137,3.086014032624942e-06,0.4406655135722052,0.6596617729502562,0.6716459836535376,condHC
C13 H6 O10,0.5225331961541329,0.4139182510827622,1.8492174467358817e-06,3.086014032624942e-06,0.3773620766519623,0.6746517659344821,0.6899508045477497,condHC
C18 H12 O15,0.527670078861235,0.3715889004072727,1.8492174467358817e-06,3.086014032624942e-06,0.3964937443578952,0.6783165177560209,0.6920982937319339,condHC
C13 H6 O9,0.5893243300180093,0.4855147684147822,1.8492174467358817e-06,3.086014032624942e-06,0.3621045455138234,0.6559694216617458,0.6777321517950822,condHC
C27 H16 O18,0.4992805834413373,0.3516270355463752,1.8492174467358817e-06,3.086014032624942e-06,0.3281573930469466,0.5116455197229117,0.6987416704737168,condHC
C27 H16 O15,0.5617021462398939,0.332017143924616,1.8492174467358817e-06,3.086014032624942e-06,0.3774045569610471,0.5325254260739182,0.7118846281894794,condHC
C27 H16 O16,0.5392284138120776,0.404529697983486,1.8492174467358817e-06,3.086014032624942e-06,0.4761423918708289,0.5269880166336945,0.6914529918200207,condHC
C16 H10 O13,0.4451517121771988,0.4947945896656655,0.043602917966718,3.086014032624942e-06,0.5267923478449031,0.4865699746282414,0.670874799098479,condHC
C18 H10 O14,0.3902142962861864,0.3707497015136186,0.0417685492624074,3.086014032624942e-06,0.4806379146539437,0.5098311276456117,0.6744264441398532,condHC
C25 H12 O15,0.5445092518535938,0.1293424890287559,1.8492174467358817e-06,3.086014032624942e-06,0.5507323083640565,0.7337743981107203,0.6896003330368875,condHC
C24 H12 O14,0.5548541846798394,0.252448187578014,1.8492174467358817e-06,3.086014032624942e-06,0.6178515348215368,0.7243644871889096,0.6687762029292008,condHC
C19 H8 O11,0.6640592955533556,0.2222245471396516,1.8492174467358817e-06,3.086014032624942e-06,0.6112077497221512,0.7238232569637197,0.6586589682764084,condHC
C26 H14 O16,0.6149733173971147,0.2813773222458379,1.8492174467358817e-06,3.086014032624942e-06,0.5614989294189302,0.5716669277614358,0.6563038218080882,condHC
C18 H8 O10,0.6504005991566865,0.3840597079736425,1.8492174467358817e-06,3.086014032624942e-06,0.5368598188440622,0.7086493195094135,0.6506486115457327,condHC
C25 H14 O14,0.5803520594705684,0.4017843116706937,1.8492174467358817e-06,3.086014032624942e-06,0.5158572062688281,0.6909776043059742,0.6610524561930549,condHC
C10 H6 O9,0.5896167871185994,0.4027568067474265,0.138076042108732,3.086014032624942e-06,0.5581967193319458,0.6463785289245013,0.6495855412128547,condHC
C19 H8 O12,0.4433839604768333,0.3384287571892775,1.8492174467358817e-06,3.086014032624942e-06,0.5221325066859998,0.6828316554139499,0.6744155858416871,condHC
C24 H12 O15,0.524707650933432,0.3614159476811367,1.8492174467358817e-06,3.086014032624942e-06,0.5566432296433828,0.6961796100543559,0.6637615095660073,condHC
C22 H10 O13,0.525127138038311,0.3100419198295394,1.8492174467358817e-06,3.086014032624942e-06,0.6006912770706313,0.7009055120033773,0.6611614072526193,condHC
C22 H10 O14,0.4767039936216713,0.2945060676878166,1.8492174467358817e-06,3.086014032624942e-06,0.6857936572720541,0.687957307834683,0.661281646034571,condHC
C18 H8 O13,0.4786218675985441,0.3031903276347378,0.0751337751671905,3.086014032624942e-06,0.664835915881743,0.6217166119996245,0.5660399547337793,condHC
C21 H10 O12,0.7383315153608174,0.403630450186996,1.8492174467358817e-06,3.086014032624942e-06,0.715248812893921,0.7120622976623823,0.6265288345788579,condHC
C16 H8 O11,0.6916355198579136,0.5452861834135669,0.053166692851306,3.086014032624942e-06,0.6015438295841663,0.6295721687598774,0.6188757588002672,condHC
C18 H8 O12,0.62191454832956,0.4910905257144012,0.0564012043177831,3.086014032624942e-06,0.6911488810459575,0.6410130054301821,0.6160481229959308,condHC
C21 H10 O13,0.6029573683344359,0.5224887474546694,1.8492174467358817e-06,3.086014032624942e-06,0.676198855181028,0.5091514322979878,0.6379412740292758,condHC
C23 H12 O15,0.5010282588192674,0.6141505128102015,1.8492174467358817e-06,3.086014032624942e-06,0.6757753079037525,0.6528900280267129,0.6135125570083658,condHC
C22 H12 O16,0.4235409915290523,0.4357038939819163,1.8492174467358817e-06,3.086014032624942e-06,0.611508275569934,0.6732251697575125,0.6544059507890885,condHC
C21 H10 O14,0.4207241844601702,0.4460708356172552,1.8492174467358817e-06,3.086014032624942e-06,0.6962993106066497,0.6681021681330421,0.6418371332571453,condHC
C20 H10 O14,0.4245059604170545,0.4762148895922301,1.8492174467358817e-06,3.086014032624942e-06,0.7769063612270458,0.6673730952079737,0.6308251012198899,condHC
C23 H12 O16,0.2956151151120511,0.4040817207871126,1.8492174467358817e-06,3.086014032624942e-06,0.7096146053050395,0.5384148716531229,0.6564657760858191,condHC
C16 H8 O7,0.4833331862870255,0.4014391481009491,1.8492174467358817e-06,0.2843547806150662,0.1486159726928169,0.6787425163083743,0.7453203342122829,condHC
C17 H10 O7,0.8002603079761879,0.2808190531677195,1.8492174467358817e-06,0.3619561836491922,0.0751974706465652,0.6954930538222871,0.7947273699109932,condHC
C22 H14 O10,0.7596828193134582,0.1722111531390149,1.8492174467358817e-06,0.3806177653642942,0.1817100292652862,0.7218913462521015,0.7129755497504217,condHC
C20 H12 O9,0.7842112237985986,0.3197626362206265,1.8492174467358817e-06,0.3372533867292562,0.3772005114059267,0.6954237692846728,0.6711528206085837,condHC
C19 H10 O9,0.7538597405094812,0.3714763551440193,1.8492174467358817e-06,0.3307759253824034,0.3756199492747918,0.6929284864026106,0.6707792828824083,condHC
C18 H10 O8,0.6541266025496749,0.3543194797749352,1.8492174467358817e-06,0.3350870503848416,0.3637280709592628,0.6964126722198942,0.6879328787857503,condHC
C27 H20 O14,0.8008742113066247,0.5448440749140893,1.8492174467358817e-06,0.3038923702893544,0.2944954068618619,0.4757732294734032,0.6895870208860285,condHC
C28 H22 O15,0.7450997568154163,0.609172867345263,1.8492174467358817e-06,0.299128781675666,0.2924754548822409,0.6549061405019735,0.672549246829791,condHC
C12 H6 O7,0.6918851684772569,0.6065746937035469,1.8492174467358817e-06,0.2961314228927761,0.3514732625215481,0.6275830320348209,0.6560100342944317,condHC
C15 H8 O7,0.715166770319309,0.4931104469936325,1.8492174467358817e-06,0.3105217050223045,0.3601786829510267,0.668798288022216,0.6619056607743733,condHC
C14 H8 O7,0.754239525111248,0.5278338674425298,1.8492174467358817e-06,0.2988953295049521,0.4443829632466838,0.6595005941421976,0.6428019881359903,condHC
C17 H8 O9,0.7521909299676655,0.5290848656162508,1.8492174467358817e-06,0.2989141364768459,0.4452661382911565,0.6589942920560002,0.6405381249878458,condHC
C15 H8 O8,0.761567202743488,0.516541553642663,1.8492174467358817e-06,0.3003494770111892,0.5338440791529634,0.6664891326189212,0.6245913338388679,condHC
C16 H8 O8,0.6998480861592933,0.5580745444355938,1.8492174467358817e-06,0.2996522014401717,0.5236976851008829,0.6601687507296187,0.6260042008731176,condHC
C22 H14 O11,0.7105124845916476,0.6282542543347631,1.8492174467358817e-06,0.2871994343467701,0.5149736448201796,0.6481854364005888,0.6169483188563182,condHC
C19 H12 O9,0.7141793393575505,0.7165069753796032,1.8492174467358817e-06,0.5503167207475792,0.4345529376135968,0.62429510909378,0.6239157268461974,condHC
C16 H12 O7,0.714371864987722,0.6996361804123599,1.8492174467358817e-06,0.5544918685080034,0.4269902833839925,0.6223944361969452,0.6297785330463717,condHC
C21 H14 O10,0.7391681038192548,0.6526680829458342,1.8492174467358817e-06,0.5580456490382398,0.3483645443256305,0.635478194809824,0.64631891116176,condHC
C18 H12 O8,0.7347002668080231,0.6520513002357978,1.8492174467358817e-06,0.5615966321495413,0.3466818507407609,0.6322115302152831,0.6532042991253795,condHC
C20 H14 O9,0.7332367209081484,0.6551674544752553,1.8492174467358817e-06,0.5632347099507519,0.3474563013102482,0.6329359252645936,0.6503125564194412,condHC
C14 H10 O6,0.7363817263332568,0.6546023262028748,1.8492174467358817e-06,0.5647121251779952,0.3497178283505709,0.6330001161152716,0.652577033030759,condHC
C23 H18 O11,0.696834342071005,0.737610215118199,1.8492174467358817e-06,0.5460051799125966,0.3230798972744498,0.6218723332859655,0.6470251299667742,condHC
C21 H16 O10,0.6339421560637876,0.6466487809255564,1.8492174467358817e-06,0.5640189323265045,0.2427207007826133,0.6312621813184146,0.680422433194934,condHC
C26 H20 O13,0.7632972775786551,0.572318243238023,1.8492174467358817e-06,0.576523659586475,0.2373518079609886,0.6497369318602945,0.6914247111677351,condHC
C12 H8 O5,0.7682588300707659,0.3669493364559092,1.8492174467358817e-06,0.6194018921741676,0.2715363091928934,0.6598229517583147,0.7046035564791312,condHC
C17 H12 O7,0.8083841063227631,0.3907928614458607,1.8492174467358817e-06,0.6078360391935026,0.2053965448704604,0.6672685186965858,0.7246036828525448,condHC
C19 H14 O8,0.7992283129803238,0.4436506543522751,1.8492174467358817e-06,0.595161085211044,0.2369312311658152,0.6672363453066509,0.7006399095706206,condHC
C15 H10 O6,0.8421291633161115,0.3851663411562155,1.8492174467358817e-06,0.6069212832017715,0.3679413979426875,0.6819322558348964,0.6750092341544149,condHC
C23 H16 O11,0.7925416372123909,0.4786505721409937,1.8492174467358817e-06,0.5826382125309549,0.3629712259300386,0.6635161346691821,0.6634920151940105,condHC
C22 H16 O10,0.7773996787068184,0.4738767215091852,1.8492174467358817e-06,0.5822618840782859,0.2979639880968193,0.6650152379203994,0.6806324216391282,condHC
C16 H10 O7,0.7014122387422247,0.4243259516847271,1.8492174467358817e-06,0.5931206327187026,0.3653342082167882,0.6775294391715544,0.6714229284437537,condHC
C13 H8 O6,0.7291630730349602,0.4234499062890441,1.8492174467358817e-06,0.5968479288288235,0.3659130658225023,0.6412433648230604,0.6748286305962181,condHC
C11 H8 O5,0.7334137616618226,0.3874729371357074,0.0644162845146277,0.5973350577530919,0.4206116681502977,0.6370921139226993,0.6605175163060045,condHC
C13 H8 O10,0.6379588159903317,0.6485309735459944,0.2649106592877076,0.2893828954314217,0.5961729081406183,0.4321171618683269,0.6204995958197883,condHC
C12 H6 O8,0.6478793551665291,0.6549098261102634,0.2384816006606193,0.2898424281959263,0.4686588538962341,0.6056647931947511,0.6196496425932879,condHC
C11 H6 O8,0.6351142351749413,0.6816687067610756,0.2252950561804211,0.2882062972470827,0.5169945386599794,0.6092946168772976,0.6055328734363514,condHC
C10 H6 O7,0.6372565498326733,0.7219636253709165,0.1912760964258925,0.2841285488094411,0.4717987259288311,0.6108041154079767,0.6128599548846914,condHC
C10 H6 O8,0.6391636204073387,0.7074489760139177,0.1024803160166649,0.2835122849786617,0.498351116780519,0.620998921905567,0.6117863329852339,condHC
C15 H8 O10,0.6335359031266127,0.6829608105755007,0.1054020906837926,0.2840862851017481,0.6599946579622686,0.6260295614720173,0.5925255524281885,condHC
C16 H8 O9,0.7118959952868358,0.6946826535582925,0.0626412533565035,0.2822784342135525,0.6625701866960076,0.6337453536999035,0.5898318969808839,condHC
C15 H8 O9,0.7173917310039277,0.6932415789399657,0.0625057119236226,0.2827347348250986,0.6626219165550522,0.6342876234530395,0.589572463404928,condHC
C25 H18 O13,0.7282845313646173,0.6640700943290262,1.8492174467358817e-06,0.2871588339692547,0.5087744177251323,0.4641439263864522,0.6298660742411906,condHC
C19 H10 O10,0.6999338831784906,0.7097182550051317,1.8492174467358817e-06,0.2900589446411962,0.6731693015406417,0.3658428892806061,0.6162863307460933,condHC
C18 H10 O9,0.7481779161893664,0.7813962407455355,1.8492174467358817e-06,0.2806701640451827,0.7336956033483854,0.484214612207738,0.4323196140678639,condHC
C19 H12 O10,0.7250666029746088,0.7426510047902434,0.0571677756021109,0.5416756448693295,0.7814433258580226,0.4757575326014155,0.442277102910349,condHC
C16 H10 O8,0.7035355124035662,0.7444818896471036,0.0352338781255119,0.5449094233551819,0.7271275051669484,0.4644563045342857,0.5978840918999734,condHC
C17 H12 O8,0.6938020521422607,0.7202939439604324,0.0376892808149298,0.540386488375817,0.7300431178759749,0.627631837871895,0.5812238430805372,condHC
C20 H12 O10,0.7150927220000123,0.6891513695904234,1.8492174467358817e-06,0.5456038637043059,0.6707372736577164,0.6376147885740494,0.5907593306061624,condHC
C22 H16 O11,0.6894278896310025,0.7284641605366435,0.043588748923476,0.5422030339444862,0.6275667984143904,0.6238107930236448,0.5919822080956649,condHC
C26 H20 O14,0.751243606636602,0.7442580867671731,1.8492174467358817e-06,0.5467327356534369,0.5890752430361514,0.6396542384517021,0.598399278272846,condHC
C23 H16 O12,0.7020650343206083,0.698061586749047,0.00278799538364,0.5451965746285594,0.5810134512123672,0.6350186195048084,0.6021223862711359,condHC
C15 H10 O7,0.7189759148951188,0.6736766806610738,0.0276744046666775,0.5474184057161703,0.5752339073528367,0.6305752612515646,0.6042886474284207,condHC
C24 H18 O12,0.721114853489661,0.6987183855526846,1.8492174467358817e-06,0.5533688938204109,0.5086313998795385,0.6277161435883319,0.6087883384576934,condHC
C18 H14 O8,0.7126191030079193,0.7113765456959027,1.8492174467358817e-06,0.5495124628037789,0.4982006123540177,0.6291863479626447,0.6121510981880323,condHC
C17 H10 O8,0.7056804378834983,0.761687027000364,1.8492174467358817e-06,0.5432238272350357,0.51829353289821,0.6243736454301156,0.6087215323181295,condHC
C19 H14 O9,0.6857339813454053,0.748999944334048,0.0479169021687587,0.5424922265776271,0.5370665933786747,0.620110177487962,0.6001793030162696,condHC
C10 H6 O5,0.6697471517730363,0.5408161678488913,0.1342902461898954,0.5625637452389064,0.4425091927968465,0.6041436519510744,0.636151127143494,condHC
C11 H6 O6,0.6339124016935413,0.5870683833438756,0.1996687683033024,0.5536124960855037,0.5076107615495,0.6046836867191261,0.6160622326489149,condHC
C10 H6 O6,0.6338250741923647,0.7035010020861856,0.1543375892952085,0.5420983575521767,0.5326505732547452,0.6180000916863648,0.6007706815152565,condHC
C17 H10 O9,0.6392216886942036,0.6445517494263534,0.1732353149676827,0.5478061506623305,0.7339357535436886,0.4809344337498964,0.5876806043250258,condHC
C13 H10 O6,0.6900784795147688,0.6828999940372058,0.1324042456476818,0.5453147844800407,0.6419150480759246,0.6261014968058944,0.5934951923197846,condHC
C12 H8 O6,0.6633026972854291,0.6434445714702289,0.1629858607737177,0.5366703441384774,0.6532130231731414,0.6123055056206756,0.585166386855889,condHC
C14 H8 O8,0.6842476132583674,0.6500200872865899,0.1384525381058351,0.5401084098124989,0.699486034145571,0.6244835235340291,0.5813071513794609,condHC
C18 H14 O9,0.6747445355491352,0.7416747705859524,0.2287960941459129,0.526980651992163,0.7094781563304354,0.6005496400062746,0.5703973836531818,condHC
C13 H8 O7,0.6710386534927579,0.6060820203135162,0.2296642825871828,0.5415718001421089,0.6723091658451553,0.6134668142657747,0.5872681116873507,condHC
C14 H10 O7,0.6716513864546223,0.5773639853968993,0.2523576234182642,0.5430492153693522,0.6974072279799127,0.6082228115883664,0.586690842841348,condHC
C15 H10 O8,0.6669000501637976,0.5792925828189516,0.2786044992235615,0.5454535591409898,0.6987723939332612,0.610928702832329,0.5872501985626926,condHC
C21 H14 O11,0.6627418206541604,0.8385809223471856,0.089868837708563,0.5504240433469892,0.7837605917007145,0.1189505840639742,0.4242575423916855,condHC
C18 H12 O9,0.6628617834328386,0.733225085177821,0.0930067553974684,0.5504883461795347,0.7789889348334188,0.3206703842958097,0.5838498335398352,condHC
C20 H14 O10,0.6717886346768325,0.7755209570423274,0.0766636246981182,0.5525307266227638,0.7643479357081412,0.14323166992576,0.6108358331446423,condHC
C23 H18 O12,0.6589792207361942,0.8591419638274324,0.1317207666862412,0.4979167545585454,0.7355204453694532,0.2542448603919165,0.6392689310287648,condHC
C25 H18 O14,0.7382574670415207,0.8020512309009822,0.1177706565670596,0.5392988972574558,0.6398345513919969,0.289432881370838,0.6332599979007291,condHC
C26 H20 O15,0.7600116028539707,0.6592975808686622,0.2048639484456383,0.5459900965321229,0.6353845760011129,0.2758195092575681,0.6129709917190447,condHC
C24 H18 O13,0.6675652696547196,0.8246218429629818,0.0719369001282728,0.5486791721877887,0.5632113278248198,0.1496703371012409,0.6713928687482659,condHC
C24 H16 O13,0.7716211189227712,0.7729399190050493,0.0285267745521708,0.5491260031582104,0.578387883137853,3.704558711867581e-06,0.644183813933675,condHC
C22 H15 O13 N1,0.1241295833884006,2.5669726331038952e-06,1.8492174467358817e-06,3.086014032624942e-06,0.5832784075897508,0.2173412414728822,0.7760241660320901,condHC
C17 H11 O12 N1,3.577726848801236e-06,2.5669726331038952e-06,1.8492174467358817e-06,3.086014032624942e-06,0.5346971629722402,0.257512616490801,0.7715472958328612,condHC
C16 H12 O10 N2,3.577726848801236e-06,2.5669726331038952e-06,1.8492174467358817e-06,3.086014032624942e-06,0.4560085607845164,0.3993515268742403,0.7760829358040849,condHC
C18 H9 O12 N1,3.577726848801236e-06,2.5669726331038952e-06,1.8492174467358817e-06,3.086014032624942e-06,0.3797371340692079,0.4203902211190289,0.7837426369849463,condHC
C22 H15 O12 N1,3.577726848801236e-06,2.5669726331038952e-06,1.8492174467358817e-06,3.086014032624942e-06,0.3776504307682053,0.3915648908168205,0.8415019124407693,condHC
C16 H9 O11 N1,0.0902452581617002,2.5669726331038952e-06,1.8492174467358817e-06,3.086014032624942e-06,0.382119291663185,0.4483237144079924,0.7554733951143916,condHC
C20 H15 O14 N1,0.1077853525132134,2.5669726331038952e-06,1.8492174467358817e-06,3.086014032624942e-06,0.454785591567888,0.42439713356406,0.7857362696052861,condHC
C17 H12 O10 N2,0.1717049420703568,2.5669726331038952e-06,1.8492174467358817e-06,3.086014032624942e-06,0.4550403768213523,0.3558342882263792,0.8056423520742447,condHC
C17 H12 O9 N2,0.1689432323527325,2.5669726331038952e-06,1.8492174467358817e-06,3.086014032624942e-06,0.2964339241614184,0.3558208523276746,0.8422125481806308,condHC
C25 H12 O16,0.1259095226768814,0.0877476788189468,1.8492174467358817e-06,3.086014032624942e-06,0.4134316506558486,0.5801964104892112,0.7337565533970308,condHC
C18 H14 O10 N2,0.1768097296700677,2.5669726331038952e-06,1.8492174467358817e-06,3.086014032624942e-06,0.4588078175360841,0.5333786706121604,0.7803819016830792,condHC
C18 H14 O11 N2,0.1763915029621128,2.5669726331038952e-06,1.8492174467358817e-06,3.086014032624942e-06,0.379421707510393,0.5290586523497334,0.793419466425682,condHC
C20 H11 O11 N1,0.2257980608253151,2.5669726331038952e-06,1.8492174467358817e-06,3.086014032624942e-06,0.3798260553301799,0.496749084253844,0.7998327331311891,condHC
C23 H17 O13 N1,0.2137172913493917,2.5669726331038952e-06,1.8492174467358817e-06,3.086014032624942e-06,0.2146181288281182,0.5326728311366895,0.8374929306037576,condHC
C21 H13 O11 N1,0.2266139652699428,2.5669726331038952e-06,1.8492174467358817e-06,3.086014032624942e-06,0.3033604605164968,0.5014831984736403,0.8184409115645599,condHC
C14 H7 O8 N1,0.1381648008590865,2.5669726331038952e-06,1.8492174467358817e-06,3.086014032624942e-06,0.2981643628122689,0.5564378433495836,0.8117933632731991,condHC
C19 H11 O13 N1,3.577726848801236e-06,2.5669726331038952e-06,1.8492174467358817e-06,3.086014032624942e-06,0.3805574459843187,0.5373625575131831,0.7948587737226976,condHC
C18 H13 O13 N1,3.577726848801236e-06,2.5669726331038952e-06,1.8492174467358817e-06,3.086014032624942e-06,0.3864520899877365,0.5359517621609956,0.7928142236589802,condHC
C21 H13 O14 N1,3.577726848801236e-06,2.5669726331038952e-06,1.8492174467358817e-06,3.086014032624942e-06,0.4577939412791234,0.5011510692948289,0.7937461355654232,condHC
C27 H14 O17,3.577726848801236e-06,0.073792419040212,1.8492174467358817e-06,3.086014032624942e-06,0.4678261045967123,0.5684291100674019,0.7667213037417512,condHC
C15 H9 O10 N1,0.0833094176768147,2.5669726331038952e-06,1.8492174467358817e-06,3.086014032624942e-06,0.4597038888199264,0.6699643784958675,0.7612700699844923,condHC
C18 H9 O11 N1,3.577726848801236e-06,2.5669726331038952e-06,1.8492174467358817e-06,3.086014032624942e-06,0.4645460161487965,0.6262009276539486,0.7737439847635379,condHC
C17 H9 O11 N1,3.577726848801236e-06,2.5669726331038952e-06,1.8492174467358817e-06,3.086014032624942e-06,0.5320564285338232,0.6354324555801912,0.7586182527256016,condHC
C20 H11 O13 N1,3.577726848801236e-06,2.5669726331038952e-06,1.8492174467358817e-06,3.086014032624942e-06,0.3810950066437368,0.654104144691479,0.784799572686092,condHC
C26 H12 O16,3.577726848801236e-06,2.5669726331038952e-06,1.8492174467358817e-06,3.086014032624942e-06,0.3337863358789318,0.7365038346626643,0.7559529392768999,condHC
C12 H9 O9 N1,3.577726848801236e-06,2.5669726331038952e-06,1.8492174467358817e-06,3.086014032624942e-06,0.2168761057800751,0.6453788148986392,0.833184394699261,condHC
C13 H7 O8 N1,3.577726848801236e-06,2.5669726331038952e-06,1.8492174467358817e-06,3.086014032624942e-06,0.217164653098406,0.6394597947493651,0.8289598419031787,condHC
C23 H10 O15,3.577726848801236e-06,2.5669726331038952e-06,1.8492174467358817e-06,3.086014032624942e-06,0.2221854923586159,0.5795146880620923,0.8351047184704007,condHC
C22 H15 O15 N1,3.577726848801236e-06,2.5669726331038952e-06,1.8492174467358817e-06,3.086014032624942e-06,0.2136959511121436,0.5134505040722988,0.850256706732151,condHC
C11 H7 O8 N1,3.577726848801236e-06,2.5669726331038952e-06,1.8492174467358817e-06,3.086014032624942e-06,0.2163801801706071,0.5325897728537881,0.8524889765268746,condHC
C12 H7 O9 N1,3.577726848801236e-06,2.5669726331038952e-06,1.8492174467358817e-06,3.086014032624942e-06,0.1709528388873298,0.5351591740784143,0.8180124688843811,condHC
C23 H17 O15 N1,3.577726848801236e-06,2.5669726331038952e-06,1.8492174467358817e-06,3.086014032624942e-06,0.249931727212176,0.5215645394563747,0.8008729212877058,condHC
C18 H9 O10 N1,3.577726848801236e-06,2.5669726331038952e-06,1.8492174467358817e-06,3.086014032624942e-06,0.2973029713032109,0.5193419767309986,0.8285440365643683,condHC
C19 H14 O11 N2,3.577726848801236e-06,2.5669726331038952e-06,1.8492174467358817e-06,3.086014032624942e-06,0.296720346256782,0.5183855070676985,0.8254224292074234,condHC
C21 H11 O13 N1,3.577726848801236e-06,2.5669726331038952e-06,1.8492174467358817e-06,3.086014032624942e-06,0.2970366663752535,0.5174339231857457,0.8244389250481123,condHC
C22 H13 O13 N1,3.577726848801236e-06,2.5669726331038952e-06,1.8492174467358817e-06,3.086014032624942e-06,0.2987118492289546,0.5146055755497205,0.8252435433461116,condHC
C14 H10 O8 N2,3.577726848801236e-06,2.5669726331038952e-06,1.8492174467358817e-06,3.086014032624942e-06,0.2979753145692245,0.4963477744902129,0.8264263003440854,condHC
C14 H9 O10 N1,3.577726848801236e-06,2.5669726331038952e-06,1.8492174467358817e-06,3.086014032624942e-06,0.2990626559201225,0.3755509628055861,0.8275208413377497,condHC
C19 H14 O10 N2,3.577726848801236e-06,2.5669726331038952e-06,1.8492174467358817e-06,3.086014032624942e-06,0.2945741125624345,0.3516578287733227,0.85144026123225,condHC
C19 H14 O12 N2,3.577726848801236e-06,2.5669726331038952e-06,1.8492174467358817e-06,3.086014032624942e-06,0.294373351442809,0.3502858338017273,0.8519407244889652,condHC
C20 H14 O12 N2,3.577726848801236e-06,2.5669726331038952e-06,1.8492174467358817e-06,3.086014032624942e-06,0.2119995401790307,0.3478404482610828,0.8813639519346697,condHC
C18 H12 O10 N2,3.577726848801236e-06,2.5669726331038952e-06,1.8492174467358817e-06,3.086014032624942e-06,0.2113685421598351,0.3489891526298342,0.8778208953777207,condHC
C20 H13 O14 N1,3.577726848801236e-06,2.5669726331038952e-06,1.8492174467358817e-06,3.086014032624942e-06,0.2149093085248972,0.3783416535417601,0.8527909844470523,condHC
C13 H10 O7 N2,3.577726848801236e-06,2.5669726331038952e-06,1.8492174467358817e-06,3.086014032624942e-06,0.2125944335580434,0.390064981931445,0.878739188401718,condHC
C20 H13 O10 N1,3.577726848801236e-06,2.5669726331038952e-06,1.8492174467358817e-06,3.086014032624942e-06,0.1713505574604744,0.3936897379152537,0.8724230942628495,condHC
C10 H5 O7 N1,3.577726848801236e-06,2.5669726331038952e-06,1.8492174467358817e-06,3.086014032624942e-06,0.1722824315062373,0.4092790967250607,0.8097920010168765,condHC
C19 H9 O11 N1,3.577726848801236e-06,2.5669726331038952e-06,1.8492174467358817e-06,3.086014032624942e-06,0.1181652587869517,0.3794123933145463,0.7661642178341475,condHC
C19 H12 O11 N2,3.577726848801236e-06,2.5669726331038952e-06,1.8492174467358817e-06,3.086014032624942e-06,0.171188436758436,0.3545517706227531,0.7440602195081657,condHC
C18 H14 O12 N2,3.577726848801236e-06,2.5669726331038952e-06,1.8492174467358817e-06,3.086014032624942e-06,0.2073917428325647,0.4013033965224256,0.7444541242116921,condHC
C29 H14 O17,3.577726848801236e-06,2.5669726331038952e-06,1.8492174467358817e-06,3.086014032624942e-06,0.1786048853079955,0.490164454360617,0.7038497329318748,condHC
C30 H20 O20,3.577726848801236e-06,0.0391871649271221,1.8492174467358817e-06,3.086014032624942e-06,0.0946329063728191,0.4909826148306749,0.6013079525623651,condHC
C30 H14 O18,3.577726848801236e-06,2.5669726331038952e-06,1.8492174467358817e-06,3.086014032624942e-06,2.5105070760420363e-06,0.5026440913075608,0.6576447296121188,condHC
C32 H22 O19,3.577726848801236e-06,2.5669726331038952e-06,1.8492174467358817e-06,3.086014032624942e-06,2.5105070760420363e-06,0.5042004205722165,0.6535663650902156,condHC
C10 H4 O7,3.577726848801236e-06,2.5669726331038952e-06,1.8492174467358817e-06,3.086014032624942e-06,2.5105070760420363e-06,0.5470380678252483,0.6382545083255234,condHC
C31 H16 O19,3.577726848801236e-06,2.5669726331038952e-06,1.8492174467358817e-06,3.086014032624942e-06,2.5105070760420363e-06,0.5216132413406542,0.5481444364687416,condHC
C22 H8 O14,3.577726848801236e-06,2.5669726331038952e-06,1.8492174467358817e-06,3.086014032624942e-06,2.5105070760420363e-06,0.5730201332654037,0.5445604619181386,condHC
C32 H20 O20,3.577726848801236e-06,0.0931275900268008,1.8492174467358817e-06,3.086014032624942e-06,2.5105070760420363e-06,0.354195966194967,0.5535345692939474,condHC
C16 H6 O8,3.577726848801236e-06,2.5669726331038952e-06,1.8492174467358817e-06,3.086014032624942e-06,2.5105070760420363e-06,0.348127617856221,0.5694541226780342,condHC
C30 H16 O17,3.577726848801236e-06,2.5669726331038952e-06,1.8492174467358817e-06,3.086014032624942e-06,2.5105070760420363e-06,0.3859660452749764,0.5935074615832491,condHC
C26 H14 O12,3.577726848801236e-06,2.5669726331038952e-06,1.8492174467358817e-06,3.086014032624942e-06,2.5105070760420363e-06,0.4212502225889215,0.5476293114421863,condHC
C31 H22 O17,0.1266285228544173,2.5669726331038952e-06,1.8492174467358817e-06,3.086014032624942e-06,2.5105070760420363e-06,0.4692902654133147,0.5757843264698869,condHC
C29 H14 O15,0.1352710870707403,2.5669726331038952e-06,1.8492174467358817e-06,3.086014032624942e-06,2.5105070760420363e-06,0.4437227637181045,0.5607146649659832,condHC
C27 H14 O13,0.1442762742342818,2.5669726331038952e-06,1.8492174467358817e-06,3.086014032624942e-06,2.5105070760420363e-06,0.3884659800445978,0.5919300637259409,condHC
C22 H10 O10,0.1152114536409806,2.5669726331038952e-06,1.8492174467358817e-06,3.086014032624942e-06,0.0710741516858572,0.3030022554637849,0.5500364795875957,condHC
C16 H6 O7,3.577726848801236e-06,2.5669726331038952e-06,1.8492174467358817e-06,3.086014032624942e-06,2.5105070760420363e-06,0.3320864802009948,0.6598244869592146,condHC
C24 H10 O12,3.577726848801236e-06,2.5669726331038952e-06,1.8492174467358817e-06,3.086014032624942e-06,2.5105070760420363e-06,0.2893255760985913,0.6895821131806428,condHC
C22 H17 O10 N1,3.577726848801236e-06,2.5669726331038952e-06,1.8492174467358817e-06,3.086014032624942e-06,2.5105070760420363e-06,0.2477282676027685,0.7018972636904582,condHC
C26 H10 O15,3.577726848801236e-06,2.5669726331038952e-06,1.8492174467358817e-06,3.086014032624942e-06,2.5105070760420363e-06,0.2452120902089877,0.6990693825008526,condHC
C32 H20 O19,3.577726848801236e-06,2.5669726331038952e-06,1.8492174467358817e-06,3.086014032624942e-06,2.5105070760420363e-06,0.2025794768492448,0.6399757632969523,condHC
C25 H10 O13,3.577726848801236e-06,2.5669726331038952e-06,1.8492174467358817e-06,3.086014032624942e-06,2.5105070760420363e-06,0.2217586764979675,0.5983565812359897,condHC
C27 H12 O14,3.577726848801236e-06,2.5669726331038952e-06,1.8492174467358817e-06,3.086014032624942e-06,2.5105070760420363e-06,0.2607668847145836,0.5882458492928334,condHC
C22 H8 O13,3.577726848801236e-06,2.5669726331038952e-06,1.8492174467358817e-06,3.086014032624942e-06,2.5105070760420363e-06,0.2613976702723386,0.5893514326236158,condHC
C8 H5 O7 N1,3.577726848801236e-06,2.5669726331038952e-06,1.8492174467358817e-06,3.086014032624942e-06,0.0700422955595881,0.2529679042628026,0.582517759605499,condHC
C21 H10 O9,3.577726848801236e-06,0.11904400314265,1.8492174467358817e-06,3.086014032624942e-06,0.089491635798608,0.2577172995434081,0.656629632099387,condHC
C27 H12 O15,3.577726848801236e-06,2.5669726331038952e-06,1.8492174467358817e-06,3.086014032624942e-06,0.1356226371988402,0.2245877258153563,0.6719966392033518,condHC
C19 H9 O13 N1,3.577726848801236e-06,2.5669726331038952e-06,1.8492174467358817e-06,3.086014032624942e-06,0.1260270019238097,0.1513016553131156,0.677540996670306,condHC
C19 H12 O9 N2,3.577726848801236e-06,2.5669726331038952e-06,1.8492174467358817e-06,3.086014032624942e-06,2.5105070760420363e-06,3.704558711867581e-06,0.9268427375499644,condHC
C14 H10 O6 N2,3.577726848801236e-06,2.5669726331038952e-06,1.8492174467358817e-06,3.086014032624942e-06,2.5105070760420363e-06,3.704558711867581e-06,0.925006274194604,condHC
C20 H12 O10 N2,3.577726848801236e-06,2.5669726331038952e-06,1.8492174467358817e-06,3.086014032624942e-06,2.5105070760420363e-06,3.704558711867581e-06,0.9238140698637628,condHC
C20 H14 O9 N2,3.577726848801236e-06,2.5669726331038952e-06,1.8492174467358817e-06,3.086014032624942e-06,2.5105070760420363e-06,3.704558711867581e-06,0.8930226968491366,condHC
C16 H7 O9 N1,3.577726848801236e-06,2.5669726331038952e-06,1.8492174467358817e-06,3.086014032624942e-06,2.5105070760420363e-06,3.704558711867581e-06,0.8925331532369047,condHC
C24 H15 O14 N1,3.577726848801236e-06,2.5669726331038952e-06,1.8492174467358817e-06,3.086014032624942e-06,2.5105070760420363e-06,3.704558711867581e-06,0.8917690235083382,condHC
C21 H11 O11 N1,3.577726848801236e-06,2.5669726331038952e-06,1.8492174467358817e-06,3.086014032624942e-06,2.5105070760420363e-06,0.1311711576526253,0.8981307593072946,condHC
C21 H14 O11 N2,3.577726848801236e-06,2.5669726331038952e-06,1.8492174467358817e-06,3.086014032624942e-06,2.5105070760420363e-06,0.0596061815945132,0.911112498901134,condHC
C21 H16 O10 N2,3.577726848801236e-06,2.5669726331038952e-06,1.8492174467358817e-06,3.086014032624942e-06,2.5105070760420363e-06,0.0586722956758444,0.9090035352042284,condHC
C22 H14 O12 N2,3.577726848801236e-06,2.5669726331038952e-06,1.8492174467358817e-06,3.086014032624942e-06,2.5105070760420363e-06,0.0597302427578426,0.9081818012836962,condHC
C18 H12 O8 N2,3.577726848801236e-06,2.5669726331038952e-06,1.8492174467358817e-06,3.086014032624942e-06,2.5105070760420363e-06,0.0585954225842228,0.896265095104889,condHC
C18 H13 O7 N1,3.577726848801236e-06,2.5669726331038952e-06,1.8492174467358817e-06,3.086014032624942e-06,2.5105070760420363e-06,0.0570670696154193,0.8798037310462118,condHC
C22 H16 O12 N2,3.577726848801236e-06,2.5669726331038952e-06,1.8492174467358817e-06,3.086014032624942e-06,2.5105070760420363e-06,0.0587472326466662,0.9976469393064687,condHC
C20 H14 O10 N2,3.577726848801236e-06,2.5669726331038952e-06,1.8492174467358817e-06,3.086014032624942e-06,2.5105070760420363e-06,0.0579268761738219,0.998678416285926,condHC
C12 H8 O6 N2,3.577726848801236e-06,2.5669726331038952e-06,1.8492174467358817e-06,3.086014032624942e-06,0.0873356453988198,0.1328265149482559,0.8763699322804138,condHC
C15 H8 O7 N2,3.577726848801236e-06,2.5669726331038952e-06,1.8492174467358817e-06,3.086014032624942e-06,0.0859500302119765,0.1327846479602226,0.8792389155026255,condHC
C20 H9 O12 N1,3.577726848801236e-06,2.5669726331038952e-06,1.8492174467358817e-06,3.086014032624942e-06,0.116739850007559,0.1322635715830898,0.9266182100285648,condHC
C21 H14 O12 N2,3.577726848801236e-06,2.5669726331038952e-06,1.8492174467358817e-06,3.086014032624942e-06,0.1177908572907947,0.1317491092025147,0.9294203871112124,condHC
C22 H11 O14 N1,3.577726848801236e-06,2.5669726331038952e-06,1.8492174467358817e-06,3.086014032624942e-06,0.1174522464814277,0.0591053175388843,0.9343793166719598,condHC
C20 H12 O11 N2,3.577726848801236e-06,2.5669726331038952e-06,1.8492174467358817e-06,3.086014032624942e-06,0.1180302226026156,0.0589222696616575,0.93350415010904,condHC
C14 H7 O9 N1,3.577726848801236e-06,2.5669726331038952e-06,1.8492174467358817e-06,3.086014032624942e-06,0.1183526889625096,0.0584308653103391,0.932981663524406,condHC
C23 H13 O15 N1,3.577726848801236e-06,2.5669726331038952e-06,1.8492174467358817e-06,3.086014032624942e-06,0.0869726850888077,0.0590963256221496,0.8904417345867531,condHC
C22 H13 O15 N1,3.577726848801236e-06,2.5669726331038952e-06,1.8492174467358817e-06,3.086014032624942e-06,0.0860633492741156,0.0589787225261859,0.8889553746643513,condHC
C21 H13 O15 N1,3.577726848801236e-06,2.5669726331038952e-06,1.8492174467358817e-06,3.086014032624942e-06,0.0873786389009506,0.0603926104740133,0.8883824614068784,condHC
C23 H15 O15 N1,3.577726848801236e-06,2.5669726331038952e-06,1.8492174467358817e-06,3.086014032624942e-06,0.0870192528295653,3.704558711867581e-06,0.8672861376892327,condHC
C16 H10 O8 N2,3.577726848801236e-06,2.5669726331038952e-06,1.8492174467358817e-06,3.086014032624942e-06,0.1198303830569497,3.704558711867581e-06,0.88269203835838,condHC
C23 H13 O14 N1,3.577726848801236e-06,2.5669726331038952e-06,1.8492174467358817e-06,3.086014032624942e-06,0.1705982164549252,0.0022565410769208,0.8247630789888434,condHC
C19 H12 O12 N2,3.577726848801236e-06,2.5669726331038952e-06,1.8492174467358817e-06,3.086014032624942e-06,0.1704430751783134,3.704558711867581e-06,0.8461526381032897,condHC
C15 H7 O10 N1,3.577726848801236e-06,2.5669726331038952e-06,1.8492174467358817e-06,3.086014032624942e-06,0.2137449519916961,3.704558711867581e-06,0.847230799630229,condHC
C17 H12 O11 N2,3.577726848801236e-06,2.5669726331038952e-06,1.8492174467358817e-06,3.086014032624942e-06,0.2139453750076677,3.704558711867581e-06,0.8568026041757089,condHC
C18 H11 O13 N1,3.577726848801236e-06,2.5669726331038952e-06,1.8492174467358817e-06,3.086014032624942e-06,0.2970400474117923,3.704558711867581e-06,0.8300976933968726,condHC
C17 H10 O10 N2,3.577726848801236e-06,2.5669726331038952e-06,1.8492174467358817e-06,3.086014032624942e-06,0.2981012581802971,3.704558711867581e-06,0.8297466697691545,condHC
C22 H17 O15 N1,3.577726848801236e-06,2.5669726331038952e-06,1.8492174467358817e-06,3.086014032624942e-06,0.2979144076110031,3.704558711867581e-06,0.8308025625829057,condHC
C19 H15 O14 N1,3.577726848801236e-06,2.5669726331038952e-06,1.8492174467358817e-06,3.086014032624942e-06,0.2462581827121805,0.0600493128668299,0.85523324268597,condHC
C16 H10 O9 N2,3.577726848801236e-06,2.5669726331038952e-06,1.8492174467358817e-06,3.086014032624942e-06,0.2097657617885876,0.0603201228909147,0.9025978754420692,condHC
C18 H12 O11 N2,3.577726848801236e-06,2.5669726331038952e-06,1.8492174467358817e-06,3.086014032624942e-06,0.2098393476338299,0.0596545326381109,0.9037151759194602,condHC
C18 H10 O10 N2,3.577726848801236e-06,2.5669726331038952e-06,1.8492174467358817e-06,3.086014032624942e-06,0.2101861212314121,0.1332683922899875,0.8946508281108703,condHC
C17 H10 O9 N2,3.577726848801236e-06,2.5669726331038952e-06,1.8492174467358817e-06,3.086014032624942e-06,0.2102776024200493,0.1327901834465362,0.8944803466950315,condHC
C21 H11 O14 N1,3.577726848801236e-06,2.5669726331038952e-06,1.8492174467358817e-06,3.086014032624942e-06,0.2137764197817686,0.1436889452751947,0.8424745583019143,condHC
C14 H8 O7 N2,0.1069246589636008,2.5669726331038952e-06,1.8492174467358817e-06,3.086014032624942e-06,0.247305362179049,0.1369184477851869,0.7710421702560295,condHC
C16 H10 O10 N2,3.577726848801236e-06,2.5669726331038952e-06,1.8492174467358817e-06,3.086014032624942e-06,0.2886446197324054,0.1476473897297341,0.7314377239485655,condHC
C15 H11 O11 N1,3.577726848801236e-06,2.5669726331038952e-06,1.8492174467358817e-06,3.086014032624942e-06,0.2555058731019706,0.1477998235089453,0.701259384682941,condHC
C23 H18 O13 N2,0.1793291055719267,2.5669726331038952e-06,1.8492174467358817e-06,3.086014032624942e-06,2.5105070760420363e-06,0.2604734519635695,0.9102383138792914,condHC
C20 H15 O9 N1,0.1897323880236364,2.5669726331038952e-06,1.8492174467358817e-06,3.086014032624942e-06,2.5105070760420363e-06,0.2292909920433491,0.969739149937577,condHC
C18 H14 O8 N2,0.1532191392713393,2.5669726331038952e-06,1.8492174467358817e-06,3.086014032624942e-06,2.5105070760420363e-06,0.1422785397459872,0.985565824997238,condHC
C20 H11 O10 N1,3.577726848801236e-06,2.5669726331038952e-06,1.8492174467358817e-06,3.086014032624942e-06,2.5105070760420363e-06,0.2220325921117916,0.9884821675764224,condHC
C21 H16 O11 N2,3.577726848801236e-06,2.5669726331038952e-06,1.8492174467358817e-06,3.086014032624942e-06,2.5105070760420363e-06,0.22357688884047,0.9880898578771464,condHC
C19 H14 O9 N2,3.577726848801236e-06,2.5669726331038952e-06,1.8492174467358817e-06,3.086014032624942e-06,2.5105070760420363e-06,0.2237567791515601,0.9883639532229422,condHC
C17 H12 O8 N2,3.577726848801236e-06,2.5669726331038952e-06,1.8492174467358817e-06,3.086014032624942e-06,2.5105070760420363e-06,0.2257039449357888,0.9879561229053836,condHC
C16 H12 O7 N2,3.577726848801236e-06,2.5669726331038952e-06,1.8492174467358817e-06,3.086014032624942e-06,2.5105070760420363e-06,0.22585173982154,0.9857678384201802,condHC
C13 H9 O10 N1,3.577726848801236e-06,2.5669726331038952e-06,1.8492174467358817e-06,3.086014032624942e-06,0.0869486193537293,0.2234087711833705,0.8751728815905039,condHC
C21 H15 O15 N1,3.577726848801236e-06,2.5669726331038952e-06,1.8492174467358817e-06,3.086014032624942e-06,0.0871458303849889,0.2458021522594503,0.8614380546052159,condHC
C16 H7 O10 N1,3.577726848801236e-06,2.5669726331038952e-06,1.8492174467358817e-06,3.086014032624942e-06,0.0867322933908946,0.2465814343843203,0.8613014363565391,condHC
C13 H7 O10 N1,3.577726848801236e-06,2.5669726331038952e-06,1.8492174467358817e-06,3.086014032624942e-06,0.0825184834022501,0.2390627626432326,0.811869494052996,condHC
C22 H14 O13 N2,3.577726848801236e-06,2.5669726331038952e-06,1.8492174467358817e-06,3.086014032624942e-06,2.5105070760420363e-06,0.2340226113960746,0.8061880275668265,condHC
C23 H18 O14 N2,3.577726848801236e-06,2.5669726331038952e-06,1.8492174467358817e-06,3.086014032624942e-06,2.5105070760420363e-06,0.2310357357482537,0.8135738787871613,condHC
C22 H13 O12 N1,3.577726848801236e-06,2.5669726331038952e-06,1.8492174467358817e-06,3.086014032624942e-06,2.5105070760420363e-06,0.2527114007420774,0.8799923096256604,condHC
C15 H10 O7 N2,3.577726848801236e-06,2.5669726331038952e-06,1.8492174467358817e-06,3.086014032624942e-06,2.5105070760420363e-06,0.2307976058839776,0.8831145917920958,condHC
C23 H13 O13 N1,3.577726848801236e-06,2.5669726331038952e-06,1.8492174467358817e-06,3.086014032624942e-06,2.5105070760420363e-06,0.230039088329833,0.9180947526998054,condHC
C19 H13 O8 N1,3.577726848801236e-06,2.5669726331038952e-06,1.8492174467358817e-06,3.086014032624942e-06,2.5105070760420363e-06,0.3600001185061858,0.8137934986031751,condHC
C28 H12 O16,3.577726848801236e-06,2.5669726331038952e-06,1.8492174467358817e-06,3.086014032624942e-06,2.5105070760420363e-06,0.3461405341988581,0.7818681389128463,condHC
C29 H14 O16,3.577726848801236e-06,2.5669726331038952e-06,1.8492174467358817e-06,3.086014032624942e-06,2.5105070760420363e-06,0.3469332262342341,0.7807255024064013,condHC
C28 H14 O14,3.577726848801236e-06,2.5669726331038952e-06,1.8492174467358817e-06,3.086014032624942e-06,2.5105070760420363e-06,0.3884739324333863,0.7688458494032567,condHC
C22 H16 O13 N2,3.577726848801236e-06,2.5669726331038952e-06,1.8492174467358817e-06,3.086014032624942e-06,2.5105070760420363e-06,0.342731350322893,0.9784198378776332,condHC
C25 H10 O14,3.577726848801236e-06,2.5669726331038952e-06,1.8492174467358817e-06,3.086014032624942e-06,2.5105070760420363e-06,0.3425164019318171,0.9749580651911364,condHC
C18 H9 O9 N1,3.577726848801236e-06,2.5669726331038952e-06,1.8492174467358817e-06,3.086014032624942e-06,2.5105070760420363e-06,0.3800367597872335,0.9728439484035756,condHC
C17 H11 O7 N1,3.577726848801236e-06,2.5669726331038952e-06,1.8492174467358817e-06,3.086014032624942e-06,2.5105070760420363e-06,0.3892693792178197,0.8897619560445048,condHC
C23 H18 O12 N2,3.577726848801236e-06,2.5669726331038952e-06,1.8492174467358817e-06,3.086014032624942e-06,2.5105070760420363e-06,0.3445118278009483,0.8869967707912024,condHC
C21 H16 O13 N2,3.577726848801236e-06,2.5669726331038952e-06,1.8492174467358817e-06,3.086014032624942e-06,0.1194341617999865,0.3437416155574089,0.9111584472928084,condHC
C21 H16 O12 N2,3.577726848801236e-06,2.5669726331038952e-06,1.8492174467358817e-06,3.086014032624942e-06,0.1180340262687218,0.3459343698189277,0.9166472249962686,condHC
C13 H7 O7 N1,3.577726848801236e-06,2.5669726331038952e-06,1.8492174467358817e-06,3.086014032624942e-06,0.1182367073340961,0.3824726596353689,0.9118006818888555,condHC
C21 H11 O12 N1,3.577726848801236e-06,2.5669726331038952e-06,1.8492174467358817e-06,3.086014032624942e-06,0.1180716040748252,0.3855890084888891,0.9109737948776684,condHC
C13 H10 O6 N2,3.577726848801236e-06,2.5669726331038952e-06,1.8492174467358817e-06,3.086014032624942e-06,0.1176162509038235,0.3868958250582577,0.9140350988046854,condHC
C22 H11 O13 N1,3.577726848801236e-06,2.5669726331038952e-06,1.8492174467358817e-06,3.086014032624942e-06,0.0859735706788783,0.2322385475466049,0.9053207317364192,condHC
C14 H10 O9 N2,3.577726848801236e-06,2.5669726331038952e-06,1.8492174467358817e-06,3.086014032624942e-06,0.1183851227630217,0.2194239487071962,0.921084588167142,condHC
C18 H12 O9 N2,3.577726848801236e-06,2.5669726331038952e-06,1.8492174467358817e-06,3.086014032624942e-06,0.1170671826450428,0.2284940639315924,0.9532952695793366,condHC
C19 H12 O10 N2,3.577726848801236e-06,2.5669726331038952e-06,1.8492174467358817e-06,3.086014032624942e-06,0.1170627269218898,0.2262069465207571,0.9545836649357394,condHC
C19 H9 O10 N1,3.577726848801236e-06,2.5669726331038952e-06,1.8492174467358817e-06,3.086014032624942e-06,0.1170402430289064,0.2271788011976609,0.9566109766842892,condHC
C15 H10 O8 N2,3.577726848801236e-06,2.5669726331038952e-06,1.8492174467358817e-06,3.086014032624942e-06,0.1166956912553354,0.2285465081164782,0.9565150923903144,condHC
C13 H8 O8 N2,3.577726848801236e-06,2.5669726331038952e-06,1.8492174467358817e-06,3.086014032624942e-06,0.2086703542505184,0.2304310423419483,0.9260529650607572,condHC
C13 H10 O8 N2,3.577726848801236e-06,2.5669726331038952e-06,1.8492174467358817e-06,3.086014032624942e-06,0.2063251224055978,0.2300162447032153,0.9237897153757858,condHC
C20 H9 O11 N1,3.577726848801236e-06,2.5669726331038952e-06,1.8492174467358817e-06,3.086014032624942e-06,0.2084997568068718,0.2278964653035198,0.9218852189545153,condHC
C12 H8 O7 N2,3.577726848801236e-06,2.5669726331038952e-06,1.8492174467358817e-06,3.086014032624942e-06,0.2102869244207922,0.230562152804163,0.9206866346066722,condHC
C14 H10 O7 N2,3.577726848801236e-06,2.5669726331038952e-06,1.8492174467358817e-06,3.086014032624942e-06,0.2090301448387752,0.2323769347044429,0.9227017384380748,condHC
C23 H15 O14 N1,3.577726848801236e-06,2.5669726331038952e-06,1.8492174467358817e-06,3.086014032624942e-06,0.1685911244892823,0.2234406846913189,0.8523138327909194,condHC
C16 H11 O6 N1,3.577726848801236e-06,2.5669726331038952e-06,1.8492174467358817e-06,0.2085196074117387,2.5105070760420363e-06,0.1315578620486122,0.8987639146483779,condHC
C15 H9 O6 N1,3.577726848801236e-06,2.5669726331038952e-06,1.8492174467358817e-06,0.2102073204975655,2.5105070760420363e-06,0.2278874993749838,0.9217192771661584,condHC
C13 H9 O5 N1,3.577726848801236e-06,2.5669726331038952e-06,1.8492174467358817e-06,0.2788067050049151,2.5105070760420363e-06,0.2143213348245708,0.8807384035369342,condHC
C12 H7 O6 N1,3.577726848801236e-06,2.5669726331038952e-06,1.8492174467358817e-06,0.2659774015425724,2.5105070760420363e-06,0.3346257611033799,0.9748913203978896,condHC
C12 H9 O5 N1,3.577726848801236e-06,2.5669726331038952e-06,1.8492174467358817e-06,0.2660362229461236,2.5105070760420363e-06,0.3371301138667726,0.9745407261943928,condHC
C17 H9 O8 N1,3.577726848801236e-06,2.5669726331038952e-06,1.8492174467358817e-06,0.2539172181740294,2.5105070760420363e-06,0.4131862924518524,0.8793366401861198,condHC
C9 H7 O6 N1,3.577726848801236e-06,2.5669726331038952e-06,1.8492174467358817e-06,0.2096173108215203,0.0873372634663062,0.3444456878353712,0.8530950167957014,condHC
C15 H7 O8 N1,3.577726848801236e-06,2.5669726331038952e-06,1.8492174467358817e-06,0.2511971629938068,0.1203133037508736,0.4049425499682892,0.901849020946516,condHC
C16 H9 O7 N1,0.232526487241362,2.5669726331038952e-06,1.8492174467358817e-06,0.2469018396280551,2.5105070760420363e-06,0.3843651202614288,0.9525372131361852,condHC
C14 H9 O6 N1,0.2312526535856672,2.5669726331038952e-06,1.8492174467358817e-06,0.2542124403790639,0.1163882825831698,0.3282885908377462,0.8888105360091534,condHC
C11 H7 O5 N1,0.2669824306070468,2.5669726331038952e-06,1.8492174467358817e-06,0.2516122772819794,2.5105070760420363e-06,0.2592257845343398,0.8467095399719414,condHC
C19 H9 O9 N1,3.577726848801236e-06,2.5669726331038952e-06,1.8492174467358817e-06,3.086014032624942e-06,2.5105070760420363e-06,0.1430639420916404,0.6821704965070328,condHC
C20 H15 O11 N3,3.577726848801236e-06,2.5669726331038952e-06,1.8492174467358817e-06,3.086014032624942e-06,2.5105070760420363e-06,0.0530723943634299,0.7051426065694422,condHC
C10 H7 O8 N1,3.577726848801236e-06,2.5669726331038952e-06,1.8492174467358817e-06,3.086014032624942e-06,2.5105070760420363e-06,0.061655929295883,0.7095188074619452,condHC
C13 H10 O9 N2,3.577726848801236e-06,2.5669726331038952e-06,1.8492174467358817e-06,3.086014032624942e-06,2.5105070760420363e-06,0.0620609683660211,0.7101275469687343,condHC
C22 H17 O13 N3,3.577726848801236e-06,2.5669726331038952e-06,1.8492174467358817e-06,3.086014032624942e-06,2.5105070760420363e-06,0.0598632828438074,0.7112597546012345,condHC
C23 H18 O15 N2,3.577726848801236e-06,2.5669726331038952e-06,1.8492174467358817e-06,3.086014032624942e-06,2.5105070760420363e-06,0.0591830352469622,0.713896296627112,condHC
C18 H13 O10 N3,3.577726848801236e-06,2.5669726331038952e-06,1.8492174467358817e-06,3.086014032624942e-06,2.5105070760420363e-06,0.0550934218567611,0.7226550170828022,condHC
C18 H12 O7 N2,3.577726848801236e-06,2.5669726331038952e-06,1.8492174467358817e-06,3.086014032624942e-06,2.5105070760420363e-06,3.704558711867581e-06,0.6976311794375487,condHC
C21 H14 O10 N2,3.577726848801236e-06,2.5669726331038952e-06,1.8492174467358817e-06,3.086014032624942e-06,2.5105070760420363e-06,3.704558711867581e-06,0.6962783091016402,condHC
C11 H8 O6 N2,3.577726848801236e-06,2.5669726331038952e-06,1.8492174467358817e-06,3.086014032624942e-06,2.5105070760420363e-06,3.704558711867581e-06,0.6960535975412887,condHC
C21 H14 O14 N2,3.577726848801236e-06,2.5669726331038952e-06,1.8492174467358817e-06,3.086014032624942e-06,2.5105070760420363e-06,3.704558711867581e-06,0.6952167724266953,condHC
C11 H8 O7 N2,3.577726848801236e-06,2.5669726331038952e-06,1.8492174467358817e-06,3.086014032624942e-06,2.5105070760420363e-06,3.704558711867581e-06,0.6951988593020372,condHC
C21 H12 O12 N2,3.577726848801236e-06,2.5669726331038952e-06,1.8492174467358817e-06,3.086014032624942e-06,2.5105070760420363e-06,3.704558711867581e-06,0.694855258578715,condHC
C18 H14 O7 N2,3.577726848801236e-06,2.5669726331038952e-06,1.8492174467358817e-06,3.086014032624942e-06,2.5105070760420363e-06,3.704558711867581e-06,0.6945329450275037,condHC
C22 H12 O13 N2,3.577726848801236e-06,2.5669726331038952e-06,1.8492174467358817e-06,3.086014032624942e-06,2.5105070760420363e-06,3.704558711867581e-06,0.6945161361365574,condHC
C19 H14 O8 N2,3.577726848801236e-06,2.5669726331038952e-06,1.8492174467358817e-06,3.086014032624942e-06,2.5105070760420363e-06,3.704558711867581e-06,0.6944322143744605,condHC
C19 H10 O10 N2,3.577726848801236e-06,2.5669726331038952e-06,1.8492174467358817e-06,3.086014032624942e-06,2.5105070760420363e-06,3.704558711867581e-06,0.6943560835946635,condHC
C24 H19 O14 N1,3.577726848801236e-06,2.5669726331038952e-06,1.8492174467358817e-06,3.086014032624942e-06,2.5105070760420363e-06,3.704558711867581e-06,0.6942157845669474,condHC
C20 H12 O9 N2,3.577726848801236e-06,2.5669726331038952e-06,1.8492174467358817e-06,3.086014032624942e-06,2.5105070760420363e-06,3.704558711867581e-06,0.694166768859407,condHC
C11 H7 O9 N1,3.577726848801236e-06,2.5669726331038952e-06,1.8492174467358817e-06,3.086014032624942e-06,2.5105070760420363e-06,3.704558711867581e-06,0.6940810680541077,condHC
C21 H9 O12 N1,3.577726848801236e-06,2.5669726331038952e-06,1.8492174467358817e-06,3.086014032624942e-06,2.5105070760420363e-06,3.704558711867581e-06,0.6937967278733189,condHC
C12 H5 O7 N1,3.577726848801236e-06,2.5669726331038952e-06,1.8492174467358817e-06,3.086014032624942e-06,2.5105070760420363e-06,3.704558711867581e-06,0.6936529321055154,condHC
C22 H16 O11 N2,3.577726848801236e-06,2.5669726331038952e-06,1.8492174467358817e-06,3.086014032624942e-06,2.5105070760420363e-06,3.704558711867581e-06,0.6929670802778521,condHC
C20 H13 O11 N3,3.577726848801236e-06,2.5669726331038952e-06,1.8492174467358817e-06,3.086014032624942e-06,2.5105070760420363e-06,3.704558711867581e-06,0.6929493511921461,condHC
C15 H10 O6 N2,3.577726848801236e-06,2.5669726331038952e-06,1.8492174467358817e-06,3.086014032624942e-06,2.5105070760420363e-06,3.704558711867581e-06,0.6927104072861757,condHC
C22 H14 O14 N2,3.577726848801236e-06,2.5669726331038952e-06,1.8492174467358817e-06,3.086014032624942e-06,2.5105070760420363e-06,3.704558711867581e-06,0.6924329992392443,condHC
C19 H10 O9 N2,3.577726848801236e-06,2.5669726331038952e-06,1.8492174467358817e-06,3.086014032624942e-06,2.5105070760420363e-06,3.704558711867581e-06,0.6922683457235513,condHC
C21 H9 O13 N1,3.577726848801236e-06,2.5669726331038952e-06,1.8492174467358817e-06,3.086014032624942e-06,2.5105070760420363e-06,3.704558711867581e-06,0.6920922817928363,condHC
C16 H10 O7 N2,3.577726848801236e-06,2.5669726331038952e-06,1.8492174467358817e-06,3.086014032624942e-06,2.5105070760420363e-06,3.704558711867581e-06,0.8340781491963295,condHC
C17 H10 O8 N2,3.577726848801236e-06,2.5669726331038952e-06,1.8492174467358817e-06,3.086014032624942e-06,2.5105070760420363e-06,3.704558711867581e-06,0.8335738211216229,condHC
C18 H10 O9 N2,3.577726848801236e-06,2.5669726331038952e-06,1.8492174467358817e-06,3.086014032624942e-06,2.5105070760420363e-06,3.704558711867581e-06,0.8326313576486005,condHC
C14 H8 O6 N2,3.577726848801236e-06,2.5669726331038952e-06,1.8492174467358817e-06,3.086014032624942e-06,2.5105070760420363e-06,3.704558711867581e-06,0.7979697068204283,condHC
C23 H11 O13 N1,3.577726848801236e-06,2.5669726331038952e-06,1.8492174467358817e-06,3.086014032624942e-06,2.5105070760420363e-06,3.704558711867581e-06,0.796669778356369,condHC
C14 H7 O10 N1,3.577726848801236e-06,2.5669726331038952e-06,1.8492174467358817e-06,3.086014032624942e-06,2.5105070760420363e-06,3.704558711867581e-06,0.7949912817681137,condHC
C23 H15 O12 N1,3.577726848801236e-06,2.5669726331038952e-06,1.8492174467358817e-06,3.086014032624942e-06,2.5105070760420363e-06,3.704558711867581e-06,0.7940029312497343,condHC
C17 H12 O7 N2,3.577726848801236e-06,2.5669726331038952e-06,1.8492174467358817e-06,3.086014032624942e-06,2.5105070760420363e-06,3.704558711867581e-06,0.7921669586649127,condHC
C17 H7 O9 N1,3.577726848801236e-06,2.5669726331038952e-06,1.8492174467358817e-06,3.086014032624942e-06,2.5105070760420363e-06,3.704558711867581e-06,0.7913832594611204,condHC
C13 H8 O7 N2,3.577726848801236e-06,2.5669726331038952e-06,1.8492174467358817e-06,3.086014032624942e-06,2.5105070760420363e-06,3.704558711867581e-06,0.7907698576342148,condHC
C24 H19 O13 N1,3.577726848801236e-06,2.5669726331038952e-06,1.8492174467358817e-06,3.086014032624942e-06,2.5105070760420363e-06,0.05667596671681,0.7767904428817629,condHC
C23 H16 O12 N2,3.577726848801236e-06,2.5669726331038952e-06,1.8492174467358817e-06,3.086014032624942e-06,2.5105070760420363e-06,0.0607958303702455,0.8091130199767534,condHC
C24 H17 O14 N1,3.577726848801236e-06,2.5669726331038952e-06,1.8492174467358817e-06,3.086014032624942e-06,2.5105070760420363e-06,0.061217865722304,0.8095679029196983,condHC
C16 H8 O9 N2,3.577726848801236e-06,2.5669726331038952e-06,1.8492174467358817e-06,3.086014032624942e-06,0.0845631712866921,3.704558711867581e-06,0.7775841415352787,condHC
C10 H6 O6 N2,3.577726848801236e-06,2.5669726331038952e-06,1.8492174467358817e-06,3.086014032624942e-06,0.0837371961353786,3.704558711867581e-06,0.777238516383485,condHC
C12 H8 O8 N2,3.577726848801236e-06,2.5669726331038952e-06,1.8492174467358817e-06,3.086014032624942e-06,0.0837480818655207,3.704558711867581e-06,0.7759638626021623,condHC
C20 H9 O13 N1,3.577726848801236e-06,2.5669726331038952e-06,1.8492174467358817e-06,3.086014032624942e-06,0.0895743745927662,3.704558711867581e-06,0.7683323807272692,condHC
C17 H7 O10 N1,3.577726848801236e-06,2.5669726331038952e-06,1.8492174467358817e-06,3.086014032624942e-06,0.0897088130581427,3.704558711867581e-06,0.7681725122243273,condHC
C20 H11 O14 N1,3.577726848801236e-06,2.5669726331038952e-06,1.8492174467358817e-06,3.086014032624942e-06,0.0895495239742055,3.704558711867581e-06,0.7652938362839787,condHC
C23 H17 O16 N1,3.577726848801236e-06,2.5669726331038952e-06,1.8492174467358817e-06,3.086014032624942e-06,0.0890192083930851,3.704558711867581e-06,0.7642983082464726,condHC
C14 H8 O8 N2,3.577726848801236e-06,2.5669726331038952e-06,1.8492174467358817e-06,3.086014032624942e-06,0.1273452801454425,3.704558711867581e-06,0.7797197908802197,condHC
C19 H13 O14 N1,3.577726848801236e-06,2.5669726331038952e-06,1.8492174467358817e-06,3.086014032624942e-06,0.2058488551085771,3.704558711867581e-06,0.7721446862709457,condHC
C15 H8 O8 N2,3.577726848801236e-06,2.5669726331038952e-06,1.8492174467358817e-06,3.086014032624942e-06,0.2099194057490179,0.0631808063431163,0.722817523477389,condHC
C13 H6 O8 N2,3.577726848801236e-06,2.5669726331038952e-06,1.8492174467358817e-06,3.086014032624942e-06,0.2130593985329199,3.704558711867581e-06,0.6636399825113919,condHC
C15 H8 O9 N2,3.577726848801236e-06,2.5669726331038952e-06,1.8492174467358817e-06,3.086014032624942e-06,0.1651964792783515,3.704558711867581e-06,0.6532454011579854,condHC
C18 H10 O11 N2,3.577726848801236e-06,2.5669726331038952e-06,1.8492174467358817e-06,3.086014032624942e-06,0.1642219679468076,3.704558711867581e-06,0.6555616540611231,condHC
C16 H7 O11 N1,3.577726848801236e-06,2.5669726331038952e-06,1.8492174467358817e-06,3.086014032624942e-06,0.1220863193118528,3.704558711867581e-06,0.6889010463657307,condHC
C19 H10 O11 N2,3.577726848801236e-06,2.5669726331038952e-06,1.8492174467358817e-06,3.086014032624942e-06,0.0849401327105142,3.704558711867581e-06,0.6778263797384892,condHC
C20 H14 O13 N2,3.577726848801236e-06,2.5669726331038952e-06,1.8492174467358817e-06,3.086014032624942e-06,0.0846545619118505,3.704558711867581e-06,0.6756752711215831,condHC
C11 H6 O8 N2,3.577726848801236e-06,2.5669726331038952e-06,1.8492174467358817e-06,3.086014032624942e-06,0.0849240305239978,3.704558711867581e-06,0.6734386457383296,condHC
C22 H17 O16 N1,3.577726848801236e-06,2.5669726331038952e-06,1.8492174467358817e-06,3.086014032624942e-06,0.086381468587031,3.704558711867581e-06,0.67213620207526,condHC
C20 H15 O15 N1,3.577726848801236e-06,2.5669726331038952e-06,1.8492174467358817e-06,3.086014032624942e-06,0.0730844616737773,0.0599516232280856,0.7198360311092082,condHC
C13 H8 O9 N2,3.577726848801236e-06,2.5669726331038952e-06,1.8492174467358817e-06,3.086014032624942e-06,0.085081641164796,0.0628113191287383,0.7086062196454588,condHC
C14 H8 O9 N2,3.577726848801236e-06,2.5669726331038952e-06,1.8492174467358817e-06,3.086014032624942e-06,0.0851728929259538,0.0635306724675098,0.7059504148759421,condHC
C22 H15 O11 N1,3.577726848801236e-06,2.5669726331038952e-06,1.8492174467358817e-06,3.086014032624942e-06,0.0742196145038739,0.0807134781867015,0.6749304041366558,condHC
C22 H16 O14 N2,3.577726848801236e-06,2.5669726331038952e-06,1.8492174467358817e-06,3.086014032624942e-06,0.0861376234017961,0.069097208181376,0.6137675123031573,condHC
C20 H10 O10 N2,3.577726848801236e-06,2.5669726331038952e-06,1.8492174467358817e-06,3.086014032624942e-06,2.5105070760420363e-06,3.704558711867581e-06,0.592346543874242,condHC
C13 H8 O6 N2,3.577726848801236e-06,2.5669726331038952e-06,1.8492174467358817e-06,3.086014032624942e-06,2.5105070760420363e-06,3.704558711867581e-06,0.5923821860846062,condHC
C16 H7 O8 N1,3.577726848801236e-06,2.5669726331038952e-06,1.8492174467358817e-06,3.086014032624942e-06,2.5105070760420363e-06,3.704558711867581e-06,0.5928293393915685,condHC
C13 H10 O5 N2,3.577726848801236e-06,2.5669726331038952e-06,1.8492174467358817e-06,3.086014032624942e-06,2.5105070760420363e-06,3.704558711867581e-06,0.5934497960449661,condHC
C21 H13 O12 N3,3.577726848801236e-06,2.5669726331038952e-06,1.8492174467358817e-06,3.086014032624942e-06,2.5105070760420363e-06,3.704558711867581e-06,0.5934735370697698,condHC
C24 H19 O15 N1,3.577726848801236e-06,2.5669726331038952e-06,1.8492174467358817e-06,3.086014032624942e-06,2.5105070760420363e-06,3.704558711867581e-06,0.5935400364777472,condHC
C22 H11 O15 N1,3.577726848801236e-06,2.5669726331038952e-06,1.8492174467358817e-06,3.086014032624942e-06,2.5105070760420363e-06,3.704558711867581e-06,0.5937685515097727,condHC
C23 H14 O14 N2,3.577726848801236e-06,2.5669726331038952e-06,1.8492174467358817e-06,3.086014032624942e-06,2.5105070760420363e-06,3.704558711867581e-06,0.5938356643809233,condHC
C12 H9 O10 N1,3.577726848801236e-06,2.5669726331038952e-06,1.8492174467358817e-06,3.086014032624942e-06,2.5105070760420363e-06,3.704558711867581e-06,0.5938609390636601,condHC
C21 H15 O13 N3,3.577726848801236e-06,2.5669726331038952e-06,1.8492174467358817e-06,3.086014032624942e-06,2.5105070760420363e-06,3.704558711867581e-06,0.594054486694812,condHC
C18 H9 O8 N1,3.577726848801236e-06,2.5669726331038952e-06,1.8492174467358817e-06,3.086014032624942e-06,2.5105070760420363e-06,3.704558711867581e-06,0.5942660087969392,condHC
C21 H14 O13 N2,3.577726848801236e-06,2.5669726331038952e-06,1.8492174467358817e-06,3.086014032624942e-06,2.5105070760420363e-06,3.704558711867581e-06,0.5947164134587195,condHC
C24 H17 O17 N1,3.577726848801236e-06,2.5669726331038952e-06,1.8492174467358817e-06,3.086014032624942e-06,2.5105070760420363e-06,3.704558711867581e-06,0.5948161012243682,condHC
C24 H13 O14 N1,3.577726848801236e-06,2.5669726331038952e-06,1.8492174467358817e-06,3.086014032624942e-06,2.5105070760420363e-06,3.704558711867581e-06,0.594872969260526,condHC
C19 H12 O8 N2,3.577726848801236e-06,2.5669726331038952e-06,1.8492174467358817e-06,3.086014032624942e-06,2.5105070760420363e-06,3.704558711867581e-06,0.5953302447098463,condHC
C24 H18 O13 N2,3.577726848801236e-06,2.5669726331038952e-06,1.8492174467358817e-06,3.086014032624942e-06,2.5105070760420363e-06,3.704558711867581e-06,0.5956210876002713,condHC
C18 H8 O9 N2,3.577726848801236e-06,2.5669726331038952e-06,1.8492174467358817e-06,3.086014032624942e-06,2.5105070760420363e-06,3.704558711867581e-06,0.5957638404806803,condHC
C20 H10 O11 N2,3.577726848801236e-06,2.5669726331038952e-06,1.8492174467358817e-06,3.086014032624942e-06,2.5105070760420363e-06,3.704558711867581e-06,0.5958154940798657,condHC
C21 H12 O11 N2,3.577726848801236e-06,2.5669726331038952e-06,1.8492174467358817e-06,3.086014032624942e-06,2.5105070760420363e-06,3.704558711867581e-06,0.5959516215580039,condHC
C21 H12 O10 N2,3.577726848801236e-06,2.5669726331038952e-06,1.8492174467358817e-06,3.086014032624942e-06,2.5105070760420363e-06,3.704558711867581e-06,0.5960144401869418,condHC
C19 H15 O7 N1,3.577726848801236e-06,2.5669726331038952e-06,1.8492174467358817e-06,3.086014032624942e-06,2.5105070760420363e-06,3.704558711867581e-06,0.5962847320610639,condHC
C23 H13 O16 N1,3.577726848801236e-06,2.5669726331038952e-06,1.8492174467358817e-06,3.086014032624942e-06,2.5105070760420363e-06,3.704558711867581e-06,0.596350618005868,condHC
C17 H9 O7 N1,3.577726848801236e-06,2.5669726331038952e-06,1.8492174467358817e-06,3.086014032624942e-06,2.5105070760420363e-06,3.704558711867581e-06,0.5964875429861314,condHC
C17 H7 O8 N1,3.577726848801236e-06,2.5669726331038952e-06,1.8492174467358817e-06,3.086014032624942e-06,2.5105070760420363e-06,3.704558711867581e-06,0.5967534792717235,condHC
C24 H17 O15 N1,3.577726848801236e-06,2.5669726331038952e-06,1.8492174467358817e-06,3.086014032624942e-06,2.5105070760420363e-06,3.704558711867581e-06,0.5968688103482894,condHC
C22 H15 O12 N3,3.577726848801236e-06,2.5669726331038952e-06,1.8492174467358817e-06,3.086014032624942e-06,2.5105070760420363e-06,3.704558711867581e-06,0.5972665798698071,condHC
C21 H13 O10 N1,3.577726848801236e-06,2.5669726331038952e-06,1.8492174467358817e-06,3.086014032624942e-06,2.5105070760420363e-06,3.704558711867581e-06,0.597352955484597,condHC
C23 H11 O14 N1,3.577726848801236e-06,2.5669726331038952e-06,1.8492174467358817e-06,3.086014032624942e-06,2.5105070760420363e-06,3.704558711867581e-06,0.5973931986687604,condHC
C15 H10 O10 N2,3.577726848801236e-06,2.5669726331038952e-06,1.8492174467358817e-06,3.086014032624942e-06,2.5105070760420363e-06,3.704558711867581e-06,0.5974686546390668,condHC
C11 H8 O5 N2,3.577726848801236e-06,2.5669726331038952e-06,1.8492174467358817e-06,3.086014032624942e-06,2.5105070760420363e-06,3.704558711867581e-06,0.5980144528242832,condHC
C23 H16 O13 N2,3.577726848801236e-06,2.5669726331038952e-06,1.8492174467358817e-06,3.086014032624942e-06,2.5105070760420363e-06,3.704558711867581e-06,0.5980588675580246,condHC
C21 H12 O13 N2,3.577726848801236e-06,2.5669726331038952e-06,1.8492174467358817e-06,3.086014032624942e-06,2.5105070760420363e-06,3.704558711867581e-06,0.5984234487218709,condHC
C16 H10 O6 N2,3.577726848801236e-06,2.5669726331038952e-06,1.8492174467358817e-06,3.086014032624942e-06,2.5105070760420363e-06,3.704558711867581e-06,0.598595709180912,condHC
C18 H11 O10 N3,3.577726848801236e-06,2.5669726331038952e-06,1.8492174467358817e-06,3.086014032624942e-06,2.5105070760420363e-06,0.0529319249011746,0.6243801184683272,condHC
C19 H13 O11 N3,3.577726848801236e-06,2.5669726331038952e-06,1.8492174467358817e-06,3.086014032624942e-06,2.5105070760420363e-06,0.0532706355912954,0.6243362558514418,condHC
C19 H13 O10 N3,3.577726848801236e-06,2.5669726331038952e-06,1.8492174467358817e-06,3.086014032624942e-06,2.5105070760420363e-06,0.0640175548722622,0.6062251666273335,condHC
C23 H16 O14 N2,3.577726848801236e-06,2.5669726331038952e-06,1.8492174467358817e-06,3.086014032624942e-06,2.5105070760420363e-06,0.0634393824226843,0.6048262252071159,condHC
C29 H12 O17,3.577726848801236e-06,2.5669726331038952e-06,1.8492174467358817e-06,3.086014032624942e-06,2.5105070760420363e-06,0.0634734399570217,0.6037019312495503,condHC
C21 H16 O14 N2,3.577726848801236e-06,2.5669726331038952e-06,1.8492174467358817e-06,3.086014032624942e-06,2.5105070760420363e-06,0.0639015890328138,0.6037656087269307,condHC
C19 H15 O11 N3,3.577726848801236e-06,2.5669726331038952e-06,1.8492174467358817e-06,3.086014032624942e-06,2.5105070760420363e-06,0.0644804436726065,0.6034090639306536,condHC
C19 H11 O8 N1,3.577726848801236e-06,2.5669726331038952e-06,1.8492174467358817e-06,3.086014032624942e-06,2.5105070760420363e-06,0.0685273649494669,0.6025781280625232,condHC
C30 H14 O17,3.577726848801236e-06,2.5669726331038952e-06,1.8492174467358817e-06,3.086014032624942e-06,2.5105070760420363e-06,0.2079991727436604,0.5323747521378731,condHC
C30 H18 O19,3.577726848801236e-06,2.5669726331038952e-06,1.8492174467358817e-06,3.086014032624942e-06,2.5105070760420363e-06,0.1543095424195491,0.561502290334084,condHC
C20 H9 O10 N1,3.577726848801236e-06,2.5669726331038952e-06,1.8492174467358817e-06,3.086014032624942e-06,2.5105070760420363e-06,0.1264697885631343,0.504235441767407,condHC
C22 H15 O10 N1,3.577726848801236e-06,2.5669726331038952e-06,1.8492174467358817e-06,3.086014032624942e-06,2.5105070760420363e-06,0.1256650250094831,0.504498310737133,condHC
C26 H10 O16,3.577726848801236e-06,2.5669726331038952e-06,1.8492174467358817e-06,3.086014032624942e-06,2.5105070760420363e-06,0.08516022140282,0.5046122001752419,condHC
C22 H17 O12 N3,3.577726848801236e-06,2.5669726331038952e-06,1.8492174467358817e-06,3.086014032624942e-06,2.5105070760420363e-06,0.0595159180835346,0.5180479945367423,condHC
C21 H15 O12 N3,3.577726848801236e-06,2.5669726331038952e-06,1.8492174467358817e-06,3.086014032624942e-06,2.5105070760420363e-06,0.0582294502737129,0.5191567065297081,condHC
C24 H18 O15 N2,3.577726848801236e-06,2.5669726331038952e-06,1.8492174467358817e-06,3.086014032624942e-06,2.5105070760420363e-06,0.0589169160927346,0.5205844193727499,condHC
C17 H10 O7 N2,3.577726848801236e-06,2.5669726331038952e-06,1.8492174467358817e-06,3.086014032624942e-06,2.5105070760420363e-06,3.704558711867581e-06,0.5001763706623016,condHC
C19 H14 O13 N2,3.577726848801236e-06,2.5669726331038952e-06,1.8492174467358817e-06,3.086014032624942e-06,0.0691611370619082,3.704558711867581e-06,0.500437399242508,condHC
C21 H11 O15 N1,3.577726848801236e-06,2.5669726331038952e-06,1.8492174467358817e-06,3.086014032624942e-06,0.0684908465680788,3.704558711867581e-06,0.5062387364327251,condHC
C16 H12 O11 N2,3.577726848801236e-06,2.5669726331038952e-06,1.8492174467358817e-06,3.086014032624942e-06,0.1048653236545527,3.704558711867581e-06,0.5252576591337275,condHC
C13 H6 O7 N2,3.577726848801236e-06,2.5669726331038952e-06,1.8492174467358817e-06,3.086014032624942e-06,0.0878611369653071,3.704558711867581e-06,0.5677831103404923,condHC
C24 H19 O16 N1,3.577726848801236e-06,2.5669726331038952e-06,1.8492174467358817e-06,3.086014032624942e-06,0.0882059121287923,3.704558711867581e-06,0.5699040979155933,condHC
C20 H12 O12 N2,3.577726848801236e-06,2.5669726331038952e-06,1.8492174467358817e-06,3.086014032624942e-06,0.1666907283767015,3.704558711867581e-06,0.548254737147287,condHC
C10 H7 O4 N1,3.577726848801236e-06,2.5669726331038952e-06,1.8492174467358817e-06,0.2112107811316058,2.5105070760420363e-06,3.704558711867581e-06,0.5000187719731006,condHC
C10 H7 O5 N1,3.577726848801236e-06,2.5669726331038952e-06,1.8492174467358817e-06,0.2070483918697025,2.5105070760420363e-06,3.704558711867581e-06,0.5969312608993235,condHC
C9 H5 O5 N1,3.577726848801236e-06,2.5669726331038952e-06,1.8492174467358817e-06,0.2082371815081838,2.5105070760420363e-06,3.704558711867581e-06,0.5957129843836201,condHC
C12 H6 O6 N2,3.577726848801236e-06,2.5669726331038952e-06,1.8492174467358817e-06,0.2093663747824628,0.088233684928933,3.704558711867581e-06,0.567397794121391,condHC
C9 H5 O6 N1,3.577726848801236e-06,2.5669726331038952e-06,1.8492174467358817e-06,0.2086969599919192,0.0861648588586296,3.704558711867581e-06,0.6695990410834447,condHC
C10 H5 O6 N1,3.577726848801236e-06,2.5669726331038952e-06,1.8492174467358817e-06,0.2082029509291891,2.5105070760420363e-06,3.704558711867581e-06,0.695090521705646,condHC
C14 H7 O6 N1,3.577726848801236e-06,2.5669726331038952e-06,1.8492174467358817e-06,0.2226401465303159,2.5105070760420363e-06,3.704558711867581e-06,0.7871861898151985,condHC
C13 H7 O6 N1,3.577726848801236e-06,2.5669726331038952e-06,1.8492174467358817e-06,0.2108571155526059,0.0892404428964663,3.704558711867581e-06,0.7673974628512774,condHC
C14 H11 O5 N1,0.1861028950237008,2.5669726331038952e-06,1.8492174467358817e-06,0.304653665170728,2.5105070760420363e-06,3.704558711867581e-06,0.6658632343974691,condHC
C10 H7 O6 N1,0.1976977814853453,2.5669726331038952e-06,1.8492174467358817e-06,0.2080448400549261,0.0868183830337654,0.0802406878826697,0.8394568102601961,condHC
C9 H7 O5 N1,0.3469741741069097,2.5669726331038952e-06,1.8492174467358817e-06,0.2124709994603249,0.1259397591059766,0.075613937408567,0.7648761292093312,condHC
C15 H10 O5,0.444577601378226,2.5669726331038952e-06,1.8492174467358817e-06,0.4780232878321803,2.5105070760420363e-06,0.2563285681718789,0.6216633968057095,condHC
C18 H12 O5,3.577726848801236e-06,2.5669726331038952e-06,1.8492174467358817e-06,0.7814722861218232,2.5105070760420363e-06,3.704558711867581e-06,0.0940835188394847,condHC
C18 H14 O5,3.577726848801236e-06,2.5669726331038952e-06,1.8492174467358817e-06,0.6200110490487339,2.5105070760420363e-06,3.704558711867581e-06,4.282405132853128e-06,condHC
C19 H14 O6,3.577726848801236e-06,2.5669726331038952e-06,1.8492174467358817e-06,0.5162381096464229,2.5105070760420363e-06,0.1632544984792226,4.282405132853128e-06,condHC
C17 H12 O5,3.577726848801236e-06,2.5669726331038952e-06,1.8492174467358817e-06,0.515461032029842,2.5105070760420363e-06,0.1630108201345336,4.282405132853128e-06,condHC
C18 H12 O6,0.1607708974710315,2.5669726331038952e-06,1.8492174467358817e-06,0.5067455599291059,2.5105070760420363e-06,0.1573829067924939,0.0323278068685422,condHC
C28 H16 O13,0.1341036219126127,2.5669726331038952e-06,1.8492174467358817e-06,3.086014032624942e-06,2.5105070760420363e-06,0.5272221183271791,0.1819628085497381,condHC
C30 H22 O21,0.1450214163944509,0.1053307528235613,1.8492174467358817e-06,3.086014032624942e-06,2.5105070760420363e-06,0.5911079195293101,0.1934318553144652,condHC
C25 H18 O20,3.577726848801236e-06,0.086411689780583,1.8492174467358817e-06,3.086014032624942e-06,2.5105070760420363e-06,0.5728127474401364,0.1723035241557566,condHC
C34 H26 O18,3.577726848801236e-06,2.5669726331038952e-06,1.8492174467358817e-06,3.086014032624942e-06,2.5105070760420363e-06,0.5522041578830886,0.1445247460921935,condHC
C18 H6 O12,3.577726848801236e-06,2.5669726331038952e-06,1.8492174467358817e-06,3.086014032624942e-06,2.5105070760420363e-06,0.5364802581688445,0.1874419855545372,condHC
C18 H12 O16,3.577726848801236e-06,2.5669726331038952e-06,1.8492174467358817e-06,3.086014032624942e-06,2.5105070760420363e-06,0.6375303269284205,0.1361209907651094,condHC
C22 H12 O18,3.577726848801236e-06,2.5669726331038952e-06,1.8492174467358817e-06,3.086014032624942e-06,2.5105070760420363e-06,0.5750040723507293,4.282405132853128e-06,condHC
C26 H20 O21,3.577726848801236e-06,0.0336822777140667,1.8492174467358817e-06,3.086014032624942e-06,2.5105070760420363e-06,0.5539128299682601,4.282405132853128e-06,condHC
C27 H18 O21,3.577726848801236e-06,0.0332074456578477,1.8492174467358817e-06,3.086014032624942e-06,2.5105070760420363e-06,0.5524489147380218,4.282405132853128e-06,condHC
C26 H16 O20,3.577726848801236e-06,0.0726075118032618,1.8492174467358817e-06,3.086014032624942e-06,2.5105070760420363e-06,0.5616866798319416,4.282405132853128e-06,condHC
C24 H14 O19,3.577726848801236e-06,0.0713205833375759,1.8492174467358817e-06,3.086014032624942e-06,2.5105070760420363e-06,0.5298360633243002,4.282405132853128e-06,condHC
C33 H25 O13 S1 N2 P1,3.577726848801236e-06,0.0239487668827799,1.8492174467358817e-06,3.086014032624942e-06,2.5105070760420363e-06,0.5029915015471814,4.282405132853128e-06,condHC
C49 H18 O11 N2,3.577726848801236e-06,2.5669726331038952e-06,1.8492174467358817e-06,3.086014032624942e-06,2.5105070760420363e-06,0.5063510479637154,4.282405132853128e-06,condHC
C49 H24 O9 N2,3.577726848801236e-06,2.5669726331038952e-06,1.8492174467358817e-06,3.086014032624942e-06,2.5105070760420363e-06,0.5067030841026966,4.282405132853128e-06,condHC
C12 H6 O11,3.577726848801236e-06,2.5669726331038952e-06,1.8492174467358817e-06,3.086014032624942e-06,2.5105070760420363e-06,0.5068242930612237,4.282405132853128e-06,condHC
C39 H29 O12 S1 N2 P1,3.577726848801236e-06,2.5669726331038952e-06,1.8492174467358817e-06,3.086014032624942e-06,2.5105070760420363e-06,0.5076248335325935,4.282405132853128e-06,condHC
C17 H6 O12,3.577726848801236e-06,2.5669726331038952e-06,1.8492174467358817e-06,3.086014032624942e-06,2.5105070760420363e-06,0.5090497144884519,4.282405132853128e-06,condHC
C34 H20 O19,3.577726848801236e-06,2.5669726331038952e-06,1.8492174467358817e-06,3.086014032624942e-06,2.5105070760420363e-06,0.5142474581722541,4.282405132853128e-06,condHC
C49 H28 O2 S2 N2,3.577726848801236e-06,2.5669726331038952e-06,1.8492174467358817e-06,3.086014032624942e-06,2.5105070760420363e-06,0.5153637032808853,4.282405132853128e-06,condHC
C35 H27 O12 S1 N2 P1,3.577726848801236e-06,2.5669726331038952e-06,1.8492174467358817e-06,3.086014032624942e-06,2.5105070760420363e-06,0.5165878513903323,4.282405132853128e-06,condHC
C34 H23 O13 S1 N2 P1,3.577726848801236e-06,2.5669726331038952e-06,1.8492174467358817e-06,3.086014032624942e-06,2.5105070760420363e-06,0.5168942002760778,4.282405132853128e-06,condHC
C47 H28 O2 S2 N2,0.1473077989220365,2.5669726331038952e-06,1.8492174467358817e-06,0.1192931047101125,2.5105070760420363e-06,0.5063772960443571,4.282405132853128e-06,condHC
C22 H16 O8,0.0106684201676291,2.5669726331038952e-06,1.8492174467358817e-06,0.2386149018657877,2.5105070760420363e-06,0.5564220945011986,0.1009290163602653,condHC
C23 H18 O19,0.1095072122612853,0.1739014492759365,1.8492174467358817e-06,3.086014032624942e-06,2.5105070760420363e-06,0.7414112901674897,4.282405132853128e-06,condHC
C17 H10 O15,3.577726848801236e-06,2.5669726331038952e-06,1.8492174467358817e-06,3.086014032624942e-06,2.5105070760420363e-06,0.822653517746977,4.282405132853128e-06,condHC
C15 H10 O14,3.577726848801236e-06,2.5669726331038952e-06,1.8492174467358817e-06,3.086014032624942e-06,2.5105070760420363e-06,0.8251286857632801,4.282405132853128e-06,condHC
C14 H10 O13,3.577726848801236e-06,2.5669726331038952e-06,1.8492174467358817e-06,3.086014032624942e-06,2.5105070760420363e-06,0.9131383962017312,4.282405132853128e-06,condHC
C21 H16 O18,3.577726848801236e-06,0.0704150087391582,1.8492174467358817e-06,3.086014032624942e-06,2.5105070760420363e-06,0.883235439254093,4.282405132853128e-06,condHC
C13 H10 O12,0.102424726844978,2.5669726331038952e-06,1.8492174467358817e-06,3.086014032624942e-06,2.5105070760420363e-06,0.900776537771092,4.282405132853128e-06,condHC
C19 H10 O16,3.577726848801236e-06,2.5669726331038952e-06,1.8492174467358817e-06,3.086014032624942e-06,2.5105070760420363e-06,0.7499458146058042,4.282405132853128e-06,condHC
C34 H24 O21,3.577726848801236e-06,2.5669726331038952e-06,1.8492174467358817e-06,3.086014032624942e-06,2.5105070760420363e-06,0.7019627119246642,4.282405132853128e-06,condHC
C16 H8 O14,3.577726848801236e-06,2.5669726331038952e-06,1.8492174467358817e-06,3.086014032624942e-06,2.5105070760420363e-06,0.7019300707471534,4.282405132853128e-06,condHC
C16 H6 O13,3.577726848801236e-06,2.5669726331038952e-06,1.8492174467358817e-06,3.086014032624942e-06,2.5105070760420363e-06,0.7001874060981412,4.282405132853128e-06,condHC
C19 H14 O17,3.577726848801236e-06,2.5669726331038952e-06,1.8492174467358817e-06,3.086014032624942e-06,2.5105070760420363e-06,0.6972685675543993,4.282405132853128e-06,condHC
C48 H20 O4 S2 N2,3.577726848801236e-06,2.5669726331038952e-06,1.8492174467358817e-06,3.086014032624942e-06,2.5105070760420363e-06,0.6970059308187915,4.282405132853128e-06,condHC
C20 H12 O17,3.577726848801236e-06,2.5669726331038952e-06,1.8492174467358817e-06,3.086014032624942e-06,2.5105070760420363e-06,0.6945920949513142,4.282405132853128e-06,condHC
C25 H14 O19,3.577726848801236e-06,2.5669726331038952e-06,1.8492174467358817e-06,3.086014032624942e-06,2.5105070760420363e-06,0.6940484738118482,4.282405132853128e-06,condHC
C18 H8 O15,3.577726848801236e-06,2.5669726331038952e-06,1.8492174467358817e-06,3.086014032624942e-06,2.5105070760420363e-06,0.644169687968015,4.282405132853128e-06,condHC
C50 H28 O8 N2,3.577726848801236e-06,2.5669726331038952e-06,1.8492174467358817e-06,3.086014032624942e-06,2.5105070760420363e-06,0.6439344947701868,4.282405132853128e-06,condHC
C16 H12 O15,3.577726848801236e-06,2.5669726331038952e-06,1.8492174467358817e-06,3.086014032624942e-06,2.5105070760420363e-06,0.6323598188768088,4.282405132853128e-06,condHC
C48 H20 O2 S2 N2,3.577726848801236e-06,2.5669726331038952e-06,1.8492174467358817e-06,3.086014032624942e-06,2.5105070760420363e-06,0.6243046207744878,4.282405132853128e-06,condHC
C28 H20 O21,3.577726848801236e-06,0.0721318130618472,1.8492174467358817e-06,3.086014032624942e-06,0.0336802196321335,0.7269169441080128,0.0857322606234491,condHC
C29 H20 O21,3.577726848801236e-06,0.0796057966580222,1.8492174467358817e-06,3.086014032624942e-06,0.0687474249784217,0.6951107154436742,0.1603161316828147,condHC
C15 H6 O12,3.577726848801236e-06,2.5669726331038952e-06,1.8492174467358817e-06,3.086014032624942e-06,0.0718556239437279,0.7381178577283342,0.1633194019936449,condHC
C13 H8 O12,3.577726848801236e-06,2.5669726331038952e-06,1.8492174467358817e-06,3.086014032624942e-06,2.5105070760420363e-06,0.7386132967474938,0.1598296553864489,condHC
C19 H8 O15,3.577726848801236e-06,2.5669726331038952e-06,1.8492174467358817e-06,3.086014032624942e-06,2.5105070760420363e-06,0.7658601558397925,0.1624172277145239,condHC
C17 H6 O11,3.577726848801236e-06,2.5669726331038952e-06,1.8492174467358817e-06,3.086014032624942e-06,2.5105070760420363e-06,0.7807143344978472,0.1617588743736004,condHC
C14 H6 O12,3.577726848801236e-06,2.5669726331038952e-06,1.8492174467358817e-06,3.086014032624942e-06,2.5105070760420363e-06,0.878282296496032,0.1487804628174756,condHC
C21 H12 O17,3.577726848801236e-06,0.0743865379323843,1.8492174467358817e-06,3.086014032624942e-06,2.5105070760420363e-06,0.8565825144538565,0.1488422538955985,condHC
C22 H14 O18,3.577726848801236e-06,0.0738815823750106,1.8492174467358817e-06,3.086014032624942e-06,2.5105070760420363e-06,0.8483055330642134,0.1501823181877659,condHC
C24 H16 O19,3.577726848801236e-06,0.0739095329725677,1.8492174467358817e-06,3.086014032624942e-06,0.0697712149175196,0.8324851131801644,0.1499230379776033,condHC
C26 H18 O20,3.577726848801236e-06,0.0740064593304752,1.8492174467358817e-06,3.086014032624942e-06,0.070328530490429,0.8311102335185183,0.1501324436317829,condHC
C31 H24 O21,0.1499435027078727,0.1498492388721087,1.8492174467358817e-06,3.086014032624942e-06,2.5105070760420363e-06,0.7078612533733981,0.2803296346207206,condHC
C18 H14 O16,0.0914088746077914,0.1405092077625674,1.8492174467358817e-06,3.086014032624942e-06,2.5105070760420363e-06,0.7879891069945574,0.1514446106861481,condHC
C20 H14 O17,3.577726848801236e-06,0.1553618272021876,1.8492174467358817e-06,3.086014032624942e-06,2.5105070760420363e-06,0.7988715612285598,0.2604293800519076,condHC
C24 H18 O19,0.1083832533041305,0.1908807408484481,1.8492174467358817e-06,3.086014032624942e-06,0.1586862330471205,0.7822856849413254,0.2077039226737031,condHC
C48 H28 O10 N2,0.1407101837010511,2.5669726331038952e-06,1.8492174467358817e-06,3.086014032624942e-06,2.5105070760420363e-06,0.6329039078038506,4.282405132853128e-06,condHC
C30 H20 O14,0.2101915110106474,2.5669726331038952e-06,1.8492174467358817e-06,3.086014032624942e-06,2.5105070760420363e-06,0.6306332669109627,4.282405132853128e-06,condHC
C29 H22 O13,0.2526571192800037,2.5669726331038952e-06,1.8492174467358817e-06,3.086014032624942e-06,2.5105070760420363e-06,0.6186070720541519,4.282405132853128e-06,condHC
C28 H20 O12,0.2620035476572282,2.5669726331038952e-06,1.8492174467358817e-06,3.086014032624942e-06,2.5105070760420363e-06,0.6115807467365839,4.282405132853128e-06,condHC
C23 H14 O9,0.2715090336248691,2.5669726331038952e-06,1.8492174467358817e-06,3.086014032624942e-06,2.5105070760420363e-06,0.5883530665190814,0.0081750275000203,condHC
C28 H22 O12,0.2044331400844754,2.5669726331038952e-06,1.8492174467358817e-06,3.086014032624942e-06,2.5105070760420363e-06,0.5156193232028563,4.282405132853128e-06,condHC
C47 H32 O2 S2 N2,0.4186134697538949,2.5669726331038952e-06,1.8492174467358817e-06,3.086014032624942e-06,2.5105070760420363e-06,0.5732249202708053,0.0525913888358413,condHC
C27 H18 O12,0.3632332269078178,2.5669726331038952e-06,1.8492174467358817e-06,3.086014032624942e-06,2.5105070760420363e-06,0.696324624202851,0.1833417817436672,condHC
C25 H18 O10,0.3603258063029209,2.5669726331038952e-06,1.8492174467358817e-06,3.086014032624942e-06,2.5105070760420363e-06,0.6985763456871181,0.1825858877582012,condHC
C23 H18 O9,0.5955967403254633,2.5669726331038952e-06,1.8492174467358817e-06,0.2267903821410355,2.5105070760420363e-06,0.8754375243184569,0.1526370297291001,condHC
C26 H20 O11,0.5461670339223228,2.5669726331038952e-06,1.8492174467358817e-06,0.2276704539182691,2.5105070760420363e-06,0.8219541233447727,0.3593464212429537,condHC
C28 H20 O13,0.5133765025281761,2.5669726331038952e-06,1.8492174467358817e-06,3.086014032624942e-06,2.5105070760420363e-06,0.7630027014212738,0.3585769237116215,condHC
C27 H20 O12,0.5589616381991016,2.5669726331038952e-06,1.8492174467358817e-06,3.086014032624942e-06,2.5105070760420363e-06,0.7990208374416344,0.2212894173860493,condHC
C30 H22 O14,0.3857362860712095,2.5669726331038952e-06,1.8492174467358817e-06,3.086014032624942e-06,2.5105070760420363e-06,0.930397678692515,0.1463160892311631,condHC
C26 H18 O11,0.2471426351586641,2.5669726331038952e-06,1.8492174467358817e-06,3.086014032624942e-06,2.5105070760420363e-06,0.8836978212845634,4.282405132853128e-06,condHC
C23 H16 O9,0.3943618574361437,2.5669726331038952e-06,1.8492174467358817e-06,0.2215391353616586,2.5105070760420363e-06,0.8513006729592065,0.0077184398004293,condHC
C20 H14 O7,0.2324767015628562,2.5669726331038952e-06,1.8492174467358817e-06,0.4534193078459738,2.5105070760420363e-06,0.6618585553825665,0.1123642229626995,condHC
C49 H34 O1 S2 N2,0.3427256461604888,2.5669726331038952e-06,1.8492174467358817e-06,0.5744910323065596,2.5105070760420363e-06,0.6616032473189795,4.282405132853128e-06,condHC
C16 H12 O6,0.7778717873832828,0.2380634667130483,1.8492174467358817e-06,0.6646353624903016,2.5105070760420363e-06,0.6971652904529442,0.8523842583632054,condHC
C13 H10 O5,0.7038964360656458,0.1959437548051503,1.8492174467358817e-06,0.7198239773279024,2.5105070760420363e-06,0.7057541302264476,0.8625935124919812,condHC
C19 H12 O8,0.8342985873111161,0.0065122431541279,1.8492174467358817e-06,0.6982942851452972,2.5105070760420363e-06,0.7260957690069109,0.8704081131240815,condHC
C23 H18 O10,0.9537306488559376,0.1165337732858502,1.8492174467358817e-06,0.6810569676976743,2.5105070760420363e-06,0.7176980984227138,0.7601060849596191,condHC
C26 H20 O12,0.973649511704226,0.124971387007329,1.8492174467358817e-06,0.6773193135769023,2.5105070760420363e-06,0.732157256461212,0.6588667482531789,condHC
C20 H14 O8,0.7848907577974455,0.1879208870934033,1.8492174467358817e-06,0.5722608845680611,2.5105070760420363e-06,0.7257052703339203,0.651665856179571,condHC
C18 H14 O7,0.8695758368225321,0.2684816408341652,1.8492174467358817e-06,0.6492418465444845,2.5105070760420363e-06,0.6926173037119152,0.7387562169124804,condHC
C21 H14 O9,0.8640430544387039,0.2674907472688521,1.8492174467358817e-06,0.6496531427338404,2.5105070760420363e-06,0.6876324033750978,0.752913351946215,condHC
C24 H18 O11,0.8675009534002448,0.3169998914414886,1.8492174467358817e-06,0.6312751966169678,0.0920331307770443,0.6873709620966281,0.7767317344560855,condHC
C21 H16 O9,0.8114104993944693,0.3991351274146097,1.8492174467358817e-06,0.6115521456278837,0.0598106812740325,0.6665391339131335,0.7851721902175076,condHC
C23 H16 O10,0.8349788415367768,0.0861213007151985,1.8492174467358817e-06,0.3981254117687263,2.5105070760420363e-06,0.7499055848742863,0.6625950706884413,condHC
C24 H18 O10,0.8261893735575208,2.5669726331038952e-06,1.8492174467358817e-06,0.4486375360092082,2.5105070760420363e-06,0.722443075709548,0.6843495176983205,condHC
C19 H14 O7,0.8259363038608118,2.5669726331038952e-06,1.8492174467358817e-06,0.4500581333897051,2.5105070760420363e-06,0.7279583432045175,0.6874518009653089,condHC
C18 H12 O7,0.8135220243559101,2.5669726331038952e-06,1.8492174467358817e-06,0.4509086621548079,2.5105070760420363e-06,0.7064622046870028,0.7930807734077456,condHC
C14 H10 O5,0.7446471392771011,2.5669726331038952e-06,1.8492174467358817e-06,0.45359970356432,2.5105070760420363e-06,0.6240610593766928,0.7946065176658683,condHC
C17 H12 O6,0.7491113751542636,2.5669726331038952e-06,1.8492174467358817e-06,0.4572290522087588,2.5105070760420363e-06,0.6355766900827267,0.6965735075805951,condHC
C22 H16 O9,0.688898477908663,2.5669726331038952e-06,1.8492174467358817e-06,0.4533517539589904,2.5105070760420363e-06,0.7260749264715896,0.6944655867710838,condHC
C11 H8 O4,0.6110849478717838,2.5669726331038952e-06,1.8492174467358817e-06,0.4565915431152571,2.5105070760420363e-06,0.6588146616268966,0.5951652231162494,condHC
C21 H16 O8,0.676319806633505,2.5669726331038952e-06,1.8492174467358817e-06,0.4522296109364866,2.5105070760420363e-06,0.7613194977707843,0.4727127593039819,condHC
C29 H22 O14,0.6638431824950314,0.1178933052084907,1.8492174467358817e-06,3.086014032624942e-06,2.5105070760420363e-06,0.5554587119770563,0.5104859566930581,condHC
C30 H22 O16,0.764452701444739,0.2562004639885863,1.8492174467358817e-06,3.086014032624942e-06,0.0963429561658272,0.4079384695092419,0.5678761113575529,condHC
C25 H18 O12,0.5690996858730751,0.2598650813822351,1.8492174467358817e-06,3.086014032624942e-06,0.2119933577122168,0.3325540078947989,0.4967493813377264,condHC
C30 H22 O17,0.4736600450213781,0.2202905019820842,1.8492174467358817e-06,3.086014032624942e-06,0.181896264002925,0.5207486659477985,0.5424569580434745,condHC
C14 H6 O10,0.4621834558139049,0.3188582873626997,1.8492174467358817e-06,3.086014032624942e-06,3.328782413970884e-05,0.6970298919379514,0.653554831982559,condHC
C16 H12 O14,0.4951986529597901,0.2687636106719356,1.8492174467358817e-06,3.086014032624942e-06,0.0874137050799108,0.7539565733042363,0.5522355610246479,condHC
C29 H18 O16,0.6219019893744938,0.2092366999480385,1.8492174467358817e-06,3.086014032624942e-06,0.1584823203184356,0.7162745168767882,0.7129362267610181,condHC
C28 H18 O15,0.5963510878845966,0.2839792102526778,1.8492174467358817e-06,3.086014032624942e-06,0.094141533087548,0.7135309947211731,0.7290638055071448,condHC
C31 H24 O17,0.6471655203656735,0.2616922766364056,1.8492174467358817e-06,3.086014032624942e-06,2.5105070760420363e-06,0.7229276516616698,0.7723803174757806,condHC
C26 H16 O13,0.6426967830709247,2.5669726331038952e-06,1.8492174467358817e-06,3.086014032624942e-06,0.17895098269827,0.7329796789958493,0.7251019989881539,condHC
C27 H16 O14,0.5745163766973496,2.5669726331038952e-06,1.8492174467358817e-06,3.086014032624942e-06,0.0914142380761708,0.7570040534313206,0.755576272888541,condHC
C28 H16 O15,0.5777176048281125,2.5669726331038952e-06,1.8492174467358817e-06,3.086014032624942e-06,0.0918062994506781,0.7631178291413157,0.756945215959588,condHC
C23 H12 O11,0.5739721553111505,2.5669726331038952e-06,1.8492174467358817e-06,3.086014032624942e-06,0.1281149127378619,0.7536789673662031,0.8046196476181648,condHC
C29 H20 O15,0.5306415546383867,2.5669726331038952e-06,1.8492174467358817e-06,3.086014032624942e-06,2.5105070760420363e-06,0.7558641590619134,0.7907145232559901,condHC
C26 H14 O13,0.5747553569570129,2.5669726331038952e-06,1.8492174467358817e-06,3.086014032624942e-06,2.5105070760420363e-06,0.758198107206725,0.787807566663356,condHC
C24 H14 O11,0.560477040429572,2.5669726331038952e-06,1.8492174467358817e-06,3.086014032624942e-06,2.5105070760420363e-06,0.7279266895785557,0.6992015838146821,condHC
C23 H14 O10,0.560078439902294,2.5669726331038952e-06,1.8492174467358817e-06,3.086014032624942e-06,2.5105070760420363e-06,0.7262826241552406,0.6984256755931898,condHC
C30 H22 O15,0.6044065547122099,0.1391875252205392,1.8492174467358817e-06,3.086014032624942e-06,2.5105070760420363e-06,0.7653388325747724,0.6729657883244093,condHC
C24 H16 O11,0.725385888524014,0.1319054752515318,1.8492174467358817e-06,3.086014032624942e-06,2.5105070760420363e-06,0.7943661951333252,0.7774987474615661,condHC
C25 H16 O12,0.7294422959678462,0.1315628498312885,1.8492174467358817e-06,3.086014032624942e-06,2.5105070760420363e-06,0.7976730374829868,0.7778036386586579,condHC
C26 H18 O12,0.732026739860917,0.135256340223167,1.8492174467358817e-06,3.086014032624942e-06,2.5105070760420363e-06,0.8059286565733355,0.6722225163437325,condHC
C28 H22 O13,0.8084015718229985,0.1662208479291374,1.8492174467358817e-06,3.086014032624942e-06,2.5105070760420363e-06,0.7740641623676122,0.664963283922351,condHC
C29 H22 O15,0.891796994709574,0.1879494505612059,1.8492174467358817e-06,3.086014032624942e-06,0.0981664518098447,0.7564523759502715,0.6181710736531861,condHC
C27 H20 O13,0.9154270963011673,0.1778785933511081,1.8492174467358817e-06,3.086014032624942e-06,2.5105070760420363e-06,0.749272928166228,0.6539241981591565,condHC
C28 H20 O14,0.9109483658593764,0.1778637482718297,1.8492174467358817e-06,3.086014032624942e-06,2.5105070760420363e-06,0.7535149818326898,0.6594459188350187,condHC
C25 H18 O11,0.8217773541243608,2.5669726331038952e-06,1.8492174467358817e-06,3.086014032624942e-06,2.5105070760420363e-06,0.7650364338952225,0.5785265682005107,condHC
C22 H17 O11 N1,0.5871717971423561,2.5669726331038952e-06,1.8492174467358817e-06,3.086014032624942e-06,2.5105070760420363e-06,0.2866240768602014,0.9046829754215366,condHC
C19 H15 O8 N1,0.5108322112799762,2.5669726331038952e-06,1.8492174467358817e-06,3.086014032624942e-06,2.5105070760420363e-06,0.3448648255032797,0.9444602956512148,condHC
C18 H13 O8 N1,0.5145552887515337,2.5669726331038952e-06,1.8492174467358817e-06,3.086014032624942e-06,2.5105070760420363e-06,0.4945465324414322,0.9306378047784732,condHC
C27 H18 O13,0.6503660732837986,2.5669726331038952e-06,1.8492174467358817e-06,3.086014032624942e-06,2.5105070760420363e-06,0.5884717806105376,0.8176075218437365,condHC
C16 H10 O6,0.7494024368154019,2.5669726331038952e-06,1.8492174467358817e-06,0.2328831038769353,2.5105070760420363e-06,0.639842964750335,0.8027874171587,condHC
C14 H8 O6,0.5939892841053505,2.5669726331038952e-06,1.8492174467358817e-06,0.2294216381715525,2.5105070760420363e-06,0.6514385351554318,0.909156900997534,condHC
C14 H11 O6 N1,0.6542273442752592,2.5669726331038952e-06,1.8492174467358817e-06,0.2281095352821817,2.5105070760420363e-06,0.4625364003704462,0.9264065652338028,condHC
C17 H13 O7 N1,0.5055108154660065,2.5669726331038952e-06,1.8492174467358817e-06,0.2310371854094491,2.5105070760420363e-06,0.4720211053279861,0.9340252257283757,condHC
C15 H11 O6 N1,0.5038470915260634,2.5669726331038952e-06,1.8492174467358817e-06,0.2301546942428664,2.5105070760420363e-06,0.4695845557748844,0.9346837784448304,condHC
C16 H11 O7 N1,0.3691233768338325,2.5669726331038952e-06,1.8492174467358817e-06,0.235206322499459,2.5105070760420363e-06,0.4864125900971865,0.9443907289273712,condHC
C14 H7 O7 N1,0.2538321018055006,2.5669726331038952e-06,1.8492174467358817e-06,0.2455169849448961,0.2958519028715143,0.4209482137323513,0.832569397868105,condHC
C15 H9 O7 N1,0.4258430164827507,2.5669726331038952e-06,1.8492174467358817e-06,0.2370604253074779,0.2323273944621519,0.5439222387357011,0.8190767047972881,condHC
C12 H9 O6 N1,0.5041523776667748,2.5669726331038952e-06,1.8492174467358817e-06,0.2291845758182941,0.1391934585637066,0.4778853423544955,0.8592429606787897,condHC
C19 H13 O9 N1,0.4857789415042585,2.5669726331038952e-06,1.8492174467358817e-06,3.086014032624942e-06,0.2437210528934186,0.5005096805520226,0.809626488652741,condHC
C23 H17 O14 N1,0.3925751097535636,2.5669726331038952e-06,1.8492174467358817e-06,3.086014032624942e-06,0.2509465694795764,0.5169283487691105,0.7839494354206398,condHC
C9 H7 O7 N1,0.4077774322689701,2.5669726331038952e-06,1.8492174467358817e-06,3.086014032624942e-06,0.3788615663569476,0.4802766724419374,0.7825729467525622,condHC
C22 H17 O12 N1,0.4192019850891442,2.5669726331038952e-06,1.8492174467358817e-06,3.086014032624942e-06,0.3484115890340427,0.3696901822094979,0.7811257257806119,condHC
C20 H15 O10 N1,0.3819238104463858,2.5669726331038952e-06,1.8492174467358817e-06,3.086014032624942e-06,0.211229098552868,0.3621952896701796,0.8881668291014906,condHC
C18 H14 O9 N2,0.2750798056323897,2.5669726331038952e-06,1.8492174467358817e-06,3.086014032624942e-06,0.2125246393037769,0.4366080785251094,0.8438455871477503,condHC
C27 H14 O14,0.3176124625166958,2.5669726331038952e-06,1.8492174467358817e-06,3.086014032624942e-06,0.1318792984445783,0.574751415083405,0.8412159159094128,condHC
C10 H7 O7 N1,0.2385431495086432,2.5669726331038952e-06,1.8492174467358817e-06,3.086014032624942e-06,0.1187449858020615,0.4969811068914361,0.8761828260125808,condHC
C23 H15 O13 N1,0.2142452176039278,2.5669726331038952e-06,1.8492174467358817e-06,3.086014032624942e-06,0.1210207977217609,0.5291184771830373,0.875768677024338,condHC
C16 H12 O8 N2,0.1713580290705149,2.5669726331038952e-06,1.8492174467358817e-06,3.086014032624942e-06,0.1206456113421217,0.5231749241742328,0.8749999463219723,condHC
C18 H11 O8 N1,0.2273475612940027,2.5669726331038952e-06,1.8492174467358817e-06,3.086014032624942e-06,2.5105070760420363e-06,0.4926367636750681,0.9508846046938398,condHC
C21 H15 O10 N1,0.1932136718495388,2.5669726331038952e-06,1.8492174467358817e-06,3.086014032624942e-06,2.5105070760420363e-06,0.3713403028830995,0.9614802179291116,condHC
C19 H11 O9 N1,0.208784570436922,2.5669726331038952e-06,1.8492174467358817e-06,3.086014032624942e-06,2.5105070760420363e-06,0.3714652541422329,0.9602114533942518,condHC
C20 H13 O9 N1,0.2099268276565656,2.5669726331038952e-06,1.8492174467358817e-06,3.086014032624942e-06,2.5105070760420363e-06,0.3783775432441026,0.8869495954731816,condHC
C20 H14 O11 N2,0.1700779384443749,2.5669726331038952e-06,1.8492174467358817e-06,3.086014032624942e-06,0.1186853829579336,0.350910694050189,0.902200780730042,condHC
C22 H12 O10,0.5456834016168371,2.5669726331038952e-06,1.8492174467358817e-06,3.086014032624942e-06,2.5105070760420363e-06,0.7146922513898748,0.9029007422106894,condHC
C24 H12 O12,0.4587153386344427,0.0482828403363808,1.8492174467358817e-06,3.086014032624942e-06,2.5105070760420363e-06,0.7685476474391073,0.8874074230393579,condHC
C21 H12 O9,0.3854398677231433,2.5669726331038952e-06,1.8492174467358817e-06,3.086014032624942e-06,2.5105070760420363e-06,0.7131621702058608,0.8170581042257982,condHC
C28 H18 O14,0.3851149103875793,2.5669726331038952e-06,1.8492174467358817e-06,3.086014032624942e-06,2.5105070760420363e-06,0.7154727809482803,0.8164743326701592,condHC
C29 H16 O16,0.3176944108238566,2.5669726331038952e-06,1.8492174467358817e-06,3.086014032624942e-06,2.5105070760420363e-06,0.7610887225667275,0.8106088272320229,condHC
C18 H8 O8,0.3013656085574469,2.5669726331038952e-06,1.8492174467358817e-06,3.086014032624942e-06,2.5105070760420363e-06,0.7255177914688229,0.9141471785264332,condHC
C20 H10 O9,0.2652084894575,2.5669726331038952e-06,1.8492174467358817e-06,3.086014032624942e-06,2.5105070760420363e-06,0.696122799852096,0.9200595525510038,condHC
C24 H10 O13,0.1839293630350069,2.5669726331038952e-06,1.8492174467358817e-06,3.086014032624942e-06,2.5105070760420363e-06,0.6355190482581098,0.9315200875142025,condHC
C19 H8 O9,0.1826489685631799,2.5669726331038952e-06,1.8492174467358817e-06,3.086014032624942e-06,2.5105070760420363e-06,0.6049649829813682,0.8470637536081603,condHC
C25 H12 O12,0.1405193911166504,2.5669726331038952e-06,1.8492174467358817e-06,3.086014032624942e-06,2.5105070760420363e-06,0.5636362105422479,0.8490717412667536,condHC
C23 H10 O12,0.18425667236126,2.5669726331038952e-06,1.8492174467358817e-06,3.086014032624942e-06,2.5105070760420363e-06,0.6498032017668649,0.8272960070847635,condHC
C17 H8 O7,0.2166125356197173,2.5669726331038952e-06,1.8492174467358817e-06,3.086014032624942e-06,2.5105070760420363e-06,0.6688887789299328,0.8367243225940266,condHC
C28 H14 O15,0.1633135344482684,2.5669726331038952e-06,1.8492174467358817e-06,3.086014032624942e-06,2.5105070760420363e-06,0.7870119507251279,0.8307697423031383,condHC
C26 H12 O13,0.1743650210324235,2.5669726331038952e-06,1.8492174467358817e-06,3.086014032624942e-06,2.5105070760420363e-06,0.7771451152945643,0.9148151172294384,condHC
C20 H8 O14,0.0821503364089419,2.5669726331038952e-06,1.8492174467358817e-06,3.086014032624942e-06,2.5105070760420363e-06,0.7747244705190395,0.913562793507621,condHC
C23 H10 O13,0.2983145477173671,2.5669726331038952e-06,1.8492174467358817e-06,3.086014032624942e-06,0.1258446312279297,0.7951467766681279,0.823368738542425,condHC
C22 H10 O11,0.2608566089632947,2.5669726331038952e-06,1.8492174467358817e-06,3.086014032624942e-06,0.1253698974724819,0.7929659509897917,0.824411441897952,condHC
C17 H8 O13,0.2709659150859789,2.5669726331038952e-06,1.8492174467358817e-06,3.086014032624942e-06,0.1777856360043683,0.7444943221503343,0.7784223162688532,condHC
C16 H8 O13,0.274346164594154,2.5669726331038952e-06,1.8492174467358817e-06,3.086014032624942e-06,0.1800892207242083,0.743843213821231,0.7802580434684054,condHC
C14 H8 O12,0.2764521303048756,2.5669726331038952e-06,1.8492174467358817e-06,3.086014032624942e-06,0.1704604029905751,0.7541920263840509,0.6874685485099379,condHC
C15 H6 O11,0.2940316964618498,0.0830192548726032,1.8492174467358817e-06,3.086014032624942e-06,0.1763125425346471,0.6992906573153505,0.6588265664153329,condHC
C17 H10 O14,0.2398112213498275,0.1444973463585057,1.8492174467358817e-06,3.086014032624942e-06,0.1865498502442316,0.7671738592818047,0.6572281267711833,condHC
C17 H12 O15,0.2211085965192158,0.1342780878804921,1.8492174467358817e-06,3.086014032624942e-06,0.0782828536527994,0.8198284966003798,0.5989582659162866,condHC
C30 H18 O17,0.36907246580093,0.1024689768796123,1.8492174467358817e-06,3.086014032624942e-06,2.5105070760420363e-06,0.7790252575144616,0.7045053410250982,condHC
C32 H24 O18,0.3207147945030849,0.1279197014680557,1.8492174467358817e-06,3.086014032624942e-06,2.5105070760420363e-06,0.7565261304580545,0.6970098025893913,condHC
C27 H16 O13,0.2931904265291225,2.5669726331038952e-06,1.8492174467358817e-06,3.086014032624942e-06,2.5105070760420363e-06,0.6786358087646968,0.718408195573532,condHC
C32 H22 O17,0.2919282290378886,2.5669726331038952e-06,1.8492174467358817e-06,3.086014032624942e-06,2.5105070760420363e-06,0.7755593673890312,0.7204008466527946,condHC
C30 H18 O16,0.2892339280486211,2.5669726331038952e-06,1.8492174467358817e-06,3.086014032624942e-06,2.5105070760420363e-06,0.7746700512310558,0.7217329205871309,condHC
C29 H18 O15,0.2184058103577978,2.5669726331038952e-06,1.8492174467358817e-06,3.086014032624942e-06,2.5105070760420363e-06,0.8239857767628289,0.7226004188603854,condHC
C29 H16 O15,0.2898058556600644,2.5669726331038952e-06,1.8492174467358817e-06,3.086014032624942e-06,2.5105070760420363e-06,0.7943461842203609,0.6122786985280626,condHC
C30 H20 O15,0.3222149819421132,2.5669726331038952e-06,1.8492174467358817e-06,3.086014032624942e-06,2.5105070760420363e-06,0.794920679339829,0.595243378324518,condHC
C31 H22 O16,0.5003860865863878,2.5669726331038952e-06,1.8492174467358817e-06,3.086014032624942e-06,2.5105070760420363e-06,0.7859446154063655,0.6002686846006082,condHC
C22 H14 O9,0.3953041391795104,2.5669726331038952e-06,1.8492174467358817e-06,3.086014032624942e-06,2.5105070760420363e-06,0.732269577455799,0.602736830985436,condHC
C25 H16 O11,0.3887610586325846,2.5669726331038952e-06,1.8492174467358817e-06,3.086014032624942e-06,2.5105070760420363e-06,0.7240016919356852,0.7025055737730261,condHC
C26 H16 O12,0.433288991369162,2.5669726331038952e-06,1.8492174467358817e-06,3.086014032624942e-06,0.0738960794949311,0.7263908390144402,0.6939892326170762,condHC
C20 H12 O8,0.4260468406710641,2.5669726331038952e-06,1.8492174467358817e-06,3.086014032624942e-06,0.145358162860666,0.7253313521316715,0.6871537192094398,condHC
C18 H14 O6,0.302148540118254,2.5669726331038952e-06,1.8492174467358817e-06,0.4616647757626784,2.5105070760420363e-06,0.6116341264966214,0.5028922641496354,condHC
C21 H14 O8,0.2820952424337472,2.5669726331038952e-06,1.8492174467358817e-06,0.2263526238806733,2.5105070760420363e-06,0.6944380888860845,0.5002490660483285,condHC
C19 H12 O7,0.1728573724937457,2.5669726331038952e-06,1.8492174467358817e-06,0.2319359507497007,2.5105070760420363e-06,0.5440812345350727,0.5298604119761017,condHC
C33 H24 O18,0.2033027215930841,2.5669726331038952e-06,1.8492174467358817e-06,3.086014032624942e-06,2.5105070760420363e-06,0.5219789472721279,0.6532093295233998,condHC
C24 H12 O11,0.1725463245385236,2.5669726331038952e-06,1.8492174467358817e-06,3.086014032624942e-06,2.5105070760420363e-06,0.5385735555941105,0.6421934940144705,condHC
C23 H12 O10,0.1756288727946204,2.5669726331038952e-06,1.8492174467358817e-06,3.086014032624942e-06,2.5105070760420363e-06,0.5561219827831303,0.5315492760919844,condHC
C24 H16 O10,0.3112349666156866,2.5669726331038952e-06,1.8492174467358817e-06,3.086014032624942e-06,2.5105070760420363e-06,0.5858811730158088,0.5140220197698323,condHC
C28 H18 O13,0.29921431357163,2.5669726331038952e-06,1.8492174467358817e-06,3.086014032624942e-06,2.5105070760420363e-06,0.7343868360002249,0.3781728392001986,condHC
C9 H6 O8,0.2912732052577997,0.2073518082222771,0.0217348049060753,3.086014032624942e-06,2.5105070760420363e-06,0.7611296279914106,0.4571148446616158,condHC
C22 H16 O18,0.2631034915515594,0.3283676316158043,1.8492174467358817e-06,3.086014032624942e-06,0.077239109560557,0.5977452015130121,0.359859644533672,condHC
C8 H6 O7,0.098184515267548,0.3258295068769242,1.8492174467358817e-06,0.2831456907878272,0.0063470500878828,0.7069988609892294,0.3542197095043297,condHC
C21 H14 O17,0.3720288618291672,0.3674092739079816,1.8492174467358817e-06,3.086014032624942e-06,0.1915254681407342,0.708841008462693,0.6186408024049229,condHC
C20 H12 O16,0.2800260307976188,0.326852715418815,1.8492174467358817e-06,3.086014032624942e-06,0.1782522552721227,0.7056983595521339,0.6265309816999641,condHC
C13 H6 O11,0.2909409331186577,0.2804495233627623,1.8492174467358817e-06,3.086014032624942e-06,0.2159715819048856,0.6916860945777079,0.7636138060377904,condHC
C15 H10 O13,0.321764367534624,0.2439027210745549,1.8492174467358817e-06,3.086014032624942e-06,0.1060832333915032,0.7085705232910914,0.7642456117598927,condHC
C29 H20 O20,0.2269181935775214,0.1469886700968251,1.8492174467358817e-06,3.086014032624942e-06,0.0973967950671643,0.5884426738280439,0.6894982527648632,condHC
C31 H20 O19,0.2109699411538681,0.0698915184998164,1.8492174467358817e-06,3.086014032624942e-06,0.1837436019921067,0.5752241923933374,0.6710208646800234,condHC
C29 H18 O18,0.2364206410882915,0.1728150717645057,1.8492174467358817e-06,3.086014032624942e-06,0.1842129864647447,0.4273030039966731,0.6762644411531463,condHC
C30 H22 O19,0.1310978340799084,0.2408944319982947,1.8492174467358817e-06,3.086014032624942e-06,0.1794409190430121,0.4060484517738557,0.7864529172842452,condHC
C28 H14 O16,0.129478640413439,0.0984644888865205,1.8492174467358817e-06,3.086014032624942e-06,0.22795733228489,0.7020989940384111,0.7868966965437546,condHC
C22 H10 O15,0.1214866660808822,0.0854116898301079,1.8492174467358817e-06,3.086014032624942e-06,0.2555010430497722,0.7637906636044945,0.7577672566117067,condHC
C26 H12 O15,0.1415828285143557,0.1014983389854414,1.8492174467358817e-06,3.086014032624942e-06,0.3153290883614579,0.7116054771064241,0.764646509943594,condHC
C26 H12 O14,0.1596621758124068,2.5669726331038952e-06,1.8492174467358817e-06,3.086014032624942e-06,0.3068551481835864,0.7224054447978955,0.7741164182560015,condHC
C20 H8 O13,0.0809724223352418,2.5669726331038952e-06,1.8492174467358817e-06,3.086014032624942e-06,0.303030181547172,0.7486669353499898,0.7813830122354617,condHC
C19 H8 O14,0.0798257143389596,2.5669726331038952e-06,1.8492174467358817e-06,3.086014032624942e-06,0.2603770773450748,0.7334623837976679,0.7666498352820706,condHC
C24 H12 O17,3.577726848801236e-06,0.0505337177437103,1.8492174467358817e-06,3.086014032624942e-06,0.1807121767064936,0.7314482984019025,0.7823025935321228,condHC
C15 H6 O9,0.0807433283139526,2.5669726331038952e-06,1.8492174467358817e-06,3.086014032624942e-06,0.1798436004947905,0.7430247414927892,0.7776830317988023,condHC
C10 H4 O8,0.0816174079541129,2.5669726331038952e-06,1.8492174467358817e-06,3.086014032624942e-06,0.2305511669164608,0.7578781924812815,0.6869885749232082,condHC
C19 H9 O12 N1,3.577726848801236e-06,2.5669726331038952e-06,1.8492174467358817e-06,3.086014032624942e-06,0.2201959455575836,0.6641330945052528,0.7154442482521054,condHC
C22 H12 O17,3.577726848801236e-06,0.0649541800870805,1.8492174467358817e-06,3.086014032624942e-06,0.182497931530146,0.7408252043114214,0.6727675170268237,condHC
C25 H14 O18,3.577726848801236e-06,0.06499844293814,1.8492174467358817e-06,3.086014032624942e-06,0.1828993571683529,0.741956262693286,0.6743979181022983,condHC
C25 H10 O16,3.577726848801236e-06,2.5669726331038952e-06,1.8492174467358817e-06,3.086014032624942e-06,2.5105070760420363e-06,0.6452545913090681,0.6425358064651289,condHC
C16 H6 O10,3.577726848801236e-06,2.5669726331038952e-06,1.8492174467358817e-06,3.086014032624942e-06,2.5105070760420363e-06,0.6764940693371377,0.6334357550998574,condHC
C14 H6 O7,3.577726848801236e-06,2.5669726331038952e-06,1.8492174467358817e-06,3.086014032624942e-06,2.5105070760420363e-06,0.7137526220793033,0.6245948305789553,condHC
C17 H6 O9,3.577726848801236e-06,2.5669726331038952e-06,1.8492174467358817e-06,3.086014032624942e-06,2.5105070760420363e-06,0.7070308264735751,0.7308275121301607,condHC
C24 H10 O15,3.577726848801236e-06,2.5669726331038952e-06,1.8492174467358817e-06,3.086014032624942e-06,2.5105070760420363e-06,0.7549702170045773,0.7361740277237504,condHC
C23 H10 O16,3.577726848801236e-06,2.5669726331038952e-06,1.8492174467358817e-06,3.086014032624942e-06,0.0976206438362979,0.7440281458428601,0.6939563509909915,condHC
C17 H6 O10,3.577726848801236e-06,2.5669726331038952e-06,1.8492174467358817e-06,3.086014032624942e-06,2.5105070760420363e-06,0.6660832489323268,0.7417946386631361,condHC
C21 H8 O13,3.577726848801236e-06,2.5669726331038952e-06,1.8492174467358817e-06,3.086014032624942e-06,2.5105070760420363e-06,0.6639934339256807,0.7452570861591237,condHC
C29 H14 O18,3.577726848801236e-06,2.5669726331038952e-06,1.8492174467358817e-06,3.086014032624942e-06,2.5105070760420363e-06,0.635140919967679,0.7478717275497171,condHC
C28 H12 O17,3.577726848801236e-06,2.5669726331038952e-06,1.8492174467358817e-06,3.086014032624942e-06,2.5105070760420363e-06,0.6298332981799633,0.7506104725402535,condHC
C31 H18 O18,3.577726848801236e-06,2.5669726331038952e-06,1.8492174467358817e-06,3.086014032624942e-06,2.5105070760420363e-06,0.5944330575708249,0.7493772888694408,condHC
C32 H20 O18,3.577726848801236e-06,2.5669726331038952e-06,1.8492174467358817e-06,3.086014032624942e-06,2.5105070760420363e-06,0.5865336327312423,0.7495525552980306,condHC
C26 H12 O17,3.577726848801236e-06,2.5669726331038952e-06,1.8492174467358817e-06,3.086014032624942e-06,0.0936691177571556,0.5955297075776701,0.710184783082796,condHC
C25 H12 O17,3.577726848801236e-06,2.5669726331038952e-06,1.8492174467358817e-06,3.086014032624942e-06,0.0934604776148815,0.5914372419826667,0.7190441728452122,condHC
C28 H14 O17,3.577726848801236e-06,2.5669726331038952e-06,1.8492174467358817e-06,3.086014032624942e-06,0.0915094142547398,0.5842954251102758,0.8188229150825258,condHC
C27 H12 O17,3.577726848801236e-06,2.5669726331038952e-06,1.8492174467358817e-06,3.086014032624942e-06,2.5105070760420363e-06,0.6103789484779804,0.8449982231039188,condHC
C21 H8 O12,3.577726848801236e-06,2.5669726331038952e-06,1.8492174467358817e-06,3.086014032624942e-06,2.5105070760420363e-06,0.6540703600332275,0.8489015665825016,condHC
C16 H6 O9,3.577726848801236e-06,2.5669726331038952e-06,1.8492174467358817e-06,3.086014032624942e-06,2.5105070760420363e-06,0.6943655298354396,0.8385954466186738,condHC
C20 H8 O11,3.577726848801236e-06,2.5669726331038952e-06,1.8492174467358817e-06,3.086014032624942e-06,2.5105070760420363e-06,0.6967456849974599,0.8373733666312965,condHC
C27 H12 O16,3.577726848801236e-06,2.5669726331038952e-06,1.8492174467358817e-06,3.086014032624942e-06,2.5105070760420363e-06,0.7398528818469418,0.8406777860138617,condHC
C21 H8 O14,3.577726848801236e-06,2.5669726331038952e-06,1.8492174467358817e-06,3.086014032624942e-06,0.1284867301560928,0.7257632240169211,0.8463533019072509,condHC
C24 H10 O14,3.577726848801236e-06,2.5669726331038952e-06,1.8492174467358817e-06,3.086014032624942e-06,0.1282932986406784,0.7307559727897323,0.8489540176838122,condHC
C18 H8 O14,3.577726848801236e-06,2.5669726331038952e-06,1.8492174467358817e-06,3.086014032624942e-06,0.0917225523831236,0.7430891402490564,0.8215200672699178,condHC
C22 H10 O16,3.577726848801236e-06,2.5669726331038952e-06,1.8492174467358817e-06,3.086014032624942e-06,0.0918344465798641,0.7441338138585916,0.8171575466061776,condHC
C19 H10 O15,0.0820294789735183,2.5669726331038952e-06,1.8492174467358817e-06,3.086014032624942e-06,0.0923492758061236,0.7768300343740706,0.8147127118219323,condHC
C11 H7 O7 N1,3.577726848801236e-06,2.5669726331038952e-06,1.8492174467358817e-06,0.2355166469864464,0.2164107302507618,0.6101445869025093,0.8344947520372652,condHC
C15 H8 O6,0.0814846442691732,2.5669726331038952e-06,1.8492174467358817e-06,0.2370103741903173,0.1239278250130049,0.6634875996270589,0.8550213525059388,condHC
C12 H6 O6,3.577726848801236e-06,2.5669726331038952e-06,1.8492174467358817e-06,0.2334947179438093,2.5105070760420363e-06,0.7844664586432643,0.7269735524370223,condHC
C13 H6 O6,0.0819342739915654,2.5669726331038952e-06,1.8492174467358817e-06,0.2363651154903066,2.5105070760420363e-06,0.6849032267051403,0.7221855337163348,condHC
C18 H10 O7,3.577726848801236e-06,2.5669726331038952e-06,1.8492174467358817e-06,0.2385860393069115,2.5105070760420363e-06,0.6944635573207664,0.6225634699734622,condHC
C13 H8 O5,3.577726848801236e-06,2.5669726331038952e-06,1.8492174467358817e-06,0.2462823625457963,2.5105070760420363e-06,0.5173651064357071,0.6517267117263547,condHC
C17 H10 O6,3.577726848801236e-06,2.5669726331038952e-06,1.8492174467358817e-06,0.2099496933348394,2.5105070760420363e-06,0.5914705068769451,0.4255417355253517,condHC
C27 H18 O20,3.577726848801236e-06,0.0824149710012086,1.8492174467358817e-06,3.086014032624942e-06,0.2100602500711225,0.6430210095874623,0.2981431635326571,condHC
C29 H18 O20,3.577726848801236e-06,0.0791350256410053,1.8492174467358817e-06,3.086014032624942e-06,0.1181125146169454,0.6398386507093583,0.3462861276897829,condHC
C28 H16 O19,3.577726848801236e-06,0.0792042242632631,1.8492174467358817e-06,3.086014032624942e-06,0.1946011487796148,0.6116415591214367,0.4454748717202495,condHC
C28 H18 O20,3.577726848801236e-06,0.079859822088844,1.8492174467358817e-06,3.086014032624942e-06,0.1059192289691074,0.6180285227756934,0.4761314362025599,condHC
C23 H12 O17,3.577726848801236e-06,0.0794781525005403,1.8492174467358817e-06,3.086014032624942e-06,0.1865507800292797,0.5954984697628868,0.5730126998532658,condHC
C26 H16 O19,3.577726848801236e-06,0.0736177695920874,1.8492174467358817e-06,3.086014032624942e-06,0.1864006740820848,0.752679565198725,0.5603160365960229,condHC
C24 H14 O18,3.577726848801236e-06,0.077239411781253,1.8492174467358817e-06,3.086014032624942e-06,0.1882124991124779,0.7534999606538673,0.5538155354272836,condHC
C25 H16 O19,3.577726848801236e-06,0.0748498368848937,1.8492174467358817e-06,3.086014032624942e-06,0.1061995531235706,0.7631834753311182,0.461042143877113,condHC
C23 H14 O18,3.577726848801236e-06,0.0744149342537563,1.8492174467358817e-06,3.086014032624942e-06,0.1959891850301226,0.7681114095364838,0.4286392031064303,condHC
C16 H6 O12,3.577726848801236e-06,2.5669726331038952e-06,1.8492174467358817e-06,3.086014032624942e-06,2.5105070760420363e-06,0.7843941074982086,0.514777438321339,condHC
C16 H6 O11,3.577726848801236e-06,2.5669726331038952e-06,1.8492174467358817e-06,3.086014032624942e-06,2.5105070760420363e-06,0.8070597669315973,0.6152160828940886,condHC
C29 H16 O19,3.577726848801236e-06,2.5669726331038952e-06,1.8492174467358817e-06,3.086014032624942e-06,0.0937551228741129,0.7630361222447442,0.5883078704196463,condHC
C21 H10 O16,3.577726848801236e-06,2.5669726331038952e-06,1.8492174467358817e-06,3.086014032624942e-06,0.0983523122184381,0.7698278780812517,0.5897336201805337,condHC
C19 H12 O16,0.0831109220415693,0.0777642639544735,1.8492174467358817e-06,3.086014032624942e-06,0.1028247715023056,0.8201583907941068,0.5628566943279256,condHC
C11 H6 O10,0.0847819889189503,2.5669726331038952e-06,1.8492174467358817e-06,3.086014032624942e-06,0.0720039729594357,0.8144198846726906,0.5015226769422566,condHC
C9 H4 O6,0.1064193860930684,2.5669726331038952e-06,0.0412740337868065,3.086014032624942e-06,0.0502364672805019,0.8095391450360825,0.4966658889998507,condHC
C29 H18 O14,0.1732216609654712,2.5669726331038952e-06,1.8492174467358817e-06,3.086014032624942e-06,2.5105070760420363e-06,0.8469166197752935,0.3770910889136959,condHC
C12 H8 O11,0.1492166250495606,2.5669726331038952e-06,1.8492174467358817e-06,3.086014032624942e-06,2.5105070760420363e-06,0.8396804137653875,0.3801732505886026,condHC
C11 H8 O10,0.1298805269755551,2.5669726331038952e-06,1.8492174467358817e-06,3.086014032624942e-06,2.5105070760420363e-06,0.8017004286285581,0.2645612385625159,condHC
C13 H6 O12,3.577726848801236e-06,2.5669726331038952e-06,1.8492174467358817e-06,3.086014032624942e-06,2.5105070760420363e-06,0.8395184553113693,0.3838849174987119,condHC
C17 H8 O14,3.577726848801236e-06,2.5669726331038952e-06,1.8492174467358817e-06,3.086014032624942e-06,2.5105070760420363e-06,0.8075013064267463,0.3971732353133695,condHC
C26 H14 O19,3.577726848801236e-06,2.5669726331038952e-06,1.8492174467358817e-06,3.086014032624942e-06,2.5105070760420363e-06,0.804089731636505,0.4025341366183714,condHC
C21 H8 O15,3.577726848801236e-06,2.5669726331038952e-06,1.8492174467358817e-06,3.086014032624942e-06,2.5105070760420363e-06,0.8020842743226929,0.4061880766438804,condHC
C16 H10 O14,3.577726848801236e-06,2.5669726331038952e-06,1.8492174467358817e-06,3.086014032624942e-06,0.0715850021566183,0.7881228422648362,0.4007093290633025,condHC
C14 H6 O11,3.577726848801236e-06,2.5669726331038952e-06,1.8492174467358817e-06,3.086014032624942e-06,0.0733152898683376,0.7772562928084106,0.3925662189019414,condHC
C20 H10 O16,3.577726848801236e-06,2.5669726331038952e-06,1.8492174467358817e-06,3.086014032624942e-06,0.0705684935212094,0.8141487238079239,0.2906424720062951,condHC
C15 H8 O13,3.577726848801236e-06,2.5669726331038952e-06,1.8492174467358817e-06,3.086014032624942e-06,2.5105070760420363e-06,0.8261029313544602,0.2729662054793672,condHC
C18 H10 O15,3.577726848801236e-06,2.5669726331038952e-06,1.8492174467358817e-06,3.086014032624942e-06,0.0717409283167123,0.7048546786709968,0.3039304830893662,condHC
C20 H8 O15,3.577726848801236e-06,2.5669726331038952e-06,1.8492174467358817e-06,3.086014032624942e-06,2.5105070760420363e-06,0.7208131478663014,0.2927281854489357,condHC
C33 H24 O17,3.577726848801236e-06,2.5669726331038952e-06,1.8492174467358817e-06,3.086014032624942e-06,2.5105070760420363e-06,0.6777064707807926,0.2935816354155234,condHC
C27 H16 O20,3.577726848801236e-06,0.0764574326823322,1.8492174467358817e-06,3.086014032624942e-06,2.5105070760420363e-06,0.6808996927259344,0.281875592490401,condHC
C30 H16 O20,3.577726848801236e-06,2.5669726331038952e-06,1.8492174467358817e-06,3.086014032624942e-06,2.5105070760420363e-06,0.5780434961362305,0.3114163288069362,condHC
C22 H10 O17,3.577726848801236e-06,2.5669726331038952e-06,1.8492174467358817e-06,3.086014032624942e-06,2.5105070760420363e-06,0.5643763024635461,0.3005859738884308,condHC
C33 H24 O19,3.577726848801236e-06,2.5669726331038952e-06,1.8492174467358817e-06,3.086014032624942e-06,2.5105070760420363e-06,0.5174650570477344,0.3115124891593389,condHC
C31 H18 O17,3.577726848801236e-06,2.5669726331038952e-06,1.8492174467358817e-06,3.086014032624942e-06,2.5105070760420363e-06,0.5085971040206758,0.3638550688345555,condHC
C24 H10 O17,3.577726848801236e-06,2.5669726331038952e-06,1.8492174467358817e-06,3.086014032624942e-06,2.5105070760420363e-06,0.5478394918953724,0.4342605195284652,condHC
C30 H16 O16,3.577726848801236e-06,2.5669726331038952e-06,1.8492174467358817e-06,3.086014032624942e-06,2.5105070760420363e-06,0.581029644114489,0.4257829185719043,condHC
C33 H22 O19,3.577726848801236e-06,2.5669726331038952e-06,1.8492174467358817e-06,3.086014032624942e-06,2.5105070760420363e-06,0.6455657220233663,0.4164700568318418,condHC
C25 H12 O18,3.577726848801236e-06,2.5669726331038952e-06,1.8492174467358817e-06,3.086014032624942e-06,2.5105070760420363e-06,0.6854069819478695,0.414491085981342,condHC
C17 H13 O12 N1,3.577726848801236e-06,2.5669726331038952e-06,1.8492174467358817e-06,3.086014032624942e-06,0.884457230129286,0.3663825082374793,0.7318324261542172,condHC
C21 H15 O14 N1,0.0688193094519326,2.5669726331038952e-06,1.8492174467358817e-06,3.086014032624942e-06,0.6825910911619222,0.6006937705560155,0.7461353813842269,condHC
C19 H15 O13 N1,0.0738992998675142,2.5669726331038952e-06,1.8492174467358817e-06,3.086014032624942e-06,0.7664651890892985,0.5828900353034085,0.7082743974150625,condHC
C16 H11 O11 N1,3.577726848801236e-06,2.5669726331038952e-06,1.8492174467358817e-06,3.086014032624942e-06,0.7549610673642551,0.5905993304816309,0.72231141635948,condHC
C18 H11 O12 N1,0.0827667605332271,2.5669726331038952e-06,1.8492174467358817e-06,3.086014032624942e-06,0.7559656216204729,0.6695312072006854,0.7201893858969847,condHC
C19 H13 O13 N1,0.0808671623117552,2.5669726331038952e-06,1.8492174467358817e-06,3.086014032624942e-06,0.7582232363185148,0.6704169369872464,0.7175686098746591,condHC
C17 H13 O11 N1,0.3107591667768014,0.0815637375645532,1.8492174467358817e-06,3.086014032624942e-06,0.9777799244676436,0.6231859847515804,0.6696527191111017,condHC
C17 H11 O11 N1,0.2865485398661747,2.5669726331038952e-06,1.8492174467358817e-06,3.086014032624942e-06,0.9038686303082878,0.6739389616217717,0.695668404014822,condHC
C18 H13 O12 N1,0.2915351427471539,2.5669726331038952e-06,1.8492174467358817e-06,3.086014032624942e-06,0.8872949823968748,0.6737364615778516,0.6913636715819994,condHC
C16 H11 O10 N1,0.4526996441719426,2.5669726331038952e-06,1.8492174467358817e-06,3.086014032624942e-06,0.966529090679883,0.7445868921139435,0.6628681231468427,condHC
C12 H9 O8 N1,0.6093920097317047,2.5669726331038952e-06,1.8492174467358817e-06,3.086014032624942e-06,0.4674401351255403,0.7269741181450539,0.7089756471683736,condHC
C22 H10 O12,0.5797299635601244,2.5669726331038952e-06,1.8492174467358817e-06,3.086014032624942e-06,0.5424972142673946,0.7576241318512298,0.6960768477955538,condHC
C16 H9 O9 N1,0.5773082909269788,2.5669726331038952e-06,1.8492174467358817e-06,3.086014032624942e-06,0.5613590994077873,0.7561443118434147,0.6965380494091828,condHC
C13 H9 O9 N1,0.4053617915353903,2.5669726331038952e-06,1.8492174467358817e-06,3.086014032624942e-06,0.5367510943690769,0.6099587193057284,0.7373762928506327,condHC
C21 H13 O13 N1,0.4035817959791897,2.5669726331038952e-06,1.8492174467358817e-06,3.086014032624942e-06,0.5679610562551349,0.6485357053420614,0.7241076365306768,condHC
C15 H11 O10 N1,0.3942837128268434,2.5669726331038952e-06,1.8492174467358817e-06,3.086014032624942e-06,0.6115985009449997,0.6096762795627454,0.726951222377517,condHC
C19 H11 O11 N1,0.4675485603926388,2.5669726331038952e-06,1.8492174467358817e-06,3.086014032624942e-06,0.6123528584973418,0.6459542975696564,0.7095962265144059,condHC
C20 H13 O12 N1,0.4643802376244327,2.5669726331038952e-06,1.8492174467358817e-06,3.086014032624942e-06,0.6096543083341102,0.6531632159709747,0.7096227894698065,condHC
C17 H9 O9 N1,0.4641961746593237,2.5669726331038952e-06,1.8492174467358817e-06,3.086014032624942e-06,0.5373850387201135,0.6852131619623003,0.7255745496704875,condHC
C15 H10 O9 N2,0.4271576104746907,2.5669726331038952e-06,1.8492174467358817e-06,3.086014032624942e-06,0.5386800723155415,0.7765628756918969,0.7095416282919891,condHC
C20 H8 O12,0.4208777278140432,2.5669726331038952e-06,1.8492174467358817e-06,3.086014032624942e-06,0.5433358079300763,0.7599486722681283,0.7057409785486038,condHC
C15 H9 O9 N1,0.4485588351483649,2.5669726331038952e-06,1.8492174467358817e-06,3.086014032624942e-06,0.6162443349525278,0.7474543779771431,0.6960230470752622,condHC
C18 H11 O10 N1,0.3891317053566509,2.5669726331038952e-06,1.8492174467358817e-06,3.086014032624942e-06,0.618014597383754,0.7196803742633255,0.7078558928382899,condHC
C21 H13 O12 N1,0.350781180509366,2.5669726331038952e-06,1.8492174467358817e-06,3.086014032624942e-06,0.5692287517551202,0.493323683741918,0.7666225975171795,condHC
C20 H13 O11 N1,0.4683283859753113,2.5669726331038952e-06,1.8492174467358817e-06,3.086014032624942e-06,0.5624705910196771,0.5018462536088512,0.7537045967470379,condHC
C22 H17 O13 N1,0.4730590607594143,2.5669726331038952e-06,1.8492174467358817e-06,3.086014032624942e-06,0.4847110976728325,0.5072153114981874,0.76362687280338,condHC
C26 H14 O14,0.475671728540752,0.1742869384697093,1.8492174467358817e-06,3.086014032624942e-06,0.4617777683323423,0.3984625485628474,0.7446965035114326,condHC
C26 H14 O17,0.2147209499215493,0.1958445441126916,1.8492174467358817e-06,3.086014032624942e-06,0.3441569892545829,0.7108227125629343,0.7243955961441877,condHC
C19 H8 O13,0.2131274255888664,0.2308018828958735,1.8492174467358817e-06,3.086014032624942e-06,0.4452488467042863,0.6954949769489875,0.7187891562041033,condHC
C21 H10 O15,0.3520760132781015,0.2048945699745779,1.8492174467358817e-06,3.086014032624942e-06,0.4479326169077909,0.6859792420822535,0.7204045274318339,condHC
C27 H14 O16,0.3456967843313216,0.1645209811114133,1.8492174467358817e-06,3.086014032624942e-06,0.4615286825404722,0.5750714337616432,0.732989295006281,condHC
C24 H12 O16,0.2335901497099466,0.1855009534527648,1.8492174467358817e-06,3.086014032624942e-06,0.4914125535954667,0.5644007313702818,0.7197815555794261,condHC
C20 H13 O13 N1,0.2817889434740788,2.5669726331038952e-06,1.8492174467358817e-06,3.086014032624942e-06,0.6096552743445498,0.6712715848882159,0.721893034475342,condHC
C22 H17 O14 N1,0.2797004657706805,2.5669726331038952e-06,1.8492174467358817e-06,3.086014032624942e-06,0.5347820752898876,0.674633470242629,0.7330765908158305,condHC
C20 H11 O12 N1,0.2035757775838767,2.5669726331038952e-06,1.8492174467358817e-06,3.086014032624942e-06,0.5342917283907087,0.6405127326060727,0.7481509146398508,condHC
C22 H15 O14 N1,0.2021824312912622,2.5669726331038952e-06,1.8492174467358817e-06,3.086014032624942e-06,0.5365630604369941,0.6432320337605412,0.7469715930356471,condHC
C19 H11 O10 N1,0.2886775753420267,2.5669726331038952e-06,1.8492174467358817e-06,3.086014032624942e-06,0.4639080628544352,0.5838002979495,0.7664802127146746,condHC
C16 H9 O10 N1,0.279329548961559,2.5669726331038952e-06,1.8492174467358817e-06,3.086014032624942e-06,0.460085414643076,0.6721395387468969,0.747981537457724,condHC
C19 H11 O12 N1,0.2774943660257488,2.5669726331038952e-06,1.8492174467358817e-06,3.086014032624942e-06,0.4610600708761859,0.6745011903114748,0.7467879835079014,condHC
C16 H12 O9 N2,0.2037897524688474,2.5669726331038952e-06,1.8492174467358817e-06,3.086014032624942e-06,0.45635439252192,0.6433816218319997,0.7608599698531927,condHC
C22 H13 O14 N1,0.2035189246797601,2.5669726331038952e-06,1.8492174467358817e-06,3.086014032624942e-06,0.3822288613973051,0.658375720951613,0.7764358611676401,condHC
C15 H7 O9 N1,0.2667549514693167,2.5669726331038952e-06,1.8492174467358817e-06,3.086014032624942e-06,0.3837612920582833,0.7082379783011016,0.765446343228842,condHC
C14 H11 O10 N1,0.2690714934947313,2.5669726331038952e-06,1.8492174467358817e-06,3.086014032624942e-06,0.3786104760934151,0.7099564739253647,0.7638743438474582,condHC
C13 H7 O9 N1,0.2735748241836319,2.5669726331038952e-06,1.8492174467358817e-06,3.086014032624942e-06,0.3003580517694654,0.6712816163328967,0.7828591886691879,condHC
C20 H10 O15,0.3930777380412639,0.1707402769311776,1.8492174467358817e-06,3.086014032624942e-06,0.343375197005754,0.7460332912982883,0.7196832787790758,condHC
C27 H14 O15,0.4283799704202847,0.1331934561206695,1.8492174467358817e-06,3.086014032624942e-06,0.3053106423921123,0.6779757604952561,0.7472704109473239,condHC
C23 H10 O14,0.383715824787542,2.5669726331038952e-06,1.8492174467358817e-06,3.086014032624942e-06,0.3142607774162215,0.6991633151419407,0.7610430886103998,condHC
C12 H7 O8 N1,0.4638855768458603,2.5669726331038952e-06,1.8492174467358817e-06,3.086014032624942e-06,0.3795030455894136,0.6883227019077729,0.7522918524054228,condHC
C25 H12 O13,0.4266185207045402,2.5669726331038952e-06,1.8492174467358817e-06,3.086014032624942e-06,0.2180105401399072,0.7183413583158234,0.7928023224734198,condHC
C21 H10 O10,0.4436955936163416,2.5669726331038952e-06,1.8492174467358817e-06,3.086014032624942e-06,0.2140619724677364,0.7111244875257167,0.7921242002817391,condHC
C19 H10 O8,0.427741489349826,2.5669726331038952e-06,1.8492174467358817e-06,3.086014032624942e-06,0.169765406779751,0.7234376960484736,0.7607115731115901,condHC
C18 H8 O9,0.6880715674980364,2.5669726331038952e-06,1.8492174467358817e-06,3.086014032624942e-06,0.3300793915679846,0.7667842442075684,0.7352174545977439,condHC
C25 H12 O14,0.5804485248494455,2.5669726331038952e-06,1.8492174467358817e-06,3.086014032624942e-06,0.3103728268991403,0.7575149814168787,0.7391599370267783,condHC
C17 H11 O8 N1,0.5777123381695364,2.5669726331038952e-06,1.8492174467358817e-06,3.086014032624942e-06,0.2451480193646452,0.6919959778584706,0.7859756429354777,condHC
C19 H15 O9 N1,0.7515178329959671,2.5669726331038952e-06,1.8492174467358817e-06,3.086014032624942e-06,0.2387784121783004,0.496134411379255,0.7938630616462394,condHC
C18 H11 O9 N1,0.5839735399472001,2.5669726331038952e-06,1.8492174467358817e-06,3.086014032624942e-06,0.4002555580618159,0.5617641246639337,0.7663149457358083,condHC
C17 H13 O8 N1,0.7569531596890493,2.5669726331038952e-06,1.8492174467358817e-06,3.086014032624942e-06,0.4895610979867859,0.6358272682941586,0.719608313579308,condHC
C21 H15 O11 N1,0.8191386231351977,2.5669726331038952e-06,1.8492174467358817e-06,3.086014032624942e-06,0.4109147104552759,0.5944069654193752,0.7436350895291223,condHC
C15 H9 O8 N1,0.5768567537288843,2.5669726331038952e-06,1.8492174467358817e-06,0.2341764375973709,0.644129820210967,0.6511379556497876,0.707228749436304,condHC
C15 H11 O7 N1,0.5682564803307858,2.5669726331038952e-06,1.8492174467358817e-06,0.2318706083357943,0.5609585431789761,0.64840472482084,0.7175268943788798,condHC
C16 H9 O8 N1,0.5709641280231971,2.5669726331038952e-06,1.8492174467358817e-06,0.2325054145177575,0.5572536033396913,0.6463652749431872,0.7178969353649679,condHC
C12 H7 O7 N1,0.5919824621169699,2.5669726331038952e-06,1.8492174467358817e-06,0.2321344351837276,0.4933527855635536,0.7473504251825229,0.7113143528236514,condHC
C14 H9 O7 N1,0.5908268581941825,2.5669726331038952e-06,1.8492174467358817e-06,0.2305112706496771,0.4920858628719201,0.6416565252052782,0.7283226806475742,condHC
C12 H9 O7 N1,0.5909208027792112,2.5669726331038952e-06,1.8492174467358817e-06,0.2335833469802014,0.4910945429587257,0.6400064305198752,0.7293751994138727,condHC
C13 H9 O6 N1,0.5990307817737962,2.5669726331038952e-06,1.8492174467358817e-06,0.2320492651180458,0.408769539372412,0.6436860475910448,0.7439042771695324,condHC
C11 H7 O6 N1,0.4593801079836062,2.5669726331038952e-06,1.8492174467358817e-06,0.2332993144509067,0.4610816129089907,0.6562830472431147,0.737715537985425,condHC
C13 H6 O8,0.5329016713943555,0.0191005113269316,1.8492174467358817e-06,0.4923739713625955,0.2345495324267969,0.7067634079094147,0.7642595987202422,condHC
C13 H6 O7,0.6315235443946008,2.5669726331038952e-06,1.8492174467358817e-06,0.353662101127753,0.2423654745936839,0.7197699295958908,0.7591756453647919,condHC
C11 H6 O5,0.4586771666133099,2.5669726331038952e-06,1.8492174467358817e-06,0.2307724890934684,0.1753796300276617,0.7680870845825427,0.633528572077966,condHC
C17 H8 O8,0.2564125619440074,2.5669726331038952e-06,1.8492174467358817e-06,0.2302592194233415,0.1243799299739032,0.7921965443804106,0.8278294746601982,condHC
C13 H9 O7 N1,0.7447488713145544,2.5669726331038952e-06,1.8492174467358817e-06,0.2296665257372371,0.6474058031145142,0.6281626208412255,0.6993666054082791,condHC
C14 H11 O7 N1,0.7653092311830841,2.5669726331038952e-06,1.8492174467358817e-06,0.2967865103620177,0.752920225408876,0.6269424749143715,0.679279980727441,condHC
C17 H13 O9 N1,0.9092186511376162,0.0591685921110054,1.8492174467358817e-06,0.2794179032392448,0.8287008463700467,0.7252897190374262,0.6383122965564411,condHC
C14 H9 O8 N1,0.7317421152269272,2.5669726331038952e-06,1.8492174467358817e-06,0.2893669803858593,0.8365854235786726,0.7390406986625745,0.6588361364408352,condHC
C14 H11 O8 N1,0.5915588787220871,2.5669726331038952e-06,1.8492174467358817e-06,0.2963874434297626,0.8355878245976204,0.7526608536956934,0.6639326657913365,condHC
C14 H11 O9 N1,0.5964490837454531,2.5669726331038952e-06,1.8492174467358817e-06,3.086014032624942e-06,0.8582622148397557,0.7558307382384429,0.6603947009787253,condHC
C14 H9 O9 N1,0.6025848310149833,2.5669726331038952e-06,1.8492174467358817e-06,3.086014032624942e-06,0.7831748995711396,0.7589128346461359,0.668163905336007,condHC
C18 H11 O11 N1,0.5950497280603607,2.5669726331038952e-06,1.8492174467358817e-06,3.086014032624942e-06,0.7128135971765447,0.7217198761173756,0.6783272110731084,condHC
C19 H13 O12 N1,0.5739781872107164,2.5669726331038952e-06,1.8492174467358817e-06,3.086014032624942e-06,0.7835634772704989,0.6780922915780252,0.6894799102159839,condHC
C20 H15 O13 N1,0.5800971441926491,2.5669726331038952e-06,1.8492174467358817e-06,3.086014032624942e-06,0.7113159911919168,0.6374812092329625,0.6986309403709502,condHC
C17 H9 O10 N1,0.5839191628227561,2.5669726331038952e-06,1.8492174467358817e-06,3.086014032624942e-06,0.644783519475495,0.6660272703524239,0.7037958708652658,condHC
C21 H15 O13 N1,0.7274196289895614,2.5669726331038952e-06,1.8492174467358817e-06,3.086014032624942e-06,0.7064988835334344,0.5429252794588966,0.7115711485079624,condHC
C21 H15 O12 N1,0.7422274022535177,2.5669726331038952e-06,1.8492174467358817e-06,3.086014032624942e-06,0.6366483108582954,0.6380519620518245,0.6967169352704946,condHC
C13 H9 O8 N1,0.7447074132585834,2.5669726331038952e-06,1.8492174467358817e-06,3.086014032624942e-06,0.7094550686809272,0.7410402306670931,0.6737235380359743,condHC
C16 H11 O8 N1,0.7583893819841745,2.5669726331038952e-06,1.8492174467358817e-06,3.086014032624942e-06,0.6994257067936133,0.7373768822082817,0.6682440236264299,condHC
C17 H11 O9 N1,0.7516219507847411,2.5669726331038952e-06,1.8492174467358817e-06,3.086014032624942e-06,0.6373213786321389,0.7367088295736552,0.6809872487385203,condHC
C19 H13 O10 N1,0.7905181599789406,2.5669726331038952e-06,1.8492174467358817e-06,3.086014032624942e-06,0.5667464913293317,0.7748477585334589,0.6799833776018583,condHC
C20 H15 O11 N1,0.9365273111808372,2.5669726331038952e-06,1.8492174467358817e-06,3.086014032624942e-06,0.6318233302147296,0.685682976617586,0.6772511353209582,condHC
C18 H13 O9 N1,0.9239380165601752,0.0240223546464924,1.8492174467358817e-06,3.086014032624942e-06,0.6307878636244422,0.751870604550991,0.6633774202732524,condHC
C19 H15 O10 N1,0.928445916187926,0.0747663998629944,1.8492174467358817e-06,3.086014032624942e-06,0.767069428619315,0.7304678676194425,0.6467546540537003,condHC
C20 H15 O12 N1,0.7790608818529131,2.5669726331038952e-06,1.8492174467358817e-06,3.086014032624942e-06,0.7828506098665409,0.7113714273893368,0.6682227364543191,condHC
C19 H13 O11 N1,0.7309524765539164,2.5669726331038952e-06,1.8492174467358817e-06,3.086014032624942e-06,0.7871829734863944,0.7413577025018631,0.6668252673457172,condHC
C15 H11 O8 N1,0.7368053547423155,2.5669726331038952e-06,1.8492174467358817e-06,3.086014032624942e-06,0.8576771023164448,0.7436762136566737,0.6532669337153655,condHC
C19 H15 O12 N1,0.7081984858671693,2.5669726331038952e-06,1.8492174467358817e-06,3.086014032624942e-06,0.9365625774317744,0.7611449090522198,0.651631011471332,condHC
C15 H11 O9 N1,0.7314770717594384,2.5669726331038952e-06,1.8492174467358817e-06,3.086014032624942e-06,0.9275203333122422,0.7422262800773117,0.6454369965039347,condHC
C16 H11 O9 N1,0.7363019161994495,2.5669726331038952e-06,1.8492174467358817e-06,3.086014032624942e-06,0.9289711843915898,0.7432294765217935,0.6487989587321483,condHC
C17 H11 O10 N1,0.7422038598395406,2.5669726331038952e-06,1.8492174467358817e-06,3.086014032624942e-06,0.9285987873670952,0.7386392329697515,0.6452433261801482,condHC
C18 H13 O11 N1,0.7531928554940522,2.5669726331038952e-06,1.8492174467358817e-06,3.086014032624942e-06,0.937258491352516,0.7672534351460865,0.5188246389140426,condHC
C17 H13 O10 N1,0.874634890019565,2.5669726331038952e-06,1.8492174467358817e-06,3.086014032624942e-06,0.9866894387527646,0.7320828782366612,0.6381867206448824,condHC
C18 H13 O10 N1,0.9277794363000796,0.0790889056073838,1.8492174467358817e-06,3.086014032624942e-06,0.911294738962244,0.7346470818215565,0.6316054877225468,condHC
C19 H15 O11 N1,0.8872335475888067,0.1709802496806141,1.8492174467358817e-06,3.086014032624942e-06,0.9774259782425468,0.7153446071525136,0.6226729731498825,condHC
C9 H6 O9,0.294494554725174,0.4025781953098365,1.8492174467358817e-06,3.086014032624942e-06,2.5105070760420363e-06,0.7571651282865846,0.3268344987395479,undefined
C8 H4 O9,0.6619806309402957,0.5269386559228078,0.1874362827136355,3.086014032624942e-06,0.1725421434129438,0.6368287495175291,0.6256715197942788,undefined
C8 H5 O8 N1,0.5426092034903632,0.2448503051425236,1.8492174467358817e-06,3.086014032624942e-06,0.3445079891478387,0.6410189307394755,0.709549419274289,undefined
C18 H36 O5,0.6447357451808724,0.6877488253196483,0.2294649041211109,3.086014032624942e-06,2.5105070760420363e-06,0.3031583665731057,0.2062237280561922,lipid
C11 H22 O3 N2,0.4522847485130017,0.5671072365935687,0.0669870393219838,0.2686770242236822,2.5105070760420363e-06,0.1082055749156085,4.282405132853128e-06,lipid
C12 H24 O3 N2,0.443829465775362,0.6223026032846082,0.0594164114462638,0.264747576792552,2.5105070760420363e-06,0.1024879113295136,4.282405132853128e-06,lipid
C14 H27 O4 N3,0.50052265959596,0.699502710892242,0.0448331220201002,0.2622800075726886,2.5105070760420363e-06,3.704558711867581e-06,4.282405132853128e-06,lipid
C28 H45 O8 P1,0.0193374414658164,0.1426829037579272,0.0400311455508306,0.5866824864487734,2.5105070760420363e-06,3.704558711867581e-06,4.282405132853128e-06,lipid
C20 H30 O3,3.577726848801236e-06,2.5669726331038952e-06,1.8492174467358817e-06,0.6223535471801337,2.5105070760420363e-06,3.704558711867581e-06,4.282405132853128e-06,lipid
C19 H30 O4,3.577726848801236e-06,2.5669726331038952e-06,1.8492174467358817e-06,0.6209300389718261,2.5105070760420363e-06,3.704558711867581e-06,4.282405132853128e-06,lipid
C22 H44 O4,3.577726848801236e-06,2.5669726331038952e-06,1.8492174467358817e-06,0.6209067523493405,2.5105070760420363e-06,3.704558711867581e-06,4.282405132853128e-06,lipid
C24 H48 O4,3.577726848801236e-06,2.5669726331038952e-06,1.8492174467358817e-06,0.6182958532120191,2.5105070760420363e-06,3.704558711867581e-06,4.282405132853128e-06,lipid
C20 H32 O4,0.1362719547639942,2.5669726331038952e-06,1.8492174467358817e-06,0.5998806333779861,2.5105070760420363e-06,3.704558711867581e-06,4.282405132853128e-06,lipid
C28 H43 O7 P1,0.0930478351242373,2.5669726331038952e-06,1.8492174467358817e-06,0.5555427907565416,2.5105070760420363e-06,0.1330372662452489,4.282405132853128e-06,lipid
C24 H36 O6,0.040485178654962,2.5669726331038952e-06,1.8492174467358817e-06,0.5204028615932375,2.5105070760420363e-06,0.2059902200171293,4.282405132853128e-06,lipid
C29 H46 O8,3.577726848801236e-06,2.5669726331038952e-06,1.8492174467358817e-06,0.6155500731184825,2.5105070760420363e-06,0.2410065499616362,4.282405132853128e-06,lipid
C29 H47 O6 P1,3.577726848801236e-06,0.0530413815932704,0.0395702460030904,0.7645566718517205,2.5105070760420363e-06,3.704558711867581e-06,4.282405132853128e-06,lipid
C26 H41 O7 P1,3.577726848801236e-06,0.0705770479176872,0.0392126490488749,0.6252859226772237,2.5105070760420363e-06,0.1450347441425458,4.282405132853128e-06,lipid
C29 H49 O6 P1,3.577726848801236e-06,0.0840862062544361,1.8492174467358817e-06,0.7319391450997008,2.5105070760420363e-06,0.1086260184904994,4.282405132853128e-06,lipid
C24 H38 O7,3.577726848801236e-06,2.5669726331038952e-06,1.8492174467358817e-06,0.737132515549491,2.5105070760420363e-06,0.1596732467399624,4.282405132853128e-06,lipid
C21 H32 O5,3.577726848801236e-06,2.5669726331038952e-06,1.8492174467358817e-06,0.7230772999433409,2.5105070760420363e-06,0.1574352860068831,4.282405132853128e-06,lipid
C29 H44 O7,3.577726848801236e-06,2.5669726331038952e-06,1.8492174467358817e-06,0.7144872580591749,2.5105070760420363e-06,0.160515836116756,4.282405132853128e-06,lipid
C26 H40 O7,3.577726848801236e-06,2.5669726331038952e-06,1.8492174467358817e-06,0.943009166915032,2.5105070760420363e-06,0.1542163487391721,4.282405132853128e-06,lipid
C30 H46 O7,3.577726848801236e-06,0.0869215049656604,1.8492174467358817e-06,0.7463446429200578,2.5105070760420363e-06,0.5117602316317751,0.1612929490935376,lipid
C30 H46 O8,0.1056608972297556,0.100912670273926,1.8492174467358817e-06,0.7709972375109988,2.5105070760420363e-06,0.5271428543212813,0.0191630577906234,lipid
C28 H44 O8,3.577726848801236e-06,2.5669726331038952e-06,1.8492174467358817e-06,0.8758967428819675,2.5105070760420363e-06,0.5606985045662825,4.282405132853128e-06,lipid
C25 H38 O7,3.577726848801236e-06,2.5669726331038952e-06,1.8492174467358817e-06,0.8880451772573167,2.5105070760420363e-06,0.425015418798262,4.282405132853128e-06,lipid
C28 H42 O7,3.577726848801236e-06,2.5669726331038952e-06,1.8492174467358817e-06,0.8893782607886997,2.5105070760420363e-06,0.4132599949832381,4.282405132853128e-06,lipid
C24 H36 O7,0.239902217506337,2.5669726331038952e-06,1.8492174467358817e-06,0.817020373828921,2.5105070760420363e-06,0.8373808739955951,4.282405132853128e-06,lipid
C27 H42 O8,0.2244996494295983,2.5669726331038952e-06,1.8492174467358817e-06,0.8694818832345239,2.5105070760420363e-06,0.7078208157362909,4.282405132853128e-06,lipid
C29 H44 O8,0.1558812663784078,2.5669726331038952e-06,1.8492174467358817e-06,0.8413683521796202,2.5105070760420363e-06,0.7163933868974364,4.282405132853128e-06,lipid
C22 H34 O6,0.3953410508037191,2.5669726331038952e-06,1.8492174467358817e-06,0.8359669898517201,2.5105070760420363e-06,0.6005234439020303,4.282405132853128e-06,lipid
C21 H34 O6,0.4275120971096217,2.5669726331038952e-06,1.8492174467358817e-06,0.8477099496933348,2.5105070760420363e-06,0.4060334046068344,4.282405132853128e-06,lipid
C18 H28 O4,0.6026809812946293,2.5669726331038952e-06,1.8492174467358817e-06,0.6603728520925979,2.5105070760420363e-06,0.1661739217574342,4.282405132853128e-06,lipid
C19 H32 O5,0.5316315964223454,0.092137594099726,1.8492174467358817e-06,0.5900497849843321,2.5105070760420363e-06,0.3310075281574336,4.282405132853128e-06,lipid
C18 H30 O4,0.3994737122614654,0.3606751794632653,1.8492174467358817e-06,0.5770984535716915,0.0903220908233355,0.2906182031114943,4.282405132853128e-06,lipid
C29 H49 O7 P1,0.3502148571628177,0.1983780135139498,0.0437160966797557,0.7032830659832496,2.5105070760420363e-06,0.4050235291952982,4.282405132853128e-06,lipid
C20 H30 O4,0.2605674829117185,0.1026688592481451,0.0503121859639475,0.6177712237528388,2.5105070760420363e-06,0.2929968249697939,4.282405132853128e-06,lipid
C28 H45 O7 P1,0.2658857502404657,0.0594288638658438,0.0898359312806492,0.5724780625651061,2.5105070760420363e-06,0.2937830459437048,4.282405132853128e-06,lipid
C27 H41 O8 P1,0.1771059116937106,0.2097255599232087,1.8492174467358817e-06,0.7488517351331171,2.5105070760420363e-06,0.1639006430623828,4.282405132853128e-06,lipid
C19 H30 O5,0.4605227028095688,0.2783418440168709,1.8492174467358817e-06,0.6696718506619828,2.5105070760420363e-06,0.6639059056726104,4.282405132853128e-06,lipid
C28 H42 O8,0.4959416119324297,0.2141409990829975,1.8492174467358817e-06,0.6933307566836765,2.5105070760420363e-06,0.7338632777501206,0.1780369816458566,lipid
C21 H32 O6,0.6099827307615714,0.2577482894605731,0.00702193070323,0.6763938971508515,0.1015946175830322,0.6839935357994193,0.3254794506093744,lipid
C20 H34 O5,0.4890361672697966,0.2153655262146023,0.054419927213089,0.5709546789402289,0.1263882656779872,0.4484740821254105,0.2723569138557222,lipid
C20 H32 O5,0.4790384737961679,0.2402549668985685,0.082415244393693,0.5706728200810526,0.2470138202283552,0.4707588065429136,0.559285725196595,lipid
C20 H30 O5,0.4092015907649637,0.2477993624762751,0.1201878899555404,0.6832074267994851,2.5105070760420363e-06,0.6087436670658107,0.6427005826734565,lipid
