4.347726644482463598e-04,3.563031496014446020e-04,3.759720129892230034e-04,4.861920315306633711e-04,5.308114341460168362e-04
9.162352944258600473e-05,3.424991623646178596e-09,2.261403508896364656e-09,9.775264334166422486e-05,4.957108057368486698e-09
5.692793056368827820e-04,4.455593298189342022e-04,3.557905438356101513e-04,4.564044065773487091e-04,6.202997174113988876e-04
6.573534337803721428e-04,6.179682532092556357e-05,4.312614037189632654e-04,5.274115246720612049e-04,4.957108057368486698e-09
1.509644789621233940e-04,3.424991623646178596e-09,2.060594415524974465e-04,4.173768684267997742e-04,4.957108057368486698e-09
2.818536515292180411e-09,3.424991623646178596e-09,1.809972891351208091e-04,2.359076711755392353e-09,4.957108057368486698e-09
2.818536515292180411e-09,3.424991623646178596e-09,2.711295965127646923e-04,2.359076711755392353e-09,4.957108057368486698e-09
2.818536515292180411e-09,3.424991623646178596e-09,2.734724548645317554e-04,2.359076711755392353e-09,4.957108057368486698e-09
5.073916981928050518e-04,4.099001234862953424e-04,3.460824664216488600e-04,4.881826753262430429e-04,1.103963004425168037e-03
2.818536515292180411e-09,5.262696649879217148e-04,1.627785240998491645e-04,1.525632598031734233e-07,1.630447368370369077e-04
6.670186412520706654e-04,1.914333261083811522e-04,3.798970428761094809e-04,5.108853220008313656e-04,5.190977826714515686e-04
5.996922263875603676e-04,1.261872239410877228e-04,3.341450064908713102e-04,4.887159448117017746e-04,1.905456185340881348e-03
6.016480037942528725e-04,4.221062699798494577e-04,4.184287099633365870e-04,5.180934676900506020e-04,5.437819054350256920e-04
9.849131311057135463e-05,3.424991623646178596e-09,2.094839874189347029e-04,3.773999342229217291e-04,4.957108057368486698e-09
2.818536515292180411e-09,3.424991623646178596e-09,1.819340977817773819e-04,2.359076711755392353e-09,4.957108057368486698e-09
2.818536515292180411e-09,3.424991623646178596e-09,2.261403508896364656e-09,9.623799269320443273e-05,4.957108057368486698e-09
2.730664273258298635e-04,1.850088738137856126e-04,2.261403508896364656e-09,2.359076711755392353e-09,4.220683185849338770e-04
2.651242830324918032e-04,3.424991623646178596e-09,2.261403508896364656e-09,2.359076711755392353e-09,4.957108057368486698e-09
2.818536515292180411e-09,3.424991623646178596e-09,2.506414894014596939e-04,1.014406952890567482e-04,1.242128637386485934e-04
2.818536515292180411e-09,1.090756777557544410e-04,2.916904923040419817e-04,2.018878876697272062e-04,4.957108057368486698e-09
2.818536515292180411e-09,3.424991623646178596e-09,2.261403508896364656e-09,9.793072968022897840e-05,4.957108057368486698e-09
2.818536515292180411e-09,3.424991623646178596e-09,2.985109458677470684e-04,2.359076711755392353e-09,4.957108057368486698e-09
2.024384593823924661e-04,8.294646977446973324e-05,2.602330350782722235e-04,2.746335812844336033e-04,1.237254182342439890e-04
2.818536515292180411e-09,3.424991623646178596e-09,1.151452088379301131e-04,1.544768456369638443e-04,4.957108057368486698e-09
2.818536515292180411e-09,3.424991623646178596e-09,1.270216598641127348e-04,1.608282909728586674e-04,4.957108057368486698e-09
3.404287563171237707e-04,1.479804923292249441e-04,3.906699712388217449e-04,5.162496818229556084e-04,4.357687721494585276e-04
2.818536515292180411e-09,3.424991623646178596e-09,2.261403508896364656e-09,2.359076711755392353e-09,1.023534641717560589e-04
3.688284486997872591e-04,3.424991623646178596e-09,1.070644575520418584e-04,2.816452179104089737e-04,1.335706911049783230e-04
2.818536515292180411e-09,3.424991623646178596e-09,1.801154139684513211e-04,2.359076711755392353e-09,4.957108057368486698e-09
2.818536515292180411e-09,3.424991623646178596e-09,4.851126286666840315e-04,1.856774761108681560e-04,4.957108057368486698e-09
2.818536515292180411e-09,3.424991623646178596e-09,1.796966971596702933e-04,2.359076711755392353e-09,4.957108057368486698e-09
2.818536515292180411e-09,3.424991623646178596e-09,9.079342999029904604e-05,2.359076711755392353e-09,4.957108057368486698e-09
1.111817036871798337e-04,3.698510117828845978e-04,4.839610774070024490e-04,4.819632449652999640e-04,4.957108057368486698e-09
4.321190062910318375e-04,5.358668277040123940e-04,3.751484036911278963e-04,4.598498053383082151e-04,4.957108057368486698e-09
2.818536515292180411e-09,3.424991623646178596e-09,2.727553073782473803e-04,2.359076711755392353e-09,4.957108057368486698e-09
1.296918198931962252e-04,6.732236361131072044e-04,3.804979787673801184e-04,5.019737291149795055e-04,4.957108057368486698e-09
2.818536515292180411e-09,3.424991623646178596e-09,8.977724064607173204e-05,2.359076711755392353e-09,4.957108057368486698e-09
2.818536515292180411e-09,5.925346049480140209e-04,4.472050350159406662e-04,4.967269487679004669e-04,4.957108057368486698e-09
2.818536515292180411e-09,3.706409770529717207e-04,4.450997803360223770e-04,4.752477980218827724e-04,4.957108057368486698e-09
2.818536515292180411e-09,3.424991623646178596e-09,9.088643128052353859e-05,2.359076711755392353e-09,4.957108057368486698e-09
2.818536515292180411e-09,3.424991623646178596e-09,1.811380498111248016e-04,2.359076711755392353e-09,4.957108057368486698e-09
2.818536515292180411e-09,3.424991623646178596e-09,2.719112671911716461e-04,2.359076711755392353e-09,4.957108057368486698e-09
2.818536515292180411e-09,3.424991623646178596e-09,1.812328555388376117e-04,2.359076711755392353e-09,4.957108057368486698e-09
5.729722324758768082e-04,4.454106383491307497e-04,3.542595368344336748e-04,4.588418814819306135e-04,6.240603397600352764e-04
4.724328755401074886e-04,9.155910229310393333e-04,3.615811001509428024e-04,4.508582351263612509e-04,8.488938910886645317e-04
4.288459313102066517e-04,9.713582112453877926e-04,3.684042021632194519e-04,4.519582435023039579e-04,5.099453264847397804e-04
2.818536515292180411e-09,8.060215623117983341e-05,3.698780492413789034e-04,4.649262409657239914e-04,4.957108057368486698e-09
2.818536515292180411e-09,3.424991623646178596e-09,9.077147115021944046e-05,2.359076711755392353e-09,4.957108057368486698e-09
2.818536515292180411e-09,3.424991623646178596e-09,1.822276390157639980e-04,2.359076711755392353e-09,4.957108057368486698e-09
2.818536515292180411e-09,3.424991623646178596e-09,2.720693009905517101e-04,2.359076711755392353e-09,4.957108057368486698e-09
2.818536515292180411e-09,3.424991623646178596e-09,2.721919736359268427e-04,2.359076711755392353e-09,4.957108057368486698e-09
2.818536515292180411e-09,3.424991623646178596e-09,1.821164623834192753e-04,2.359076711755392353e-09,4.957108057368486698e-09
2.818536515292180411e-09,3.424991623646178596e-09,9.041589510161429644e-05,9.726650750963017344e-05,4.957108057368486698e-09
2.152685046894475818e-04,1.232463837368413806e-04,9.858526027528569102e-05,3.731745237018913031e-04,4.957108057368486698e-09
5.759198102168738842e-04,3.071594692301005125e-04,3.623191732913255692e-04,4.931802977807819843e-04,8.031981997191905975e-04
5.645201890729367733e-04,7.552292663604021072e-04,3.820246201939880848e-04,4.704222665168344975e-04,4.527716664597392082e-04
2.818536515292180411e-09,3.424991623646178596e-09,9.084948396775871515e-05,2.359076711755392353e-09,4.957108057368486698e-09
4.849268880207091570e-04,5.934478249400854111e-04,4.325538757257163525e-04,4.937998601235449314e-04,4.067768750246614218e-04
2.818536515292180411e-09,3.424991623646178596e-09,9.059996227733790874e-05,2.359076711755392353e-09,4.957108057368486698e-09
4.525433469098061323e-04,4.186459700576961040e-04,3.885870683006942272e-04,5.354862078092992306e-04,4.957108057368486698e-09
2.818536515292180411e-09,3.424991623646178596e-09,2.040786930592730641e-04,4.052766307722777128e-04,4.957108057368486698e-09
2.818536515292180411e-09,3.424991623646178596e-09,3.234339528717100620e-04,1.374238345306366682e-04,4.957108057368486698e-09
2.818536515292180411e-09,3.424991623646178596e-09,3.559723263606429100e-04,2.359076711755392353e-09,4.957108057368486698e-09
2.818536515292180411e-09,3.424991623646178596e-09,3.599219489842653275e-04,2.359076711755392353e-09,4.957108057368486698e-09
2.818536515292180411e-09,3.424991623646178596e-09,2.717420575208961964e-04,2.359076711755392353e-09,4.957108057368486698e-09
4.217987006995826960e-04,3.424991623646178596e-09,3.006677143275737762e-04,4.491275176405906677e-04,4.957108057368486698e-09
6.346214213408529758e-04,3.969450772274285555e-04,3.587065439205616713e-04,4.670807393267750740e-04,5.001195822842419147e-04
9.259783109882846475e-05,3.424991623646178596e-09,2.261403508896364656e-09,9.702931129140779376e-05,4.957108057368486698e-09
4.468242696020752192e-04,5.890940665267407894e-04,3.872716624755412340e-04,4.230480699334293604e-04,1.414034282788634300e-03
2.818536515292180411e-09,3.424991623646178596e-09,9.138359746430069208e-05,2.359076711755392353e-09,4.957108057368486698e-09
3.675198531709611416e-04,9.085509227588772774e-04,3.540517354849725962e-04,4.206957237329334021e-04,1.829591346904635429e-03
6.830942584201693535e-04,2.915638033300638199e-04,5.310300621204078197e-04,5.322680226527154446e-04,4.957108057368486698e-09
1.516550983069464564e-04,3.424991623646178596e-09,2.060163242276757956e-04,4.208389436826109886e-04,4.957108057368486698e-09
2.818536515292180411e-09,3.424991623646178596e-09,2.261403508896364656e-09,8.185717160813510418e-05,4.957108057368486698e-09
2.818536515292180411e-09,3.424991623646178596e-09,1.826877560233697295e-04,2.359076711755392353e-09,4.957108057368486698e-09
2.818536515292180411e-09,3.424991623646178596e-09,1.803894847398623824e-04,2.359076711755392353e-09,4.957108057368486698e-09
2.818536515292180411e-09,3.424991623646178596e-09,1.799817691789940000e-04,2.359076711755392353e-09,4.957108057368486698e-09
2.818536515292180411e-09,3.424991623646178596e-09,9.069740917766466737e-05,2.359076711755392353e-09,4.957108057368486698e-09
2.407537394901737571e-04,3.424991623646178596e-09,2.261403508896364656e-09,2.359076711755392353e-09,1.289251376874744892e-04
5.435688071884214878e-04,2.615302801132202148e-04,3.767522866837680340e-04,4.989352892152965069e-04,1.315775327384471893e-03
1.742082968121394515e-04,4.701403086073696613e-04,1.424879592377692461e-04,1.183572167064994574e-04,1.721269800327718258e-04
2.121699799317866564e-04,2.664270577952265739e-04,2.261403508896364656e-09,2.359076711755392353e-09,2.991260844282805920e-04
2.818536515292180411e-09,3.424991623646178596e-09,2.261403508896364656e-09,2.359076711755392353e-09,1.031501087709330022e-04
5.970672937110066414e-04,3.515082062222063541e-04,4.406945081427693367e-04,5.318495677784085274e-04,3.148907562717795372e-04
2.818536515292180411e-09,3.424991623646178596e-09,1.057126501109451056e-04,3.354995569679886103e-04,4.957108057368486698e-09
2.818536515292180411e-09,3.424991623646178596e-09,2.261403508896364656e-09,1.003112192847765982e-04,4.957108057368486698e-09
9.728479199111461639e-05,1.101142115658149123e-04,2.752022410277277231e-04,2.633122785482555628e-04,4.957108057368486698e-09
2.818536515292180411e-09,3.424991623646178596e-09,2.261403508896364656e-09,9.692137246020138264e-05,4.957108057368486698e-09
2.818536515292180411e-09,3.424991623646178596e-09,2.261403508896364656e-09,9.725231211632490158e-05,4.957108057368486698e-09
3.165334055665880442e-04,7.764820475131273270e-05,3.969067765865474939e-04,4.549305012915283442e-04,1.199739563162438571e-04
2.818536515292180411e-09,2.264344075229018927e-04,4.663005529437214136e-04,3.082462062593549490e-04,4.957108057368486698e-09
9.728791337693110108e-05,2.936629971372894943e-05,2.097099641105160117e-04,2.728230028878897429e-04,5.288132888381369412e-05
2.417555951979011297e-04,3.424991623646178596e-09,2.261403508896364656e-09,2.359076711755392353e-09,1.281730365008115768e-04
1.941223745234310627e-04,3.424991623646178596e-09,2.513997897040098906e-04,3.467715287115424871e-04,4.957108057368486698e-09
2.818536515292180411e-09,3.424991623646178596e-09,2.261403508896364656e-09,9.735401545185595751e-05,4.957108057368486698e-09
2.818536515292180411e-09,3.424991623646178596e-09,2.260491310153156519e-04,1.458778133383020759e-04,4.957108057368486698e-09
2.818536515292180411e-09,3.424991623646178596e-09,2.261403508896364656e-09,9.641348151490092278e-05,1.004934383672662079e-04
2.818536515292180411e-09,2.797642446239478886e-05,2.261403508896364656e-09,9.741092071635648608e-05,4.997008727514185011e-05
2.818536515292180411e-09,3.424991623646178596e-09,1.143913541454821825e-04,1.503257080912590027e-04,4.034321755170822144e-04
3.466904454398900270e-04,7.059900672174990177e-04,3.116223670076578856e-04,4.415275470819324255e-04,2.616683486849069595e-03
1.737004495225846767e-04,6.467891216743737459e-05,2.261403508896364656e-09,2.359076711755392353e-09,4.957108057368486698e-09
1.740549341775476933e-04,3.424991623646178596e-09,2.261403508896364656e-09,2.359076711755392353e-09,4.957108057368486698e-09
2.834598126355558634e-04,4.160329117439687252e-04,1.230564666911959648e-04,4.658619000110775232e-04,1.711235032416880131e-03
2.818536515292180411e-09,3.424991623646178596e-09,2.261403508896364656e-09,9.709533333079889417e-05,4.957108057368486698e-09
9.615356248104944825e-05,3.424991623646178596e-09,2.261403508896364656e-09,9.584084182279184461e-05,4.957108057368486698e-09
2.818536515292180411e-09,3.424991623646178596e-09,2.261403508896364656e-09,2.359076711755392353e-09,1.031678693834692240e-04
2.818536515292180411e-09,3.424991623646178596e-09,9.054592374013736844e-05,2.359076711755392353e-09,4.957108057368486698e-09
2.818536515292180411e-09,3.424991623646178596e-09,9.089389641303569078e-05,2.359076711755392353e-09,4.957108057368486698e-09
2.818536515292180411e-09,3.424991623646178596e-09,1.149755771621130407e-04,1.550177548779174685e-04,4.957108057368486698e-09
2.818536515292180411e-09,3.424991623646178596e-09,3.720987879205495119e-04,5.414453698904253542e-05,4.957108057368486698e-09
2.521767455618828535e-04,7.542597595602273941e-04,4.092330927960574627e-04,4.835428553633391857e-04,4.957108057368486698e-09
2.171861415263265371e-04,9.827460162341594696e-04,3.858056152239441872e-04,4.466924001462757587e-04,2.430505410302430391e-04
1.537860662210732698e-04,9.228353155776858330e-04,3.996586019638925791e-04,4.666134482249617577e-04,4.957108057368486698e-09
2.818536515292180411e-09,3.424991623646178596e-09,9.031067747855558991e-05,2.359076711755392353e-09,4.957108057368486698e-09
2.818536515292180411e-09,8.345796959474682808e-05,3.738291852641850710e-04,3.746341681107878685e-04,4.957108057368486698e-09
2.818536515292180411e-09,3.424991623646178596e-09,1.825728395488113165e-04,2.359076711755392353e-09,4.957108057368486698e-09
2.818536515292180411e-09,3.424991623646178596e-09,3.574754518922418356e-04,2.359076711755392353e-09,4.957108057368486698e-09
2.818536515292180411e-09,3.424991623646178596e-09,2.717753231991082430e-04,2.359076711755392353e-09,4.957108057368486698e-09
2.818536515292180411e-09,3.424991623646178596e-09,1.802675978979095817e-04,2.359076711755392353e-09,4.957108057368486698e-09
2.818536515292180411e-09,3.424991623646178596e-09,9.113923442782834172e-05,2.359076711755392353e-09,4.957108057368486698e-09
2.818536515292180411e-09,3.424991623646178596e-09,1.139721207437105477e-04,1.552337198518216610e-04,4.957108057368486698e-09
9.023438906297087669e-05,3.424991623646178596e-09,2.636770368553698063e-04,2.359076711755392353e-09,4.957108057368486698e-09
3.372719511389732361e-04,1.645650481805205345e-04,4.314222896937280893e-04,4.556491039693355560e-04,4.957108057368486698e-09
2.818536515292180411e-09,3.424991623646178596e-09,1.822045887820422649e-04,2.359076711755392353e-09,4.957108057368486698e-09
5.500277620740234852e-04,7.645587320439517498e-04,3.789598704315721989e-04,4.552733444143086672e-04,5.688438541255891323e-04
2.818536515292180411e-09,3.424991623646178596e-09,1.822757767513394356e-04,2.359076711755392353e-09,4.957108057368486698e-09
5.168524221517145634e-04,9.888049680739641190e-04,3.618750779423862696e-04,4.449037369340658188e-04,6.163525395095348358e-04
2.818536515292180411e-09,3.424991623646178596e-09,9.004926687339320779e-05,2.359076711755392353e-09,4.957108057368486698e-09
3.642170922830700874e-04,1.042338320985436440e-03,3.788071335293352604e-04,4.571529862005263567e-04,4.957108057368486698e-09
2.818536515292180411e-09,3.469330549705773592e-04,4.911033902317285538e-04,5.416144267655909061e-04,4.957108057368486698e-09
2.818536515292180411e-09,3.424991623646178596e-09,1.821665791794657707e-04,2.359076711755392353e-09,4.957108057368486698e-09
2.818536515292180411e-09,3.424991623646178596e-09,2.737925678957253695e-04,2.359076711755392353e-09,4.957108057368486698e-09
2.818536515292180411e-09,3.424991623646178596e-09,3.540900943335145712e-04,2.359076711755392353e-09,4.957108057368486698e-09
2.818536515292180411e-09,3.424991623646178596e-09,2.709906257223337889e-04,2.359076711755392353e-09,4.957108057368486698e-09
2.818536515292180411e-09,3.424991623646178596e-09,9.067301289178431034e-05,2.359076711755392353e-09,4.957108057368486698e-09
2.818536515292180411e-09,1.462002837797626853e-04,2.171290252590551972e-04,4.521476512309163809e-04,4.957108057368486698e-09
2.818536515292180411e-09,3.424991623646178596e-09,9.137196320807561278e-05,1.999228989006951451e-04,4.957108057368486698e-09
8.983755105873569846e-05,3.424991623646178596e-09,1.672306098043918610e-04,2.170741208828985691e-05,4.957108057368486698e-09
5.157107370905578136e-04,1.455755409551784396e-05,4.616604710463434458e-04,5.099929985590279102e-04,4.957108057368486698e-09
2.818536515292180411e-09,3.424991623646178596e-09,9.109463280765339732e-05,2.359076711755392353e-09,4.957108057368486698e-09
5.909723695367574692e-04,6.098982994444668293e-04,3.487869398668408394e-04,4.921763320453464985e-04,4.598695086315274239e-04
2.818536515292180411e-09,3.424991623646178596e-09,1.816503499867394567e-04,2.359076711755392353e-09,4.957108057368486698e-09
5.267827655188739300e-04,9.965152712538838387e-04,3.785709268413484097e-04,4.504531971178948879e-04,5.815384793095290661e-04
2.818536515292180411e-09,3.424991623646178596e-09,2.727867395151406527e-04,2.359076711755392353e-09,4.957108057368486698e-09
5.769587587565183640e-04,1.025540521368384361e-03,3.826455213129520416e-04,4.424813960213214159e-04,3.551355039235204458e-04
2.818536515292180411e-09,3.424991623646178596e-09,1.812808914110064507e-04,2.359076711755392353e-09,4.957108057368486698e-09
2.966179163195192814e-04,4.843153874389827251e-04,4.410869150888174772e-04,5.312583525665104389e-04,4.957108057368486698e-09
2.818536515292180411e-09,3.424991623646178596e-09,9.054415568243712187e-05,2.359076711755392353e-09,4.957108057368486698e-09
2.818536515292180411e-09,3.424991623646178596e-09,9.074131230590865016e-05,2.359076711755392353e-09,4.957108057368486698e-09
2.818536515292180411e-09,3.424991623646178596e-09,9.060611046152189374e-05,2.359076711755392353e-09,4.957108057368486698e-09
2.818536515292180411e-09,3.424991623646178596e-09,3.536613075993955135e-04,2.359076711755392353e-09,4.957108057368486698e-09
2.818536515292180411e-09,3.424991623646178596e-09,6.273657782003283501e-04,2.359076711755392353e-09,4.957108057368486698e-09
2.818536515292180411e-09,3.424991623646178596e-09,4.449048137757927179e-04,2.359076711755392353e-09,4.957108057368486698e-09
2.818536515292180411e-09,3.424991623646178596e-09,1.806311192922294140e-04,2.359076711755392353e-09,4.957108057368486698e-09
1.842623751144856215e-04,1.514144387328997254e-04,4.912290023639798164e-04,4.530520818661898375e-04,4.957108057368486698e-09
2.818536515292180411e-09,3.424991623646178596e-09,9.075729758478701115e-05,1.012643988360650837e-04,4.957108057368486698e-09
3.578272298909723759e-04,3.424991623646178596e-09,1.466098328819498420e-04,3.824055893346667290e-04,4.957108057368486698e-09
5.687818047590553761e-04,2.855186176020652056e-04,3.818018594756722450e-04,5.009287851862609386e-04,1.027120044454932213e-03
2.818536515292180411e-09,3.424991623646178596e-09,1.811110851122066379e-04,2.359076711755392353e-09,4.957108057368486698e-09
5.234000855125486851e-04,6.315574282780289650e-04,4.047021793667227030e-04,4.712593217846006155e-04,7.690151105634868145e-04
2.818536515292180411e-09,3.424991623646178596e-09,1.819049793994054198e-04,2.359076711755392353e-09,4.957108057368486698e-09
5.326009122654795647e-04,6.730906316079199314e-04,4.061307990923523903e-04,4.772582906298339367e-04,6.791953346692025661e-04
2.818536515292180411e-09,3.424991623646178596e-09,1.813877897802740335e-04,2.359076711755392353e-09,4.957108057368486698e-09
5.400298396125435829e-04,9.530667448416352272e-04,3.847696352750062943e-04,4.533659084700047970e-04,5.004501435905694962e-04
2.818536515292180411e-09,3.424991623646178596e-09,1.819154422264546156e-04,2.359076711755392353e-09,4.957108057368486698e-09
4.396276781335473061e-04,7.044359226711094379e-04,4.292725352570414543e-04,4.888307885266840458e-04,1.879489573184400797e-04
2.818536515292180411e-09,3.424991623646178596e-09,2.617522550281137228e-04,2.359076711755392353e-09,4.957108057368486698e-09
2.818536515292180411e-09,3.424991623646178596e-09,3.542521444614976645e-04,2.359076711755392353e-09,4.957108057368486698e-09
2.818536515292180411e-09,3.424991623646178596e-09,6.010436336509883404e-04,1.240569545188918710e-04,4.957108057368486698e-09
2.818536515292180411e-09,3.424991623646178596e-09,3.214185126125812531e-04,1.369021774735301733e-04,4.957108057368486698e-09
2.818536515292180411e-09,3.424991623646178596e-09,9.017979755299165845e-05,2.359076711755392353e-09,4.957108057368486698e-09
1.278835261473432183e-04,1.021905991365201771e-04,4.547167336568236351e-04,4.156641080044209957e-04,4.957108057368486698e-09
8.972229261416941881e-05,3.424991623646178596e-09,2.261403508896364656e-09,2.359076711755392353e-09,4.957108057368486698e-09
2.424456033622846007e-04,3.424991623646178596e-09,2.261403508896364656e-09,2.359076711755392353e-09,1.277483679587021470e-04
3.218386555090546608e-04,3.424991623646178596e-09,2.261403508896364656e-09,2.359076711755392353e-09,2.358419296797364950e-04
9.314055932918563485e-05,3.424991623646178596e-09,2.261403508896364656e-09,9.760368993738666177e-05,4.957108057368486698e-09
4.284728202037513256e-04,6.143524078652262688e-04,3.888479841407388449e-04,4.739538999274373055e-04,1.417263294570147991e-03
2.818536515292180411e-09,3.424991623646178596e-09,9.039754513651132584e-05,2.359076711755392353e-09,4.957108057368486698e-09
4.650867194868624210e-04,9.353298810310661793e-04,3.503071202430874109e-04,4.316564009059220552e-04,1.707711606286466122e-03
2.818536515292180411e-09,3.424991623646178596e-09,1.811170805012807250e-04,2.359076711755392353e-09,4.957108057368486698e-09
5.010332679376006126e-04,8.275464642792940140e-04,3.644516400527209044e-04,4.490555438678711653e-04,1.470010960474610329e-03
4.762742901220917702e-04,4.883562796749174595e-04,4.547466523945331573e-04,5.156448460184037685e-04,1.925079850479960442e-04
2.818536515292180411e-09,3.424991623646178596e-09,9.025716281030327082e-05,2.359076711755392353e-09,4.957108057368486698e-09
2.818536515292180411e-09,3.424991623646178596e-09,1.813476701499894261e-04,2.359076711755392353e-09,4.957108057368486698e-09
2.818536515292180411e-09,3.424991623646178596e-09,1.821361511247232556e-04,2.359076711755392353e-09,4.957108057368486698e-09
2.818536515292180411e-09,3.424991623646178596e-09,1.811485271900892258e-04,2.359076711755392353e-09,4.957108057368486698e-09
2.818536515292180411e-09,3.424991623646178596e-09,9.112430416280403733e-05,2.359076711755392353e-09,4.957108057368486698e-09
8.938858081819489598e-05,3.424991623646178596e-09,2.261403508896364656e-09,2.359076711755392353e-09,4.957108057368486698e-09
1.160109895863570273e-04,3.424991623646178596e-09,2.261403508896364656e-09,2.899342216551303864e-04,4.043601220473647118e-04
1.752438547555357218e-04,4.186599398963153362e-04,1.511777518317103386e-04,9.396477253176271915e-05,4.400577745400369167e-04
4.565326671581715345e-04,4.984135157428681850e-04,3.986564988736063242e-04,4.808804951608181000e-04,1.436765072867274284e-03
3.839835408143699169e-04,1.912525913212448359e-04,5.180154694244265556e-04,5.021995748393237591e-04,1.631984923733398318e-04
2.818536515292180411e-09,3.424991623646178596e-09,2.261403508896364656e-09,2.359076711755392353e-09,1.010530468192882836e-04
1.733715034788474441e-04,3.424991623646178596e-09,2.261403508896364656e-09,2.359076711755392353e-09,1.106821146095171571e-04
2.818536515292180411e-09,2.223050396423786879e-04,2.261403508896364656e-09,4.585784336086362600e-05,4.957108057368486698e-09
2.818536515292180411e-09,3.424991623646178596e-09,9.034235699800774455e-05,9.816684178076684475e-05,4.957108057368486698e-09
2.818536515292180411e-09,3.424991623646178596e-09,2.261403508896364656e-09,9.816346573643386364e-05,4.957108057368486698e-09
2.818536515292180411e-09,1.794959098333492875e-04,2.261403508896364656e-09,1.044630698743276298e-04,3.199368366040289402e-04
2.323836524737998843e-04,3.424991623646178596e-09,3.160010965075343847e-05,2.359076711755392353e-09,2.346589753869920969e-04
2.818536515292180411e-09,3.424991623646178596e-09,2.234580024378374219e-04,1.475336466683074832e-04,4.957108057368486698e-09
2.818536515292180411e-09,3.424991623646178596e-09,2.707444364205002785e-04,1.931908918777480721e-04,4.957108057368486698e-09
2.818536515292180411e-09,3.424991623646178596e-09,2.261403508896364656e-09,8.261273615062236786e-05,4.957108057368486698e-09
2.818536515292180411e-09,3.424991623646178596e-09,2.261403508896364656e-09,1.701259461697191000e-04,4.957108057368486698e-09
2.818536515292180411e-09,3.424991623646178596e-09,9.133804996963590384e-05,9.737250366015359759e-05,4.957108057368486698e-09
2.818536515292180411e-09,2.923761785496026278e-04,2.261403508896364656e-09,3.235557232983410358e-05,2.187945501646026969e-04
2.818536515292180411e-09,2.211679093306884170e-04,2.261403508896364656e-09,4.571131648845039308e-05,1.132430988945998251e-04
2.818536515292180411e-09,3.424991623646178596e-09,3.632680163718760014e-04,2.736758324317634106e-04,4.957108057368486698e-09
2.818536515292180411e-09,3.424991623646178596e-09,1.146392969531007111e-04,1.535380579298362136e-04,4.957108057368486698e-09
1.940927322721108794e-04,3.424991623646178596e-09,1.815719588194042444e-04,9.662775119068101048e-05,4.957108057368486698e-09
9.770113683771342039e-05,3.424991623646178596e-09,1.818450837163254619e-04,1.930797443492338061e-04,1.064491807483136654e-04
2.818536515292180411e-09,6.460650183726102114e-05,2.261403508896364656e-09,7.540348451584577560e-05,4.957108057368486698e-09
2.818536515292180411e-09,3.424991623646178596e-09,2.261403508896364656e-09,8.240696479333564639e-05,4.957108057368486698e-09
1.812924165278673172e-04,6.616608152398839593e-05,3.971917321905493736e-04,2.359076711755392353e-09,3.562630154192447662e-04
8.762607467360794544e-05,3.424991623646178596e-09,2.261403508896364656e-09,2.359076711755392353e-09,4.957108057368486698e-09
2.818536515292180411e-09,1.277706032851710916e-04,2.261403508896364656e-09,2.359076711755392353e-09,4.957108057368486698e-09
9.719532681629061699e-05,3.424991623646178596e-09,1.825938816182315350e-04,9.750666504260152578e-05,4.957108057368486698e-09
2.818536515292180411e-09,6.569333345396444201e-05,8.085060835583135486e-05,2.359076711755392353e-09,1.109493023250252008e-04
7.371745596174150705e-05,3.424991623646178596e-09,2.261403508896364656e-09,2.222157781943678856e-04,4.957108057368486698e-09
8.413399336859583855e-05,3.424991623646178596e-09,2.261403508896364656e-09,2.359076711755392353e-09,4.957108057368486698e-09
2.818536515292180411e-09,3.424991623646178596e-09,2.261403508896364656e-09,1.950381702044978738e-04,4.957108057368486698e-09
8.819244976621121168e-05,3.424991623646178596e-09,2.261403508896364656e-09,2.178062131861224771e-04,4.957108057368486698e-09
2.818536515292180411e-09,3.424991623646178596e-09,2.261403508896364656e-09,1.943920506164431572e-04,1.028129554470069706e-04
2.451272157486528158e-04,7.879897748352959752e-05,2.261403508896364656e-09,2.359076711755392353e-09,4.957108057368486698e-09
3.019993018824607134e-04,4.038554907310754061e-04,1.954679755726829171e-04,4.810446116607636213e-04,2.035195939242839813e-03
1.955283078132197261e-04,3.424991623646178596e-09,2.261403508896364656e-09,1.946672855410724878e-04,4.957108057368486698e-09
1.453896547900512815e-04,8.024112321436405182e-05,2.261403508896364656e-09,1.184302454930730164e-04,4.957108057368486698e-09
2.818536515292180411e-09,3.424991623646178596e-09,2.261403508896364656e-09,8.962465653894469142e-05,4.957108057368486698e-09
2.818536515292180411e-09,3.424991623646178596e-09,2.261403508896364656e-09,9.611450514057651162e-05,1.066469776560552418e-04
8.979664562502875924e-05,3.424991623646178596e-09,2.261403508896364656e-09,2.359076711755392353e-09,4.957108057368486698e-09
2.818536515292180411e-09,3.424991623646178596e-09,9.086901991395279765e-05,2.359076711755392353e-09,4.957108057368486698e-09
2.818536515292180411e-09,8.450954919680953026e-05,2.634546544868499041e-04,3.767549642361700535e-04,4.957108057368486698e-09
2.818536515292180411e-09,3.424991623646178596e-09,2.216541615780442953e-04,1.467593247070908546e-04,4.957108057368486698e-09
2.818536515292180411e-09,3.424991623646178596e-09,1.800886384444311261e-04,2.359076711755392353e-09,4.957108057368486698e-09
2.818536515292180411e-09,5.192659446038305759e-04,4.041602951474487782e-04,4.620580584742128849e-04,4.957108057368486698e-09
2.818536515292180411e-09,3.424991623646178596e-09,9.118294838117435575e-05,2.359076711755392353e-09,4.957108057368486698e-09
2.818536515292180411e-09,8.876762003637850285e-04,4.117318021599203348e-04,4.715000686701387167e-04,4.957108057368486698e-09
2.818536515292180411e-09,3.478483995422720909e-04,4.901208449155092239e-04,5.402846727520227432e-04,4.957108057368486698e-09
2.818536515292180411e-09,3.424991623646178596e-09,9.024036262417212129e-05,2.359076711755392353e-09,4.957108057368486698e-09
2.818536515292180411e-09,3.424991623646178596e-09,1.824905193643644452e-04,2.359076711755392353e-09,4.957108057368486698e-09
2.818536515292180411e-09,3.424991623646178596e-09,4.497295594774186611e-04,2.359076711755392353e-09,4.957108057368486698e-09
2.818536515292180411e-09,3.424991623646178596e-09,4.465205420274287462e-04,2.359076711755392353e-09,4.957108057368486698e-09
2.818536515292180411e-09,3.424991623646178596e-09,1.811151742003858089e-04,2.359076711755392353e-09,4.957108057368486698e-09
2.818536515292180411e-09,2.689882530830800533e-04,4.323296307120472193e-04,5.702888593077659607e-04,4.957108057368486698e-09
2.818536515292180411e-09,3.424991623646178596e-09,9.129470709012821317e-05,2.359076711755392353e-09,4.957108057368486698e-09
9.703533578431233764e-05,1.234424853464588523e-04,3.861050354316830635e-04,4.728897183667868376e-04,4.957108057368486698e-09
7.408024976029992104e-04,5.791061557829380035e-04,3.590979031287133694e-04,4.775403358507901430e-04,4.957108057368486698e-09
2.818536515292180411e-09,3.424991623646178596e-09,1.816049189073964953e-04,2.359076711755392353e-09,4.957108057368486698e-09
7.034249720163643360e-04,8.693225099705159664e-04,3.826788451988250017e-04,4.651027556974440813e-04,4.957108057368486698e-09
2.818536515292180411e-09,3.424991623646178596e-09,2.715817245189100504e-04,2.359076711755392353e-09,4.957108057368486698e-09
4.572798497974872589e-04,9.869206696748733521e-04,3.664134128484874964e-04,4.167698498349636793e-04,9.640603093430399895e-04
2.818536515292180411e-09,3.424991623646178596e-09,9.119927563006058335e-05,2.359076711755392353e-09,4.957108057368486698e-09
3.426009789109230042e-04,1.034380169585347176e-03,3.771370975300669670e-04,4.601331602316349745e-04,2.319843770237639546e-04
2.818536515292180411e-09,3.424991623646178596e-09,9.113334817811846733e-05,2.359076711755392353e-09,4.957108057368486698e-09
2.818536515292180411e-09,3.424991623646178596e-09,1.809269742807373405e-04,2.359076711755392353e-09,4.957108057368486698e-09
2.818536515292180411e-09,3.424991623646178596e-09,2.721468626987189054e-04,2.359076711755392353e-09,4.957108057368486698e-09
2.818536515292180411e-09,3.424991623646178596e-09,2.738205948844552040e-04,2.359076711755392353e-09,4.957108057368486698e-09
2.818536515292180411e-09,3.424991623646178596e-09,4.425138758961111307e-04,2.359076711755392353e-09,4.957108057368486698e-09
2.818536515292180411e-09,3.424991623646178596e-09,2.712483401410281658e-04,2.359076711755392353e-09,4.957108057368486698e-09
1.741313462844118476e-04,7.459300104528665543e-04,4.475207824725657701e-04,4.853183927480131388e-04,4.957108057368486698e-09
2.818536515292180411e-09,1.797559671103954315e-04,4.097332421224564314e-04,4.989097360521554947e-04,4.957108057368486698e-09
2.818536515292180411e-09,3.424991623646178596e-09,9.085034253075718880e-05,2.359076711755392353e-09,4.957108057368486698e-09
9.673582098912447691e-05,3.424991623646178596e-09,2.986261970363557339e-04,4.137889191042631865e-04,4.957108057368486698e-09
2.818536515292180411e-09,3.424991623646178596e-09,9.081062307814136147e-05,2.359076711755392353e-09,4.957108057368486698e-09
7.579782977700233459e-04,3.246850101277232170e-04,3.787185414694249630e-04,5.024858401156961918e-04,4.957108057368486698e-09
2.818536515292180411e-09,3.424991623646178596e-09,2.723757643252611160e-04,2.359076711755392353e-09,4.957108057368486698e-09
5.616789567284286022e-04,7.718401029706001282e-04,3.996927698608487844e-04,4.676201206166297197e-04,5.257132579572498798e-04
2.818536515292180411e-09,3.424991623646178596e-09,2.710919652599841356e-04,2.359076711755392353e-09,4.957108057368486698e-09
5.279390024952590466e-04,9.983634809032082558e-04,3.787507594097405672e-04,4.393078270368278027e-04,5.726804374717175961e-04
2.818536515292180411e-09,3.424991623646178596e-09,2.723899669945240021e-04,2.359076711755392353e-09,4.957108057368486698e-09
3.421414876356720924e-04,1.030727056786417961e-03,3.955157008022069931e-04,4.603800189215689898e-04,2.070688497042283416e-04
2.818536515292180411e-09,3.424991623646178596e-09,1.827400119509547949e-04,2.359076711755392353e-09,4.957108057368486698e-09
2.818536515292180411e-09,3.424991623646178596e-09,3.634965105447918177e-04,2.359076711755392353e-09,4.957108057368486698e-09
2.818536515292180411e-09,3.424991623646178596e-09,9.124289499595761299e-05,2.359076711755392353e-09,4.957108057368486698e-09
2.818536515292180411e-09,3.424991623646178596e-09,2.707989187911152840e-04,2.359076711755392353e-09,4.957108057368486698e-09
2.818536515292180411e-09,3.424991623646178596e-09,4.140440141782164574e-04,1.350650418316945434e-04,4.957108057368486698e-09
2.818536515292180411e-09,3.424991623646178596e-09,5.460549728013575077e-04,1.383971975883468986e-04,4.957108057368486698e-09
2.818536515292180411e-09,3.424991623646178596e-09,5.440724198706448078e-04,2.359076711755392353e-09,4.957108057368486698e-09
5.892298067919909954e-04,7.827318622730672359e-04,4.187148588243871927e-04,4.757001588586717844e-04,4.957108057368486698e-09
1.920843205880373716e-04,3.830502391792833805e-04,4.556965141091495752e-04,5.504290456883609295e-04,4.957108057368486698e-09
2.818536515292180411e-09,3.424991623646178596e-09,9.028401836985722184e-05,1.005488229566253722e-04,4.957108057368486698e-09
9.695025073597207665e-05,3.424991623646178596e-09,2.261403508896364656e-09,1.942490780493244529e-04,4.957108057368486698e-09
4.125658306293189526e-04,1.818712480599060655e-04,4.280490975361317396e-04,5.201357416808605194e-04,4.957108057368486698e-09
2.818536515292180411e-09,3.424991623646178596e-09,9.015251271193847060e-05,2.359076711755392353e-09,4.957108057368486698e-09
2.818536515292180411e-09,6.438602576963603497e-05,2.261403508896364656e-09,2.359076711755392353e-09,4.957108057368486698e-09
5.817134515382349491e-04,4.056616453453898430e-04,3.766709996853023767e-04,4.602272238116711378e-04,7.447177777066826820e-04
2.818536515292180411e-09,3.424991623646178596e-09,2.715391747187823057e-04,2.359076711755392353e-09,4.957108057368486698e-09
4.957260680384933949e-04,8.782846271060407162e-04,3.803261497523635626e-04,4.562912799883633852e-04,7.834871066734194756e-04
2.818536515292180411e-09,3.424991623646178596e-09,2.718046307563781738e-04,2.359076711755392353e-09,4.957108057368486698e-09
5.958912079222500324e-04,1.028070575557649136e-03,3.724744310602545738e-04,4.375654971227049828e-04,6.442444282583892345e-04
2.818536515292180411e-09,3.424991623646178596e-09,2.717766619753092527e-04,2.359076711755392353e-09,4.957108057368486698e-09
6.898867432028055191e-04,9.892215020954608917e-04,3.854057285934686661e-04,4.445602535270154476e-04,2.633182448334991932e-04
2.818536515292180411e-09,3.424991623646178596e-09,1.812151167541742325e-04,2.359076711755392353e-09,4.957108057368486698e-09
2.818536515292180411e-09,3.424991623646178596e-09,2.718235191423445940e-04,2.359076711755392353e-09,4.957108057368486698e-09
2.818536515292180411e-09,3.424991623646178596e-09,1.811053953133523464e-04,2.359076711755392353e-09,4.957108057368486698e-09
2.818536515292180411e-09,3.424991623646178596e-09,3.227803972549736500e-04,1.358143636025488377e-04,4.957108057368486698e-09
2.818536515292180411e-09,3.424991623646178596e-09,6.877792184241116047e-04,2.945290179923176765e-04,4.957108057368486698e-09
2.818536515292180411e-09,3.424991623646178596e-09,5.108197801746428013e-04,1.279935095226392150e-04,4.957108057368486698e-09
2.818536515292180411e-09,3.424991623646178596e-09,5.512544885277748108e-04,3.935464337700977921e-05,4.957108057368486698e-09
6.717651849612593651e-04,7.076114998199045658e-04,3.953743726015090942e-04,4.706353065557777882e-04,6.708471919409930706e-04
2.270925469929352403e-04,3.337968373671174049e-04,4.254371160641312599e-04,4.972376627847552299e-04,4.957108057368486698e-09
2.818536515292180411e-09,3.424991623646178596e-09,9.040359145728871226e-05,2.359076711755392353e-09,4.957108057368486698e-09
3.835979441646486521e-04,3.424991623646178596e-09,2.261403508896364656e-09,3.048875660169869661e-04,4.957108057368486698e-09
5.944840377196669579e-04,2.163325989386066794e-04,3.813730727415531874e-04,5.100630223751068115e-04,4.722488520201295614e-04
4.795688146259635687e-04,5.214348784647881985e-04,4.070750146638602018e-04,4.814800631720572710e-04,1.165669760666787624e-03
2.818536515292180411e-09,3.424991623646178596e-09,2.731809217948466539e-04,2.359076711755392353e-09,4.957108057368486698e-09
4.272488295100629330e-04,9.940052404999732971e-04,3.386421303730458021e-04,4.264226008672267199e-04,2.304269699379801750e-03
2.818536515292180411e-09,3.424991623646178596e-09,2.719919430091977119e-04,2.359076711755392353e-09,4.957108057368486698e-09
4.655928350985050201e-04,1.006125006824731827e-03,3.458713763393461704e-04,4.275101528037339449e-04,1.693266094662249088e-03
2.818536515292180411e-09,3.424991623646178596e-09,2.724363876041024923e-04,2.359076711755392353e-09,4.957108057368486698e-09
5.549720372073352337e-04,9.948275983333587646e-04,3.517189470585435629e-04,4.204557626508176327e-04,1.488001900725066662e-03
2.818536515292180411e-09,3.424991623646178596e-09,9.080943709705024958e-05,2.359076711755392353e-09,4.957108057368486698e-09
2.818536515292180411e-09,3.424991623646178596e-09,2.707364910747855902e-04,2.359076711755392353e-09,4.957108057368486698e-09
2.818536515292180411e-09,3.424991623646178596e-09,3.216911864001303911e-04,1.379383029416203499e-04,4.957108057368486698e-09
2.818536515292180411e-09,3.424991623646178596e-09,6.229599821381270885e-04,2.805368567351251841e-04,4.957108057368486698e-09
2.818536515292180411e-09,3.424991623646178596e-09,5.307279061526060104e-04,2.359076711755392353e-09,4.957108057368486698e-09
2.818536515292180411e-09,3.424991623646178596e-09,2.724372316151857376e-04,2.359076711755392353e-09,4.957108057368486698e-09
5.742119974456727505e-04,4.048629198223352432e-04,4.637278616428375244e-04,5.192914977669715881e-04,3.245397529099136591e-04
1.856675517046824098e-04,9.213454904966056347e-05,1.769706577761098742e-04,2.906352747231721878e-04,4.957108057368486698e-09
3.808576148003339767e-04,3.424991623646178596e-09,2.120670542353764176e-04,3.829991910606622696e-04,4.957108057368486698e-09
2.818536515292180411e-09,3.424991623646178596e-09,1.137807848863303661e-04,1.550148008391261101e-04,4.957108057368486698e-09
8.843842078931629658e-05,3.424991623646178596e-09,2.261403508896364656e-09,2.359076711755392353e-09,4.957108057368486698e-09
2.818536515292180411e-09,3.424991623646178596e-09,1.823757193051278591e-04,2.359076711755392353e-09,4.957108057368486698e-09
4.612178308889269829e-04,9.775826474651694298e-04,3.383176808711141348e-04,4.232690262142568827e-04,2.390620531514286995e-03
2.818536515292180411e-09,3.424991623646178596e-09,9.037015115609392524e-05,2.359076711755392353e-09,4.957108057368486698e-09
5.515943048521876335e-04,9.480586741119623184e-04,3.531363909132778645e-04,4.210910119581967592e-04,1.564637175761163235e-03
2.818536515292180411e-09,3.424991623646178596e-09,2.710502594709396362e-04,9.790953481569886208e-05,4.957108057368486698e-09
1.814003044273704290e-04,3.424991623646178596e-09,2.722234639804810286e-04,2.359076711755392353e-09,4.957108057368486698e-09
2.818536515292180411e-09,3.424991623646178596e-09,9.185785893350839615e-05,2.359076711755392353e-09,4.957108057368486698e-09
9.854960080701857805e-05,3.424991623646178596e-09,2.993736125063151121e-04,3.701715613715350628e-04,4.957108057368486698e-09
2.818536515292180411e-09,3.424991623646178596e-09,2.261403508896364656e-09,3.351816558279097080e-04,1.007282698992639780e-04
1.886634127004072070e-04,4.160481912549585104e-04,1.451183052267879248e-04,1.300917792832478881e-04,1.292568049393594265e-04
7.196606020443141460e-04,3.749937750399112701e-04,4.536916967481374741e-04,5.018261726945638657e-04,5.391968297772109509e-04
9.777646482689306140e-05,3.424991623646178596e-09,2.261403508896364656e-09,9.656194015406072140e-05,4.957108057368486698e-09
8.819168579066172242e-05,3.424991623646178596e-09,2.261403508896364656e-09,2.359076711755392353e-09,4.957108057368486698e-09
2.704237995203584433e-04,3.424991623646178596e-09,2.261403508896364656e-09,2.359076711755392353e-09,4.957108057368486698e-09
2.818536515292180411e-09,3.424991623646178596e-09,2.261403508896364656e-09,2.359076711755392353e-09,1.018975744955241680e-04
2.818536515292180411e-09,3.424991623646178596e-09,2.261403508896364656e-09,9.698932990431785583e-05,2.039706450887024403e-04
2.818536515292180411e-09,3.424991623646178596e-09,9.097262227442115545e-05,9.758078522281721234e-05,4.957108057368486698e-09
2.818536515292180411e-09,3.424991623646178596e-09,1.156552389147691429e-04,2.719727053772658110e-04,4.957108057368486698e-09
2.818536515292180411e-09,2.577760315034538507e-04,2.261403508896364656e-09,9.739512461237609386e-05,4.957108057368486698e-09
2.818536515292180411e-09,3.424991623646178596e-09,3.231090959161520004e-04,1.369226083625108004e-04,4.957108057368486698e-09
1.100334629882127047e-04,3.424991623646178596e-09,4.626260488294064999e-04,4.030028358101844788e-04,1.314608816755935550e-04
1.813955022953450680e-04,3.424991623646178596e-09,2.261403508896364656e-09,2.359076711755392353e-09,4.957108057368486698e-09
2.818536515292180411e-09,3.424991623646178596e-09,1.805462961783632636e-04,9.718134242575615644e-05,4.957108057368486698e-09
9.590302943252027035e-05,3.424991623646178596e-09,2.261403508896364656e-09,9.625496750231832266e-05,1.025263263727538288e-04
2.384775725658982992e-04,3.835091047221794724e-05,3.034052206203341484e-04,1.568621955811977386e-04,8.732402347959578037e-04
2.818536515292180411e-09,3.424991623646178596e-09,2.261403508896364656e-09,1.939971261890605092e-04,4.957108057368486698e-09
2.818536515292180411e-09,1.276513212360441685e-04,2.261403508896364656e-09,2.359076711755392353e-09,4.957108057368486698e-09
9.794073412194848061e-05,8.256225555669516325e-05,4.060821374878287315e-04,3.640166542027145624e-04,3.213407399016432464e-05
2.818536515292180411e-09,3.424991623646178596e-09,2.261403508896364656e-09,9.685518307378515601e-05,4.957108057368486698e-09
2.200957387685775757e-04,3.424991623646178596e-09,4.185731813777238131e-04,3.867270424962043762e-04,1.288674684474244714e-04
2.818536515292180411e-09,1.919546411954797804e-05,2.261403508896364656e-09,1.893610751722007990e-04,2.793526800815016031e-04
2.818536515292180411e-09,1.931897277245298028e-04,2.329056733287870884e-04,1.422475324943661690e-04,4.957108057368486698e-09
8.775381138548254967e-05,3.424991623646178596e-09,2.261403508896364656e-09,2.359076711755392353e-09,4.957108057368486698e-09
2.818536515292180411e-09,4.668810870498418808e-04,3.461489104665815830e-04,3.461776941549032927e-04,1.673740771366283298e-04
8.716397132957354188e-05,3.424991623646178596e-09,2.261403508896364656e-09,2.359076711755392353e-09,4.957108057368486698e-09
9.801625128602609038e-05,3.424991623646178596e-09,2.213430852862074971e-04,1.636123924981802702e-04,4.957108057368486698e-09
2.818536515292180411e-09,6.472408858826383948e-05,2.261403508896364656e-09,9.586389933247119188e-05,4.957108057368486698e-09
1.749140501488000154e-04,6.509736704174429178e-05,2.261403508896364656e-09,2.359076711755392353e-09,4.957108057368486698e-09
1.187752204714342952e-04,8.171995432348921895e-06,2.261403508896364656e-09,2.894474309869110584e-04,3.880845324601978064e-04
9.637851326260715723e-05,3.424991623646178596e-09,2.261403508896364656e-09,2.937349490821361542e-04,1.033725857269018888e-04
2.818536515292180411e-09,2.783696618280373514e-05,2.261403508896364656e-09,2.359076711755392353e-09,4.995428753318265080e-05
8.896854706108570099e-05,6.493427645182237029e-05,2.261403508896364656e-09,2.359076711755392353e-09,4.957108057368486698e-09
2.818536515292180411e-09,3.424991623646178596e-09,2.261403508896364656e-09,2.558097767177969217e-04,4.957108057368486698e-09
2.818536515292180411e-09,6.589111580979079008e-05,1.213025316246785223e-04,1.820850156946107745e-04,4.957108057368486698e-09
2.818536515292180411e-09,3.424991623646178596e-09,9.038938151206821203e-05,2.359076711755392353e-09,4.957108057368486698e-09
2.818536515292180411e-09,3.424991623646178596e-09,3.953889536205679178e-04,4.017431929241865873e-04,4.957108057368486698e-09
2.818536515292180411e-09,3.424991623646178596e-09,3.700188535731285810e-04,1.413257559761404991e-04,4.957108057368486698e-09
2.818536515292180411e-09,3.424991623646178596e-09,9.111104736803099513e-05,2.359076711755392353e-09,4.957108057368486698e-09
2.818536515292180411e-09,3.424991623646178596e-09,2.633765398059040308e-04,2.359076711755392353e-09,4.957108057368486698e-09
2.818536515292180411e-09,3.424991623646178596e-09,3.961749898735433817e-04,2.895854704547673464e-04,4.957108057368486698e-09
2.818536515292180411e-09,3.424991623646178596e-09,1.810986432246863842e-04,2.359076711755392353e-09,4.957108057368486698e-09
2.818536515292180411e-09,3.424991623646178596e-09,3.948664234485477209e-04,4.018980835098773241e-04,4.957108057368486698e-09
2.818536515292180411e-09,3.424991623646178596e-09,2.723824873100966215e-04,2.359076711755392353e-09,4.957108057368486698e-09
2.818536515292180411e-09,1.249482738785445690e-04,3.827566979452967644e-04,4.650553164537996054e-04,4.957108057368486698e-09
2.818536515292180411e-09,3.424991623646178596e-09,2.725425874814391136e-04,2.359076711755392353e-09,4.957108057368486698e-09
2.818536515292180411e-09,3.424991623646178596e-09,8.969158079707995057e-05,2.359076711755392353e-09,4.957108057368486698e-09
2.818536515292180411e-09,3.424991623646178596e-09,9.088169463211670518e-05,2.359076711755392353e-09,4.957108057368486698e-09
2.818536515292180411e-09,3.424991623646178596e-09,1.814176503103226423e-04,2.359076711755392353e-09,4.957108057368486698e-09
2.818536515292180411e-09,3.424991623646178596e-09,2.681067853700369596e-04,2.359076711755392353e-09,4.957108057368486698e-09
2.818536515292180411e-09,3.424991623646178596e-09,2.710506960283964872e-04,2.359076711755392353e-09,4.957108057368486698e-09
2.818536515292180411e-09,3.424991623646178596e-09,2.723709912970662117e-04,2.359076711755392353e-09,4.957108057368486698e-09
2.818536515292180411e-09,1.033324748277664185e-03,3.984660434070974588e-04,4.544487455859780312e-04,4.957108057368486698e-09
2.818536515292180411e-09,8.525533485226333141e-05,2.626212663017213345e-04,3.792930219788104296e-04,4.957108057368486698e-09
2.818536515292180411e-09,3.424991623646178596e-09,9.033000969793647528e-05,2.359076711755392353e-09,4.957108057368486698e-09
2.818536515292180411e-09,3.424991623646178596e-09,9.117262379731982946e-05,2.359076711755392353e-09,4.957108057368486698e-09
9.626660175854340196e-05,1.217369353980757296e-04,3.854638489428907633e-04,4.749895597342401743e-04,4.957108057368486698e-09
2.818536515292180411e-09,3.424991623646178596e-09,9.066538041224703193e-05,2.359076711755392353e-09,4.957108057368486698e-09
3.940520109608769417e-04,7.281461730599403381e-04,4.082702798768877983e-04,4.924500826746225357e-04,4.957108057368486698e-09
2.818536515292180411e-09,3.424991623646178596e-09,1.823140773922204971e-04,2.359076711755392353e-09,4.957108057368486698e-09
3.418661945033818483e-04,1.030961633659899235e-03,3.948627563659101725e-04,4.611202166415750980e-04,2.087623433908447623e-04
2.818536515292180411e-09,3.424991623646178596e-09,2.713542780838906765e-04,2.359076711755392353e-09,4.957108057368486698e-09
2.364911197219043970e-04,9.914024267345666885e-04,3.876361879520118237e-04,4.595473874360322952e-04,4.957108057368486698e-09
2.818536515292180411e-09,3.424991623646178596e-09,1.810109824873507023e-04,2.359076711755392353e-09,4.957108057368486698e-09
2.818536515292180411e-09,3.424991623646178596e-09,2.720973279792815447e-04,2.359076711755392353e-09,4.957108057368486698e-09
2.818536515292180411e-09,3.424991623646178596e-09,1.810552639653906226e-04,2.359076711755392353e-09,4.957108057368486698e-09
2.818536515292180411e-09,3.424991623646178596e-09,2.722548961173743010e-04,2.359076711755392353e-09,4.957108057368486698e-09
2.818536515292180411e-09,3.424991623646178596e-09,4.460522613953799009e-04,2.359076711755392353e-09,4.957108057368486698e-09
2.818536515292180411e-09,3.424991623646178596e-09,4.728047351818531752e-04,2.359076711755392353e-09,4.957108057368486698e-09
2.818536515292180411e-09,3.424991623646178596e-09,4.428871034178882837e-04,2.359076711755392353e-09,4.957108057368486698e-09
3.314400964882224798e-04,1.087746815755963326e-03,3.892908571287989616e-04,4.566808056551963091e-04,2.513430954422801733e-04
2.818536515292180411e-09,7.191130425781011581e-04,4.631230258382856846e-04,4.897965700365602970e-04,4.957108057368486698e-09
2.818536515292180411e-09,1.715784455882385373e-04,2.771422441583126783e-04,4.434608563315123320e-04,4.957108057368486698e-09
2.818536515292180411e-09,3.424991623646178596e-09,9.135982691077515483e-05,2.359076711755392353e-09,4.957108057368486698e-09
2.818536515292180411e-09,7.474056474165990949e-05,3.950453829020261765e-04,3.862261073663830757e-04,4.957108057368486698e-09
2.818536515292180411e-09,3.424991623646178596e-09,9.063306788448244333e-05,2.359076711755392353e-09,4.957108057368486698e-09
3.292710171081125736e-04,2.925643348135054111e-04,4.231077036820352077e-04,5.040380638092756271e-04,4.957108057368486698e-09
2.818536515292180411e-09,3.424991623646178596e-09,2.721699420362710953e-04,2.359076711755392353e-09,4.957108057368486698e-09
3.714756749104708433e-04,7.818236481398344040e-04,4.187348240520805120e-04,4.808815720025449991e-04,2.079220721498131752e-04
2.818536515292180411e-09,3.424991623646178596e-09,2.723362413235008717e-04,2.359076711755392353e-09,4.957108057368486698e-09
5.948277539573609829e-04,9.755524224601686001e-04,3.881998127326369286e-04,4.505339602474123240e-04,2.874446217902004719e-04
2.818536515292180411e-09,3.424991623646178596e-09,3.622928343247622252e-04,2.359076711755392353e-09,4.957108057368486698e-09
5.787920672446489334e-04,1.024321070872247219e-03,3.831864742096513510e-04,4.463429213501513004e-04,3.558175812941044569e-04
2.818536515292180411e-09,3.424991623646178596e-09,3.626553516369313002e-04,2.359076711755392353e-09,4.957108057368486698e-09
2.818536515292180411e-09,3.424991623646178596e-09,3.609646228142082691e-04,2.359076711755392353e-09,4.957108057368486698e-09
2.818536515292180411e-09,3.424991623646178596e-09,9.060270531335845590e-05,2.359076711755392353e-09,4.957108057368486698e-09
2.818536515292180411e-09,3.424991623646178596e-09,1.809160748962312937e-04,2.359076711755392353e-09,4.957108057368486698e-09
2.818536515292180411e-09,3.424991623646178596e-09,2.719969197642058134e-04,2.359076711755392353e-09,4.957108057368486698e-09
2.818536515292180411e-09,3.424991623646178596e-09,5.458628293126821518e-04,2.359076711755392353e-09,4.957108057368486698e-09
2.818536515292180411e-09,1.297400449402630329e-04,5.864541744813323021e-04,2.359076711755392353e-09,4.957108057368486698e-09
2.818536515292180411e-09,3.424991623646178596e-09,6.213362212292850018e-04,2.359076711755392353e-09,4.957108057368486698e-09
7.185376598499715328e-04,1.051637460477650166e-03,3.756347578018903732e-04,4.343136097304522991e-04,3.369866753928363323e-04
5.760199856013059616e-04,8.719417965039610863e-04,4.069581918884068727e-04,4.642645653802901506e-04,4.957108057368486698e-09
6.249904254218563437e-05,4.092432500328868628e-04,4.485475656110793352e-04,5.339806666597723961e-04,4.957108057368486698e-09
6.250973819987848401e-05,8.686873479746282101e-05,2.261403508896364656e-09,9.508831863058730960e-05,4.957108057368486698e-09
1.162145708804018795e-04,3.424991623646178596e-09,3.922854957636445761e-04,3.907048376277089119e-04,4.957108057368486698e-09
2.818536515292180411e-09,3.424991623646178596e-09,1.810197863960638642e-04,2.359076711755392353e-09,4.957108057368486698e-09
6.360998959280550480e-04,3.320850082673132420e-04,4.021041386295109987e-04,4.922668449580669403e-04,4.460162890609353781e-04
2.818536515292180411e-09,3.424991623646178596e-09,2.728626132011413574e-04,2.359076711755392353e-09,4.957108057368486698e-09
5.471331533044576645e-04,8.623127941973507404e-04,3.915987617801874876e-04,4.582097753882408142e-04,5.162575398571789265e-04
2.818536515292180411e-09,3.424991623646178596e-09,2.714241563808172941e-04,2.359076711755392353e-09,4.957108057368486698e-09
5.165441543795168400e-04,1.078178524039685726e-03,3.730785683728754520e-04,4.360960738267749548e-04,5.676802829839289188e-04
2.818536515292180411e-09,1.359433517791330814e-04,4.239545960444957018e-04,2.359076711755392353e-09,4.957108057368486698e-09
5.555842653848230839e-04,1.060366746969521046e-03,3.639706992544233799e-04,4.294746031519025564e-04,8.595035178586840630e-04
2.818536515292180411e-09,3.424991623646178596e-09,3.610464627854526043e-04,2.359076711755392353e-09,4.957108057368486698e-09
2.818536515292180411e-09,3.424991623646178596e-09,4.535648622550070286e-04,2.359076711755392353e-09,4.957108057368486698e-09
2.818536515292180411e-09,3.424991623646178596e-09,3.603008517529815435e-04,2.359076711755392353e-09,4.957108057368486698e-09
2.818536515292180411e-09,3.424991623646178596e-09,5.759792402386665344e-04,1.497060875408351421e-04,4.957108057368486698e-09
2.818536515292180411e-09,3.424991623646178596e-09,6.666044937446713448e-04,1.436857710359618068e-04,4.957108057368486698e-09
2.818536515292180411e-09,3.424991623646178596e-09,6.382393185049295425e-04,2.359076711755392353e-09,4.957108057368486698e-09
5.777408368885517120e-04,1.031268737278878689e-03,3.527381049934774637e-04,4.125772393308579922e-04,1.310682855546474457e-03
6.289620650932192802e-04,9.374847286380827427e-04,3.811659407801926136e-04,4.466619866434484720e-04,5.923521239310503006e-04
4.437303578015416861e-04,3.088734229095280170e-04,4.430297412909567356e-04,5.518433754332363605e-04,4.957108057368486698e-09
7.624824502272531390e-05,7.212047057691961527e-05,2.261403508896364656e-09,1.169979368569329381e-04,4.957108057368486698e-09
9.728437726153060794e-05,3.424991623646178596e-09,2.261403508896364656e-09,9.608113032300025225e-05,4.957108057368486698e-09
6.040923763066530228e-04,3.424991623646178596e-09,4.389804380480200052e-04,5.003599217161536217e-04,4.957108057368486698e-09
2.818536515292180411e-09,3.424991623646178596e-09,9.057628631126135588e-05,2.359076711755392353e-09,4.957108057368486698e-09
2.818536515292180411e-09,3.424991623646178596e-09,2.730901469476521015e-04,2.359076711755392353e-09,4.957108057368486698e-09
8.829170837998390198e-05,7.266779721248894930e-05,4.301232402212917805e-04,2.359076711755392353e-09,4.957108057368486698e-09
4.782546893693506718e-04,1.001050812192261219e-03,3.405309980735182762e-04,4.233775543980300426e-04,2.133202273398637772e-03
2.818536515292180411e-09,3.424991623646178596e-09,4.525782132986932993e-04,2.359076711755392353e-09,4.957108057368486698e-09
5.125345778651535511e-04,1.017534290440380573e-03,3.432184457778930664e-04,4.210301267448812723e-04,1.883577904663980007e-03
2.818536515292180411e-09,3.424991623646178596e-09,2.716506714932620525e-04,2.359076711755392353e-09,4.957108057368486698e-09
2.818536515292180411e-09,3.424991623646178596e-09,2.729649422690272331e-04,2.359076711755392353e-09,4.957108057368486698e-09
2.818536515292180411e-09,3.424991623646178596e-09,9.068401413969695568e-05,2.359076711755392353e-09,4.957108057368486698e-09
2.818536515292180411e-09,9.224994573742151260e-05,4.820773319806903601e-04,2.941456914413720369e-04,1.685078132140915841e-06
2.082542923744767904e-04,3.424991623646178596e-09,6.290297023952007294e-04,3.270587185397744179e-04,4.957108057368486698e-09
1.013626679196022451e-04,3.424991623646178596e-09,7.143235998228192329e-04,1.019625851768068969e-04,4.957108057368486698e-09
2.818536515292180411e-09,3.424991623646178596e-09,6.219393108040094376e-04,2.359076711755392353e-09,4.957108057368486698e-09
5.127681070007383823e-04,9.771843906491994858e-04,3.467974020168185234e-04,4.247591423336416483e-04,1.789897214621305466e-03
6.309643504209816456e-04,7.971154409460723400e-04,3.899019793607294559e-04,4.588513402268290520e-04,6.948134978301823139e-04
1.727589551592245698e-04,2.368955319980159402e-04,4.485058889258652925e-04,4.994485061615705490e-04,4.957108057368486698e-09
8.749825065024197102e-05,3.424991623646178596e-09,2.261403508896364656e-09,2.359076711755392353e-09,4.957108057368486698e-09
3.857415285892784595e-04,3.424991623646178596e-09,2.261403508896364656e-09,1.997730432776734233e-04,4.957108057368486698e-09
9.674661851022392511e-05,3.424991623646178596e-09,2.261403508896364656e-09,2.914041979238390923e-04,4.957108057368486698e-09
5.935527733527123928e-04,1.637904933886602521e-04,3.873324021697044373e-04,5.168833304196596146e-04,5.397479399107396603e-04
2.818536515292180411e-09,3.424991623646178596e-09,9.054055408341810107e-05,2.359076711755392353e-09,4.957108057368486698e-09
5.622394382953643799e-04,4.867800744250416756e-04,3.951453545596450567e-04,4.737685085274279118e-04,1.548806554637849331e-03
2.818536515292180411e-09,3.424991623646178596e-09,2.718752075452357531e-04,2.359076711755392353e-09,4.957108057368486698e-09
4.761496384162455797e-04,9.366358863189816475e-04,3.430334327276796103e-04,4.227741737850010395e-04,2.190763596445322037e-03
2.818536515292180411e-09,3.424991623646178596e-09,3.220309154130518436e-04,1.369984674965962768e-04,4.957108057368486698e-09
4.428578540682792664e-04,9.803557768464088440e-04,3.309710882604122162e-04,4.194207722321152687e-04,2.740461146458983421e-03
2.818536515292180411e-09,3.424991623646178596e-09,2.720339107327163219e-04,2.359076711755392353e-09,4.957108057368486698e-09
4.509328282438218594e-04,9.887535125017166138e-04,3.329704341012984514e-04,4.207851307000964880e-04,2.620482118800282478e-03
2.818536515292180411e-09,3.424991623646178596e-09,2.723320212680846453e-04,2.359076711755392353e-09,4.957108057368486698e-09
2.818536515292180411e-09,3.424991623646178596e-09,9.055820555659011006e-05,2.359076711755392353e-09,4.957108057368486698e-09
2.818536515292180411e-09,3.424991623646178596e-09,3.125745570287108421e-04,2.312849537702277303e-04,4.957108057368486698e-09
2.818536515292180411e-09,3.424991623646178596e-09,1.813564158510416746e-04,9.994725405704230070e-05,4.957108057368486698e-09
1.025217279675416648e-04,3.424991623646178596e-09,6.984582869336009026e-04,2.359076711755392353e-09,4.957108057368486698e-09
2.818536515292180411e-09,3.424991623646178596e-09,2.718926407396793365e-04,2.359076711755392353e-09,4.957108057368486698e-09
7.030261331237852573e-04,7.786661735735833645e-04,3.796491946559399366e-04,4.512425803113728762e-04,8.650938980281352997e-04
4.068603739142417908e-04,3.046203346457332373e-04,4.434657457750290632e-04,5.599295254796743393e-04,4.957108057368486698e-09
2.818536515292180411e-09,1.275582471862435341e-04,2.261403508896364656e-09,2.359076711755392353e-09,4.957108057368486698e-09
1.810029498301446438e-04,3.424991623646178596e-09,2.261403508896364656e-09,2.359076711755392353e-09,4.957108057368486698e-09
2.818536515292180411e-09,3.424991623646178596e-09,2.261403508896364656e-09,9.756565123097971082e-05,4.957108057368486698e-09
4.798212321475148201e-04,3.424991623646178596e-09,2.261403508896364656e-09,3.952332190237939358e-04,4.957108057368486698e-09
4.940727376379072666e-04,1.884549128590151668e-04,3.900441806763410568e-04,5.091647617518901825e-04,1.150825410149991512e-03
2.642876061145216227e-04,5.800927174277603626e-04,3.295358619652688503e-04,4.509982827585190535e-04,1.799432677216827869e-03
3.560850745998322964e-04,3.123680944554507732e-04,2.261403508896364656e-09,2.359076711755392353e-09,5.330229178071022034e-04
2.818536515292180411e-09,3.424991623646178596e-09,4.280773282516747713e-04,1.330282102571800351e-04,4.957108057368486698e-09
2.781480434350669384e-04,5.910968757234513760e-04,2.261403508896364656e-09,2.359076711755392353e-09,7.514890166930854321e-04
4.666263412218540907e-04,9.498211438767611980e-04,3.377335378900170326e-04,4.226834862492978573e-04,2.432448090985417366e-03
2.818536515292180411e-09,3.424991623646178596e-09,1.812673726817592978e-04,2.359076711755392353e-09,4.957108057368486698e-09
2.818536515292180411e-09,3.424991623646178596e-09,1.811103138606995344e-04,2.359076711755392353e-09,4.957108057368486698e-09
8.655504643684253097e-05,3.424991623646178596e-09,2.261403508896364656e-09,2.359076711755392353e-09,4.957108057368486698e-09
6.358989630825817585e-04,3.424991623646178596e-09,6.039731670171022415e-04,5.259022582322359085e-04,4.957108057368486698e-09
8.756788156460970640e-05,3.424991623646178596e-09,2.261403508896364656e-09,2.359076711755392353e-09,4.957108057368486698e-09
8.731920388527214527e-05,3.424991623646178596e-09,2.261403508896364656e-09,2.359076711755392353e-09,4.957108057368486698e-09
1.092440579668618739e-04,3.424991623646178596e-09,2.261403508896364656e-09,3.880037693306803703e-04,1.215882250107824802e-03
1.737765996949747205e-04,3.424991623646178596e-09,2.261403508896364656e-09,2.359076711755392353e-09,1.097992717404849827e-04
2.246600924991071224e-04,2.169212166336365044e-05,2.261403508896364656e-09,2.359076711755392353e-09,2.246151707367971539e-04
2.818536515292180411e-09,3.360273258294910192e-04,1.520252408226951957e-04,2.359076711755392353e-09,4.957108057368486698e-09
2.818536515292180411e-09,3.424991623646178596e-09,2.261403508896364656e-09,1.006299644359387457e-04,4.957108057368486698e-09
2.737201575655490160e-04,4.186126461718231440e-04,2.261403508896364656e-09,2.359076711755392353e-09,4.959023208357393742e-04
2.818536515292180411e-09,3.424991623646178596e-09,2.193855470977723598e-04,2.359076711755392353e-09,4.957108057368486698e-09
2.818536515292180411e-09,6.407420733012259007e-05,2.261403508896364656e-09,2.359076711755392353e-09,4.957108057368486698e-09
8.785624231677502394e-05,3.424991623646178596e-09,2.261403508896364656e-09,2.359076711755392353e-09,4.957108057368486698e-09
2.818536515292180411e-09,3.424991623646178596e-09,2.261403508896364656e-09,2.359076711755392353e-09,1.030021958285942674e-04
2.818536515292180411e-09,3.424991623646178596e-09,2.237367443740367889e-04,2.574991958681493998e-04,4.957108057368486698e-09
2.818536515292180411e-09,2.734856388997286558e-05,2.261403508896364656e-09,2.359076711755392353e-09,4.987299689673818648e-05
2.818536515292180411e-09,3.424991623646178596e-09,9.153889550361782312e-05,9.756169311003759503e-05,4.957108057368486698e-09
3.699056978803128004e-04,6.511854735435917974e-05,3.474541881587356329e-04,3.848103515338152647e-04,2.829632139764726162e-04
2.818536515292180411e-09,2.866708673536777496e-04,2.261403508896364656e-09,2.359076711755392353e-09,1.564189296914264560e-04
2.818536515292180411e-09,3.424991623646178596e-09,2.261403508896364656e-09,9.685465192887932062e-05,4.957108057368486698e-09
2.818536515292180411e-09,3.424991623646178596e-09,2.261403508896364656e-09,9.662193770054727793e-05,4.957108057368486698e-09
2.818536515292180411e-09,3.424991623646178596e-09,2.261403508896364656e-09,9.458972635911777616e-05,2.065687876893207431e-04
2.818536515292180411e-09,3.424991623646178596e-09,2.261403508896364656e-09,1.708914060145616531e-04,4.957108057368486698e-09
2.212888794019818306e-04,7.361752068391069770e-05,3.571279812604188919e-04,1.549246808281168342e-04,2.997836854774504900e-04
2.818536515292180411e-09,1.780114398570731282e-04,2.261403508896364656e-09,9.601505735190585256e-05,1.284498284803703427e-04
2.818536515292180411e-09,3.424991623646178596e-09,2.261403508896364656e-09,9.628033149056136608e-05,4.957108057368486698e-09
2.818536515292180411e-09,3.424991623646178596e-09,2.749929262790828943e-04,1.872177381301298738e-04,4.957108057368486698e-09
4.462889628484845161e-04,1.247693726327270269e-04,3.970813704654574394e-04,4.950836882926523685e-04,6.267842836678028107e-04
2.818536515292180411e-09,6.448628846555948257e-05,2.261403508896364656e-09,1.005382437142543495e-04,4.957108057368486698e-09
2.818536515292180411e-09,3.424991623646178596e-09,2.261403508896364656e-09,2.359076711755392353e-09,4.957108057368486698e-09
2.818536515292180411e-09,8.508862811140716076e-05,2.261403508896364656e-09,3.498494043014943600e-04,3.737265942618250847e-04
2.818536515292180411e-09,2.661489634192548692e-05,1.348310615867376328e-04,2.972160000354051590e-04,2.667603548616170883e-04
1.392307458445429802e-04,5.628719227388501167e-04,3.200593055225908756e-04,4.370514943730086088e-04,6.962433690205216408e-04
2.818536515292180411e-09,3.099812020082026720e-04,1.314993423875421286e-04,3.536769072525203228e-04,1.576165086589753628e-04
8.749503467697650194e-05,3.424991623646178596e-09,2.261403508896364656e-09,2.359076711755392353e-09,4.957108057368486698e-09
2.818536515292180411e-09,3.424991623646178596e-09,2.261403508896364656e-09,3.407238691579550505e-04,4.957108057368486698e-09
2.818536515292180411e-09,6.419119017664343119e-05,2.261403508896364656e-09,2.359076711755392353e-09,4.957108057368486698e-09
1.590701722307130694e-04,2.462028060108423233e-04,1.242530852323397994e-04,4.696082323789596558e-04,1.287593040615320206e-03
2.818536515292180411e-09,1.074764877557754517e-04,2.261403508896364656e-09,4.105248663108795881e-04,3.901341988239437342e-04
8.978594269137829542e-05,3.424991623646178596e-09,2.261403508896364656e-09,2.359076711755392353e-09,4.957108057368486698e-09
2.158786082873120904e-04,3.424991623646178596e-09,2.434748021187260747e-04,2.677926968317478895e-04,4.957108057368486698e-09
2.818536515292180411e-09,3.424991623646178596e-09,2.261403508896364656e-09,1.946515694726258516e-04,4.957108057368486698e-09
1.801062608137726784e-04,3.424991623646178596e-09,2.261403508896364656e-09,2.359076711755392353e-09,4.957108057368486698e-09
2.818536515292180411e-09,3.424991623646178596e-09,2.261403508896364656e-09,8.271430851891636848e-05,4.957108057368486698e-09
2.818536515292180411e-09,3.424991623646178596e-09,1.218270190292969346e-04,2.334737946512177587e-04,4.957108057368486698e-09
2.818536515292180411e-09,3.424991623646178596e-09,1.689050404820591211e-04,4.698728844232391566e-06,4.957108057368486698e-09
2.818536515292180411e-09,3.424991623646178596e-09,3.729879972524940968e-04,5.421845344244502485e-05,4.957108057368486698e-09
2.818536515292180411e-09,3.424991623646178596e-09,3.961840702686458826e-04,2.914187207352370024e-04,4.957108057368486698e-09
2.818536515292180411e-09,3.424991623646178596e-09,3.951840335503220558e-04,2.894484205171465874e-04,4.957108057368486698e-09
2.818536515292180411e-09,3.424991623646178596e-09,9.083085751626640558e-05,2.359076711755392353e-09,4.957108057368486698e-09
2.818536515292180411e-09,3.424991623646178596e-09,9.055813279701396823e-05,2.359076711755392353e-09,4.957108057368486698e-09
2.818536515292180411e-09,3.424991623646178596e-09,4.492694279178977013e-04,2.359076711755392353e-09,4.957108057368486698e-09
2.818536515292180411e-09,3.424991623646178596e-09,3.630850405897945166e-04,2.359076711755392353e-09,4.957108057368486698e-09
2.818536515292180411e-09,3.424991623646178596e-09,1.806428481359034777e-04,2.359076711755392353e-09,4.957108057368486698e-09
2.818536515292180411e-09,9.645420359447598457e-04,4.039970226585865021e-04,4.625200526788830757e-04,4.957108057368486698e-09
2.818536515292180411e-09,2.710348926484584808e-04,4.334377590566873550e-04,5.675443680956959724e-04,4.957108057368486698e-09
2.818536515292180411e-09,3.424991623646178596e-09,1.148439623648300767e-04,1.548639265820384026e-04,4.957108057368486698e-09
2.818536515292180411e-09,3.424991623646178596e-09,3.106444492004811764e-04,2.310822310391813517e-04,4.957108057368486698e-09
2.818536515292180411e-09,3.424991623646178596e-09,1.813090493669733405e-04,2.359076711755392353e-09,4.957108057368486698e-09
2.818536515292180411e-09,1.256956602446734905e-04,4.824149655178189278e-04,4.635307122953236103e-04,4.957108057368486698e-09
2.818536515292180411e-09,3.424991623646178596e-09,3.644181706476956606e-04,2.359076711755392353e-09,4.957108057368486698e-09
1.302884484175592661e-04,6.546610966324806213e-04,4.108325229026377201e-04,5.002042162232100964e-04,4.957108057368486698e-09
2.818536515292180411e-09,3.424991623646178596e-09,2.721667406149208546e-04,2.359076711755392353e-09,4.957108057368486698e-09
1.540556550025939941e-04,9.797374950721859932e-04,4.156491486355662346e-04,4.593541088979691267e-04,4.957108057368486698e-09
2.818536515292180411e-09,3.424991623646178596e-09,9.058965224539861083e-05,2.359076711755392353e-09,4.957108057368486698e-09
2.818536515292180411e-09,3.424991623646178596e-09,3.618971677497029305e-04,2.359076711755392353e-09,4.957108057368486698e-09
2.818536515292180411e-09,3.424991623646178596e-09,2.734424488153308630e-04,2.359076711755392353e-09,4.957108057368486698e-09
2.818536515292180411e-09,3.424991623646178596e-09,9.004195453599095345e-05,2.359076711755392353e-09,4.957108057368486698e-09
2.818536515292180411e-09,3.424991623646178596e-09,3.551903064362704754e-04,2.359076711755392353e-09,4.957108057368486698e-09
2.818536515292180411e-09,3.424991623646178596e-09,7.306196494027972221e-04,2.359076711755392353e-09,4.957108057368486698e-09
2.818536515292180411e-09,3.424991623646178596e-09,5.421913228929042816e-04,2.359076711755392353e-09,4.957108057368486698e-09
3.271420719102025032e-04,1.170639065094292164e-03,3.824052400887012482e-04,4.538778157439082861e-04,2.439942327328026295e-04
2.818536515292180411e-09,3.424991623646178596e-09,1.822579943109303713e-04,2.359076711755392353e-09,4.957108057368486698e-09
3.556582669261842966e-04,1.053634448908269405e-03,4.010956618003547192e-04,4.784232587553560734e-04,4.957108057368486698e-09
2.818536515292180411e-09,4.765372723340988159e-04,4.405118233989924192e-04,5.479766405187547207e-04,4.957108057368486698e-09
2.818536515292180411e-09,1.285451871808618307e-04,1.680726854829117656e-04,2.341391955269500613e-04,4.957108057368486698e-09
2.818536515292180411e-09,3.424991623646178596e-09,2.261403508896364656e-09,9.707978460937738419e-05,4.957108057368486698e-09
2.818536515292180411e-09,1.493065210524946451e-04,5.448439042083919048e-04,4.489783605094999075e-04,4.957108057368486698e-09
2.818536515292180411e-09,3.424991623646178596e-09,1.814196148188784719e-04,2.359076711755392353e-09,4.957108057368486698e-09
3.589961852412670851e-04,4.167290753684937954e-04,4.378125304356217384e-04,5.330596468411386013e-04,4.957108057368486698e-09
2.818536515292180411e-09,3.424991623646178596e-09,2.715615555644035339e-04,2.359076711755392353e-09,4.957108057368486698e-09
3.730249882210046053e-04,9.537980658933520317e-04,4.083405074197798967e-04,4.634113865904510021e-04,4.957108057368486698e-09
2.818536515292180411e-09,3.424991623646178596e-09,3.627235710155218840e-04,2.359076711755392353e-09,4.957108057368486698e-09
3.753020719159394503e-04,1.100079272873699665e-03,3.848976339213550091e-04,4.500158829614520073e-04,2.525175805203616619e-04
2.818536515292180411e-09,3.424991623646178596e-09,6.345451693050563335e-04,4.054178498336113989e-05,4.957108057368486698e-09
2.818536515292180411e-09,3.424991623646178596e-09,4.519814974628388882e-04,2.359076711755392353e-09,4.957108057368486698e-09
2.818536515292180411e-09,3.424991623646178596e-09,2.719870826695114374e-04,2.359076711755392353e-09,4.957108057368486698e-09
1.021306743496097624e-04,3.424991623646178596e-09,3.504161722958087921e-04,2.359076711755392353e-09,4.957108057368486698e-09
2.818536515292180411e-09,3.424991623646178596e-09,5.315974703989923000e-04,2.359076711755392353e-09,4.957108057368486698e-09
2.818536515292180411e-09,1.420535409124568105e-04,6.848643533885478973e-04,3.625235889259670330e-09,4.957108057368486698e-09
2.818536515292180411e-09,3.424991623646178596e-09,1.819968165364116430e-04,2.359076711755392353e-09,4.957108057368486698e-09
2.818536515292180411e-09,1.436292950529605150e-04,6.441252771764993668e-04,1.720040600048378110e-04,4.957108057368486698e-09
2.818536515292180411e-09,3.424991623646178596e-09,9.022911399370059371e-05,2.359076711755392353e-09,4.957108057368486698e-09
5.816693883389234543e-04,1.073491992428898811e-03,3.727244038600474596e-04,3.259914519730955362e-04,7.065038080327212811e-04
2.818536515292180411e-09,3.424991623646178596e-09,2.713777939788997173e-04,2.359076711755392353e-09,4.957108057368486698e-09
5.413478938862681389e-04,1.153474091552197933e-03,3.693630278576165438e-04,4.321634187363088131e-04,5.121868452988564968e-04
4.964500549249351025e-04,8.814107859507203102e-04,4.114077601116150618e-04,4.739418509416282177e-04,4.957108057368486698e-09
9.240648068953305483e-05,3.231868031434714794e-04,4.577109357342123985e-04,5.445038550533354282e-04,4.957108057368486698e-09
9.602791396901011467e-05,3.424991623646178596e-09,2.261403508896364656e-09,9.818670514505356550e-05,4.957108057368486698e-09
2.818536515292180411e-09,3.424991623646178596e-09,2.261403508896364656e-09,2.359076711755392353e-09,1.026684694807045162e-04
1.914678141474723816e-04,1.292073284275829792e-04,2.770856954157352448e-04,3.837271942757070065e-04,1.328030775766819715e-04
2.512097125872969627e-04,2.740903291851282120e-04,4.279931599739938974e-04,5.060791736468672752e-04,4.957108057368486698e-09
2.818536515292180411e-09,3.424991623646178596e-09,2.715439477469772100e-04,2.359076711755392353e-09,4.957108057368486698e-09
5.690639372915029526e-04,6.259633810259401798e-04,3.839778655674308538e-04,4.903326625935733318e-04,2.088777982862666249e-04
2.818536515292180411e-09,3.424991623646178596e-09,2.715372247621417046e-04,2.359076711755392353e-09,4.957108057368486698e-09
6.771346670575439930e-04,1.072445767931640148e-03,3.787866444326937199e-04,4.376038850750774145e-04,2.593351237010210752e-04
2.818536515292180411e-09,3.424991623646178596e-09,3.618943446781486273e-04,2.359076711755392353e-09,4.957108057368486698e-09
5.543342558667063713e-04,1.105655566789209843e-03,3.608860715758055449e-04,4.274451930541545153e-04,7.827162626199424267e-04
2.818536515292180411e-09,3.424991623646178596e-09,5.324124358594417572e-04,2.359076711755392353e-09,4.957108057368486698e-09
2.818536515292180411e-09,3.424991623646178596e-09,5.283839418552815914e-04,1.238805562024936080e-04,4.957108057368486698e-09
2.818536515292180411e-09,3.424991623646178596e-09,3.605744859669357538e-04,2.359076711755392353e-09,4.957108057368486698e-09
2.818536515292180411e-09,3.424991623646178596e-09,9.120318281929939985e-05,2.359076711755392353e-09,4.957108057368486698e-09
2.818536515292180411e-09,3.424991623646178596e-09,2.726714883465319872e-04,2.359076711755392353e-09,4.957108057368486698e-09
2.818536515292180411e-09,3.424991623646178596e-09,5.312226712703704834e-04,2.359076711755392353e-09,4.957108057368486698e-09
2.818536515292180411e-09,1.272600347874686122e-04,6.473140092566609383e-04,1.756264537107199430e-04,4.957108057368486698e-09
2.818536515292180411e-09,1.635051157791167498e-04,6.515763234347105026e-04,2.312578581040725112e-04,4.957108057368486698e-09
5.094946245662868023e-04,1.013817847706377506e-03,3.426240000408142805e-04,4.230454505886882544e-04,1.846492639742791653e-03
2.818536515292180411e-09,3.424991623646178596e-09,2.726426755543798208e-04,2.359076711755392353e-09,4.957108057368486698e-09
5.685844225808978081e-04,1.045873854309320450e-03,3.596553870011121035e-04,2.489908947609364986e-04,1.431157463230192661e-03
7.148340228013694286e-04,9.728714358061552048e-04,3.889234794769436121e-04,2.958540862891823053e-04,3.368905163370072842e-04
5.899593816138803959e-04,3.280441742390394211e-04,4.423480131663382053e-04,5.373351741582155228e-04,4.957108057368486698e-09
7.634003122802823782e-05,7.536077464465051889e-05,2.261403508896364656e-09,2.218379086116328835e-04,4.957108057368486698e-09
2.523452276363968849e-04,3.424991623646178596e-09,1.635644730413332582e-04,3.925110213458538055e-04,4.957108057368486698e-09
6.788242026232182980e-04,3.554486902430653572e-04,4.073655582033097744e-04,4.954493488185107708e-04,2.499496622476726770e-04
2.818536515292180411e-09,3.424991623646178596e-09,2.707678359001874924e-04,2.359076711755392353e-09,4.957108057368486698e-09
6.547087104991078377e-04,6.689238944090902805e-04,4.030078125651925802e-04,4.669685731641948223e-04,6.601772038266062737e-04
2.818536515292180411e-09,3.424991623646178596e-09,3.544369828887283802e-04,2.359076711755392353e-09,4.957108057368486698e-09
5.073161446489393711e-04,1.022130600176751614e-03,3.416885738261044025e-04,4.239265981595963240e-04,1.853971043601632118e-03
2.818536515292180411e-09,3.424991623646178596e-09,6.241522496566176414e-04,2.359076711755392353e-09,4.957108057368486698e-09
4.893519217148423195e-04,1.027174410410225391e-03,3.373976505827158689e-04,4.218495159875601530e-04,2.112704329192638397e-03
2.818536515292180411e-09,3.424991623646178596e-09,6.209718412719666958e-04,2.359076711755392353e-09,4.957108057368486698e-09
2.818536515292180411e-09,3.424991623646178596e-09,5.264380015432834625e-04,1.233534712810069323e-04,4.957108057368486698e-09
2.818536515292180411e-09,3.424991623646178596e-09,9.110060636885464191e-05,2.359076711755392353e-09,4.957108057368486698e-09
2.818536515292180411e-09,3.424991623646178596e-09,2.741642529144883156e-04,2.359076711755392353e-09,4.957108057368486698e-09
2.818536515292180411e-09,3.424991623646178596e-09,5.476716323755681515e-04,2.684615028556436300e-04,4.957108057368486698e-09
2.273497666465118527e-04,1.983845722861588001e-04,5.689320387318730354e-04,3.247892018407583237e-04,4.957108057368486698e-09
1.110864541260525584e-04,3.424991623646178596e-09,6.608893745578825474e-04,1.375254796585068107e-04,4.957108057368486698e-09
4.460296768229454756e-04,9.905302431434392929e-04,3.316361980978399515e-04,4.205270088277757168e-04,2.627758542075753212e-03
2.818536515292180411e-09,3.424991623646178596e-09,1.818642776925116777e-04,2.359076711755392353e-09,4.957108057368486698e-09
5.144322640262544155e-04,9.861477883532643318e-04,3.420084831304848194e-04,4.238700203131884336e-04,1.883902354165911674e-03
7.511573494412004948e-04,8.471563342027366161e-04,3.876528353430330753e-04,3.070328966714441776e-04,5.993228987790644169e-04
3.871054213959723711e-04,3.138798056170344353e-04,4.404564097058027983e-04,5.642035393975675106e-04,4.957108057368486698e-09
9.708412108011543751e-05,3.424991623646178596e-09,2.261403508896364656e-09,9.714972838992252946e-05,4.957108057368486698e-09
6.649844581261277199e-04,1.805860811145976186e-04,4.248333279974758625e-04,4.708460473921149969e-04,2.446258149575442076e-04
6.151428096927702427e-04,4.678361292462795973e-04,4.106415144633501768e-04,4.850365512538701296e-04,1.190576003864407539e-03
2.818536515292180411e-09,3.424991623646178596e-09,2.725114172790199518e-04,2.359076711755392353e-09,4.957108057368486698e-09
5.192499374970793724e-04,9.325497667305171490e-04,3.495394485071301460e-04,4.246856551617383957e-04,1.837322954088449478e-03
9.721292008180171251e-05,3.424991623646178596e-09,3.538888995535671711e-04,2.359076711755392353e-09,4.957108057368486698e-09
1.070734870154410601e-04,3.424991623646178596e-09,5.045190337114036083e-04,5.213140684645622969e-05,4.957108057368486698e-09
4.337734426371753216e-04,9.723202092573046684e-04,3.300405805930495262e-04,4.187884915154427290e-04,2.865631366148591042e-03
2.818536515292180411e-09,3.424991623646178596e-09,4.438703181222081184e-04,2.359076711755392353e-09,4.957108057368486698e-09
2.818536515292180411e-09,3.424991623646178596e-09,2.728822582866996527e-04,2.359076711755392353e-09,4.957108057368486698e-09
2.818536515292180411e-09,3.424991623646178596e-09,3.590460983105003834e-04,2.359076711755392353e-09,4.957108057368486698e-09
2.263733622385188937e-04,3.424991623646178596e-09,4.462207434698939323e-04,3.496166027616709471e-04,4.957108057368486698e-09
3.195129102095961571e-04,3.424991623646178596e-09,6.187669932842254639e-04,3.328156017232686281e-04,4.957108057368486698e-09
9.680243238108232617e-05,3.424991623646178596e-09,6.964865024201571941e-04,2.359076711755392353e-09,4.957108057368486698e-09
4.482497170101851225e-04,1.002090517431497574e-03,3.378496912773698568e-04,3.104592906311154366e-04,2.705761464312672615e-03
5.503048887476325035e-04,9.876366239041090012e-04,3.513538686092942953e-04,4.204416181892156601e-04,1.501577557064592838e-03
6.159593467600643635e-04,6.878006970509886742e-04,4.326783819124102592e-04,4.816628352273255587e-04,4.957108057368486698e-09
9.314177441410720348e-05,3.424991623646178596e-09,1.099080691346898675e-04,2.866452850867062807e-04,4.957108057368486698e-09
8.763376536080613732e-05,3.424991623646178596e-09,2.261403508896364656e-09,2.359076711755392353e-09,4.957108057368486698e-09
4.582504043355584145e-04,1.390677498420700431e-04,2.261403508896364656e-09,3.981613554060459137e-04,4.957108057368486698e-09
6.493208347819745541e-04,3.714264312293380499e-04,3.491728857625275850e-04,5.008390289731323719e-04,1.046091667376458645e-03
5.868744337931275368e-04,5.571434157900512218e-04,3.751923795789480209e-04,4.551558231469243765e-04,1.979494001716375351e-03
2.818536515292180411e-09,3.424991623646178596e-09,1.819094177335500717e-04,9.768549352884292603e-05,4.957108057368486698e-09
4.491686704568564892e-04,9.688875288702547550e-04,3.342048439662903547e-04,4.205012519378215075e-04,2.634525531902909279e-03
2.818536515292180411e-09,3.424991623646178596e-09,3.834157541859894991e-04,1.717198756523430347e-04,4.957108057368486698e-09
2.818536515292180411e-09,3.424991623646178596e-09,3.618347400333732367e-04,2.359076711755392353e-09,4.957108057368486698e-09
4.302476590964943171e-04,9.652464068494737148e-04,3.305863647256046534e-04,4.207277961540967226e-04,2.984148217365145683e-03
2.818536515292180411e-09,3.424991623646178596e-09,1.805531792342662811e-04,2.359076711755392353e-09,4.957108057368486698e-09
2.818536515292180411e-09,3.424991623646178596e-09,1.816152798710390925e-04,2.359076711755392353e-09,4.957108057368486698e-09
2.818536515292180411e-09,3.424991623646178596e-09,2.691430272534489632e-04,2.359076711755392353e-09,1.047684854711405933e-04
2.818536515292180411e-09,3.424991623646178596e-09,2.724774822127074003e-04,2.359076711755392353e-09,4.957108057368486698e-09
2.818536515292180411e-09,3.424991623646178596e-09,4.542779061011970043e-04,2.359076711755392353e-09,4.957108057368486698e-09
2.818536515292180411e-09,3.424991623646178596e-09,3.623738884925842285e-04,2.359076711755392353e-09,4.957108057368486698e-09
5.178313003852963448e-04,9.773989440873265266e-04,3.471856471151113510e-04,4.221175622660666704e-04,1.784688327461481094e-03
5.196612328290939331e-04,5.814868491142988205e-04,4.130789893679320812e-04,5.014540511183440685e-04,4.857631574850529432e-04
9.733696788316592574e-05,3.424991623646178596e-09,1.973345206351950765e-04,3.990167460869997740e-04,4.957108057368486698e-09
2.818536515292180411e-09,1.436873717466369271e-04,2.261403508896364656e-09,8.077667735051363707e-05,4.957108057368486698e-09
2.818536515292180411e-09,2.673814597073942423e-04,5.157109583819874388e-08,1.673727529123425484e-04,4.957108057368486698e-09
2.702304918784648180e-04,3.424991623646178596e-09,2.261403508896364656e-09,2.359076711755392353e-09,4.957108057368486698e-09
4.461785720195621252e-04,2.558495034463703632e-04,1.222844293806701899e-04,5.557452095672488213e-04,7.368388469330966473e-04
4.698199336417019367e-04,4.683737934101372957e-04,3.565781225915998220e-04,4.925131215713918209e-04,1.317868824116885662e-03
8.837103086989372969e-05,3.424991623646178596e-09,2.261403508896364656e-09,2.359076711755392353e-09,4.957108057368486698e-09
6.025821203365921974e-04,4.389224632177501917e-04,3.849587228614836931e-04,4.660546837840229273e-04,2.105798106640577316e-03
8.698440069565549493e-05,3.424991623646178596e-09,2.261403508896364656e-09,2.359076711755392353e-09,4.957108057368486698e-09
2.946628956124186516e-04,5.649572703987360001e-04,2.261403508896364656e-09,2.359076711755392353e-09,6.567817763425409794e-04
2.818536515292180411e-09,1.154919737018644810e-04,2.261403508896364656e-09,2.241125039290636778e-04,4.957108057368486698e-09
1.795192074496299028e-04,3.424991623646178596e-09,2.261403508896364656e-09,1.033956796163693070e-04,4.957108057368486698e-09
2.793792809825390577e-04,5.913875065743923187e-04,2.261403508896364656e-09,2.359076711755392353e-09,7.489343406632542610e-04
9.725578274810686707e-05,3.424991623646178596e-09,2.261403508896364656e-09,9.745794523041695356e-05,4.957108057368486698e-09
2.818536515292180411e-09,3.424991623646178596e-09,1.822565973270684481e-04,2.359076711755392353e-09,4.957108057368486698e-09
8.701233309693634510e-05,3.424991623646178596e-09,2.261403508896364656e-09,2.359076711755392353e-09,4.957108057368486698e-09
2.818536515292180411e-09,3.424991623646178596e-09,1.811162946978583932e-04,2.359076711755392353e-09,4.957108057368486698e-09
2.818536515292180411e-09,3.424991623646178596e-09,1.807638182071968913e-04,2.359076711755392353e-09,4.957108057368486698e-09
6.183329969644546509e-04,2.870825992431491613e-04,4.919097991660237312e-04,5.117328837513923645e-04,3.367872268427163363e-04
2.818536515292180411e-09,3.424991623646178596e-09,8.941929991124197841e-05,1.000131815089844167e-04,4.957108057368486698e-09
1.383131166221573949e-04,1.760408922564238310e-04,1.246670144610106945e-04,4.918904160149395466e-04,1.593139371834695339e-03
4.620333202183246613e-04,1.610203762538731098e-04,1.318563445238396525e-04,4.512264858931303024e-04,4.046173417009413242e-04
1.301837037317454815e-04,1.086310585378669202e-04,2.261403508896364656e-09,3.732282202690839767e-04,1.062472118064761162e-03
2.407202846370637417e-04,3.424991623646178596e-09,2.261403508896364656e-09,2.359076711755392353e-09,1.293832319788634777e-04
9.870449139270931482e-05,1.429367839591577649e-04,2.261403508896364656e-09,5.791237344965338707e-05,4.957108057368486698e-09
2.700833138078451157e-04,3.424991623646178596e-09,2.261403508896364656e-09,2.359076711755392353e-09,4.957108057368486698e-09
1.768013171385973692e-04,3.424991623646178596e-09,2.261403508896364656e-09,2.045156434178352356e-04,4.957108057368486698e-09
1.802198094082996249e-04,3.424991623646178596e-09,2.261403508896364656e-09,1.027361868182197213e-04,4.957108057368486698e-09
3.580881457310169935e-04,3.511288668960332870e-04,2.261403508896364656e-09,2.359076711755392353e-09,5.493686185218393803e-04
2.818536515292180411e-09,3.424991623646178596e-09,2.261403508896364656e-09,1.012806242215447128e-04,4.957108057368486698e-09
8.722711936570703983e-05,3.424991623646178596e-09,2.261403508896364656e-09,2.359076711755392353e-09,4.957108057368486698e-09
8.761180652072653174e-05,3.424991623646178596e-09,2.261403508896364656e-09,2.359076711755392353e-09,4.957108057368486698e-09
8.729453111300244927e-05,3.424991623646178596e-09,2.261403508896364656e-09,2.359076711755392353e-09,4.957108057368486698e-09
2.818536515292180411e-09,3.424991623646178596e-09,2.261403508896364656e-09,2.359076711755392353e-09,1.021387506625615060e-04
1.801988692022860050e-04,3.424991623646178596e-09,2.261403508896364656e-09,2.359076711755392353e-09,4.957108057368486698e-09
2.818536515292180411e-09,3.424991623646178596e-09,2.261403508896364656e-09,9.744837734615430236e-05,4.957108057368486698e-09
2.818536515292180411e-09,6.426334584830328822e-05,2.261403508896364656e-09,9.668192797107622027e-05,4.957108057368486698e-09
1.818126474972814322e-04,3.424991623646178596e-09,2.261403508896364656e-09,1.028022743412293494e-04,4.957108057368486698e-09
8.717260789126157761e-05,3.424991623646178596e-09,2.261403508896364656e-09,1.106193085433915257e-04,4.957108057368486698e-09
2.429657761240378022e-04,3.424991623646178596e-09,2.261403508896364656e-09,2.359076711755392353e-09,1.239807752426713705e-04
8.628964133094996214e-05,3.424991623646178596e-09,2.261403508896364656e-09,2.359076711755392353e-09,1.047693585860542953e-04
2.818536515292180411e-09,3.363448195159435272e-04,3.677684580907225609e-04,1.824062201194465160e-04,2.835297200363129377e-04
8.691774564795196056e-05,3.424991623646178596e-09,2.261403508896364656e-09,1.017499744193628430e-04,1.438393228454515338e-04
2.818536515292180411e-09,2.981483412440866232e-04,4.351057868916541338e-04,1.769959344528615475e-04,2.045724104391410947e-04
2.818536515292180411e-09,6.466477498179301620e-05,2.261403508896364656e-09,2.359076711755392353e-09,4.957108057368486698e-09
2.450229949317872524e-04,7.934853056212887168e-05,2.261403508896364656e-09,2.359076711755392353e-09,4.957108057368486698e-09
2.818536515292180411e-09,3.424991623646178596e-09,2.261403508896364656e-09,9.691690502222627401e-05,4.957108057368486698e-09
2.818536515292180411e-09,3.424991623646178596e-09,2.261403508896364656e-09,9.807056630961596966e-05,4.957108057368486698e-09
1.748868235154077411e-04,3.424991623646178596e-09,2.261403508896364656e-09,2.359076711755392353e-09,4.957108057368486698e-09
2.818536515292180411e-09,3.424991623646178596e-09,2.261403508896364656e-09,1.705676550045609474e-04,4.957108057368486698e-09
2.818536515292180411e-09,1.256813411600887775e-04,2.261403508896364656e-09,3.283732221461832523e-04,4.957108057368486698e-09
1.383187773171812296e-04,6.423475570045411587e-04,3.145866503473371267e-04,4.279373097233474255e-04,6.748992600478231907e-04
2.818536515292180411e-09,3.819215635303407907e-04,2.296164457220584154e-04,3.330773033667355776e-04,1.513388997409492731e-04
2.407549472991377115e-04,3.424991623646178596e-09,2.261403508896364656e-09,2.359076711755392353e-09,1.279148709727451205e-04
1.801618345780298114e-04,3.424991623646178596e-09,2.261403508896364656e-09,2.359076711755392353e-09,4.957108057368486698e-09
2.438025840092450380e-04,3.424991623646178596e-09,2.261403508896364656e-09,2.359076711755392353e-09,3.253575705457478762e-04
2.818536515292180411e-09,3.424991623646178596e-09,2.261403508896364656e-09,9.841170685831457376e-05,4.957108057368486698e-09
1.621801056899130344e-04,3.424991623646178596e-09,2.261403508896364656e-09,5.034984205849468708e-04,2.361688384553417563e-04
1.772330142557621002e-04,3.125885268673300743e-04,1.213470604852773249e-04,4.888985422439873219e-04,1.350974198430776596e-03
2.818536515292180411e-09,3.424991623646178596e-09,2.261403508896364656e-09,2.359076711755392353e-09,4.957108057368486698e-09
3.686557465698570013e-04,7.282430306077003479e-05,2.074332878692075610e-04,2.874978817999362946e-04,1.240411220351234078e-04
2.446812577545642853e-04,3.424991623646178596e-09,2.261403508896364656e-09,2.359076711755392353e-09,3.226166300009936094e-04
8.755322778597474098e-05,3.424991623646178596e-09,2.261403508896364656e-09,2.359076711755392353e-09,4.957108057368486698e-09
2.818536515292180411e-09,3.424991623646178596e-09,4.005133814644068480e-04,1.855304144555702806e-04,4.957108057368486698e-09
2.818536515292180411e-09,3.424991623646178596e-09,1.140169479185715318e-04,1.537946372991427779e-04,4.957108057368486698e-09
2.818536515292180411e-09,3.424991623646178596e-09,2.261403508896364656e-09,1.003848301479592919e-04,4.957108057368486698e-09
2.818536515292180411e-09,3.424991623646178596e-09,9.183274232782423496e-05,2.359076711755392353e-09,4.957108057368486698e-09
2.818536515292180411e-09,3.424991623646178596e-09,3.711657773237675428e-04,5.376463377615436912e-05,4.957108057368486698e-09
2.818536515292180411e-09,3.424991623646178596e-09,3.644824610091745853e-04,2.359076711755392353e-09,4.957108057368486698e-09
2.818536515292180411e-09,3.424991623646178596e-09,3.615472523961216211e-04,2.359076711755392353e-09,4.957108057368486698e-09
2.818536515292180411e-09,3.424991623646178596e-09,3.625988028943538666e-04,2.359076711755392353e-09,4.957108057368486698e-09
2.818536515292180411e-09,7.226137095130980015e-04,4.618878010660409927e-04,4.820554750040173531e-04,4.957108057368486698e-09
2.818536515292180411e-09,3.337344678584486246e-04,4.146075807511806488e-04,5.511051276698708534e-04,4.957108057368486698e-09
2.818536515292180411e-09,1.071123915608040988e-04,2.040890103671699762e-04,3.961398033425211906e-04,4.957108057368486698e-09
2.818536515292180411e-09,3.424991623646178596e-09,9.100731404032558203e-05,2.359076711755392353e-09,4.957108057368486698e-09
2.818536515292180411e-09,3.424991623646178596e-09,3.712570469360798597e-04,5.307087121764197946e-05,4.957108057368486698e-09
2.818536515292180411e-09,3.424991623646178596e-09,4.340829036664217710e-04,4.639856633730232716e-04,4.957108057368486698e-09
2.818536515292180411e-09,3.424991623646178596e-09,1.804496569093316793e-04,2.359076711755392353e-09,4.957108057368486698e-09
2.818536515292180411e-09,3.928909136448055506e-04,3.440499713178724051e-04,5.029368912801146507e-04,4.957108057368486698e-09
2.818536515292180411e-09,3.424991623646178596e-09,3.630863211583346128e-04,2.359076711755392353e-09,4.957108057368486698e-09
2.818536515292180411e-09,7.400413160212337971e-04,4.285231698304414749e-04,4.893331788480281830e-04,4.957108057368486698e-09
2.818536515292180411e-09,3.424991623646178596e-09,3.619582275860011578e-04,2.359076711755392353e-09,4.957108057368486698e-09
2.818536515292180411e-09,3.424991623646178596e-09,4.085765394847840071e-04,3.207615736755542457e-05,4.957108057368486698e-09
2.818536515292180411e-09,3.424991623646178596e-09,2.724178193602710962e-04,2.359076711755392353e-09,4.957108057368486698e-09
2.818536515292180411e-09,3.424991623646178596e-09,1.803767372621223330e-04,2.359076711755392353e-09,4.957108057368486698e-09
2.818536515292180411e-09,3.424991623646178596e-09,3.633903979789465666e-04,2.359076711755392353e-09,4.957108057368486698e-09
2.818536515292180411e-09,3.424991623646178596e-09,1.818292366806417704e-04,2.359076711755392353e-09,4.957108057368486698e-09
2.818536515292180411e-09,3.424991623646178596e-09,3.596076858229935169e-04,2.359076711755392353e-09,4.957108057368486698e-09
2.818536515292180411e-09,3.424991623646178596e-09,1.812090631574392319e-04,2.359076711755392353e-09,4.957108057368486698e-09
2.818536515292180411e-09,3.424991623646178596e-09,5.336161120794713497e-04,2.359076711755392353e-09,4.957108057368486698e-09
2.742696960922330618e-04,1.121869892813265324e-03,3.913151449523866177e-04,4.892209544777870178e-04,1.619431131985038519e-04
2.818536515292180411e-09,3.424991623646178596e-09,3.618834889493882656e-04,2.359076711755392353e-09,4.957108057368486698e-09
1.442155044060200453e-04,1.132234465330839157e-03,3.991379053331911564e-04,5.156103870831429958e-04,4.957108057368486698e-09
2.818536515292180411e-09,8.000439265742897987e-04,4.499021451920270920e-04,4.788097285199910402e-04,4.957108057368486698e-09
2.818536515292180411e-09,1.805703504942357540e-04,4.096810589544475079e-04,5.010593449696898460e-04,4.957108057368486698e-09
2.818536515292180411e-09,6.835342355770990252e-05,1.104079565266147256e-04,1.864767255028709769e-04,4.957108057368486698e-09
2.818536515292180411e-09,3.424991623646178596e-09,2.643487823661416769e-04,7.775099948048591614e-05,4.957108057368486698e-09
2.818536515292180411e-09,3.424991623646178596e-09,1.812027476262301207e-04,2.359076711755392353e-09,4.957108057368486698e-09
2.818536515292180411e-09,1.246670872205868363e-04,4.792578693013638258e-04,4.635690711438655853e-04,4.957108057368486698e-09
2.818536515292180411e-09,3.424991623646178596e-09,2.722502977121621370e-04,2.359076711755392353e-09,4.957108057368486698e-09
3.211116709280759096e-04,6.429687491618096828e-04,4.560190718621015549e-04,5.113060469739139080e-04,4.957108057368486698e-09
2.818536515292180411e-09,3.424991623646178596e-09,2.719053882174193859e-04,2.359076711755392353e-09,4.957108057368486698e-09
2.816344494931399822e-04,1.108889351598918438e-03,3.967915545217692852e-04,4.854630387853831053e-04,4.957108057368486698e-09
2.818536515292180411e-09,3.424991623646178596e-09,3.629128914326429367e-04,2.359076711755392353e-09,4.957108057368486698e-09
2.818536515292180411e-09,3.424991623646178596e-09,5.926986341364681721e-04,2.359076711755392353e-09,4.957108057368486698e-09
2.818536515292180411e-09,3.424991623646178596e-09,1.808585220715031028e-04,2.359076711755392353e-09,4.957108057368486698e-09
2.818536515292180411e-09,3.424991623646178596e-09,4.530726582743227482e-04,2.359076711755392353e-09,4.957108057368486698e-09
2.818536515292180411e-09,3.424991623646178596e-09,1.812018745113164186e-04,2.359076711755392353e-09,4.957108057368486698e-09
2.818536515292180411e-09,3.424991623646178596e-09,9.032173693412914872e-05,2.359076711755392353e-09,4.957108057368486698e-09
2.818536515292180411e-09,3.424991623646178596e-09,2.716964518185704947e-04,2.359076711755392353e-09,4.957108057368486698e-09
2.818536515292180411e-09,3.424991623646178596e-09,6.635058089159429073e-04,1.830853193496295717e-06,4.957108057368486698e-09
2.818536515292180411e-09,3.424991623646178596e-09,1.797382283257320523e-04,2.359076711755392353e-09,4.957108057368486698e-09
2.818536515292180411e-09,3.424991623646178596e-09,7.258414989337325096e-04,1.891522842925041914e-04,4.957108057368486698e-09
2.818536515292180411e-09,3.424991623646178596e-09,2.708173706196248531e-04,2.359076711755392353e-09,4.957108057368486698e-09
7.073323358781635761e-04,1.078235567547380924e-03,3.679396468214690685e-04,4.292235244065523148e-04,5.678258021362125874e-04
2.818536515292180411e-09,3.424991623646178596e-09,4.535386979114264250e-04,2.359076711755392353e-09,4.957108057368486698e-09
5.805525579489767551e-04,1.122149406000971794e-03,3.660143702290952206e-04,4.295003309380263090e-04,6.169514963403344154e-04
2.818536515292180411e-09,3.424991623646178596e-09,1.817798765841871500e-04,2.359076711755392353e-09,4.957108057368486698e-09
5.784335080534219742e-04,1.261215889826416969e-03,2.246773947263136506e-04,2.457278023939579725e-04,6.353266508085653186e-05
2.210830425610765815e-04,8.185577462427318096e-04,3.750080359168350697e-04,5.403763498179614544e-04,4.957108057368486698e-09
1.983437323360703886e-05,2.623562177177518606e-04,1.623931020731106400e-04,5.425941781140863895e-04,4.957108057368486698e-09
1.758529833750799298e-04,3.424991623646178596e-09,2.261403508896364656e-09,2.359076711755392353e-09,4.957108057368486698e-09
2.818536515292180411e-09,8.176384289981797338e-05,4.078811616636812687e-04,2.870794560294598341e-04,1.257984258700162172e-04
2.818536515292180411e-09,3.424991623646178596e-09,9.047156345332041383e-05,2.359076711755392353e-09,4.957108057368486698e-09
3.237124765291810036e-04,3.235413169022649527e-04,3.988250100519508123e-04,5.427363794296979904e-04,1.294408139074221253e-04
2.818536515292180411e-09,3.424991623646178596e-09,2.732295251917093992e-04,2.359076711755392353e-09,4.957108057368486698e-09
6.040217704139649868e-04,8.867844007909297943e-04,3.932433319278061390e-04,4.567476571537554264e-04,3.022874298039823771e-04
2.818536515292180411e-09,3.424991623646178596e-09,3.620302595663815737e-04,2.359076711755392353e-09,4.957108057368486698e-09
6.313439807854592800e-04,1.170076662674546242e-03,3.679099900182336569e-04,4.253569059073925018e-04,3.837064432445913553e-04
2.818536515292180411e-09,3.424991623646178596e-09,5.352396983653306961e-04,2.359076711755392353e-09,4.957108057368486698e-09
2.818536515292180411e-09,3.424991623646178596e-09,6.355445366352796555e-04,1.986966235563158989e-04,4.957108057368486698e-09
2.818536515292180411e-09,3.424991623646178596e-09,9.063194738700985909e-05,2.359076711755392353e-09,4.957108057368486698e-09
2.818536515292180411e-09,3.424991623646178596e-09,5.939428810961544514e-04,2.359076711755392353e-09,4.957108057368486698e-09
2.818536515292180411e-09,3.424991623646178596e-09,3.619282215368002653e-04,2.359076711755392353e-09,4.957108057368486698e-09
2.818536515292180411e-09,3.424991623646178596e-09,1.809432287700474262e-04,2.359076711755392353e-09,4.957108057368486698e-09
2.818536515292180411e-09,3.424991623646178596e-09,3.591885324567556381e-04,2.359076711755392353e-09,4.957108057368486698e-09
2.818536515292180411e-09,1.265068422071635723e-04,6.471755914390087128e-04,1.749184593791142106e-04,4.957108057368486698e-09
2.818536515292180411e-09,3.424991623646178596e-09,7.129110745154321194e-04,1.905474782688543200e-04,4.957108057368486698e-09
5.297622410580515862e-04,1.026971265673637390e-03,3.448097850196063519e-04,4.181226540822535753e-04,1.695477403700351715e-03
2.818536515292180411e-09,3.424991623646178596e-09,6.205040263012051582e-04,2.359076711755392353e-09,4.957108057368486698e-09
5.488997558131814003e-04,1.025359262712299824e-03,3.155992890242487192e-04,1.844209327828139067e-04,1.697348663583397865e-03
2.818536515292180411e-09,3.424991623646178596e-09,3.627068945206701756e-04,2.359076711755392353e-09,4.957108057368486698e-09
5.599178257398307323e-04,1.122901565395295620e-03,2.094563678838312626e-04,2.016615690081380308e-05,1.052683335728943348e-03
6.280781235545873642e-04,1.024970319122076035e-03,3.881973389070481062e-04,4.484078381210565567e-04,4.957108057368486698e-09
2.669519744813442230e-04,4.036634345538914204e-04,4.326474154368042946e-04,5.256845033727586269e-04,4.957108057368486698e-09
5.559052442549727857e-05,1.491107541369274259e-04,2.261403508896364656e-09,2.359076711755392353e-09,4.957108057368486698e-09
3.239995567128062248e-05,1.794680865714326501e-04,2.261403508896364656e-09,8.501586125930771232e-05,4.957108057368486698e-09
2.818536515292180411e-09,6.340429536066949368e-05,2.261403508896364656e-09,2.359076711755392353e-09,4.957108057368486698e-09
2.607129572425037622e-04,2.892086049541831017e-04,3.909466613549739122e-04,5.518303369171917439e-04,1.419470936525613070e-04
2.818536515292180411e-09,3.424991623646178596e-09,1.804162602638825774e-04,2.359076711755392353e-09,4.957108057368486698e-09
7.546670385636389256e-04,6.377762183547019958e-04,4.208166501484811306e-04,4.726272309198975563e-04,2.463029522914439440e-04
2.818536515292180411e-09,3.424991623646178596e-09,3.616722533479332924e-04,2.359076711755392353e-09,4.957108057368486698e-09
5.541214486584067345e-04,1.038036774843931198e-03,3.530035319272428751e-04,4.226851451676338911e-04,1.324047683738172054e-03
2.818536515292180411e-09,3.424991623646178596e-09,4.539342771749943495e-04,2.359076711755392353e-09,4.957108057368486698e-09
5.251911934465169907e-04,1.042098971083760262e-03,3.544084320310503244e-04,3.074744308833032846e-04,1.729825278744101524e-03
2.818536515292180411e-09,3.424991623646178596e-09,6.224532262422144413e-04,2.359076711755392353e-09,4.957108057368486698e-09
2.818536515292180411e-09,2.879891253542155027e-04,6.104859639890491962e-04,1.783229527063667774e-04,4.957108057368486698e-09
2.818536515292180411e-09,3.424991623646178596e-09,5.705941002815961838e-04,2.359076711755392353e-09,4.957108057368486698e-09
2.818536515292180411e-09,3.424991623646178596e-09,2.724093792494386435e-04,2.359076711755392353e-09,4.957108057368486698e-09
2.818536515292180411e-09,3.424991623646178596e-09,2.694926806725561619e-04,2.359076711755392353e-09,4.957108057368486698e-09
1.143143381341360509e-04,3.424991623646178596e-09,4.580573877319693565e-04,2.277108869748190045e-04,4.957108057368486698e-09
2.090330381179228425e-04,3.424991623646178596e-09,6.478978320956230164e-04,4.644890141207724810e-04,4.957108057368486698e-09
2.818536515292180411e-09,3.691331075970083475e-04,5.819611833430826664e-04,3.311176842544227839e-04,4.957108057368486698e-09
4.419190227054059505e-04,9.811980416998267174e-04,3.316628281027078629e-04,4.204717988613992929e-04,2.741830656304955482e-03
2.818536515292180411e-09,3.424991623646178596e-09,6.213238812051713467e-04,2.359076711755392353e-09,4.957108057368486698e-09
2.912641211878508329e-04,1.059064292348921299e-03,3.436735132709145546e-04,2.697234449442476034e-04,2.373517258092761040e-03
2.818536515292180411e-09,3.424991623646178596e-09,1.815879368223249912e-04,2.359076711755392353e-09,4.957108057368486698e-09
5.187668139114975929e-04,1.047050580382347107e-03,2.031326293945312500e-04,2.359076711755392353e-09,1.836993265897035599e-03
6.875466206111013889e-04,1.017528469674289227e-03,3.776064550038427114e-04,4.349246737547218800e-04,4.160143143963068724e-04
3.075301647186279297e-04,3.782930725719779730e-04,4.332782409619539976e-04,5.421162350103259087e-04,4.957108057368486698e-09
2.818536515292180411e-09,3.424991623646178596e-09,2.261403508896364656e-09,1.010259511531330645e-04,4.957108057368486698e-09
2.531701466068625450e-04,3.424991623646178596e-09,1.360832975478842854e-04,2.017820806941017509e-04,4.957108057368486698e-09
7.055892492644488811e-04,2.058001409750431776e-04,3.795371158048510551e-04,5.083189462311565876e-04,5.639236769638955593e-04
2.818536515292180411e-09,3.424991623646178596e-09,3.181979118380695581e-04,2.359076711755392353e-09,4.957108057368486698e-09
6.206681136973202229e-04,6.839109119027853012e-04,3.762980049941688776e-04,4.590282333083450794e-04,1.420408720150589943e-03
2.818536515292180411e-09,3.424991623646178596e-09,3.415822284296154976e-04,1.350004895357415080e-04,4.957108057368486698e-09
4.693449882324784994e-04,9.884017053991556168e-04,3.381579590495675802e-04,4.232462379150092602e-04,2.256750129163265228e-03
2.159046125598251820e-04,3.424991623646178596e-09,4.255289386492222548e-04,3.461092710494995117e-04,4.957108057368486698e-09
4.480853385757654905e-04,9.893398964777588844e-04,3.324179269839078188e-04,4.203066637273877859e-04,2.615502802655100822e-03
2.155327238142490387e-04,3.424991623646178596e-09,6.510509410873055458e-04,2.009850431932136416e-04,4.957108057368486698e-09
1.679117267485707998e-04,3.424991623646178596e-09,5.520012928172945976e-04,1.278105046367272735e-04,1.850030384957790375e-04
2.818536515292180411e-09,3.424991623646178596e-09,4.541896050795912743e-04,2.359076711755392353e-09,4.957108057368486698e-09
2.818536515292180411e-09,3.424991623646178596e-09,9.028197382576763630e-05,2.359076711755392353e-09,4.957108057368486698e-09
1.137727304012514651e-04,3.424991623646178596e-09,4.340018494985997677e-04,2.560250868555158377e-04,4.957108057368486698e-09
1.990062592085450888e-04,3.424991623646178596e-09,6.434496608562767506e-04,3.221950610168278217e-04,1.477445621276274323e-04
1.789899688446894288e-04,1.260774879483506083e-04,5.906420410610735416e-04,1.540159282740205526e-04,4.957108057368486698e-09
4.354014527052640915e-04,9.723604889586567879e-04,3.291637985967099667e-04,4.181157855782657862e-04,2.859583357349038124e-03
2.818536515292180411e-09,3.424991623646178596e-09,3.642981755547225475e-04,2.359076711755392353e-09,4.957108057368486698e-09
4.558401124086230993e-04,1.010484527796506882e-03,3.403795708436518908e-04,3.082007751800119877e-04,2.587924478575587273e-03
5.094367661513388157e-04,1.049855956807732582e-03,3.664569230750203133e-04,8.029220771277323365e-05,1.844861777499318123e-03
7.989669684320688248e-04,5.771269206888973713e-04,3.906238416675478220e-04,4.859291075263172388e-04,4.957108057368486698e-09
4.395403084345161915e-05,1.716316037345677614e-04,4.141870304010808468e-04,4.605346475727856159e-04,4.957108057368486698e-09
5.031044711358845234e-04,3.424991623646178596e-09,1.261068973690271378e-04,3.698577056638896465e-04,1.669235061854124069e-04
7.849514950066804886e-04,3.239658253733068705e-04,3.802957071457058191e-04,4.828081582672894001e-04,8.396762423217296600e-04
2.818536515292180411e-09,3.424991623646178596e-09,1.813564012991264462e-04,9.711823076941072941e-05,4.957108057368486698e-09
5.358615308068692684e-04,8.349218405783176422e-04,3.548478416632860899e-04,4.300187574699521065e-04,1.853981171734631062e-03
9.747876902110874653e-05,3.424991623646178596e-09,3.277925134170800447e-04,1.370840909657999873e-04,4.957108057368486698e-09
4.606904112733900547e-04,9.649166604503989220e-04,3.057522117160260677e-04,3.531911061145365238e-04,2.924941247329115868e-03
1.132140532718040049e-04,3.424991623646178596e-09,4.566158168017864227e-04,2.284055954078212380e-04,4.957108057368486698e-09
4.318353894632309675e-04,9.745232528075575829e-04,3.295071364846080542e-04,4.181777476333081722e-04,2.862753346562385559e-03
2.818536515292180411e-09,3.424991623646178596e-09,4.426859086379408836e-04,2.359076711755392353e-09,4.957108057368486698e-09
9.671589214121922851e-05,3.424991623646178596e-09,2.261403508896364656e-09,9.789811883820220828e-05,4.957108057368486698e-09
2.818536515292180411e-09,3.424991623646178596e-09,6.271839956752955914e-04,2.359076711755392353e-09,4.957108057368486698e-09
2.818536515292180411e-09,3.424991623646178596e-09,9.071824024431407452e-05,2.359076711755392353e-09,4.957108057368486698e-09
2.818536515292180411e-09,3.424991623646178596e-09,9.075467824004590511e-05,2.359076711755392353e-09,4.957108057368486698e-09
2.151034859707579017e-04,3.424991623646178596e-09,3.995981242042034864e-04,1.392543053952977061e-04,4.957108057368486698e-09
2.894419012591242790e-04,3.424991623646178596e-09,5.850470042787492275e-04,1.296306145377457142e-04,4.957108057368486698e-09
1.036428948282264173e-04,3.424991623646178596e-09,5.481106927618384361e-04,1.211412381962873042e-04,2.754712186288088560e-04
1.571994071127846837e-04,1.015348359942436218e-03,1.889853883767500520e-04,3.482591273495927453e-05,2.932374365627765656e-03
6.735646456945687532e-05,1.132686622440814972e-03,3.381204442121088505e-04,4.133754118811339140e-04,2.074754098430275917e-03
6.689970614388585091e-04,8.106305613182485104e-04,3.915865090675652027e-04,4.568745789583772421e-04,5.163816967979073524e-04
1.509930152678862214e-04,1.264516467927023768e-04,4.278619599062949419e-04,4.643605789169669151e-04,4.957108057368486698e-09
1.802965271053835750e-04,3.424991623646178596e-09,2.261403508896364656e-09,1.036567264236509800e-04,4.957108057368486698e-09
6.288937292993068695e-04,3.424991623646178596e-09,3.744115529116243124e-04,4.374338896013796329e-04,3.065336204599589109e-04
6.514965207315981388e-04,4.629192990250885487e-04,3.936432185582816601e-04,4.671729984693229198e-04,1.584370504133403301e-03
2.818536515292180411e-09,3.424991623646178596e-09,9.109763777814805508e-05,9.612745634512975812e-05,4.957108057368486698e-09
4.590594617184251547e-04,9.356177761219441891e-04,3.382366267032921314e-04,4.231121856719255447e-04,2.570241456851363182e-03
2.818536515292180411e-09,3.424991623646178596e-09,1.822097983676940203e-04,2.359076711755392353e-09,4.957108057368486698e-09
2.818536515292180411e-09,3.424991623646178596e-09,2.720237534958869219e-04,2.359076711755392353e-09,4.957108057368486698e-09
4.278005508240312338e-04,9.678283240646123886e-04,3.306305734440684319e-04,4.191508633084595203e-04,2.982575912028551102e-03
2.818536515292180411e-09,3.424991623646178596e-09,2.717745373956859112e-04,2.359076711755392353e-09,4.957108057368486698e-09
2.818536515292180411e-09,3.424991623646178596e-09,1.805446227081120014e-04,2.359076711755392353e-09,4.957108057368486698e-09
2.818536515292180411e-09,3.424991623646178596e-09,3.641346411313861609e-04,2.359076711755392353e-09,4.957108057368486698e-09
2.818536515292180411e-09,3.424991623646178596e-09,8.993940718937665224e-05,2.359076711755392353e-09,4.957108057368486698e-09
4.965217085555195808e-04,9.660788928158581257e-04,3.445457259658724070e-04,4.267884942237287760e-04,2.055444056168198586e-03
7.346848724409937859e-04,6.076510180719196796e-04,4.013913567177951336e-04,4.831180849578231573e-04,7.599612581543624401e-04
1.946530392160639167e-04,3.424991623646178596e-09,4.419838951434940100e-04,4.267414624337106943e-04,4.957108057368486698e-09
1.749457733239978552e-04,3.424991623646178596e-09,2.261403508896364656e-09,2.359076711755392353e-09,4.957108057368486698e-09
6.117648445069789886e-04,3.424991623646178596e-09,3.985221555922180414e-04,4.521876107901334763e-04,5.385861149989068508e-04
4.475185996852815151e-04,1.984915870707482100e-04,2.261403508896364656e-09,2.359076711755392353e-09,1.865530648501589894e-04
3.058848087675869465e-04,4.836408770643174648e-04,2.261403508896364656e-09,2.359076711755392353e-09,6.560485344380140305e-04
2.780052018351852894e-04,5.920878029428422451e-04,2.261403508896364656e-09,2.359076711755392353e-09,7.503883098252117634e-04
2.818536515292180411e-09,3.424991623646178596e-09,8.903618436306715012e-05,2.359076711755392353e-09,4.957108057368486698e-09
7.372354157269001007e-04,2.630217932164669037e-04,4.997666110284626484e-04,5.000004894100129604e-04,3.470745868980884552e-04
9.774880891200155020e-05,3.424991623646178596e-09,9.017832780955359340e-05,1.936311309691518545e-04,4.957108057368486698e-09
9.383292490383610129e-05,3.424991623646178596e-09,2.261403508896364656e-09,8.686972432769834995e-05,2.168584032915532589e-04
9.148138633463531733e-05,3.424991623646178596e-09,1.690302742645144463e-04,2.359076711755392353e-09,4.957108057368486698e-09
2.818536515292180411e-09,3.424991623646178596e-09,1.410307595506310463e-04,1.013863075058907270e-04,2.487152232788503170e-04
2.191493404097855091e-04,3.424991623646178596e-09,2.740980999078601599e-04,1.501739607192575932e-04,2.302095817867666483e-04
2.818536515292180411e-09,3.424991623646178596e-09,2.261403508896364656e-09,2.545421302784234285e-04,4.957108057368486698e-09
9.769155440153554082e-05,3.424991623646178596e-09,9.065275662578642368e-05,2.915277727879583836e-04,4.957108057368486698e-09
2.659685269463807344e-04,3.424991623646178596e-09,2.261403508896364656e-09,2.359076711755392353e-09,4.957108057368486698e-09
2.818536515292180411e-09,3.424991623646178596e-09,2.261403508896364656e-09,2.359076711755392353e-09,1.026267345878295600e-04
2.818536515292180411e-09,6.435796967707574368e-05,2.261403508896364656e-09,9.758556552696973085e-05,4.957108057368486698e-09
9.028626664076000452e-05,3.424991623646178596e-09,2.261403508896364656e-09,2.359076711755392353e-09,1.027397302095778286e-04
2.818536515292180411e-09,1.524950785096734762e-04,2.617481513880193233e-04,1.898023037938401103e-04,1.903099910123273730e-04
2.818536515292180411e-09,3.424991623646178596e-09,2.261403508896364656e-09,9.817749378271400928e-05,4.957108057368486698e-09
8.992190851131454110e-05,3.424991623646178596e-09,2.261403508896364656e-09,2.359076711755392353e-09,4.957108057368486698e-09
2.818536515292180411e-09,5.735968588851392269e-04,3.726010327227413654e-04,3.437505511101335287e-04,7.234183140099048615e-04
2.818536515292180411e-09,3.424991623646178596e-09,2.261403508896364656e-09,9.483563917456194758e-05,2.059119287878274918e-04
1.808913802960887551e-04,3.424991623646178596e-09,2.261403508896364656e-09,2.359076711755392353e-09,4.957108057368486698e-09
2.658881421666592360e-04,3.424991623646178596e-09,2.261403508896364656e-09,2.359076711755392353e-09,4.957108057368486698e-09
2.818536515292180411e-09,3.424991623646178596e-09,2.261403508896364656e-09,1.911650033434852958e-04,1.009201660053804517e-04
4.044055531267076731e-04,6.620904314331710339e-04,3.023963654413819313e-04,4.381990875117480755e-04,1.708589144982397556e-03
2.818536515292180411e-09,3.424991623646178596e-09,2.261403508896364656e-09,1.947175042005255818e-04,4.957108057368486698e-09
2.650602546054869890e-04,3.424991623646178596e-09,2.261403508896364656e-09,2.359076711755392353e-09,4.957108057368486698e-09
5.154445534572005272e-04,1.716493861749768257e-04,3.837147378362715244e-04,3.316465881653130054e-04,6.424047169275581837e-04
9.578048047842457891e-05,3.424991623646178596e-09,2.116423420375213027e-04,2.748239785432815552e-04,4.957108057368486698e-09
2.818536515292180411e-09,3.424991623646178596e-09,2.261403508896364656e-09,1.946271659107878804e-04,4.957108057368486698e-09
2.818536515292180411e-09,3.424991623646178596e-09,2.261403508896364656e-09,1.014676599879749119e-04,4.957108057368486698e-09
1.155416757683269680e-04,2.546017640270292759e-05,2.261403508896364656e-09,4.041183565277606249e-04,3.990196564700454473e-04
2.818536515292180411e-09,3.424991623646178596e-09,2.261403508896364656e-09,1.003930883598513901e-04,4.957108057368486698e-09
2.818536515292180411e-09,3.424991623646178596e-09,9.100695751840248704e-05,2.359076711755392353e-09,4.957108057368486698e-09
2.818536515292180411e-09,3.424991623646178596e-09,2.261403508896364656e-09,2.359076711755392353e-09,1.020801428239792585e-04
3.557518939487636089e-04,3.717491636052727699e-04,2.987780899275094271e-04,4.077084595337510109e-04,8.780039497651159763e-04
1.933882449520751834e-04,8.260992035502567887e-05,2.261403508896364656e-09,2.359076711755392353e-09,4.644098808057606220e-04
8.879274537321180105e-05,3.424991623646178596e-09,2.261403508896364656e-09,2.359076711755392353e-09,4.957108057368486698e-09
2.818536515292180411e-09,3.424991623646178596e-09,9.148717072093859315e-05,2.359076711755392353e-09,4.957108057368486698e-09
2.818536515292180411e-09,3.424991623646178596e-09,9.042279270943254232e-05,2.359076711755392353e-09,4.957108057368486698e-09
2.818536515292180411e-09,3.424991623646178596e-09,9.041098383022472262e-05,2.359076711755392353e-09,4.957108057368486698e-09
2.818536515292180411e-09,3.424991623646178596e-09,2.738201292231678963e-04,2.359076711755392353e-09,4.957108057368486698e-09
2.818536515292180411e-09,3.424991623646178596e-09,1.817099109757691622e-04,2.359076711755392353e-09,4.957108057368486698e-09
2.818536515292180411e-09,3.424991623646178596e-09,9.102283365791663527e-05,2.359076711755392353e-09,4.957108057368486698e-09
2.818536515292180411e-09,3.424991623646178596e-09,2.722368517424911261e-04,2.359076711755392353e-09,4.957108057368486698e-09
2.818536515292180411e-09,3.424991623646178596e-09,2.708567189984023571e-04,2.359076711755392353e-09,4.957108057368486698e-09
2.818536515292180411e-09,3.424991623646178596e-09,1.812441041693091393e-04,2.359076711755392353e-09,4.957108057368486698e-09
2.818536515292180411e-09,3.424991623646178596e-09,8.999548299470916390e-05,2.359076711755392353e-09,4.957108057368486698e-09
2.818536515292180411e-09,3.424991623646178596e-09,9.069668158190324903e-05,2.359076711755392353e-09,4.957108057368486698e-09
2.818536515292180411e-09,7.410982507281005383e-04,4.260145651642233133e-04,4.809188540093600750e-04,4.957108057368486698e-09
2.818536515292180411e-09,3.424991623646178596e-09,2.731420972850173712e-04,2.359076711755392353e-09,4.957108057368486698e-09
2.818536515292180411e-09,3.580334887374192476e-04,4.143592668697237968e-04,5.493331700563430786e-04,4.957108057368486698e-09
2.818536515292180411e-09,1.601995318196713924e-04,3.412722726352512836e-04,5.076464731246232986e-04,4.957108057368486698e-09
2.818536515292180411e-09,3.424991623646178596e-09,1.150047683040611446e-04,1.546877319924533367e-04,4.957108057368486698e-09
2.818536515292180411e-09,3.424991623646178596e-09,9.071747626876458526e-05,2.359076711755392353e-09,4.957108057368486698e-09
9.646925900597125292e-05,8.139911369653418660e-05,3.658067726064473391e-04,3.462301101535558701e-04,4.957108057368486698e-09
2.818536515292180411e-09,2.190943778259679675e-04,4.532053135335445404e-04,4.625049186870455742e-04,4.957108057368486698e-09
2.818536515292180411e-09,6.627837428823113441e-04,4.355511919129639864e-04,4.931956063956022263e-04,4.957108057368486698e-09
2.818536515292180411e-09,3.424991623646178596e-09,9.062339813681319356e-05,2.359076711755392353e-09,4.957108057368486698e-09
2.818536515292180411e-09,3.424991623646178596e-09,4.528696008492261171e-04,2.359076711755392353e-09,4.957108057368486698e-09
2.818536515292180411e-09,3.424991623646178596e-09,3.615514433477073908e-04,2.359076711755392353e-09,4.957108057368486698e-09
2.818536515292180411e-09,3.424991623646178596e-09,9.099517774302512407e-05,2.359076711755392353e-09,4.957108057368486698e-09
2.818536515292180411e-09,3.424991623646178596e-09,2.727170940488576889e-04,2.359076711755392353e-09,4.957108057368486698e-09
2.818536515292180411e-09,3.424991623646178596e-09,4.481840587686747313e-04,2.359076711755392353e-09,4.957108057368486698e-09
2.818536515292180411e-09,3.424991623646178596e-09,3.652905579656362534e-04,2.359076711755392353e-09,4.957108057368486698e-09
2.818536515292180411e-09,3.424991623646178596e-09,2.724385703913867474e-04,2.359076711755392353e-09,4.957108057368486698e-09
2.738283073995262384e-04,1.181879546493291855e-03,3.909490769729018211e-04,4.814962740056216717e-04,4.957108057368486698e-09
2.818536515292180411e-09,3.424991623646178596e-09,3.647311241365969181e-04,2.359076711755392353e-09,4.957108057368486698e-09
1.447809336241334677e-04,1.201107283122837543e-03,3.678419161587953568e-04,3.924058401025831699e-04,4.957108057368486698e-09
2.818536515292180411e-09,3.424991623646178596e-09,2.717470924835652113e-04,2.359076711755392353e-09,4.957108057368486698e-09
2.818536515292180411e-09,1.045803423039615154e-03,2.938297984655946493e-04,4.641289415303617716e-04,4.957108057368486698e-09
2.818536515292180411e-09,5.525953602045774460e-04,4.255989042576402426e-04,5.161793087609112263e-04,4.957108057368486698e-09
2.818536515292180411e-09,1.021563875838182867e-04,1.781138271326199174e-04,3.431401855777949095e-04,4.957108057368486698e-09
2.818536515292180411e-09,3.424991623646178596e-09,3.959801688324660063e-04,4.010103002656251192e-04,4.957108057368486698e-09
2.818536515292180411e-09,3.424991623646178596e-09,9.101573959924280643e-05,2.359076711755392353e-09,4.957108057368486698e-09
2.818536515292180411e-09,2.968079643324017525e-04,4.422572383191436529e-04,4.879790940321981907e-04,4.957108057368486698e-09
2.818536515292180411e-09,3.424991623646178596e-09,2.716090530157089233e-04,2.359076711755392353e-09,4.957108057368486698e-09
1.582291588420048356e-04,9.015639661811292171e-04,4.261539725121110678e-04,4.679406411014497280e-04,4.957108057368486698e-09
2.818536515292180411e-09,3.424991623646178596e-09,4.492070584092289209e-04,2.359076711755392353e-09,4.957108057368486698e-09
2.818536515292180411e-09,3.424991623646178596e-09,7.282887818291783333e-04,2.359076711755392353e-09,4.957108057368486698e-09
2.818536515292180411e-09,3.424991623646178596e-09,2.728321123868227005e-04,2.359076711755392353e-09,4.957108057368486698e-09
2.818536515292180411e-09,3.424991623646178596e-09,4.828913370147347450e-04,2.359076711755392353e-09,4.957108057368486698e-09
2.818536515292180411e-09,3.424991623646178596e-09,4.522714007180184126e-04,2.359076711755392353e-09,4.957108057368486698e-09
2.818536515292180411e-09,3.424991623646178596e-09,8.984826854430139065e-05,2.359076711755392353e-09,4.957108057368486698e-09
2.818536515292180411e-09,3.424991623646178596e-09,2.725685772020369768e-04,2.359076711755392353e-09,4.957108057368486698e-09
2.818536515292180411e-09,3.424991623646178596e-09,4.055481113027781248e-04,2.872885852411855012e-05,4.957108057368486698e-09
2.818536515292180411e-09,3.424991623646178596e-09,6.448343046940863132e-04,2.008203446166589856e-04,4.957108057368486698e-09
2.818536515292180411e-09,3.424991623646178596e-09,2.723393845371901989e-04,2.359076711755392353e-09,4.957108057368486698e-09
7.036332390271127224e-04,1.080471789464354515e-03,3.678742214106023312e-04,4.334241966716945171e-04,5.688887904398143291e-04
2.818536515292180411e-09,3.424991623646178596e-09,5.417148931883275509e-04,2.359076711755392353e-09,4.957108057368486698e-09
6.225990364328026772e-04,1.175640616565942764e-03,3.397488326299935579e-04,5.662880386836377511e-09,5.775753525085747242e-04
2.818536515292180411e-09,3.424991623646178596e-09,3.624306700658053160e-04,2.359076711755392353e-09,4.957108057368486698e-09
4.878102045040577650e-04,1.269029336981475353e-03,2.295159938512369990e-04,1.510053261881694198e-04,4.957108057368486698e-09
2.818536515292180411e-09,3.424991623646178596e-09,9.042550664162263274e-05,2.359076711755392353e-09,4.957108057368486698e-09
1.852350396802648902e-04,1.284518162719905376e-03,2.763896482065320015e-04,3.831179928965866566e-04,4.957108057368486698e-09
2.818536515292180411e-09,7.609230233356356621e-04,3.922274918295443058e-04,4.893428995274007320e-04,4.957108057368486698e-09
2.818536515292180411e-09,2.716972376219928265e-04,1.533390750410035253e-04,3.403257578611373901e-04,4.957108057368486698e-09
9.032036905409768224e-05,3.424991623646178596e-09,2.261403508896364656e-09,2.359076711755392353e-09,4.957108057368486698e-09
8.993711526272818446e-05,3.424991623646178596e-09,2.261403508896364656e-09,2.359076711755392353e-09,4.957108057368486698e-09
2.818536515292180411e-09,3.424991623646178596e-09,1.096205232897773385e-04,2.411094756098464131e-04,4.957108057368486698e-09
2.818536515292180411e-09,1.167070004157721996e-04,4.661673447117209435e-04,4.620963009074330330e-04,1.277870032936334610e-04
2.818536515292180411e-09,3.424991623646178596e-09,2.725836529862135649e-04,2.359076711755392353e-09,4.957108057368486698e-09
3.767585440073162317e-04,3.503457992337644100e-04,4.027372051496058702e-04,5.447579314932227135e-04,4.957108057368486698e-09
2.818536515292180411e-09,3.424991623646178596e-09,2.713800349738448858e-04,2.359076711755392353e-09,4.957108057368486698e-09
4.348391958046704531e-04,1.150360796600580215e-03,3.803475992754101753e-04,4.386901273392140865e-04,2.465758007019758224e-04
2.818536515292180411e-09,3.424991623646178596e-09,3.613687003962695599e-04,2.359076711755392353e-09,4.957108057368486698e-09
2.818536515292180411e-09,1.540006051072850823e-04,6.313375779427587986e-04,4.494913155212998390e-04,4.957108057368486698e-09
2.818536515292180411e-09,3.424991623646178596e-09,2.717596653383225203e-04,2.359076711755392353e-09,4.957108057368486698e-09
2.818536515292180411e-09,2.843768161255866289e-04,6.238257046788930893e-04,2.178830181946977973e-04,4.957108057368486698e-09
2.818536515292180411e-09,3.424991623646178596e-09,4.978255601599812508e-04,2.359076711755392353e-09,4.957108057368486698e-09
2.818536515292180411e-09,3.424991623646178596e-09,1.818983873818069696e-04,2.359076711755392353e-09,4.957108057368486698e-09
2.818536515292180411e-09,3.424991623646178596e-09,2.708598913159221411e-04,2.359076711755392353e-09,4.957108057368486698e-09
1.155433492385782301e-04,3.424991623646178596e-09,4.567291180137544870e-04,2.503131108824163675e-04,4.957108057368486698e-09
2.818536515292180411e-09,3.424991623646178596e-09,1.808279776014387608e-04,2.359076711755392353e-09,4.957108057368486698e-09
1.087244963855482638e-04,3.424991623646178596e-09,6.894501857459545135e-04,4.668992478400468826e-04,4.957108057368486698e-09
2.818536515292180411e-09,3.424991623646178596e-09,2.711660345084965229e-04,2.359076711755392353e-09,4.957108057368486698e-09
5.653041880577802658e-04,1.019570161588490009e-03,1.869139523478224874e-04,3.623928059823811054e-04,1.576360315084457397e-03
2.818536515292180411e-09,7.821570034138858318e-05,5.375113105401396751e-04,1.905677490867674351e-04,4.957108057368486698e-09
5.777730257250368595e-04,1.037930371239781380e-03,1.327864883933216333e-04,3.802700302912853658e-05,1.446263049729168415e-03
2.818536515292180411e-09,3.424991623646178596e-09,5.347799160517752171e-04,2.359076711755392353e-09,4.957108057368486698e-09
5.499912076629698277e-04,1.062809140421450138e-03,2.064607833744958043e-04,2.359076711755392353e-09,1.545684761367738247e-03
2.818536515292180411e-09,3.424991623646178596e-09,1.816903823055326939e-04,2.359076711755392353e-09,4.957108057368486698e-09
6.485976045951247215e-04,1.147972885519266129e-03,2.275463193655014038e-04,2.359076711755392353e-09,5.128437769599258900e-04
5.403453251346945763e-04,9.278811630792915821e-04,3.681553935166448355e-04,4.641552804969251156e-04,4.957108057368486698e-09
1.574132184032350779e-04,2.897811355069279671e-04,1.524012914160266519e-04,5.137954140082001686e-04,4.957108057368486698e-09
2.818536515292180411e-09,3.424991623646178596e-09,2.261403508896364656e-09,8.183327736333012581e-05,4.957108057368486698e-09
1.167840164271183312e-04,3.424991623646178596e-09,3.995393926743417978e-04,2.757525362540036440e-04,4.957108057368486698e-09
4.151994071435183287e-04,3.713518963195383549e-04,3.837961703538894653e-04,5.231023533269762993e-04,1.656903186812996864e-04
2.818536515292180411e-09,3.424991623646178596e-09,2.727878745645284653e-04,2.359076711755392353e-09,4.957108057368486698e-09
7.009063265286386013e-04,8.949756738729774952e-04,3.947370569221675396e-04,4.479507042560726404e-04,2.767006517387926579e-04
2.818536515292180411e-09,3.424991623646178596e-09,3.405624302104115486e-04,1.338485744781792164e-04,4.957108057368486698e-09
6.293596234172582626e-04,1.111592631787061691e-03,3.671507583931088448e-04,2.585182082839310169e-04,8.470228640362620354e-04
9.716436034068465233e-05,3.424991623646178596e-09,6.127718370407819748e-04,2.291963755851611495e-04,4.957108057368486698e-09
2.044924476649612188e-04,4.207946185488253832e-04,5.150905926711857319e-04,3.138420870527625084e-04,4.957108057368486698e-09
2.818536515292180411e-09,3.424991623646178596e-09,1.821380719775334001e-04,2.359076711755392353e-09,4.957108057368486698e-09
2.818536515292180411e-09,6.364383152686059475e-04,5.090484628453850746e-04,1.705170143395662308e-04,4.957108057368486698e-09
2.818536515292180411e-09,3.424991623646178596e-09,5.452542100101709366e-04,2.359076711755392353e-09,4.957108057368486698e-09
2.818536515292180411e-09,3.424991623646178596e-09,9.003610466606914997e-05,2.359076711755392353e-09,4.957108057368486698e-09
2.818536515292180411e-09,3.424991623646178596e-09,9.041651355801150203e-05,2.359076711755392353e-09,4.957108057368486698e-09
2.818536515292180411e-09,3.424991623646178596e-09,3.624038072302937508e-04,2.359076711755392353e-09,4.957108057368486698e-09
1.097943968488834798e-04,3.424991623646178596e-09,6.199883646331727505e-04,2.293864818057045341e-04,4.957108057368486698e-09
1.811888214433565736e-04,3.424991623646178596e-09,6.058748112991452217e-04,4.578950756695121527e-04,4.957108057368486698e-09
3.500977763906121254e-04,1.019156770780682564e-03,3.098015440627932549e-04,3.200498467776924372e-04,2.423066645860671997e-03
3.292536712251603603e-04,1.408465614076703787e-04,4.882001958321779966e-04,3.477603313513100147e-04,4.957108057368486698e-09
2.929527545347809792e-04,1.084787072613835335e-03,1.363553456030786037e-04,5.574441820499487221e-05,2.352845156565308571e-03
2.818536515292180411e-09,3.424991623646178596e-09,4.436490999069064856e-04,2.359076711755392353e-09,4.957108057368486698e-09
1.990143064176663756e-04,1.083292183466255665e-03,2.261403508896364656e-09,2.359076711755392353e-09,2.255315892398357391e-03
2.818536515292180411e-09,3.424991623646178596e-09,2.730240230448544025e-04,2.359076711755392353e-09,4.957108057368486698e-09
5.053644999861717224e-04,1.168351620435714722e-03,2.481592237018048763e-04,2.359076711755392353e-09,1.307871076278388500e-03
7.805417408235371113e-04,9.107175865210592747e-04,4.009342519566416740e-04,3.387507458683103323e-04,4.957108057368486698e-09
1.385607174597680569e-04,3.644258540589362383e-04,3.865313774440437555e-04,5.371930310502648354e-04,4.957108057368486698e-09
1.363364863209426403e-04,8.447714208159595728e-05,1.253108493983745575e-04,9.009128552861511707e-05,2.213262487202882767e-04
5.061045521870255470e-04,1.123542824643664062e-04,3.912344400305300951e-04,4.917479818686842918e-04,2.450856554787606001e-04
7.464479422196745872e-04,4.483361553866416216e-04,3.714199119713157415e-04,4.912670701742172241e-04,8.089523762464523315e-04
2.818536515292180411e-09,3.424991623646178596e-09,2.718149626161903143e-04,2.359076711755392353e-09,4.957108057368486698e-09
5.365493707358837128e-04,1.035460620187222958e-03,3.585398662835359573e-04,2.496442175470292568e-04,1.476981327868998051e-03
9.699014481157064438e-05,3.424991623646178596e-09,3.749763709492981434e-04,2.017525839619338512e-04,4.957108057368486698e-09
4.661332641262561083e-04,1.006479607895016670e-03,3.359564288984984159e-04,4.221714334562420845e-04,2.364412415772676468e-03
4.721079021692276001e-04,3.424991623646178596e-09,5.272097187116742134e-04,4.292321973480284214e-04,4.957108057368486698e-09
1.988846634048968554e-04,2.101022255374118686e-04,5.447796429507434368e-04,2.957116230390965939e-04,3.302254481241106987e-04
1.541231031296774745e-04,5.594187157953456335e-08,6.488999933935701847e-04,1.864130026660859585e-04,1.928518468048423529e-04
2.818536515292180411e-09,1.046659017447382212e-04,3.038862778339534998e-04,2.359076711755392353e-09,4.957108057368486698e-09
2.818536515292180411e-09,3.424991623646178596e-09,4.274522070772945881e-04,1.324141339864581823e-04,4.957108057368486698e-09
9.712105384096503258e-05,3.424991623646178596e-09,5.038382951170206070e-04,3.408641787245869637e-04,4.957108057368486698e-09
3.863534075208008289e-04,1.393913989886641502e-04,5.820790538564324379e-04,5.158996791578829288e-04,4.957108057368486698e-09
4.371823160909116268e-04,9.930625092238187790e-04,3.372362116351723671e-04,3.109145909547805786e-04,2.824373310431838036e-03
2.120321005349978805e-04,3.424991623646178596e-09,5.455503123812377453e-04,2.046652371063828468e-04,4.957108057368486698e-09
3.540687612257897854e-04,9.566585067659616470e-04,2.261403508896364656e-09,4.623604763764888048e-04,2.702128607779741287e-03
2.818536515292180411e-09,3.424991623646178596e-09,4.546336131170392036e-04,2.359076711755392353e-09,4.957108057368486698e-09
2.204336778959259391e-04,1.015787012875080109e-03,2.261403508896364656e-09,2.359076711755392353e-09,2.511855214834213257e-03
2.818536515292180411e-09,3.424991623646178596e-09,8.979320409707725048e-05,2.359076711755392353e-09,4.957108057368486698e-09
5.111444042995572090e-04,1.101197209209203720e-03,3.775244113057851791e-04,2.359076711755392353e-09,1.801197882741689682e-03
8.201682358048856258e-04,7.488174014724791050e-04,4.153635236434638500e-04,4.652616626117378473e-04,4.957108057368486698e-09
1.380634348606690764e-04,2.662624174263328314e-04,4.028074326924979687e-04,5.112820072099566460e-04,4.957108057368486698e-09
1.940181246027350426e-04,3.424991623646178596e-09,2.261403508896364656e-09,1.933214807650074363e-04,4.957108057368486698e-09
8.036799845285713673e-04,3.424991623646178596e-09,4.066401743330061436e-04,5.149706848897039890e-04,6.477535353042185307e-04
6.230801809579133987e-04,5.639932933263480663e-04,3.855624527204781771e-04,4.661292186938226223e-04,1.579944277182221413e-03
9.701062663225457072e-05,3.424991623646178596e-09,3.537449811119586229e-04,2.359076711755392353e-09,4.957108057368486698e-09
4.566456482280045748e-04,9.767394512891769409e-04,3.365023585502058268e-04,4.231000493746250868e-04,2.515076892450451851e-03
2.069645270239561796e-04,3.424991623646178596e-09,5.157901905477046967e-04,2.131933870259672403e-04,4.957108057368486698e-09
4.346856439951807261e-04,9.761697147041559219e-04,3.315639041829854250e-04,4.198151291348040104e-04,2.861215965822339058e-03
4.132727335672825575e-04,3.424991623646178596e-09,4.041770880576223135e-04,3.524865605868399143e-04,4.957108057368486698e-09
2.693970163818448782e-04,2.229457022622227669e-04,5.250578396953642368e-04,2.055125514743849635e-04,4.957108057368486698e-09
2.001298562390729785e-04,3.424991623646178596e-09,5.982171278446912766e-04,2.359076711755392353e-09,4.957108057368486698e-09
2.818536515292180411e-09,3.424991623646178596e-09,1.806295331334695220e-04,2.359076711755392353e-09,4.957108057368486698e-09
1.058911293512210250e-04,3.424991623646178596e-09,3.417516418267041445e-04,2.359076711755392353e-09,4.957108057368486698e-09
3.169655974488705397e-04,3.424991623646178596e-09,4.692130605690181255e-04,3.597884206101298332e-04,4.957108057368486698e-09
5.069143953733146191e-04,3.424991623646178596e-09,5.565991159528493881e-04,1.212696079164743423e-04,4.957108057368486698e-09
4.200291587039828300e-04,9.583601495251059532e-04,3.296786744613200426e-04,4.194990906398743391e-04,3.105647396296262741e-03
2.818536515292180411e-09,3.424991623646178596e-09,3.632999432738870382e-04,2.359076711755392353e-09,4.957108057368486698e-09
3.774203360080718994e-04,9.852516232058405876e-04,2.261403508896364656e-09,2.752121945377439260e-04,2.961664693430066109e-03
2.818536515292180411e-09,3.424991623646178596e-09,1.811181864468380809e-04,2.359076711755392353e-09,4.957108057368486698e-09
2.870450553018599749e-04,1.089636120013892651e-03,3.625085228122770786e-04,8.253881242126226425e-05,2.444918267428874969e-03
7.465257658623158932e-04,8.287490927614271641e-04,3.818164695985615253e-04,4.466788959689438343e-04,6.088427035138010979e-04
2.719986077863723040e-04,4.981223028153181076e-04,3.670446749310940504e-04,5.498640821315348148e-04,4.957108057368486698e-09
2.899209503084421158e-04,3.424991623646178596e-09,9.017202683025971055e-05,2.925145672634243965e-04,4.957108057368486698e-09
9.244469692930579185e-04,3.424991623646178596e-09,4.067026020493358374e-04,5.010493332520127296e-04,8.131370996125042439e-04
5.331120337359607220e-04,6.598063046112656593e-04,3.588176041375845671e-04,4.474434535950422287e-04,2.306797541677951813e-03
2.818536515292180411e-09,3.424991623646178596e-09,2.726371749304234982e-04,2.359076711755392353e-09,4.957108057368486698e-09
3.661864029709249735e-04,9.521202882751822472e-04,3.362174902576953173e-04,4.270990611985325813e-04,2.646549139171838760e-03
9.609810513211414218e-05,3.424991623646178596e-09,3.270189918112009764e-04,1.358728040941059589e-04,4.957108057368486698e-09
4.216071392875164747e-04,9.596591116860508919e-04,3.291828907094895840e-04,4.175941285211592913e-04,3.101053414866328239e-03
2.818536515292180411e-09,3.424991623646178596e-09,3.414542006794363260e-04,1.332307874690741301e-04,4.957108057368486698e-09
2.057318488368764520e-04,3.424991623646178596e-09,5.818476784043014050e-04,1.273432135349139571e-04,4.957108057368486698e-09
2.818536515292180411e-09,3.221156293875537813e-05,1.815569848986342549e-04,2.879756721085868776e-05,4.957108057368486698e-09
2.818536515292180411e-09,3.424991623646178596e-09,9.003416926134377718e-05,2.359076711755392353e-09,4.957108057368486698e-09
2.818536515292180411e-09,3.424991623646178596e-09,3.409833589103072882e-04,1.331792736891657114e-04,4.957108057368486698e-09
1.140997337643057108e-04,3.424991623646178596e-09,4.112526075914502144e-04,1.332159736193716526e-04,4.957108057368486698e-09
2.073295909212902188e-04,3.424991623646178596e-09,5.862533580511808395e-04,1.226752647198736668e-04,4.957108057368486698e-09
3.589922271203249693e-04,9.344329591840505600e-04,3.333407803438603878e-04,4.264636372681707144e-04,2.890892094001173973e-03
2.818536515292180411e-09,1.147776609286665916e-03,3.599680494517087936e-04,9.151854465017095208e-05,2.616089535877108574e-03
5.852006142958998680e-04,8.193216053768992424e-04,3.958750457968562841e-04,3.293652553111314774e-04,6.206729449331760406e-04
4.550506127998232841e-04,2.882323751691728830e-04,3.921830211766064167e-04,5.927667953073978424e-04,4.957108057368486698e-09
2.818536515292180411e-09,3.424991623646178596e-09,2.261403508896364656e-09,1.004041987471282482e-04,4.957108057368486698e-09
2.818536515292180411e-09,3.424991623646178596e-09,2.261403508896364656e-09,9.699849033495411277e-05,1.085494004655629396e-04
4.103830142412334681e-04,8.042712579481303692e-05,1.337518624495714903e-04,3.951163089368492365e-04,1.360946916975080967e-04
7.820031605660915375e-04,2.790080202430544887e-07,3.851398359984159470e-04,4.968577995896339417e-04,1.621097326278686523e-03
4.990596207790076733e-04,7.196108927018940449e-04,3.534166608005762100e-04,4.450119740795344114e-04,2.615666249766945839e-03
2.818536515292180411e-09,6.314498750725761056e-05,2.261403508896364656e-09,2.359076711755392353e-09,4.957108057368486698e-09
2.802537928801029921e-04,5.924601573497056961e-04,2.261403508896364656e-09,2.359076711755392353e-09,7.500190404243767262e-04
2.818536515292180411e-09,3.424991623646178596e-09,9.164540097117424011e-05,2.359076711755392353e-09,4.957108057368486698e-09
2.880789979826658964e-04,5.320324562489986420e-04,2.261403508896364656e-09,2.359076711755392353e-09,7.544282125309109688e-04
8.885298302629962564e-05,3.424991623646178596e-09,9.098507143789902329e-05,2.359076711755392353e-09,4.957108057368486698e-09
9.026641055243089795e-05,3.424991623646178596e-09,2.261403508896364656e-09,2.359076711755392353e-09,4.957108057368486698e-09
2.818536515292180411e-09,3.424991623646178596e-09,9.112566476687788963e-05,2.359076711755392353e-09,4.957108057368486698e-09
2.818536515292180411e-09,3.424991623646178596e-09,9.044503531185910106e-05,2.359076711755392353e-09,4.957108057368486698e-09
2.818536515292180411e-09,3.424991623646178596e-09,9.024635801324620843e-05,2.359076711755392353e-09,4.957108057368486698e-09
5.030206521041691303e-04,8.846867131069302559e-04,3.535320574883371592e-04,3.093505511060357094e-04,2.303586574271321297e-03
7.725075702182948589e-04,5.895227077417075634e-04,4.024913650937378407e-04,4.754883411806076765e-04,7.189901662059128284e-04
1.934474421432241797e-04,3.424991623646178596e-09,4.044696688652038574e-04,3.497168945614248514e-04,4.957108057368486698e-09
8.726149826543405652e-05,3.424991623646178596e-09,2.261403508896364656e-09,2.359076711755392353e-09,4.957108057368486698e-09
8.699856698513031006e-05,3.424991623646178596e-09,2.261403508896364656e-09,2.359076711755392353e-09,4.957108057368486698e-09
9.862893057288601995e-05,3.424991623646178596e-09,2.261403508896364656e-09,9.734148625284433365e-05,4.957108057368486698e-09
2.791060833260416985e-04,5.927461315877735615e-04,2.261403508896364656e-09,2.359076711755392353e-09,7.543099345639348030e-04
2.818536515292180411e-09,3.424991623646178596e-09,2.261403508896364656e-09,1.004245423246175051e-04,4.957108057368486698e-09
5.649447120958939195e-05,8.331210847245529294e-05,1.119644439313560724e-04,2.733333094511181116e-04,3.238767094444483519e-04
2.818536515292180411e-09,3.424991623646178596e-09,2.261403508896364656e-09,9.735694766277447343e-05,4.957108057368486698e-09
3.754199133254587650e-04,3.424991623646178596e-09,2.261403508896364656e-09,2.359076711755392353e-09,1.261144061572849751e-04
9.660101204644888639e-05,3.424991623646178596e-09,1.039571579894982278e-04,3.521688631735742092e-04,4.957108057368486698e-09
5.479435785673558712e-04,3.424991623646178596e-09,2.261403508896364656e-09,1.924667158164083958e-04,3.484751505311578512e-04
2.178293070755898952e-04,2.413389302091673017e-04,1.414297585142776370e-04,2.601885644253343344e-04,4.283378366380929947e-04
7.161037501646205783e-05,3.707883661263622344e-05,1.990825840039178729e-04,2.359076711755392353e-09,4.957108057368486698e-09
2.818536515292180411e-09,3.424991623646178596e-09,2.261403508896364656e-09,2.359076711755392353e-09,1.020825948216952384e-04
1.795320276869460940e-04,3.424991623646178596e-09,2.261403508896364656e-09,2.359076711755392353e-09,4.957108057368486698e-09
9.046645573107525706e-05,3.424991623646178596e-09,2.261403508896364656e-09,2.359076711755392353e-09,4.957108057368486698e-09
2.818536515292180411e-09,3.424991623646178596e-09,2.261403508896364656e-09,9.649810817791149020e-05,1.032286672852933407e-04
1.735628611641004682e-04,3.424991623646178596e-09,2.261403508896364656e-09,2.359076711755392353e-09,4.957108057368486698e-09
9.064569167094305158e-05,3.424991623646178596e-09,2.261403508896364656e-09,2.359076711755392353e-09,4.957108057368486698e-09
1.390471443301066756e-04,9.795293590286746621e-05,1.324364420725032687e-04,3.562831552699208260e-04,4.957108057368486698e-09
2.818536515292180411e-09,3.424991623646178596e-09,2.261403508896364656e-09,2.359076711755392353e-09,2.019678940996527672e-04
2.818536515292180411e-09,3.424991623646178596e-09,2.261403508896364656e-09,9.670626604929566383e-05,4.957108057368486698e-09
2.818536515292180411e-09,6.512966501759365201e-05,2.261403508896364656e-09,1.002503922791220248e-04,4.957108057368486698e-09
2.818536515292180411e-09,3.424991623646178596e-09,2.261403508896364656e-09,1.943545939866453409e-04,4.957108057368486698e-09
1.597394584678113461e-04,3.424991623646178596e-09,2.261403508896364656e-09,1.057451809174381196e-04,4.957108057368486698e-09
2.818536515292180411e-09,7.699325215071439743e-05,2.261403508896364656e-09,7.436102168867364526e-05,4.957108057368486698e-09
9.113761188928037882e-05,3.424991623646178596e-09,2.261403508896364656e-09,2.359076711755392353e-09,4.957108057368486698e-09
2.818536515292180411e-09,3.424991623646178596e-09,2.261403508896364656e-09,2.897960366681218147e-04,3.058989823330193758e-04
4.330158117227256298e-04,6.625686655752360821e-04,3.054697008337825537e-04,4.427095991559326649e-04,1.281841425225138664e-03
1.733098033582791686e-04,3.424991623646178596e-09,2.261403508896364656e-09,2.359076711755392353e-09,1.088577628252096474e-04
2.663739433046430349e-04,3.424991623646178596e-09,2.261403508896364656e-09,2.359076711755392353e-09,4.957108057368486698e-09
8.920436084736138582e-05,3.424991623646178596e-09,2.261403508896364656e-09,2.359076711755392353e-09,4.957108057368486698e-09
2.818536515292180411e-09,3.424991623646178596e-09,2.261403508896364656e-09,9.745595161803066730e-05,4.957108057368486698e-09
2.818536515292180411e-09,6.454904359998181462e-05,2.261403508896364656e-09,2.359076711755392353e-09,4.957108057368486698e-09
2.818536515292180411e-09,3.424991623646178596e-09,2.261403508896364656e-09,1.933462190208956599e-04,4.957108057368486698e-09
8.749045082367956638e-05,3.424991623646178596e-09,2.261403508896364656e-09,3.169922565575689077e-04,4.957108057368486698e-09
8.704044739715754986e-05,4.642837302526459098e-05,2.261403508896364656e-09,2.359076711755392353e-09,1.330820377916097641e-04
2.818536515292180411e-09,1.933242019731551409e-04,2.261403508896364656e-09,2.359076711755392353e-09,4.957108057368486698e-09
2.818536515292180411e-09,3.424991623646178596e-09,9.061799937626346946e-05,2.359076711755392353e-09,4.957108057368486698e-09
2.818536515292180411e-09,3.424991623646178596e-09,9.072953253053128719e-05,2.359076711755392353e-09,4.957108057368486698e-09
2.818536515292180411e-09,3.424991623646178596e-09,2.710130065679550171e-04,2.359076711755392353e-09,4.957108057368486698e-09
2.818536515292180411e-09,3.424991623646178596e-09,8.966842869995161891e-05,2.359076711755392353e-09,4.957108057368486698e-09
2.818536515292180411e-09,3.424991623646178596e-09,9.066650090971961617e-05,2.359076711755392353e-09,4.957108057368486698e-09
2.818536515292180411e-09,3.424991623646178596e-09,1.811544643715023994e-04,2.359076711755392353e-09,4.957108057368486698e-09
2.818536515292180411e-09,6.657172343693673611e-04,4.352798277977854013e-04,4.930913564749062061e-04,4.957108057368486698e-09
2.818536515292180411e-09,6.855861865915358067e-04,3.105189243797212839e-04,4.988850560039281845e-04,4.957108057368486698e-09
2.818536515292180411e-09,4.384367784950882196e-04,3.975502331741154194e-04,5.354590830393135548e-04,4.957108057368486698e-09
2.818536515292180411e-09,3.424991623646178596e-09,1.144502457464113832e-04,1.541921665193513036e-04,4.957108057368486698e-09
2.818536515292180411e-09,3.424991623646178596e-09,9.058672731043770909e-05,2.359076711755392353e-09,4.957108057368486698e-09
2.818536515292180411e-09,3.424991623646178596e-09,2.725576050579547882e-04,2.359076711755392353e-09,4.957108057368486698e-09
2.818536515292180411e-09,3.424991623646178596e-09,1.809792593121528625e-04,2.359076711755392353e-09,4.957108057368486698e-09
2.818536515292180411e-09,8.103946311166509986e-05,3.698097716551274061e-04,3.636356850620359182e-04,4.957108057368486698e-09
2.818536515292180411e-09,3.424991623646178596e-09,2.687851665541529655e-04,2.359076711755392353e-09,4.957108057368486698e-09
2.818536515292180411e-09,3.051217936445027590e-04,4.353420517873018980e-04,4.410255642142146826e-04,4.957108057368486698e-09
2.818536515292180411e-09,3.424991623646178596e-09,9.090209641726687551e-05,2.359076711755392353e-09,4.957108057368486698e-09
2.818536515292180411e-09,3.424991623646178596e-09,4.090010770596563816e-04,3.263386679464019835e-05,4.957108057368486698e-09
2.818536515292180411e-09,3.424991623646178596e-09,4.533365718089044094e-04,2.359076711755392353e-09,4.957108057368486698e-09
2.818536515292180411e-09,3.424991623646178596e-09,3.621556679718196392e-04,2.359076711755392353e-09,4.957108057368486698e-09
2.818536515292180411e-09,3.424991623646178596e-09,2.719705516938120127e-04,2.359076711755392353e-09,4.957108057368486698e-09
2.818536515292180411e-09,3.424991623646178596e-09,9.111341205425560474e-05,2.359076711755392353e-09,4.957108057368486698e-09
2.818536515292180411e-09,3.424991623646178596e-09,4.913117736577987671e-04,3.176756217726506293e-05,4.957108057368486698e-09
2.818536515292180411e-09,3.424991623646178596e-09,9.056898852577432990e-05,2.359076711755392353e-09,4.957108057368486698e-09
2.818536515292180411e-09,1.093025901354849339e-03,4.105145635548979044e-04,4.511197039391845465e-04,4.957108057368486698e-09
2.818536515292180411e-09,3.424991623646178596e-09,3.636744804680347443e-04,2.359076711755392353e-09,4.957108057368486698e-09
2.818536515292180411e-09,1.257750438526272774e-03,2.777674235403537750e-04,4.464115772861987352e-04,4.957108057368486698e-09
2.818536515292180411e-09,3.424991623646178596e-09,3.639928181655704975e-04,2.359076711755392353e-09,4.957108057368486698e-09
2.818536515292180411e-09,1.256478019058704376e-03,2.777608169708400965e-04,4.463440855033695698e-04,4.957108057368486698e-09
2.818536515292180411e-09,3.424991623646178596e-09,9.048927313415333629e-05,2.359076711755392353e-09,4.957108057368486698e-09
2.818536515292180411e-09,8.567460463382303715e-04,3.844166931230574846e-04,4.789425875060260296e-04,4.957108057368486698e-09
2.818536515292180411e-09,2.145572216250002384e-04,5.092748324386775494e-04,5.535786622203886509e-04,4.957108057368486698e-09
2.818536515292180411e-09,3.424991623646178596e-09,9.099680755753070116e-05,1.009820480248890817e-04,4.957108057368486698e-09
2.818536515292180411e-09,3.424991623646178596e-09,1.801922044251114130e-04,2.359076711755392353e-09,4.957108057368486698e-09
2.818536515292180411e-09,3.424991623646178596e-09,9.073258115677163005e-05,2.359076711755392353e-09,4.957108057368486698e-09
2.818536515292180411e-09,1.223553990712389350e-04,3.851832007057964802e-04,4.747472703456878662e-04,4.957108057368486698e-09
2.818536515292180411e-09,3.424991623646178596e-09,1.804451894713565707e-04,2.359076711755392353e-09,4.957108057368486698e-09
2.818536515292180411e-09,7.252747891470789909e-04,4.586041904985904694e-04,4.809241800103336573e-04,4.957108057368486698e-09
2.818536515292180411e-09,3.424991623646178596e-09,2.726284146774560213e-04,2.359076711755392353e-09,4.957108057368486698e-09
2.818536515292180411e-09,3.424991623646178596e-09,5.395500338636338711e-04,2.359076711755392353e-09,4.957108057368486698e-09
2.818536515292180411e-09,3.424991623646178596e-09,2.703359059523791075e-04,2.359076711755392353e-09,4.957108057368486698e-09
2.818536515292180411e-09,3.424991623646178596e-09,7.317538838833570480e-04,2.359076711755392353e-09,4.957108057368486698e-09
2.818536515292180411e-09,3.424991623646178596e-09,5.684365751221776009e-04,2.359076711755392353e-09,4.957108057368486698e-09
2.818536515292180411e-09,3.424991623646178596e-09,3.618717892095446587e-04,2.359076711755392353e-09,4.957108057368486698e-09
2.818536515292180411e-09,3.424991623646178596e-09,2.721749187912791967e-04,2.359076711755392353e-09,4.957108057368486698e-09
2.818536515292180411e-09,3.424991623646178596e-09,4.541036032605916262e-04,2.359076711755392353e-09,4.957108057368486698e-09
2.818536515292180411e-09,3.424991623646178596e-09,2.714520087465643883e-04,2.359076711755392353e-09,4.957108057368486698e-09
5.526149179786443710e-04,1.190813374705612659e-03,3.819719422608613968e-04,4.473688022699207067e-04,4.957108057368486698e-09
2.818536515292180411e-09,3.424991623646178596e-09,3.614791203290224075e-04,2.359076711755392353e-09,4.957108057368486698e-09
5.384507821872830391e-04,1.124857342801988125e-03,2.160589210689067841e-04,2.556230756454169750e-04,4.878835461568087339e-04
2.818536515292180411e-09,3.424991623646178596e-09,3.627023834269493818e-04,2.359076711755392353e-09,4.957108057368486698e-09
4.543940303847193718e-04,1.206074142828583717e-03,2.320757193956524134e-04,2.359076711755392353e-09,3.469934454187750816e-04
2.818536515292180411e-09,3.424991623646178596e-09,2.734262088779360056e-04,2.359076711755392353e-09,4.957108057368486698e-09
3.185605164617300034e-04,1.318171387538313866e-03,2.380986697971820831e-04,1.572148466948419809e-04,4.957108057368486698e-09
2.818536515292180411e-09,1.121553475968539715e-03,3.602545475587248802e-04,4.496807232499122620e-04,4.957108057368486698e-09
2.818536515292180411e-09,5.335655878297984600e-04,4.248980258125811815e-04,5.062422133050858974e-04,4.957108057368486698e-09
2.818536515292180411e-09,6.398522964445874095e-05,9.061834862222895026e-05,1.146530776168219745e-04,4.957108057368486698e-09
9.017693810164928436e-05,3.424991623646178596e-09,2.261403508896364656e-09,2.359076711755392353e-09,4.957108057368486698e-09
2.818536515292180411e-09,3.424991623646178596e-09,4.004075308330357075e-04,2.331422583665698767e-04,4.957108057368486698e-09
2.818536515292180411e-09,3.424991623646178596e-09,9.029919601744040847e-05,2.359076711755392353e-09,4.957108057368486698e-09
3.880195145029574633e-04,8.833647007122635841e-05,4.432038113009184599e-04,5.393016035668551922e-04,4.957108057368486698e-09
2.818536515292180411e-09,3.424991623646178596e-09,2.720488118939101696e-04,2.359076711755392353e-09,4.957108057368486698e-09
2.967363107018172741e-04,8.928797906264662743e-04,3.963175986427813768e-04,4.964644904248416424e-04,4.957108057368486698e-09
2.818536515292180411e-09,3.424991623646178596e-09,2.722945937421172857e-04,2.359076711755392353e-09,4.957108057368486698e-09
1.087010459741577506e-04,3.424991623646178596e-09,6.880211294628679752e-04,4.690089554060250521e-04,4.957108057368486698e-09
2.818536515292180411e-09,3.424991623646178596e-09,2.715626615099608898e-04,2.359076711755392353e-09,4.957108057368486698e-09
2.818536515292180411e-09,1.680932327872142196e-04,6.510830717161297798e-04,1.971574965864419937e-04,4.957108057368486698e-09
2.818536515292180411e-09,3.424991623646178596e-09,2.726122038438916206e-04,2.359076711755392353e-09,4.957108057368486698e-09
2.818536515292180411e-09,1.445451198378577828e-04,5.875417846255004406e-04,4.124786937609314919e-05,4.957108057368486698e-09
2.818536515292180411e-09,3.424991623646178596e-09,3.634751774370670319e-04,2.359076711755392353e-09,4.957108057368486698e-09
2.818536515292180411e-09,3.424991623646178596e-09,9.160658373730257154e-05,2.359076711755392353e-09,4.957108057368486698e-09
2.818536515292180411e-09,3.424991623646178596e-09,9.012146620079874992e-05,2.359076711755392353e-09,4.957108057368486698e-09
9.647000842960551381e-05,3.424991623646178596e-09,3.546759835444390774e-04,2.359076711755392353e-09,4.957108057368486698e-09
1.121328386943787336e-04,3.424991623646178596e-09,5.925357108935713768e-04,2.454762288834899664e-04,4.957108057368486698e-09
2.818536515292180411e-09,3.424991623646178596e-09,2.705596562009304762e-04,2.359076711755392353e-09,4.957108057368486698e-09
6.145540392026305199e-04,1.061007147654891014e-03,3.300415119156241417e-04,1.984000846277922392e-04,1.039206981658935547e-03
2.818536515292180411e-09,3.424991623646178596e-09,5.320327472873032093e-04,2.359076711755392353e-09,4.957108057368486698e-09
5.648118676617741585e-04,1.044892705976963043e-03,1.922063966048881412e-04,1.900554052554070950e-04,1.552714267745614052e-03
2.818536515292180411e-09,3.424991623646178596e-09,6.351563497446477413e-04,4.001748675364069641e-05,4.957108057368486698e-09
5.587209016084671021e-04,1.048129284754395485e-03,2.261403508896364656e-09,5.300243719830177724e-05,1.594102242961525917e-03
2.818536515292180411e-09,3.424991623646178596e-09,3.627078258432447910e-04,2.359076711755392353e-09,4.957108057368486698e-09
5.651903920806944370e-04,1.147748786024749279e-03,2.173150860471650958e-04,2.359076711755392353e-09,8.813579916022717953e-04
2.818536515292180411e-09,3.424991623646178596e-09,9.146256343228742480e-05,2.359076711755392353e-09,4.957108057368486698e-09
6.001200526952743530e-04,1.268766238354146481e-03,2.412442554486915469e-04,2.927666937466710806e-04,1.290229702135547996e-04
1.105687988456338644e-04,8.812065934762358665e-04,3.846615145448595285e-04,4.733600071631371975e-04,4.957108057368486698e-09
7.414756692014634609e-05,1.918705238495022058e-04,1.165114372270181775e-04,5.014724447391927242e-04,4.957108057368486698e-09
2.818536515292180411e-09,3.424991623646178596e-09,2.261403508896364656e-09,1.009762199828401208e-04,4.957108057368486698e-09
2.225538046332076192e-04,3.424991623646178596e-09,4.661892598960548639e-04,4.799916641786694527e-04,4.957108057368486698e-09
2.818536515292180411e-09,3.424991623646178596e-09,2.732177963480353355e-04,2.359076711755392353e-09,4.957108057368486698e-09
4.709041677415370941e-04,5.000439123250544071e-04,3.743852139450609684e-04,4.979182849638164043e-04,1.583855482749640942e-04
2.818536515292180411e-09,3.424991623646178596e-09,3.602563519962131977e-04,2.359076711755392353e-09,4.957108057368486698e-09
7.530681323260068893e-04,1.107068615965545177e-03,3.727126168087124825e-04,4.305908805690705776e-04,3.413970698602497578e-04
2.818536515292180411e-09,3.424991623646178596e-09,5.389248835854232311e-04,2.359076711755392353e-09,4.957108057368486698e-09
3.420483844820410013e-04,2.338180202059447765e-04,5.805313703604042530e-04,4.849978140555322170e-04,4.957108057368486698e-09
2.818536515292180411e-09,3.424991623646178596e-09,2.713170251809060574e-04,2.359076711755392353e-09,4.957108057368486698e-09
1.683497539488598704e-04,3.786499437410384417e-04,5.098396213725209236e-04,2.849235897883772850e-04,4.957108057368486698e-09
2.818536515292180411e-09,3.424991623646178596e-09,2.726633974816650152e-04,2.359076711755392353e-09,4.957108057368486698e-09
1.130787641159258783e-04,3.071315877605229616e-04,4.512954619713127613e-04,2.161253942176699638e-04,4.957108057368486698e-09
2.818536515292180411e-09,7.585371349705383182e-05,4.355396085884422064e-04,2.359076711755392353e-09,4.957108057368486698e-09
2.818536515292180411e-09,3.424991623646178596e-09,9.035742550622671843e-05,2.359076711755392353e-09,4.957108057368486698e-09
2.818536515292180411e-09,3.424991623646178596e-09,2.718565228860825300e-04,2.359076711755392353e-09,4.957108057368486698e-09
1.150750977103598416e-04,3.424991623646178596e-09,4.120735102333128452e-04,1.371709076920524240e-04,4.957108057368486698e-09
1.970733137568458915e-04,2.890194300562143326e-04,5.694085266441106796e-04,4.932412412017583847e-04,4.957108057368486698e-09
2.818536515292180411e-09,3.424991623646178596e-09,1.800428581191226840e-04,2.359076711755392353e-09,4.957108057368486698e-09
3.176791360601782799e-04,1.092512393370270729e-03,3.532531263772398233e-04,2.605449117254465818e-04,1.998304855078458786e-03
2.927890163846313953e-04,3.424991623646178596e-09,4.644048167392611504e-04,4.021009372081607580e-04,4.957108057368486698e-09
3.106772783212363720e-04,1.082730013877153397e-03,2.261403508896364656e-09,2.359076711755392353e-09,2.186140976846218109e-03
1.761321618687361479e-04,3.424991623646178596e-09,5.557456170208752155e-04,1.907408732222393155e-04,4.957108057368486698e-09
3.447367053013294935e-04,1.054228632710874081e-03,2.261403508896364656e-09,2.359076711755392353e-09,1.910768682137131691e-03
2.818536515292180411e-09,3.424991623646178596e-09,5.462484550662338734e-04,2.359076711755392353e-09,4.957108057368486698e-09
5.500468541868031025e-04,1.062073279172182083e-03,2.087552129523828626e-04,2.359076711755392353e-09,1.543669262900948524e-03
5.936360103078186512e-04,1.139135449193418026e-03,3.880420990753918886e-04,2.359076711755392353e-09,7.065524696372449398e-04
6.297359359450638294e-04,7.543031824752688408e-04,3.816749667748808861e-04,3.621911164373159409e-04,6.108446996222482994e-06
1.934936299221590161e-04,1.961804518941789865e-04,1.164053901447914541e-04,4.860267799813300371e-04,4.957108057368486698e-09
2.818536515292180411e-09,3.424991623646178596e-09,2.261403508896364656e-09,2.359076711755392353e-09,1.026216705213300884e-04
1.937574270414188504e-04,3.424991623646178596e-09,3.129581455141305923e-04,3.711580066010355949e-04,4.957108057368486698e-09
8.644949994049966335e-04,2.501570270396769047e-04,3.776525554712861776e-04,5.058937240391969681e-04,2.008433657465502620e-04
2.818536515292180411e-09,3.424991623646178596e-09,1.817282318370416760e-04,2.359076711755392353e-09,4.957108057368486698e-09
7.037664763629436493e-04,6.063579348847270012e-04,3.971910919062793255e-04,4.551793390419334173e-04,9.174793376587331295e-04
2.818536515292180411e-09,3.424991623646178596e-09,3.402027068659663200e-04,1.346249919151887298e-04,4.957108057368486698e-09
5.668163648806512356e-04,1.069632824510335922e-03,3.575774608179926872e-04,2.479073009453713894e-04,1.454126904718577862e-03
2.124352176906540990e-04,3.424991623646178596e-09,4.874211153946816921e-04,2.213231200585141778e-04,4.957108057368486698e-09
4.679293488152325153e-04,3.035003319382667542e-04,5.330190761014819145e-04,4.717427946161478758e-04,4.957108057368486698e-09
2.818536515292180411e-09,3.424991623646178596e-09,1.812799164326861501e-04,2.359076711755392353e-09,4.957108057368486698e-09
6.951813702471554279e-05,4.931041039526462555e-04,4.271962097845971584e-04,3.058180445805191994e-04,4.957108057368486698e-09
2.818536515292180411e-09,3.424991623646178596e-09,9.002707520266994834e-05,2.359076711755392353e-09,4.957108057368486698e-09
2.058491372736170888e-04,3.424991623646178596e-09,6.316896178759634495e-04,1.475380704505369067e-04,4.957108057368486698e-09
2.818536515292180411e-09,3.424991623646178596e-09,4.533512983471155167e-04,2.359076711755392353e-09,4.957108057368486698e-09
2.818536515292180411e-09,3.424991623646178596e-09,2.726366510614752769e-04,2.359076711755392353e-09,4.957108057368486698e-09
1.950248260982334614e-04,3.424991623646178596e-09,3.132762503810226917e-04,2.499448892194777727e-04,4.957108057368486698e-09
3.731991164386272430e-04,3.424991623646178596e-09,5.601016455329954624e-04,5.051775369793176651e-04,4.957108057368486698e-09
2.383243991062045097e-04,9.832754731178283691e-04,1.706278271740302444e-04,2.588947245385497808e-04,2.804227871820330620e-03
4.148065927438437939e-04,3.424991623646178596e-09,5.404214607551693916e-04,4.026785900350660086e-04,4.957108057368486698e-09
2.818536515292180411e-09,9.242764790542423725e-04,2.261403508896364656e-09,2.359076711755392353e-09,2.457179361954331398e-03
3.703628026414662600e-04,3.424991623646178596e-09,4.136874049436300993e-04,1.338124566245824099e-04,4.957108057368486698e-09
2.350776921957731247e-04,9.324027923867106438e-04,2.261403508896364656e-09,2.359076711755392353e-09,2.388590946793556213e-03
2.818536515292180411e-09,3.424991623646178596e-09,4.535452462732791901e-04,2.359076711755392353e-09,4.957108057368486698e-09
1.545887207612395287e-04,9.921710006892681122e-04,2.091949863824993372e-04,2.359076711755392353e-09,2.106033032760024071e-03
5.440129316411912441e-04,1.113219419494271278e-03,3.867386549245566130e-04,2.359076711755392353e-09,1.058375113643705845e-03
7.805304485373198986e-04,6.665858090855181217e-04,3.813049988821148872e-04,4.798395384568721056e-04,4.957108057368486698e-09
8.504634752171114087e-05,2.316547179361805320e-04,1.144229245255701244e-04,5.039336392655968666e-04,4.957108057368486698e-09
2.818536515292180411e-09,3.424991623646178596e-09,2.261403508896364656e-09,2.359076711755392353e-09,1.020457057165913284e-04
6.760603282600641251e-04,3.424991623646178596e-09,3.745605645235627890e-04,4.424850922077894211e-04,1.864183577708899975e-04
7.856598240323364735e-04,3.231067094020545483e-04,3.814918163698166609e-04,4.791839455720037222e-04,8.374788449145853519e-04
4.945081309415400028e-04,1.011616433970630169e-03,3.434391983319073915e-04,4.254061204846948385e-04,2.004401758313179016e-03
9.713997860671952367e-05,3.424991623646178596e-09,3.555734583642333746e-04,2.359076711755392353e-09,4.957108057368486698e-09
4.320417938288301229e-04,9.706788114272058010e-04,3.314396308269351721e-04,4.195780202280730009e-04,2.865862334147095680e-03
2.257493906654417515e-04,3.424991623646178596e-09,4.306090413592755795e-04,4.374180862214416265e-04,4.957108057368486698e-09
5.483847926370799541e-04,1.663932052906602621e-04,5.758776678703725338e-04,3.711570752784609795e-04,1.717482373351231217e-04
3.652817686088383198e-04,1.496551849413663149e-04,5.497807287611067295e-04,1.338227739324793220e-04,4.957108057368486698e-09
9.959946328308433294e-05,3.424991623646178596e-09,6.128349923528730869e-04,2.359076711755392353e-09,4.957108057368486698e-09
2.818536515292180411e-09,3.424991623646178596e-09,9.049566870089620352e-05,2.359076711755392353e-09,4.957108057368486698e-09
9.030764340423047543e-05,3.424991623646178596e-09,2.718979958444833755e-04,2.359076711755392353e-09,4.957108057368486698e-09
9.667580161476507783e-05,3.424991623646178596e-09,3.201291256118565798e-04,2.499788824934512377e-04,4.957108057368486698e-09
4.701617581304162741e-04,3.424991623646178596e-09,5.585371982306241989e-04,4.812100960407406092e-04,4.957108057368486698e-09
3.235707699786871672e-04,9.528576047159731388e-04,1.650875201448798180e-04,2.616965502966195345e-04,2.659855177626013756e-03
2.818536515292180411e-09,3.424991623646178596e-09,3.829055931419134140e-04,1.710511714918538928e-04,4.957108057368486698e-09
1.645805168664082885e-04,9.647951810620725155e-04,2.261403508896364656e-09,2.651679678820073605e-04,2.516944892704486847e-03
2.818536515292180411e-09,3.424991623646178596e-09,3.398996486794203520e-04,1.335729903075844049e-04,4.957108057368486698e-09
1.920876529766246676e-04,9.829588234424591064e-04,2.261403508896364656e-09,2.359076711755392353e-09,2.409975277259945869e-03
2.818536515292180411e-09,3.424991623646178596e-09,2.722187491599470377e-04,2.359076711755392353e-09,4.957108057368486698e-09
3.002727753482758999e-04,1.130421180278062820e-03,3.790107148233801126e-04,2.359076711755392353e-09,2.119808690622448921e-03
6.496991263702511787e-04,9.210751741193234921e-04,3.777077654376626015e-04,4.430291883181780577e-04,6.068886141292750835e-04
3.007174818776547909e-04,5.172616220079362392e-04,4.200054972898215055e-04,5.388970603235065937e-04,4.957108057368486698e-09
9.294203482568264008e-05,3.424991623646178596e-09,2.261403508896364656e-09,9.627697727410122752e-05,4.957108057368486698e-09
1.942509843502193689e-04,3.424991623646178596e-09,2.261403508896364656e-09,1.927279081428423524e-04,4.957108057368486698e-09
7.354598492383956909e-04,3.424991623646178596e-09,3.836983232758939266e-04,5.231427494436502457e-04,6.205712561495602131e-04
6.048753275536000729e-04,4.784421471413224936e-04,3.399404231458902359e-04,4.671292845159769058e-04,1.889499719254672527e-03
4.454519948922097683e-04,9.692416060715913773e-04,3.346906451042741537e-04,4.191841289866715670e-04,2.636404009535908699e-03
9.664545359555631876e-05,3.424991623646178596e-09,3.549283428583294153e-04,2.359076711755392353e-09,4.957108057368486698e-09
3.922277246601879597e-04,9.256558842025697231e-04,3.091204562224447727e-04,3.518812300171703100e-04,2.774484222754836082e-03
9.688074351288378239e-05,3.424991623646178596e-09,3.768548776861280203e-04,2.022761909756809473e-04,4.957108057368486698e-09
4.966462147422134876e-04,3.424991623646178596e-09,5.200949381105601788e-04,2.017975348280742764e-04,4.957108057368486698e-09
1.776157150743529201e-04,1.147814764408394694e-04,5.565367173403501511e-04,2.359076711755392353e-09,4.957108057368486698e-09
2.818536515292180411e-09,3.424991623646178596e-09,9.047569619724527001e-05,2.359076711755392353e-09,4.957108057368486698e-09
2.818536515292180411e-09,3.424991623646178596e-09,2.732971042860299349e-04,2.359076711755392353e-09,4.957108057368486698e-09
1.165954454336315393e-04,3.424991623646178596e-09,3.998886677436530590e-04,2.534093509893864393e-04,4.957108057368486698e-09
5.127468612045049667e-04,3.424991623646178596e-09,4.920897772535681725e-04,3.282027901150286198e-04,4.957108057368486698e-09
4.343174514360725880e-04,9.738671360537409782e-04,1.200888436869718134e-04,2.623819746077060699e-04,2.965432358905673027e-03
2.818536515292180411e-09,3.424991623646178596e-09,3.628768026828765869e-04,2.359076711755392353e-09,4.957108057368486698e-09
1.884976227302104235e-04,9.835207602009177208e-04,1.748964714352041483e-04,3.585193771868944168e-04,2.677338430657982826e-03
2.140189317287877202e-04,1.048028818331658840e-03,3.649047575891017914e-04,8.234912093030288815e-05,2.505139447748661041e-03
6.275706691667437553e-04,8.905524737201631069e-04,3.744428686331957579e-04,2.817166678141802549e-04,1.167434500530362129e-03
5.207559443078935146e-04,6.096053402870893478e-04,4.328347567934542894e-04,5.253452109172940254e-04,4.957108057368486698e-09
2.818536515292180411e-09,3.424991623646178596e-09,2.261403508896364656e-09,3.007141931448131800e-04,4.957108057368486698e-09
1.736068952595815063e-04,3.424991623646178596e-09,2.261403508896364656e-09,2.359076711755392353e-09,4.957108057368486698e-09
8.333130390383303165e-04,3.424991623646178596e-09,4.045584064442664385e-04,5.119742127135396004e-04,9.134108549915254116e-04
5.538846016861498356e-04,6.691287271678447723e-04,3.633434826042503119e-04,4.508761339820921421e-04,2.059229649603366852e-03
2.818536515292180411e-09,3.424991623646178596e-09,2.373151946812868118e-04,1.433604629710316658e-04,4.957108057368486698e-09
4.369684320408850908e-04,9.599324548617005348e-04,3.332079795654863119e-04,4.216986417304724455e-04,2.761673880741000175e-03
2.818536515292180411e-09,3.424991623646178596e-09,2.725332742556929588e-04,2.359076711755392353e-09,4.957108057368486698e-09
4.081946390215307474e-04,9.570881957188248634e-04,3.292144392617046833e-04,4.168888845015317202e-04,3.128668759018182755e-03
2.818536515292180411e-09,3.424991623646178596e-09,1.817401498556137085e-04,2.359076711755392353e-09,4.957108057368486698e-09
9.668231359682977200e-05,3.424991623646178596e-09,4.252764629200100899e-04,1.287977502215653658e-04,4.957108057368486698e-09
2.818536515292180411e-09,3.424991623646178596e-09,2.706194645725190639e-04,2.359076711755392353e-09,4.957108057368486698e-09
2.818536515292180411e-09,3.424991623646178596e-09,9.027033229358494282e-05,2.359076711755392353e-09,4.957108057368486698e-09
1.947958517121151090e-04,3.424991623646178596e-09,3.221825463697314262e-04,1.364752242807298899e-04,4.957108057368486698e-09
3.165720845572650433e-04,3.424991623646178596e-09,3.741998807527124882e-04,2.432503388263285160e-04,4.957108057368486698e-09
3.749946772586554289e-04,8.870105957612395287e-04,3.111515543423593044e-04,3.570783883333206177e-04,2.766359364613890648e-03
2.865856804419308901e-04,1.036178437061607838e-03,3.660168731585144997e-04,8.278741734102368355e-05,2.488637110218405724e-03
6.738160736858844757e-04,8.011843310669064522e-04,3.765270812436938286e-04,4.492221050895750523e-04,9.709323057904839516e-04
5.199200822971761227e-04,2.618746657390147448e-04,4.480563511606305838e-04,5.432390607893466949e-04,4.957108057368486698e-09
2.818536515292180411e-09,3.424991623646178596e-09,8.808921847958117723e-05,1.078863715520128608e-04,4.957108057368486698e-09
2.896285441238433123e-04,3.424991623646178596e-09,2.449892635922878981e-04,4.521943046711385250e-04,1.080343645298853517e-04
7.789182709529995918e-04,1.412547680956777185e-05,4.168962186668068171e-04,5.073741194792091846e-04,1.086049480363726616e-03
5.617329152300953865e-04,5.211007082834839821e-04,3.833172959275543690e-04,2.883408451452851295e-04,2.375735901296138763e-03
3.064787597395479679e-04,4.810783721040934324e-04,2.261403508896364656e-09,2.359076711755392353e-09,6.568909157067537308e-04
2.776865730993449688e-04,5.917845992371439934e-04,2.261403508896364656e-09,2.359076711755392353e-09,7.514512981288135052e-04
2.818536515292180411e-09,3.424991623646178596e-09,2.261403508896364656e-09,9.082078759092837572e-05,4.957108057368486698e-09
3.082026378251612186e-04,5.315807648003101349e-04,2.261403508896364656e-09,2.359076711755392353e-09,6.109996465966105461e-04
7.852328126318752766e-04,3.861431323457509279e-04,4.311201337259262800e-04,4.612196062225848436e-04,7.744182948954403400e-04
2.910235780291259289e-04,3.424991623646178596e-09,3.421803412493318319e-04,4.406398511491715908e-04,4.957108057368486698e-09
1.850997068686410785e-04,3.424991623646178596e-09,2.143965830327942967e-04,2.911132178269326687e-04,2.157486742362380028e-04
3.340672119520604610e-04,3.424991623646178596e-09,2.261403508896364656e-09,2.359076711755392353e-09,1.224867155542597175e-04
4.913015873171389103e-04,3.424991623646178596e-09,2.261403508896364656e-09,2.359076711755392353e-09,3.031564410775899887e-04
8.994019299279898405e-05,3.424991623646178596e-09,2.261403508896364656e-09,2.359076711755392353e-09,4.957108057368486698e-09
3.063016920350492001e-04,4.840984765905886889e-04,2.261403508896364656e-09,2.359076711755392353e-09,6.558246095664799213e-04
8.972368232207372785e-05,3.424991623646178596e-09,2.261403508896364656e-09,2.359076711755392353e-09,4.957108057368486698e-09
2.799964277073740959e-04,5.930704646743834019e-04,2.261403508896364656e-09,2.359076711755392353e-09,7.480246713384985924e-04
2.818536515292180411e-09,3.424991623646178596e-09,2.261403508896364656e-09,2.359076711755392353e-09,1.024591983878053725e-04
2.818536515292180411e-09,3.424991623646178596e-09,2.261403508896364656e-09,2.359076711755392353e-09,1.025261517497710884e-04
3.518411249388009310e-04,3.424991623646178596e-09,2.261403508896364656e-09,2.359076711755392353e-09,4.957108057368486698e-09
2.447572187520563602e-04,7.577830547234043479e-05,1.547237188788130879e-04,3.967729280702769756e-04,4.957108057368486698e-09
2.241585898445919156e-04,8.315267041325569153e-05,2.261403508896364656e-09,6.897944695083424449e-05,6.272218306548893452e-04
2.818536515292180411e-09,9.019844583235681057e-05,2.261403508896364656e-09,1.432152203051373363e-04,4.957108057368486698e-09
2.818536515292180411e-09,3.303164703538641334e-05,2.261403508896364656e-09,2.359076711755392353e-09,1.026775571517646313e-04
2.420935488771647215e-04,3.424991623646178596e-09,2.261403508896364656e-09,2.359076711755392353e-09,1.307636703131720424e-04
7.141798414522781968e-05,2.170689913327805698e-05,2.014501660596579313e-04,2.359076711755392353e-09,1.201172126457095146e-04
2.428038424113765359e-04,3.424991623646178596e-09,2.261403508896364656e-09,2.359076711755392353e-09,1.298692659474909306e-04
2.818536515292180411e-09,3.424991623646178596e-09,2.261403508896364656e-09,2.359076711755392353e-09,1.020650597638450563e-04
9.041401062859222293e-05,3.424991623646178596e-09,2.261403508896364656e-09,2.359076711755392353e-09,4.957108057368486698e-09
9.697802306618541479e-05,3.424991623646178596e-09,2.261403508896364656e-09,9.536129073239862919e-05,2.044568100245669484e-04
2.818536515292180411e-09,3.424991623646178596e-09,2.261403508896364656e-09,1.014985682559199631e-04,3.062100731767714024e-04
2.818536515292180411e-09,3.424991623646178596e-09,2.261403508896364656e-09,2.001628454308956861e-04,4.957108057368486698e-09
2.858377993106842041e-04,1.744685723679140210e-04,3.114878491032868624e-04,3.765275469049811363e-04,2.207245706813409925e-04
2.818536515292180411e-09,5.285443039610981941e-04,3.482019819784909487e-04,2.359076711755392353e-09,9.476427221670746803e-04
1.706258772173896432e-04,4.217031528241932392e-04,1.118254367611370981e-04,2.664538624230772257e-04,4.591262550093233585e-04
2.818536515292180411e-09,3.424991623646178596e-09,2.261403508896364656e-09,2.359076711755392353e-09,2.004259004024788737e-04
2.818536515292180411e-09,3.424991623646178596e-09,2.261403508896364656e-09,9.602950012777000666e-05,4.957108057368486698e-09
2.818536515292180411e-09,1.291606313316151500e-04,2.261403508896364656e-09,9.124055213760584593e-05,4.957108057368486698e-09
2.818536515292180411e-09,3.424991623646178596e-09,2.261403508896364656e-09,1.006789025268517435e-04,4.957108057368486698e-09
2.818536515292180411e-09,3.424991623646178596e-09,2.261403508896364656e-09,1.001692507998086512e-04,4.957108057368486698e-09
1.795790012693032622e-04,3.424991623646178596e-09,9.035904804477468133e-05,2.359076711755392353e-09,4.957108057368486698e-09
8.791450818534940481e-05,3.424991623646178596e-09,2.261403508896364656e-09,2.359076711755392353e-09,4.957108057368486698e-09
2.818536515292180411e-09,2.142320590792223811e-04,2.261403508896364656e-09,2.359076711755392353e-09,1.703413872746750712e-04
1.799806923372671008e-04,3.424991623646178596e-09,2.261403508896364656e-09,2.359076711755392353e-09,4.957108057368486698e-09
2.818536515292180411e-09,3.424991623646178596e-09,2.261403508896364656e-09,2.550547942519187927e-04,4.957108057368486698e-09
2.818536515292180411e-09,3.424991623646178596e-09,2.261403508896364656e-09,2.359076711755392353e-09,4.957108057368486698e-09
2.354991302127018571e-04,1.948043791344389319e-04,4.432613495737314224e-04,4.396094300318509340e-04,4.957108057368486698e-09
2.818536515292180411e-09,4.317619022913277149e-04,2.261403508896364656e-09,1.113717953558079898e-04,1.660484995227307081e-04
2.818536515292180411e-09,3.424991623646178596e-09,2.261403508896364656e-09,9.177083848044276237e-05,2.129364584106951952e-04
8.939931285567581654e-05,3.424991623646178596e-09,2.261403508896364656e-09,1.999010273721069098e-04,1.592905609868466854e-03
2.818536515292180411e-09,3.424991623646178596e-09,2.261403508896364656e-09,1.001679265755228698e-04,4.957108057368486698e-09
8.964025619206950068e-05,3.424991623646178596e-09,2.261403508896364656e-09,2.359076711755392353e-09,4.957108057368486698e-09
1.113401522161439061e-04,1.190641050925478339e-04,9.988070814870297909e-05,2.899404498748481274e-04,4.957108057368486698e-09
8.333049481734633446e-05,6.769260653527453542e-05,2.261403508896364656e-09,2.359076711755392353e-09,4.957108057368486698e-09
8.271657861769199371e-05,6.755850336048752069e-05,2.261403508896364656e-09,2.359076711755392353e-09,4.957108057368486698e-09
2.818536515292180411e-09,3.424991623646178596e-09,9.054971451405435801e-05,2.359076711755392353e-09,4.957108057368486698e-09
2.818536515292180411e-09,3.424991623646178596e-09,9.136728476732969284e-05,2.359076711755392353e-09,4.957108057368486698e-09
2.818536515292180411e-09,3.424991623646178596e-09,9.114234126172959805e-05,2.359076711755392353e-09,4.957108057368486698e-09
2.818536515292180411e-09,3.424991623646178596e-09,9.032392699737101793e-05,2.359076711755392353e-09,4.957108057368486698e-09
2.818536515292180411e-09,3.424991623646178596e-09,1.815462601371109486e-04,2.359076711755392353e-09,4.957108057368486698e-09
2.818536515292180411e-09,2.096008247463032603e-04,3.690944868139922619e-04,4.734334361273795366e-04,4.957108057368486698e-09
2.818536515292180411e-09,3.424991623646178596e-09,1.824930513976141810e-04,2.359076711755392353e-09,4.957108057368486698e-09
2.818536515292180411e-09,4.821305046789348125e-04,4.693152732215821743e-04,4.525476251728832722e-04,4.957108057368486698e-09
2.818536515292180411e-09,2.721880737226456404e-04,4.340806335676461458e-04,5.698551540262997150e-04,4.957108057368486698e-09
2.818536515292180411e-09,1.865969534264877439e-04,4.607865994330495596e-04,4.530155274551361799e-04,4.957108057368486698e-09
2.818536515292180411e-09,3.424991623646178596e-09,9.055945702129974961e-05,2.359076711755392353e-09,4.957108057368486698e-09
2.818536515292180411e-09,3.424991623646178596e-09,3.536967851687222719e-04,2.359076711755392353e-09,4.957108057368486698e-09
2.818536515292180411e-09,3.424991623646178596e-09,4.559005610644817352e-04,2.212758990935981274e-04,4.957108057368486698e-09
2.818536515292180411e-09,3.424991623646178596e-09,2.718568139243870974e-04,2.359076711755392353e-09,4.957108057368486698e-09
2.818536515292180411e-09,3.424991623646178596e-09,4.105450061615556479e-04,3.276113784522749484e-05,4.957108057368486698e-09
2.818536515292180411e-09,3.424991623646178596e-09,9.041247540153563023e-05,2.359076711755392353e-09,4.957108057368486698e-09
2.818536515292180411e-09,3.424991623646178596e-09,3.628562844824045897e-04,2.359076711755392353e-09,4.957108057368486698e-09
2.818536515292180411e-09,3.424991623646178596e-09,3.610951825976371765e-04,2.359076711755392353e-09,4.957108057368486698e-09
2.818536515292180411e-09,3.424991623646178596e-09,9.037192648975178599e-05,2.359076711755392353e-09,4.957108057368486698e-09
2.818536515292180411e-09,3.424991623646178596e-09,9.086917270906269550e-05,2.359076711755392353e-09,4.957108057368486698e-09
2.818536515292180411e-09,3.424991623646178596e-09,2.729590923991054296e-04,2.359076711755392353e-09,4.957108057368486698e-09
2.818536515292180411e-09,3.424991623646178596e-09,9.081719326786696911e-05,2.359076711755392353e-09,4.957108057368486698e-09
2.818536515292180411e-09,7.958202040754258633e-04,4.491030995268374681e-04,4.792994004674255848e-04,4.957108057368486698e-09
2.818536515292180411e-09,3.424991623646178596e-09,2.727433457039296627e-04,2.359076711755392353e-09,4.957108057368486698e-09
2.818536515292180411e-09,1.100705820135772228e-03,4.101659287698566914e-04,4.496172477956861258e-04,4.957108057368486698e-09
2.818536515292180411e-09,3.424991623646178596e-09,3.639152855612337589e-04,2.359076711755392353e-09,4.957108057368486698e-09
2.818536515292180411e-09,1.044990727677941322e-03,2.952991053462028503e-04,4.634971846826374531e-04,4.957108057368486698e-09
2.818536515292180411e-09,3.424991623646178596e-09,9.061521268449723721e-05,2.359076711755392353e-09,4.957108057368486698e-09
2.818536515292180411e-09,8.755750604905188084e-04,4.409824323374778032e-04,4.723306046798825264e-04,4.957108057368486698e-09
2.818536515292180411e-09,4.913847078569233418e-04,4.377531004138290882e-04,5.324527155607938766e-04,4.957108057368486698e-09
2.818536515292180411e-09,1.052646694006398320e-04,1.831841072998940945e-04,2.468935854267328978e-04,4.957108057368486698e-09
2.818536515292180411e-09,3.424991623646178596e-09,4.540349182207137346e-04,6.707564898533746600e-05,4.957108057368486698e-09
2.818536515292180411e-09,3.424991623646178596e-09,9.032030357047915459e-05,2.359076711755392353e-09,4.957108057368486698e-09
2.818536515292180411e-09,3.424991623646178596e-09,5.247371736913919449e-04,4.548088763840496540e-04,4.957108057368486698e-09
2.818536515292180411e-09,3.424991623646178596e-09,2.731721615418791771e-04,2.359076711755392353e-09,4.957108057368486698e-09
2.818536515292180411e-09,3.424991623646178596e-09,4.815889697056263685e-04,3.755432999241747893e-06,4.957108057368486698e-09
2.818536515292180411e-09,3.424991623646178596e-09,2.726057427935302258e-04,2.359076711755392353e-09,4.957108057368486698e-09
2.818536515292180411e-09,3.424991623646178596e-09,5.432249745354056358e-04,5.154173413757234812e-05,4.957108057368486698e-09
2.818536515292180411e-09,3.424991623646178596e-09,2.721737546380609274e-04,2.359076711755392353e-09,4.957108057368486698e-09
2.818536515292180411e-09,3.424991623646178596e-09,3.639448841568082571e-04,2.359076711755392353e-09,4.957108057368486698e-09
2.818536515292180411e-09,3.424991623646178596e-09,3.632525913417339325e-04,2.359076711755392353e-09,4.957108057368486698e-09
2.818536515292180411e-09,3.424991623646178596e-09,1.806106884032487869e-04,2.359076711755392353e-09,4.957108057368486698e-09
2.818536515292180411e-09,3.424991623646178596e-09,3.162339853588491678e-04,2.937289900728501379e-05,4.957108057368486698e-09
2.995090326294302940e-04,8.891170728020370007e-04,3.972364356741309166e-04,4.974874318577349186e-04,4.957108057368486698e-09
2.818536515292180411e-09,3.424991623646178596e-09,3.651801380328834057e-04,2.359076711755392353e-09,4.957108057368486698e-09
3.365383890923112631e-04,1.284734928049147129e-03,3.553745336830615997e-04,3.924310149159282446e-04,4.957108057368486698e-09
2.818536515292180411e-09,3.424991623646178596e-09,3.633540472947061062e-04,2.359076711755392353e-09,4.957108057368486698e-09
3.419814747758209705e-04,1.224268460646271706e-03,2.400521188974380493e-04,4.020056221634149551e-04,4.957108057368486698e-09
2.818536515292180411e-09,3.424991623646178596e-09,3.621470532380044460e-04,2.359076711755392353e-09,4.957108057368486698e-09
1.903613156173378229e-04,1.325360964983701706e-03,2.362338418606668711e-04,4.454343579709529877e-04,4.957108057368486698e-09
2.818536515292180411e-09,1.365952775813639164e-03,3.841008292511105537e-04,4.270565696060657501e-04,4.957108057368486698e-09
2.818536515292180411e-09,6.437496631406247616e-04,3.723105182871222496e-04,5.104638403281569481e-04,4.957108057368486698e-09
2.818536515292180411e-09,2.568523632362484932e-04,1.034858360071666539e-04,5.046729347668588161e-04,4.957108057368486698e-09
2.818536515292180411e-09,3.424991623646178596e-09,3.629365528468042612e-04,4.499678616411983967e-04,4.957108057368486698e-09
2.818536515292180411e-09,3.424991623646178596e-09,2.709366381168365479e-04,2.359076711755392353e-09,4.957108057368486698e-09
1.254436792805790901e-04,3.989808610640466213e-04,4.088490386493504047e-04,5.674851709045469761e-04,4.957108057368486698e-09
2.818536515292180411e-09,3.424991623646178596e-09,2.707377425394952297e-04,2.359076711755392353e-09,4.957108057368486698e-09
1.104007023968733847e-04,3.424991623646178596e-09,6.047528586350381374e-04,4.714860115200281143e-04,4.957108057368486698e-09
2.818536515292180411e-09,3.424991623646178596e-09,2.721087366808205843e-04,2.359076711755392353e-09,4.957108057368486698e-09
2.818536515292180411e-09,1.566742721479386091e-04,6.396876997314393520e-04,3.413702652323991060e-04,4.957108057368486698e-09
2.818536515292180411e-09,3.424991623646178596e-09,2.718182222452014685e-04,2.359076711755392353e-09,4.957108057368486698e-09
2.818536515292180411e-09,1.415442820871248841e-04,6.551412516273558140e-04,2.504211443010717630e-04,4.957108057368486698e-09
2.818536515292180411e-09,3.424991623646178596e-09,4.521700902841985226e-04,2.359076711755392353e-09,4.957108057368486698e-09
2.818536515292180411e-09,3.424991623646178596e-09,2.725062659010291100e-04,2.359076711755392353e-09,4.957108057368486698e-09
2.818536515292180411e-09,3.424991623646178596e-09,2.713775902520865202e-04,2.359076711755392353e-09,4.957108057368486698e-09
1.078003915608860552e-04,3.424991623646178596e-09,4.674895899370312691e-04,9.806198067963123322e-05,4.957108057368486698e-09
2.818536515292180411e-09,3.424991623646178596e-09,2.728560357354581356e-04,2.359076711755392353e-09,4.957108057368486698e-09
7.555497577413916588e-04,1.107024261727929115e-03,3.697761567309498787e-04,4.280126595403999090e-04,3.398298576939851046e-04
2.818536515292180411e-09,3.424991623646178596e-09,4.514440952334553003e-04,2.359076711755392353e-09,4.957108057368486698e-09
7.396941073238849640e-04,1.145900809206068516e-03,2.235200227005407214e-04,1.053215528372675180e-04,4.578313673846423626e-04
2.818536515292180411e-09,3.424991623646178596e-09,4.525220429059118032e-04,2.359076711755392353e-09,4.957108057368486698e-09
5.337260663509368896e-04,9.749397868290543556e-04,5.782801963505335152e-06,1.064622629201039672e-04,1.297626877203583717e-03
2.818536515292180411e-09,3.424991623646178596e-09,4.855688312090933323e-04,3.511700197122991085e-05,4.957108057368486698e-09
5.180168664082884789e-04,1.053456682711839676e-03,7.448675660270964727e-06,2.359076711755392353e-09,1.389153301715850830e-03
2.818536515292180411e-09,3.424991623646178596e-09,2.724961086641997099e-04,2.359076711755392353e-09,4.957108057368486698e-09
4.306806367821991444e-04,1.195364282466471195e-03,2.175647823605686426e-04,2.359076711755392353e-09,7.447042153216898441e-04
2.013622142840176821e-04,1.173089607618749142e-03,4.002622736152261496e-04,3.936723223887383938e-04,4.957108057368486698e-09
2.818536515292180411e-09,5.552164511755108833e-04,3.684505354613065720e-04,5.064005963504314423e-04,4.957108057368486698e-09
2.818536515292180411e-09,6.427069456549361348e-05,2.261403508896364656e-09,2.359076711755392353e-09,4.957108057368486698e-09
2.818536515292180411e-09,3.424991623646178596e-09,1.831015688367187977e-04,9.778084495337679982e-05,4.957108057368486698e-09
2.830872836057096720e-04,1.105550327338278294e-04,4.299294669181108475e-04,5.406817072071135044e-04,4.957108057368486698e-09
2.818536515292180411e-09,3.424991623646178596e-09,2.736534224823117256e-04,2.359076711755392353e-09,4.957108057368486698e-09
5.683149211108684540e-04,5.787475383840501308e-04,3.724525158759206533e-04,5.139110144227743149e-04,4.957108057368486698e-09
2.818536515292180411e-09,3.424991623646178596e-09,2.712671703193336725e-04,2.359076711755392353e-09,4.957108057368486698e-09
1.712484663585200906e-04,2.201565657742321491e-04,6.037216517142951488e-04,4.752563545480370522e-04,4.957108057368486698e-09
2.818536515292180411e-09,3.424991623646178596e-09,2.733470173552632332e-04,2.359076711755392353e-09,4.957108057368486698e-09
2.818536515292180411e-09,3.507736546453088522e-04,5.801826482638716698e-04,3.438025014474987984e-04,4.957108057368486698e-09
2.818536515292180411e-09,3.424991623646178596e-09,2.725684025790542364e-04,2.359076711755392353e-09,4.957108057368486698e-09
2.818536515292180411e-09,3.312120388727635145e-04,5.940938135609030724e-04,2.093631337629631162e-04,4.957108057368486698e-09
2.818536515292180411e-09,3.424991623646178596e-09,2.732020220719277859e-04,2.359076711755392353e-09,4.957108057368486698e-09
2.818536515292180411e-09,2.281305787619203329e-04,5.442234687507152557e-04,2.359076711755392353e-09,4.957108057368486698e-09
2.818536515292180411e-09,3.424991623646178596e-09,3.612361615523695946e-04,2.359076711755392353e-09,4.957108057368486698e-09
9.634652815293520689e-05,3.424991623646178596e-09,3.543629718478769064e-04,2.359076711755392353e-09,4.957108057368486698e-09
1.141098618973046541e-04,3.424991623646178596e-09,4.485133686102926731e-04,3.494317061267793179e-04,4.957108057368486698e-09
2.818536515292180411e-09,3.424991623646178596e-09,2.709915861487388611e-04,2.359076711755392353e-09,4.957108057368486698e-09
6.060188170522451401e-04,1.167212496511638165e-03,2.543477457948029041e-04,2.359076711755392353e-09,9.925627382472157478e-04
1.562239340273663402e-04,3.424991623646178596e-09,4.639466060325503349e-04,2.142901939805597067e-04,4.957108057368486698e-09
5.480066174641251564e-04,1.071394071914255619e-03,2.261403508896364656e-09,9.096621943172067404e-05,1.648636185564100742e-03
2.661094767972826958e-04,3.424991623646178596e-09,5.339019699022173882e-04,1.971252058865502477e-04,4.957108057368486698e-09
5.599032156169414520e-04,9.785403963178396225e-04,6.025614311511162668e-06,2.359076711755392353e-09,1.580112264491617680e-03
2.818536515292180411e-09,3.424991623646178596e-09,5.412782193161547184e-04,5.165868788026273251e-05,4.957108057368486698e-09
5.495681543834507465e-04,1.025047502480447292e-03,6.327375956516334554e-09,2.359076711755392353e-09,1.609481871128082275e-03
2.818536515292180411e-09,3.424991623646178596e-09,2.727215469349175692e-04,2.359076711755392353e-09,4.957108057368486698e-09
5.542882718145847321e-04,1.128507778048515320e-03,2.147935447283089161e-04,2.359076711755392353e-09,9.937565773725509644e-04
7.733919192105531693e-04,1.093567581847310066e-03,4.032629949506372213e-04,2.359076711755392353e-09,4.957108057368486698e-09
1.793428818928077817e-04,7.205341826193034649e-04,3.852361114695668221e-04,4.936564946547150612e-04,4.957108057368486698e-09
1.203354913741350174e-04,1.043868542183190584e-04,2.261403508896364656e-09,3.263555408921092749e-04,4.957108057368486698e-09
2.255999424960464239e-04,3.424991623646178596e-09,4.319379513617604971e-04,4.359479353297501802e-04,4.957108057368486698e-09
8.228053338825702667e-04,2.813785395119339228e-04,3.857383271679282188e-04,5.028416053391993046e-04,4.957108057368486698e-09
2.818536515292180411e-09,3.424991623646178596e-09,2.734346780925989151e-04,2.359076711755392353e-09,4.957108057368486698e-09
7.130587473511695862e-04,8.824843098409473896e-04,3.819410048890858889e-04,4.378409066703170538e-04,6.107547087594866753e-04
2.818536515292180411e-09,3.424991623646178596e-09,3.639616188593208790e-04,2.359076711755392353e-09,4.957108057368486698e-09
4.487448895815759897e-04,2.331539726583287120e-04,5.825151456519961357e-04,4.937158664688467979e-04,4.957108057368486698e-09
2.818536515292180411e-09,3.424991623646178596e-09,2.726966340560466051e-04,2.359076711755392353e-09,4.957108057368486698e-09
3.912661341018974781e-04,3.557895834092050791e-04,5.214396514929831028e-04,2.878707891795784235e-04,4.957108057368486698e-09
2.818536515292180411e-09,3.424991623646178596e-09,2.713297726586461067e-04,2.359076711755392353e-09,4.957108057368486698e-09
3.253496543038636446e-04,2.030707692028954625e-04,5.337955080904066563e-04,2.359076711755392353e-09,4.957108057368486698e-09
2.818536515292180411e-09,3.424991623646178596e-09,2.727904065977782011e-04,2.359076711755392353e-09,4.957108057368486698e-09
5.577473348239436746e-05,2.084416628349572420e-04,4.629968607332557440e-04,2.359076711755392353e-09,4.957108057368486698e-09
2.818536515292180411e-09,3.424991623646178596e-09,2.726011734921485186e-04,2.359076711755392353e-09,4.957108057368486698e-09
2.818536515292180411e-09,3.424991623646178596e-09,4.490406718105077744e-04,2.359076711755392353e-09,4.957108057368486698e-09
2.149114734493196011e-04,3.424991623646178596e-09,4.588708106894046068e-04,3.474757540971040726e-04,4.957108057368486698e-09
2.716340532060712576e-04,1.110845361836254597e-03,2.173271641368046403e-04,1.327804202446714044e-04,2.636516001075506210e-03
5.032928893342614174e-04,3.424991623646178596e-09,4.939907812513411045e-04,3.401692083571106195e-04,4.957108057368486698e-09
2.799733774736523628e-04,1.085829106159508228e-03,2.060207771137356758e-04,2.359076711755392353e-09,2.545680617913603783e-03
3.434633254073560238e-04,1.171712210634723306e-04,5.002111429348587990e-04,1.938894711202010512e-04,4.957108057368486698e-09
1.517400378361344337e-04,8.858300279825925827e-04,2.261403508896364656e-09,2.359076711755392353e-09,2.390312729403376579e-03
2.607755304779857397e-04,9.844970190897583961e-05,5.105027812533080578e-04,1.038187474478036165e-04,4.957108057368486698e-09
1.516544143669307232e-04,1.042618532665073872e-03,2.261403508896364656e-09,2.359076711755392353e-09,2.170010702684521675e-03
2.818536515292180411e-09,3.424991623646178596e-09,3.623386437539011240e-04,2.359076711755392353e-09,4.957108057368486698e-09
4.303715541027486324e-04,1.036192406900227070e-03,3.398628614377230406e-04,2.359076711755392353e-09,1.656894222833216190e-03
6.810784689150750637e-04,1.042744610458612442e-03,4.016279708594083786e-04,2.359076711755392353e-09,3.563780337572097778e-04
3.137508465442806482e-04,5.649193190038204193e-04,3.969558165408670902e-04,5.206921487115323544e-04,4.957108057368486698e-09
1.754377881297841668e-04,3.424991623646178596e-09,2.261403508896364656e-09,2.113231166731566191e-04,4.957108057368486698e-09
2.818536515292180411e-09,3.424991623646178596e-09,8.900781540432944894e-05,2.359076711755392353e-09,4.957108057368486698e-09
9.719527588458731771e-05,3.424991623646178596e-09,9.092289838008582592e-05,2.885020512621849775e-04,4.957108057368486698e-09
8.157698321156203747e-04,3.424991623646178596e-09,4.327941860537976027e-04,5.195276462472975254e-04,1.958172651939094067e-04
7.327365456148982048e-04,6.311429897323250771e-04,4.045409150421619415e-04,4.670668859034776688e-04,7.293492672033607960e-04
2.818536515292180411e-09,3.424991623646178596e-09,2.713918511290103197e-04,2.359076711755392353e-09,4.957108057368486698e-09
3.220619400963187218e-04,1.026448095217347145e-03,3.538875316735357046e-04,2.613241376820951700e-04,2.134049311280250549e-03
9.694684558780863881e-05,3.424991623646178596e-09,3.286405699327588081e-04,1.343795011052861810e-04,4.957108057368486698e-09
4.092916788067668676e-04,3.424991623646178596e-09,6.338579114526510239e-04,5.259048193693161011e-04,4.957108057368486698e-09
2.818536515292180411e-09,3.424991623646178596e-09,1.801325852284207940e-04,2.359076711755392353e-09,4.957108057368486698e-09
3.586759266909211874e-04,1.899959897855296731e-04,5.942228599451482296e-04,3.110555408056825399e-04,4.957108057368486698e-09
2.818536515292180411e-09,3.424991623646178596e-09,1.814934657886624336e-04,2.359076711755392353e-09,4.957108057368486698e-09
2.051997726084664464e-04,3.424991623646178596e-09,5.810217699036002159e-04,1.246714964509010315e-04,4.957108057368486698e-09
9.605354716768488288e-05,3.424991623646178596e-09,5.192184471525251865e-04,1.275745744351297617e-04,4.957108057368486698e-09
2.818536515292180411e-09,3.424991623646178596e-09,2.722954959608614445e-04,2.359076711755392353e-09,4.957108057368486698e-09
2.818536515292180411e-09,3.424991623646178596e-09,9.050341759575530887e-05,2.359076711755392353e-09,4.957108057368486698e-09
2.818536515292180411e-09,3.424991623646178596e-09,4.470129788387566805e-04,2.359076711755392353e-09,4.957108057368486698e-09
4.163637931924313307e-04,3.424991623646178596e-09,4.922186490148305893e-04,4.570064775180071592e-04,4.957108057368486698e-09
2.327402762603014708e-04,1.035132212564349174e-03,2.261403508896364656e-09,2.131190849468111992e-04,2.672665752470493317e-03
4.061108338646590710e-04,3.424991623646178596e-09,4.215715744066983461e-04,2.179454750148579478e-04,4.957108057368486698e-09
2.818536515292180411e-09,1.004525809548795223e-03,2.261403508896364656e-09,1.478549165767617524e-05,2.773949643597006798e-03
2.121507131960242987e-04,3.424991623646178596e-09,5.456525832414627075e-04,2.043080166913568974e-04,4.957108057368486698e-09
2.818536515292180411e-09,9.800530970096588135e-04,2.261403508896364656e-09,2.359076711755392353e-09,2.449238440021872520e-03
2.818536515292180411e-09,3.424991623646178596e-09,3.639220376498997211e-04,2.359076711755392353e-09,4.957108057368486698e-09
2.164545876439660788e-04,1.007380546070635319e-03,2.261403508896364656e-09,2.359076711755392353e-09,2.637513214722275734e-03
2.818536515292180411e-09,3.424991623646178596e-09,9.097756992559880018e-05,2.359076711755392353e-09,4.957108057368486698e-09
5.119957495480775833e-04,1.128518022596836090e-03,3.780946426559239626e-04,2.359076711755392353e-09,1.796861877664923668e-03
7.903547957539558411e-04,8.361263899132609367e-04,4.020768101327121258e-04,3.414363600313663483e-04,7.724628403593669645e-08
2.968037151731550694e-04,3.974817227572202682e-04,3.755376674234867096e-04,5.494401557371020317e-04,4.957108057368486698e-09
8.993039955385029316e-05,3.424991623646178596e-09,2.261403508896364656e-09,2.359076711755392353e-09,4.957108057368486698e-09
7.195910438895225525e-04,3.424991623646178596e-09,3.755815268959850073e-04,4.503791860770434141e-04,4.957108057368486698e-09
7.806934881955385208e-04,1.856753078754991293e-04,3.610007406678050756e-04,4.996760981157422066e-04,1.160202315077185631e-03
5.452779005281627178e-04,7.324945181608200073e-04,3.598787588998675346e-04,4.447744868230074644e-04,1.973198726773262024e-03
2.818536515292180411e-09,3.424991623646178596e-09,1.827198866521939635e-04,2.359076711755392353e-09,4.957108057368486698e-09
3.435245307628065348e-04,9.645699174143373966e-04,3.323155979160219431e-04,3.922516480088233948e-04,2.767893485724925995e-03
2.818536515292180411e-09,3.424991623646178596e-09,3.613810404203832150e-04,2.359076711755392353e-09,4.957108057368486698e-09
6.029219948686659336e-04,3.424991623646178596e-09,5.979161942377686501e-04,3.069833619520068169e-04,4.957108057368486698e-09
2.868118463084101677e-04,3.424991623646178596e-09,5.091360071673989296e-04,1.227124448632821441e-04,4.957108057368486698e-09
2.927742898464202881e-04,1.181713741971179843e-04,5.396076594479382038e-04,1.205124863190576434e-04,4.957108057368486698e-09
2.818536515292180411e-09,3.424991623646178596e-09,1.815328432712703943e-04,2.359076711755392353e-09,4.957108057368486698e-09
2.208827936556190252e-04,3.424991623646178596e-09,3.825795720331370831e-04,2.559725253377109766e-04,4.957108057368486698e-09
4.131520108785480261e-04,3.424991623646178596e-09,4.012538702227175236e-04,4.608148883562535048e-04,4.957108057368486698e-09
2.152634115191176534e-04,9.566469234414398670e-04,1.711922232061624527e-04,3.564707876648753881e-04,3.010983811691403389e-03
2.818536515292180411e-09,3.424991623646178596e-09,3.617081965785473585e-04,2.359076711755392353e-09,4.957108057368486698e-09
1.847878593252971768e-04,1.018029055558145046e-03,2.261403508896364656e-09,1.733961398713290691e-04,3.062855452299118042e-03
2.818536515292180411e-09,3.424991623646178596e-09,2.705364895518869162e-04,2.359076711755392353e-09,4.957108057368486698e-09
1.257533440366387367e-04,9.524312918074429035e-04,2.261403508896364656e-09,1.213524519698694348e-04,2.855840371921658516e-03
2.818536515292180411e-09,3.424991623646178596e-09,1.814368297345936298e-04,2.359076711755392353e-09,4.957108057368486698e-09
2.313254371983930469e-04,1.066418597474694252e-03,3.825305029749870300e-04,2.359076711755392353e-09,2.158486749976873398e-03
6.340776453725993633e-04,1.020016614347696304e-03,3.947768418584018946e-04,2.359076711755392353e-09,9.670218569226562977e-04
5.104528390802443027e-04,6.296234787441790104e-04,4.308568895794451237e-04,5.214459961280226707e-04,4.957108057368486698e-09
2.818536515292180411e-09,3.424991623646178596e-09,2.261403508896364656e-09,2.914187207352370024e-04,4.957108057368486698e-09
9.671147563494741917e-05,3.424991623646178596e-09,2.261403508896364656e-09,1.952920865733176470e-04,4.957108057368486698e-09
7.380838505923748016e-04,3.424991623646178596e-09,3.842726873699575663e-04,5.250110989436507225e-04,6.164781516417860985e-04
6.894874386489391327e-04,2.064153668470680714e-04,3.649282152764499187e-04,4.941713996231555939e-04,1.841539749875664711e-03
4.778644652105867863e-04,9.016360854730010033e-04,3.505067725200206041e-04,2.434026246191933751e-04,2.670899266377091408e-03
3.592237480916082859e-04,9.393724612891674042e-04,3.341471019666641951e-04,4.284539609216153622e-04,2.887761918827891350e-03
9.860970749286934733e-05,3.424991623646178596e-09,3.293628105893731117e-04,1.352981780655682087e-04,4.957108057368486698e-09
3.936506400350481272e-04,3.424991623646178596e-09,5.262967315502464771e-04,1.704641763353720307e-04,4.957108057368486698e-09
3.089034871663898230e-04,3.424991623646178596e-09,4.892421420663595200e-04,1.302414020756259561e-04,4.957108057368486698e-09
2.818536515292180411e-09,3.424991623646178596e-09,1.811140391509979963e-04,2.359076711755392353e-09,4.957108057368486698e-09
1.940109068527817726e-04,3.424991623646178596e-09,3.216734330635517836e-04,1.342907198704779148e-04,4.957108057368486698e-09
2.207992947660386562e-04,3.424991623646178596e-09,4.007471143268048763e-04,1.379869936499744654e-04,4.957108057368486698e-09
3.614047891460359097e-04,9.262998937629163265e-04,1.683617156231775880e-04,3.578416653908789158e-04,3.080945229157805443e-03
3.130314580630511045e-04,9.489535586908459663e-04,1.695764512987807393e-04,3.576212329789996147e-04,2.882651751860976219e-03
2.818536515292180411e-09,1.082284376025199890e-03,3.643323434516787529e-04,8.424118277616798878e-05,2.633895725011825562e-03
5.543827428482472897e-04,9.283965337090194225e-04,3.795202646870166063e-04,1.428548275725916028e-04,1.645465381443500519e-03
7.310734945349395275e-04,5.897764931432902813e-04,4.283911839593201876e-04,4.914926830679178238e-04,4.957108057368486698e-09
9.721532114781439304e-05,3.424991623646178596e-09,2.026280708378180861e-04,3.740990650840103626e-04,4.957108057368486698e-09
1.943720999406650662e-04,3.424991623646178596e-09,2.261403508896364656e-09,1.925361575558781624e-04,1.063915042323060334e-04
7.986151031218469143e-04,3.424991623646178596e-09,3.864661848638206720e-04,5.104183219373226166e-04,9.897754061967134476e-04
6.647006375715136528e-04,3.575592127162963152e-04,4.082659725099802017e-04,4.941661027260124683e-04,1.691019628196954727e-03
4.575441707856953144e-04,8.942371932789683342e-04,3.476375422906130552e-04,2.432509063510224223e-04,2.926543587818741798e-03
3.738707746379077435e-04,8.950697956606745720e-04,2.721108612604439259e-04,2.866047143470495939e-04,3.157546278089284897e-03
9.188396506942808628e-05,3.424991623646178596e-09,2.662512415554374456e-04,2.359076711755392353e-09,4.957108057368486698e-09
2.818536515292180411e-09,3.424991623646178596e-09,2.261403508896364656e-09,9.031640365719795227e-05,4.957108057368486698e-09
9.765464346855878830e-05,3.424991623646178596e-09,2.261403508896364656e-09,1.946461998159065843e-04,4.957108057368486698e-09
2.818536515292180411e-09,3.424991623646178596e-09,1.817133597796782851e-04,2.359076711755392353e-09,4.957108057368486698e-09
2.818536515292180411e-09,3.424991623646178596e-09,3.615421301219612360e-04,2.359076711755392353e-09,4.957108057368486698e-09
2.780000795610249043e-04,5.898871459066867828e-04,2.261403508896364656e-09,2.359076711755392353e-09,7.496035541407763958e-04
4.890460786555195227e-06,1.081465976312756538e-03,3.484930784907191992e-04,2.615046396385878325e-04,2.381992293521761894e-03
6.975139258429408073e-04,7.751327357254922390e-04,3.820383863057941198e-04,4.514563479460775852e-04,8.770601707510650158e-04
7.770329248160123825e-04,2.888654998969286680e-04,4.479863564483821392e-04,5.002078833058476448e-04,1.768893853295594454e-04
1.627241726964712143e-04,3.424991623646178596e-09,1.205100779770873487e-04,2.161936572520062327e-04,4.957108057368486698e-09
1.029403356369584799e-04,3.424991623646178596e-09,7.450451812474057078e-05,2.359076711755392353e-09,4.957108057368486698e-09
2.911117335315793753e-04,3.424991623646178596e-09,9.053927351487800479e-05,1.919711794471368194e-04,1.065507021849043667e-04
7.986325072124600410e-04,3.045115954591892660e-05,4.239532863721251488e-04,5.098978872410953045e-04,9.399296832270920277e-04
6.465718615800142288e-04,3.666188276838511229e-04,4.145329294260591269e-04,3.855264221783727407e-04,1.792117371223866940e-03
3.064024494960904121e-04,4.825055948458611965e-04,2.261403508896364656e-09,2.359076711755392353e-09,6.538534071296453476e-04
1.794685085769742727e-04,5.788394482806324959e-04,2.261403508896364656e-09,2.359076711755392353e-09,7.644414436072111130e-04
2.818536515292180411e-09,3.429932112339884043e-04,2.261403508896364656e-09,3.101239854004234076e-04,1.955964980879798532e-04
2.818536515292180411e-09,8.270002581411972642e-05,2.261403508896364656e-09,2.359076711755392353e-09,1.769912341842427850e-04
4.065040557179600000e-04,1.574992638779804111e-04,2.261403508896364656e-09,2.359076711755392353e-09,5.757157341577112675e-04
9.270603768527507782e-04,2.488964237272739410e-04,4.443668003659695387e-04,4.941173829138278961e-04,3.994503349531441927e-04
3.895936242770403624e-04,3.424991623646178596e-09,2.261403508896364656e-09,4.867548123002052307e-04,4.957108057368486698e-09
9.859715646598488092e-05,3.424991623646178596e-09,1.815247669583186507e-04,1.945805852301418781e-04,4.957108057368486698e-09
5.412909085862338543e-04,3.424991623646178596e-09,3.735510981641709805e-04,4.980059457011520863e-04,4.613228666130453348e-04
4.921741783618927002e-04,3.424991623646178596e-09,2.261403508896364656e-09,2.359076711755392353e-09,3.009284846484661102e-04
3.873188106808811426e-04,1.559932570671662688e-04,2.261403508896364656e-09,2.359076711755392353e-09,6.539177265949547291e-04
3.778612881433218718e-04,2.663203340489417315e-04,2.261403508896364656e-09,2.359076711755392353e-09,5.446646828204393387e-04
2.453378401696681976e-04,7.909200940048322082e-05,2.261403508896364656e-09,2.359076711755392353e-09,4.957108057368486698e-09
2.407318534096702933e-04,9.367998427478596568e-05,1.872090506367385387e-04,3.718890366144478321e-04,4.957108057368486698e-09
2.499168913345783949e-04,1.446982059860602021e-04,2.317481121281161904e-04,2.196144050685688853e-04,4.957108057368486698e-09
1.750077790347859263e-04,6.302585825324058533e-05,2.261403508896364656e-09,2.359076711755392353e-09,4.957108057368486698e-09
2.818536515292180411e-09,3.424991623646178596e-09,1.804708444979041815e-04,2.359076711755392353e-09,4.957108057368486698e-09
9.658370981924235821e-05,3.424991623646178596e-09,2.261403508896364656e-09,9.691330342320725322e-05,4.957108057368486698e-09
9.110965766012668610e-05,3.424991623646178596e-09,2.261403508896364656e-09,2.359076711755392353e-09,4.957108057368486698e-09
2.818536515292180411e-09,3.424991623646178596e-09,1.819311437429860234e-04,2.359076711755392353e-09,3.017670242115855217e-04
2.818536515292180411e-09,3.424991623646178596e-09,2.261403508896364656e-09,9.529110684525221586e-05,2.050119219347834587e-04
2.818536515292180411e-09,3.424991623646178596e-09,2.261403508896364656e-09,1.689908240223303437e-04,4.957108057368486698e-09
2.818536515292180411e-09,3.424991623646178596e-09,2.261403508896364656e-09,9.966860670829191804e-05,4.957108057368486698e-09
2.818536515292180411e-09,3.424991623646178596e-09,2.261403508896364656e-09,2.359076711755392353e-09,1.024338052957318723e-04
2.818536515292180411e-09,3.424991623646178596e-09,2.261403508896364656e-09,2.359076711755392353e-09,1.022906581056304276e-04
2.818536515292180411e-09,3.424991623646178596e-09,1.151246615336276591e-04,1.540903031127527356e-04,1.025785386445932090e-04
2.818536515292180411e-09,3.424991623646178596e-09,2.261403508896364656e-09,8.176617848221212626e-05,4.957108057368486698e-09
8.608883945271372795e-05,3.424991623646178596e-09,1.623833813937380910e-04,2.359076711755392353e-09,4.957108057368486698e-09
2.818536515292180411e-09,3.424991623646178596e-09,2.261403508896364656e-09,9.616303577786311507e-05,4.957108057368486698e-09
1.786184147931635380e-04,3.424991623646178596e-09,2.261403508896364656e-09,2.359076711755392353e-09,4.957108057368486698e-09
2.818536515292180411e-09,3.424991623646178596e-09,2.261403508896364656e-09,2.359076711755392353e-09,4.957108057368486698e-09
8.815641922410577536e-05,3.424991623646178596e-09,2.261403508896364656e-09,2.359076711755392353e-09,4.957108057368486698e-09
1.785883214324712753e-04,3.424991623646178596e-09,2.261403508896364656e-09,2.359076711755392353e-09,4.957108057368486698e-09
9.022108861245214939e-05,3.424991623646178596e-09,2.261403508896364656e-09,2.359076711755392353e-09,4.957108057368486698e-09
2.818536515292180411e-09,3.424991623646178596e-09,2.261403508896364656e-09,9.736767970025539398e-05,4.957108057368486698e-09
2.818536515292180411e-09,3.424991623646178596e-09,2.261403508896364656e-09,1.009899424389004707e-04,4.040777275804430246e-04
1.260891003767028451e-04,1.849621621659025550e-04,1.820876495912671089e-04,1.925220567500218749e-04,4.957108057368486698e-09
1.795375574147328734e-04,3.424991623646178596e-09,2.261403508896364656e-09,2.359076711755392353e-09,4.957108057368486698e-09
1.168560411315411329e-04,3.424991623646178596e-09,2.096328826155513525e-04,2.714151341933757067e-04,2.108276967192068696e-04
2.818536515292180411e-09,3.424991623646178596e-09,2.261403508896364656e-09,1.931064616655930877e-04,4.957108057368486698e-09
2.818536515292180411e-09,2.883209090214222670e-04,2.261403508896364656e-09,2.359076711755392353e-09,1.590606552781537175e-04
4.894009907729923725e-05,1.043898373609408736e-04,2.261403508896364656e-09,7.178728992585092783e-05,4.957108057368486698e-09
2.818536515292180411e-09,1.924541429616510868e-04,2.261403508896364656e-09,2.359076711755392353e-09,4.957108057368486698e-09
2.818536515292180411e-09,3.424991623646178596e-09,2.261403508896364656e-09,2.359076711755392353e-09,4.957108057368486698e-09
2.818536515292180411e-09,3.424991623646178596e-09,2.261403508896364656e-09,2.359076711755392353e-09,4.957108057368486698e-09
8.741166675463318825e-05,3.424991623646178596e-09,2.261403508896364656e-09,2.359076711755392353e-09,4.957108057368486698e-09
7.453273553892358905e-09,4.670496855396777391e-04,2.261403508896364656e-09,2.359076711755392353e-09,4.597477091010659933e-04
2.818536515292180411e-09,1.304550387430936098e-04,4.828700621146708727e-04,3.425893082749098539e-04,4.957108057368486698e-09
2.818536515292180411e-09,2.109781635226681828e-04,4.614127101376652718e-04,3.853656817227602005e-04,4.957108057368486698e-09
2.818536515292180411e-09,1.339984592050313950e-04,4.716966941487044096e-04,4.528069694060832262e-04,4.957108057368486698e-09
2.818536515292180411e-09,1.234333903994411230e-04,4.157508083153516054e-04,2.121435245499014854e-04,4.957108057368486698e-09
2.818536515292180411e-09,3.424991623646178596e-09,2.310348500031977892e-04,2.064289001282304525e-04,4.957108057368486698e-09
2.818536515292180411e-09,3.424991623646178596e-09,2.705707156565040350e-04,2.359076711755392353e-09,4.957108057368486698e-09
2.818536515292180411e-09,3.424991623646178596e-09,3.632723237387835979e-04,2.359076711755392353e-09,4.957108057368486698e-09
2.818536515292180411e-09,3.424991623646178596e-09,3.620664938353002071e-04,2.359076711755392353e-09,4.957108057368486698e-09
2.818536515292180411e-09,3.424991623646178596e-09,3.635877801571041346e-04,2.359076711755392353e-09,4.957108057368486698e-09
2.818536515292180411e-09,3.424991623646178596e-09,2.728814724832773209e-04,2.359076711755392353e-09,4.957108057368486698e-09
2.818536515292180411e-09,3.424991623646178596e-09,9.049210348166525364e-05,2.359076711755392353e-09,4.957108057368486698e-09
2.818536515292180411e-09,3.424991623646178596e-09,2.698137250263243914e-04,2.359076711755392353e-09,4.957108057368486698e-09
2.818536515292180411e-09,3.424991623646178596e-09,4.322148452047258615e-04,4.634547221940010786e-04,4.957108057368486698e-09
2.818536515292180411e-09,3.424991623646178596e-09,2.717732859309762716e-04,2.359076711755392353e-09,4.957108057368486698e-09
2.818536515292180411e-09,4.642650019377470016e-04,4.714669485110789537e-04,4.659180413000285625e-04,4.957108057368486698e-09
2.818536515292180411e-09,3.424991623646178596e-09,2.717216266319155693e-04,2.359076711755392353e-09,4.957108057368486698e-09
2.818536515292180411e-09,8.730718982405960560e-04,4.355853307060897350e-04,4.703608574345707893e-04,4.957108057368486698e-09
2.818536515292180411e-09,3.424991623646178596e-09,9.058167051989585161e-05,2.359076711755392353e-09,4.957108057368486698e-09
2.818536515292180411e-09,8.572107763029634953e-04,3.783433348871767521e-04,4.799677117262035608e-04,4.957108057368486698e-09
2.818536515292180411e-09,5.606193444691598415e-04,4.217430541757494211e-04,5.174749530851840973e-04,4.957108057368486698e-09
2.818536515292180411e-09,1.304733013967052102e-04,4.320079460740089417e-04,2.271029516123235226e-04,4.957108057368486698e-09
2.818536515292180411e-09,3.424991623646178596e-09,9.114098065765574574e-05,2.359076711755392353e-09,4.957108057368486698e-09
2.818536515292180411e-09,3.424991623646178596e-09,2.710561966523528099e-04,2.359076711755392353e-09,4.957108057368486698e-09
2.818536515292180411e-09,3.424991623646178596e-09,3.357851528562605381e-04,1.933321909746155143e-04,4.957108057368486698e-09
2.818536515292180411e-09,3.424991623646178596e-09,9.094142296817153692e-05,2.359076711755392353e-09,4.957108057368486698e-09
2.818536515292180411e-09,3.424991623646178596e-09,2.709508989937603474e-04,2.359076711755392353e-09,4.957108057368486698e-09
2.818536515292180411e-09,3.424991623646178596e-09,9.093905828194692731e-05,2.359076711755392353e-09,4.957108057368486698e-09
2.818536515292180411e-09,3.424991623646178596e-09,3.646751283667981625e-04,2.359076711755392353e-09,4.957108057368486698e-09
2.818536515292180411e-09,3.424991623646178596e-09,3.625249955803155899e-04,2.359076711755392353e-09,4.957108057368486698e-09
2.818536515292180411e-09,3.424991623646178596e-09,3.623661177698522806e-04,2.359076711755392353e-09,4.957108057368486698e-09
2.818536515292180411e-09,3.424991623646178596e-09,3.637001791503280401e-04,2.359076711755392353e-09,4.957108057368486698e-09
2.818536515292180411e-09,3.424991623646178596e-09,9.039819269673898816e-05,2.359076711755392353e-09,4.957108057368486698e-09
2.818536515292180411e-09,6.958050653338432312e-04,3.873365931212902069e-04,4.985351115465164185e-04,4.957108057368486698e-09
2.818536515292180411e-09,3.424991623646178596e-09,2.710316621232777834e-04,2.359076711755392353e-09,4.957108057368486698e-09
1.531257148599252105e-04,1.055467640981078148e-03,4.052713338751345873e-04,5.019400268793106079e-04,4.957108057368486698e-09
2.818536515292180411e-09,3.424991623646178596e-09,3.623474622145295143e-04,2.359076711755392353e-09,4.957108057368486698e-09
1.478256599511951208e-04,1.219810103066265583e-03,2.459459356032311916e-04,3.945036733057349920e-04,4.957108057368486698e-09
2.818536515292180411e-09,3.424991623646178596e-09,3.636837354861199856e-04,2.359076711755392353e-09,4.957108057368486698e-09
1.935873151523992419e-04,1.281253062188625336e-03,2.363359089940786362e-04,3.022877790499478579e-04,1.543362013762816787e-04
2.818536515292180411e-09,1.309679704718291759e-03,3.925608471035957336e-04,4.337525169830769300e-04,4.957108057368486698e-09
2.818536515292180411e-09,9.198201005347073078e-04,3.788396134041249752e-04,4.659203405026346445e-04,4.957108057368486698e-09
2.818536515292180411e-09,3.652913437690585852e-04,2.754127199295908213e-04,5.577761330641806126e-04,4.957108057368486698e-09
2.818536515292180411e-09,3.424991623646178596e-09,4.427380918059498072e-04,2.359076711755392353e-09,4.957108057368486698e-09
2.818536515292180411e-09,1.939977810252457857e-04,3.661462978925555944e-04,4.859013133682310581e-04,4.957108057368486698e-09
2.818536515292180411e-09,3.424991623646178596e-09,2.722647332120686769e-04,2.359076711755392353e-09,4.957108057368486698e-09
2.818536515292180411e-09,3.424991623646178596e-09,3.197600890416651964e-04,2.882239641621708870e-05,4.957108057368486698e-09
2.818536515292180411e-09,3.424991623646178596e-09,2.711209817789494991e-04,2.359076711755392353e-09,4.957108057368486698e-09
2.818536515292180411e-09,3.424991623646178596e-09,5.669774254783987999e-04,2.359076711755392353e-09,4.957108057368486698e-09
2.818536515292180411e-09,3.424991623646178596e-09,1.813421549741178751e-04,2.359076711755392353e-09,4.957108057368486698e-09
2.818536515292180411e-09,3.424991623646178596e-09,6.467817584052681923e-04,1.271750807063654065e-04,4.957108057368486698e-09
2.818536515292180411e-09,3.424991623646178596e-09,2.732923312578350306e-04,2.359076711755392353e-09,4.957108057368486698e-09
2.818536515292180411e-09,3.424991623646178596e-09,4.531523736659437418e-04,2.359076711755392353e-09,4.957108057368486698e-09
2.818536515292180411e-09,3.424991623646178596e-09,3.621198702603578568e-04,2.359076711755392353e-09,4.957108057368486698e-09
2.818536515292180411e-09,3.424991623646178596e-09,2.714219444897025824e-04,2.359076711755392353e-09,4.957108057368486698e-09
2.818536515292180411e-09,3.424991623646178596e-09,2.720082702580839396e-04,2.359076711755392353e-09,4.957108057368486698e-09
4.337815043982118368e-04,8.221510215662419796e-04,3.598518087528645992e-04,4.726140759885311127e-04,4.957108057368486698e-09
2.818536515292180411e-09,3.424991623646178596e-09,2.721126656979322433e-04,2.359076711755392353e-09,4.957108057368486698e-09
7.264465093612670898e-04,1.276265480555593967e-03,3.752423217520117760e-04,2.824306138791143894e-04,4.957108057368486698e-09
2.818536515292180411e-09,3.424991623646178596e-09,3.622926014941185713e-04,2.359076711755392353e-09,4.957108057368486698e-09
6.536985165439546108e-04,1.158041064627468586e-03,2.234485291410237551e-04,1.165706489700824022e-04,4.138116200920194387e-04
2.818536515292180411e-09,3.424991623646178596e-09,3.625304671004414558e-04,2.359076711755392353e-09,4.957108057368486698e-09
6.424160674214363098e-04,1.139966654591262341e-03,2.046081062871962786e-04,2.012247568927705288e-04,5.116629763506352901e-04
2.818536515292180411e-09,3.424991623646178596e-09,3.620900679379701614e-04,2.359076711755392353e-09,4.957108057368486698e-09
4.706358013208955526e-04,1.086812815628945827e-03,1.943023962667211890e-04,2.063828869722783566e-04,8.854592451825737953e-04
2.818536515292180411e-09,3.424991623646178596e-09,9.054329711943864822e-05,2.359076711755392353e-09,4.957108057368486698e-09
1.769736700225621462e-04,1.324608223512768745e-03,3.877988492604345083e-04,3.629680140875279903e-04,4.957108057368486698e-09
2.818536515292180411e-09,9.821286657825112343e-04,3.731039178092032671e-04,4.620519175659865141e-04,4.957108057368486698e-09
2.818536515292180411e-09,2.351029252167791128e-04,1.149110903497785330e-04,5.216439603827893734e-04,4.957108057368486698e-09
2.818536515292180411e-09,3.424991623646178596e-09,2.261403508896364656e-09,9.083131590159609914e-05,4.957108057368486698e-09
2.818536515292180411e-09,3.424991623646178596e-09,3.610261483117938042e-04,4.492602893151342869e-04,4.957108057368486698e-09
2.818536515292180411e-09,3.424991623646178596e-09,9.138949826592579484e-05,2.359076711755392353e-09,4.957108057368486698e-09
4.996601492166519165e-04,6.105787906562909484e-05,4.409321991261094809e-04,5.222774343565106392e-04,4.957108057368486698e-09
2.818536515292180411e-09,3.424991623646178596e-09,2.715859154704958200e-04,2.359076711755392353e-09,4.957108057368486698e-09
2.818536515292180411e-09,3.424991623646178596e-09,3.695198683999478817e-04,1.731813681544736028e-04,4.957108057368486698e-09
2.818536515292180411e-09,3.424991623646178596e-09,2.713723224587738514e-04,2.359076711755392353e-09,4.957108057368486698e-09
1.481546205468475819e-04,2.116833638865500689e-04,5.751946009695529938e-04,3.519308811519294977e-04,4.957108057368486698e-09
2.818536515292180411e-09,3.424991623646178596e-09,2.720190386753529310e-04,2.359076711755392353e-09,4.957108057368486698e-09
2.818536515292180411e-09,4.004069487564265728e-04,5.385877448134124279e-04,1.797693985281512141e-04,4.957108057368486698e-09
2.818536515292180411e-09,3.424991623646178596e-09,2.716840826906263828e-04,2.359076711755392353e-09,4.957108057368486698e-09
2.818536515292180411e-09,2.674355928320437670e-04,5.545530584640800953e-04,1.774992269929498434e-04,4.957108057368486698e-09
2.818536515292180411e-09,9.424391464563086629e-05,5.006214487366378307e-04,2.359076711755392353e-09,4.957108057368486698e-09
2.818536515292180411e-09,3.424991623646178596e-09,2.730746637098491192e-04,2.359076711755392353e-09,4.957108057368486698e-09
2.818536515292180411e-09,3.424991623646178596e-09,3.635411267168819904e-04,2.359076711755392353e-09,4.957108057368486698e-09
8.472867193631827831e-04,1.171794137917459011e-03,3.743880370166152716e-04,4.266625037416815758e-04,4.957108057368486698e-09
2.818536515292180411e-09,3.424991623646178596e-09,3.637268964666873217e-04,2.359076711755392353e-09,4.957108057368486698e-09
6.304971175268292427e-04,1.131607685238122940e-03,2.286590752191841602e-04,2.743011573329567909e-04,8.586668991483747959e-04
2.818536515292180411e-09,3.424991623646178596e-09,4.541096277534961700e-04,2.359076711755392353e-09,4.957108057368486698e-09
5.467916489578783512e-04,1.076144864782691002e-03,2.261403508896364656e-09,9.119491005549207330e-05,1.649928744882345200e-03
2.818536515292180411e-09,3.424991623646178596e-09,4.534150357358157635e-04,2.359076711755392353e-09,4.957108057368486698e-09
5.608951323665678501e-04,9.732607286423444748e-04,1.100096051231957972e-05,2.359076711755392353e-09,1.579834846779704094e-03
2.818536515292180411e-09,3.424991623646178596e-09,4.536499036476016045e-04,2.359076711755392353e-09,4.957108057368486698e-09
5.176460254006087780e-04,1.057243207469582558e-03,7.143360107875196263e-06,2.359076711755392353e-09,1.385120674967765808e-03
2.818536515292180411e-09,3.424991623646178596e-09,1.806856744224205613e-04,2.359076711755392353e-09,4.957108057368486698e-09
5.828846478834748268e-04,1.135306200012564659e-03,3.432722587604075670e-04,2.359076711755392353e-09,8.036338840611279011e-04
4.104437830392271280e-04,8.748351247049868107e-04,3.800133417826145887e-04,4.680174170061945915e-04,4.957108057368486698e-09
2.024480818363372236e-05,3.487069043330848217e-04,2.702996425796300173e-04,4.899312625639140606e-04,4.957108057368486698e-09
2.818536515292180411e-09,3.424991623646178596e-09,2.261403508896364656e-09,2.011644537560641766e-04,4.957108057368486698e-09
3.104372008237987757e-04,3.424991623646178596e-09,4.349840455688536167e-04,5.661220639012753963e-04,4.957108057368486698e-09
7.809509406797587872e-04,3.952703846152871847e-04,3.746231377590447664e-04,5.003225523978471756e-04,4.957108057368486698e-09
2.818536515292180411e-09,3.424991623646178596e-09,1.800387690309435129e-04,2.359076711755392353e-09,4.957108057368486698e-09
2.134431706508621573e-04,3.424991623646178596e-09,5.585476174019277096e-04,3.443057066760957241e-04,4.957108057368486698e-09
2.818536515292180411e-09,3.424991623646178596e-09,2.715936279855668545e-04,2.359076711755392353e-09,4.957108057368486698e-09
1.976108760572969913e-04,3.424991623646178596e-09,6.702081882394850254e-04,4.499016213230788708e-04,4.957108057368486698e-09
2.818536515292180411e-09,3.424991623646178596e-09,2.727434912230819464e-04,2.359076711755392353e-09,4.957108057368486698e-09
1.059219794115051627e-04,4.200141702312976122e-04,5.486918380483984947e-04,2.058716345345601439e-04,4.957108057368486698e-09
2.818536515292180411e-09,3.424991623646178596e-09,2.706858213059604168e-04,2.359076711755392353e-09,4.957108057368486698e-09
2.818536515292180411e-09,3.517003788147121668e-04,5.818984354846179485e-04,2.107115869875997305e-04,4.957108057368486698e-09
2.818536515292180411e-09,3.424991623646178596e-09,5.443855188786983490e-04,2.359076711755392353e-09,4.957108057368486698e-09
2.818536515292180411e-09,3.424991623646178596e-09,3.607799590099602938e-04,2.359076711755392353e-09,4.957108057368486698e-09
2.818536515292180411e-09,3.424991623646178596e-09,9.041922021424397826e-05,2.359076711755392353e-09,4.957108057368486698e-09
1.105667615775018930e-04,3.424991623646178596e-09,4.348882357589900494e-04,2.359076711755392353e-09,4.957108057368486698e-09
3.948349040001630783e-04,1.080363173969089985e-03,3.630166756920516491e-04,2.652815019246190786e-04,1.356143155135214329e-03
9.253569442080333829e-05,3.424991623646178596e-09,3.277931245975196362e-04,1.388004166074097157e-04,4.957108057368486698e-09
3.103248600382357836e-04,1.116725383326411247e-03,2.277954627061262727e-04,1.223166036652401090e-04,2.058075740933418274e-03
4.409311222843825817e-04,3.424991623646178596e-09,4.640195111278444529e-04,2.006182039622217417e-04,4.957108057368486698e-09
3.466248454060405493e-04,9.736559586599469185e-04,2.261403508896364656e-09,2.359076711755392353e-09,2.060191472992300987e-03
1.500061189290136099e-04,3.424991623646178596e-09,4.814832645934075117e-04,1.633491192478686571e-04,4.957108057368486698e-09
3.298895608168095350e-04,1.049611251801252365e-03,2.261403508896364656e-09,2.359076711755392353e-09,2.045725006610155106e-03
2.818536515292180411e-09,3.424991623646178596e-09,5.297674797475337982e-04,2.359076711755392353e-09,4.957108057368486698e-09
5.543211591430008411e-04,1.038786373101174831e-03,2.025612047873437405e-04,6.282225513132289052e-05,1.564390491694211960e-03
2.818536515292180411e-09,3.424991623646178596e-09,1.811514084693044424e-04,2.359076711755392353e-09,4.957108057368486698e-09
5.797460325993597507e-04,1.200500759296119213e-03,3.867578634526580572e-04,2.359076711755392353e-09,7.856902084313333035e-04
6.815993692725896835e-04,9.384714649058878422e-04,3.974636783823370934e-04,4.541185335256159306e-04,4.957108057368486698e-09
9.810106712393462658e-05,4.065334796905517578e-04,2.668900415301322937e-04,5.399532383307814598e-04,4.957108057368486698e-09
8.925854490371420979e-05,3.424991623646178596e-09,2.261403508896364656e-09,2.359076711755392353e-09,4.957108057368486698e-09
1.931062870426103473e-04,3.424991623646178596e-09,1.075302134267985821e-04,3.743040433619171381e-04,4.957108057368486698e-09
9.218031773343682289e-04,2.655168937053531408e-04,3.761317057069391012e-04,5.047120503149926662e-04,4.957108057368486698e-09
7.348962244577705860e-04,8.323623333126306534e-04,3.878821735270321369e-04,4.530278674792498350e-04,5.453436751849949360e-04
2.818536515292180411e-09,3.424991623646178596e-09,3.639270726125687361e-04,2.359076711755392353e-09,4.957108057368486698e-09
4.135900235269218683e-04,3.424991623646178596e-09,4.327882488723844290e-04,4.545468254946172237e-04,4.957108057368486698e-09
2.818536515292180411e-09,3.424991623646178596e-09,9.125121869146823883e-05,2.359076711755392353e-09,4.957108057368486698e-09
4.527647688519209623e-04,2.789530553855001926e-04,5.629047518596053123e-04,3.670011064969003201e-04,4.957108057368486698e-09
2.818536515292180411e-09,3.424991623646178596e-09,2.727367100305855274e-04,2.359076711755392353e-09,4.957108057368486698e-09
3.410247154533863068e-04,1.387731172144412994e-04,5.631261738017201424e-04,1.722185552353039384e-04,4.957108057368486698e-09
2.818536515292180411e-09,3.424991623646178596e-09,2.730051928665488958e-04,2.359076711755392353e-09,4.957108057368486698e-09
3.334137727506458759e-05,1.478207850595936179e-04,5.643060430884361267e-04,2.359076711755392353e-09,4.957108057368486698e-09
2.818536515292180411e-09,3.424991623646178596e-09,9.101132309297099710e-05,2.359076711755392353e-09,4.957108057368486698e-09
2.818536515292180411e-09,3.424991623646178596e-09,4.535529005806893110e-04,2.359076711755392353e-09,4.957108057368486698e-09
2.818536515292180411e-09,3.424991623646178596e-09,1.817983284126967192e-04,2.359076711755392353e-09,4.957108057368486698e-09
2.818536515292180411e-09,3.424991623646178596e-09,1.809827517718076706e-04,2.359076711755392353e-09,4.957108057368486698e-09
1.164736677310429513e-04,3.424991623646178596e-09,4.131197347305715084e-04,1.364474155707284808e-04,4.957108057368486698e-09
2.731156710069626570e-04,1.089969882741570473e-03,3.572927962522953749e-04,1.199617763631977141e-04,2.613459713757038116e-03
2.142196608474478126e-04,3.424991623646178596e-09,4.256045795045793056e-04,3.457553102634847164e-04,4.957108057368486698e-09
2.818536515292180411e-09,1.089307828806340694e-03,2.261403508896364656e-09,1.072126178769394755e-05,2.781994640827178955e-03
4.574465856421738863e-04,3.424991623646178596e-09,4.594154015649110079e-04,3.854533424600958824e-04,4.957108057368486698e-09
2.818536515292180411e-09,1.021978212520480156e-03,2.261403508896364656e-09,2.359076711755392353e-09,2.680870937183499336e-03
2.034061180893331766e-04,3.424991623646178596e-09,5.119661800563335419e-04,2.359076711755392353e-09,4.957108057368486698e-09
2.159638534067198634e-04,9.987771045416593552e-04,1.501422375440597534e-04,2.359076711755392353e-09,2.582319313660264015e-03
2.818536515292180411e-09,3.424991623646178596e-09,3.619075869210064411e-04,2.359076711755392353e-09,4.957108057368486698e-09
2.154797839466482401e-04,1.022218842990696430e-03,3.391268546693027020e-04,2.359076711755392353e-09,2.039688639342784882e-03
2.818536515292180411e-09,3.424991623646178596e-09,9.039610449690371752e-05,2.359076711755392353e-09,4.957108057368486698e-09
6.386514287441968918e-04,1.143566565588116646e-03,3.910354571416974068e-04,2.359076711755392353e-09,4.906328395009040833e-04
8.118490804918110371e-04,7.463163929060101509e-04,4.087323904968798161e-04,3.511735703796148300e-04,2.789600905828137911e-08
1.488908746978268027e-04,2.793102758005261421e-04,1.137228682637214661e-04,4.928090493194758892e-04,4.957108057368486698e-09
2.818536515292180411e-09,3.424991623646178596e-09,2.261403508896364656e-09,1.007351456792093813e-04,4.957108057368486698e-09
8.069779141806066036e-04,3.424991623646178596e-09,3.722542314790189266e-04,5.283373175188899040e-04,4.957108057368486698e-09
7.661214913241565228e-04,2.777509798761457205e-04,3.521708422340452671e-04,4.834540886804461479e-04,1.154099591076374054e-03
3.476282872725278139e-04,8.869544253684580326e-04,3.659191133920103312e-04,2.865934511646628380e-04,2.002683235332369804e-03
2.818536515292180411e-09,3.424991623646178596e-09,3.620219940785318613e-04,2.359076711755392353e-09,4.957108057368486698e-09
5.104400333948433399e-04,3.424991623646178596e-09,4.964811378158628941e-04,3.275255439803004265e-04,4.957108057368486698e-09
4.994404735043644905e-04,9.054060501512140036e-05,4.762239404954016209e-04,3.338991373311728239e-04,4.957108057368486698e-09
2.818536515292180411e-09,3.424991623646178596e-09,1.828421518439427018e-04,2.359076711755392353e-09,4.957108057368486698e-09
4.863853391725569963e-04,3.424991623646178596e-09,5.310632986947894096e-04,3.146787057630717754e-04,4.957108057368486698e-09
1.087941491277888417e-04,3.424991623646178596e-09,5.243973573669791222e-04,2.359076711755392353e-09,4.957108057368486698e-09
2.818536515292180411e-09,3.424991623646178596e-09,1.828238309826701880e-04,2.359076711755392353e-09,4.957108057368486698e-09
9.617276373319327831e-05,3.424991623646178596e-09,2.607842325232923031e-04,2.359076711755392353e-09,4.957108057368486698e-09
2.203371404903009534e-04,3.424991623646178596e-09,3.978979075327515602e-04,1.378880842821672559e-04,4.957108057368486698e-09
2.223536284873262048e-04,1.022569718770682812e-03,1.839999022195115685e-04,8.499128307448700070e-05,2.710274886339902878e-03
9.694645268609747291e-05,3.424991623646178596e-09,3.269266744609922171e-04,1.354261621600016952e-04,4.957108057368486698e-09
1.810530193324666470e-06,1.010480918921530247e-03,2.261403508896364656e-09,9.627810868551023304e-06,2.755967667326331139e-03
2.931322378572076559e-04,3.424991623646178596e-09,3.144351940136402845e-04,2.490514598321169615e-04,4.957108057368486698e-09
2.818536515292180411e-09,9.667703416198492050e-04,2.261403508896364656e-09,2.359076711755392353e-09,2.695759758353233337e-03
9.730668534757569432e-05,3.424991623646178596e-09,3.569888940546661615e-04,2.359076711755392353e-09,4.957108057368486698e-09
3.791611743508838117e-05,1.017934177070856094e-03,2.760647912509739399e-04,1.599858478584792465e-05,2.372649963945150375e-03
2.818536515292180411e-09,3.424991623646178596e-09,2.722639183048158884e-04,2.359076711755392353e-09,4.957108057368486698e-09
3.110597026534378529e-04,1.111299498006701469e-03,3.645738470368087292e-04,1.070551661541685462e-04,2.047879854217171669e-03
6.493181572295725346e-04,9.183072252199053764e-04,3.788109170272946358e-04,4.437395255081355572e-04,6.034732214175164700e-04
5.035820067860186100e-04,4.768932121805846691e-04,4.172209883108735085e-04,5.305133527144789696e-04,4.957108057368486698e-09
6.995810690568760037e-05,6.991493137320503592e-05,2.261403508896364656e-09,1.142307519330643117e-04,4.957108057368486698e-09
2.784516545943915844e-04,3.424991623646178596e-09,1.806637301342561841e-04,3.038613940589129925e-04,4.957108057368486698e-09
9.475706610828638077e-04,3.424991623646178596e-09,3.755922662094235420e-04,5.085853626951575279e-04,7.112799794413149357e-04
5.829987931065261364e-04,5.796502227894961834e-04,3.744538698811084032e-04,4.619604151230305433e-04,1.935564330779016018e-03
4.588025331031531096e-04,9.945769561454653740e-04,3.447277122177183628e-04,2.340266364626586437e-04,2.647192915901541710e-03
9.650420543039217591e-05,3.424991623646178596e-09,2.581065054982900620e-04,2.359076711755392353e-09,4.957108057368486698e-09
5.216968129388988018e-04,3.424991623646178596e-09,4.643207939807325602e-04,2.371932932874187827e-04,4.957108057368486698e-09
5.205824272707104683e-04,3.424991623646178596e-09,4.639785038307309151e-04,2.379307406954467297e-04,4.957108057368486698e-09
3.084014169871807098e-04,3.424991623646178596e-09,4.918182385154068470e-04,1.288289349758997560e-04,4.957108057368486698e-09
2.818536515292180411e-09,3.424991623646178596e-09,4.497791815083473921e-04,2.359076711755392353e-09,4.957108057368486698e-09
9.741508984006941319e-05,3.424991623646178596e-09,3.300203825347125530e-04,1.347154029645025730e-04,4.957108057368486698e-09
2.187913196394219995e-04,3.424991623646178596e-09,3.835931711364537477e-04,2.539373817853629589e-04,4.957108057368486698e-09
3.534226561896502972e-04,9.420475689694285393e-04,1.911828003358095884e-04,4.365318163763731718e-04,3.151108976453542709e-03
2.818536515292180411e-09,6.375624798238277435e-05,1.805904030334204435e-04,1.094741310225799680e-04,4.957108057368486698e-09
3.346336598042398691e-04,9.407413890585303307e-04,2.261403508896364656e-09,3.770476614590734243e-04,2.863936591893434525e-03
2.818536515292180411e-09,3.424991623646178596e-09,1.810256362659856677e-04,2.359076711755392353e-09,4.957108057368486698e-09
2.818536515292180411e-09,9.722997783683240414e-04,3.212646988686174154e-04,1.455083111068233848e-04,2.931211376562714577e-03
2.818536515292180411e-09,1.376668078592047095e-04,1.542859245091676712e-04,2.359076711755392353e-09,4.957108057368486698e-09
2.818536515292180411e-09,1.042253687046468258e-03,3.380361013114452362e-04,3.983588831033557653e-04,2.385257743299007416e-03
6.497901631519198418e-04,8.327475516125559807e-04,3.709592565428465605e-04,4.437670577317476273e-04,1.063989824615418911e-03
7.564689731225371361e-04,5.963251460343599319e-04,4.263512382749468088e-04,4.851662379223853350e-04,4.957108057368486698e-09
2.117999829351902008e-04,3.424991623646178596e-09,6.253802712308242917e-05,3.185172390658408403e-04,4.957108057368486698e-09
9.685929398983716965e-05,3.424991623646178596e-09,2.261403508896364656e-09,9.610920096747577190e-05,4.957108057368486698e-09
6.591309793293476105e-04,3.424991623646178596e-09,2.374498726567253470e-04,4.606191650964319706e-04,4.006942617706954479e-04
7.645100122317671776e-04,2.244563575004576705e-06,3.812685608863830566e-04,4.999500815756618977e-04,1.748387352563440800e-03
5.221050814725458622e-04,7.881951751187443733e-04,3.643890668172389269e-04,2.594564575701951981e-04,2.163562458008527756e-03
3.711573663167655468e-04,8.329555275849997997e-04,3.417724801693111658e-04,4.392810515128076077e-04,2.833269536495208740e-03
5.495129153132438660e-04,3.424991623646178596e-09,3.684554540086537600e-04,1.309084327658638358e-04,4.957108057368486698e-09
3.071398532483726740e-04,3.424991623646178596e-09,3.870208456646651030e-04,1.383828930556774139e-04,4.957108057368486698e-09
2.818536515292180411e-09,3.424991623646178596e-09,3.592401044443249702e-04,2.359076711755392353e-09,4.957108057368486698e-09
9.695302287582308054e-05,3.424991623646178596e-09,1.494705356890335679e-04,2.359076711755392353e-09,4.957108057368486698e-09
1.938071509357541800e-04,3.424991623646178596e-09,3.220762300770729780e-04,1.346428034594282508e-04,4.957108057368486698e-09
3.532963164616376162e-04,9.261349332518875599e-04,3.318884118925780058e-04,4.254494269844144583e-04,3.140068845823407173e-03
3.609897394198924303e-04,9.435610845685005188e-04,3.331888292450457811e-04,4.266407631803303957e-04,2.772545674815773964e-03
4.936102413921616971e-06,1.108338939957320690e-03,3.646711993496865034e-04,1.061194925568997860e-04,2.272939775139093399e-03
6.175455055199563503e-04,7.488563423976302147e-04,3.810072084888815880e-04,2.815159095916897058e-04,1.372157945297658443e-03
7.463589427061378956e-04,5.175588303245604038e-04,4.046168760396540165e-04,5.030146567150950432e-04,4.957108057368486698e-09
1.081638038158416748e-04,3.424991623646178596e-09,9.129151294473558664e-05,4.089246795047074556e-04,4.957108057368486698e-09
9.681957453722134233e-05,3.424991623646178596e-09,2.261403508896364656e-09,9.603903163224458694e-05,4.957108057368486698e-09
2.875774807762354612e-04,1.202495695906691253e-05,2.261403508896364656e-09,1.863693614723160863e-04,4.129392036702483892e-04
6.793806678615510464e-04,3.424991623646178596e-09,3.465032204985618591e-04,5.094347870908677578e-04,7.732284138910472393e-04
6.202079821377992630e-04,4.634854267351329327e-04,3.895567497238516808e-04,4.664477019105106592e-04,1.825562445446848869e-03
4.891116404905915260e-04,7.400743197649717331e-04,3.586652746889740229e-04,2.575676189735531807e-04,2.861530520021915436e-03
2.818243810907006264e-04,7.685146410949528217e-04,3.319047100376337767e-04,4.006922827102243900e-04,2.645928645506501198e-03
2.818536515292180411e-09,3.424991623646178596e-09,2.722840872593224049e-04,2.359076711755392353e-09,4.957108057368486698e-09
2.818536515292180411e-09,3.424991623646178596e-09,1.806886430131271482e-04,2.359076711755392353e-09,4.957108057368486698e-09
2.818536515292180411e-09,3.424991623646178596e-09,2.261403508896364656e-09,9.549034439260140061e-05,1.077825727406889200e-04
1.929781719809398055e-04,3.424991623646178596e-09,2.261403508896364656e-09,1.945080293808132410e-04,4.957108057368486698e-09
8.987193723442032933e-05,3.424991623646178596e-09,9.090392268262803555e-05,2.359076711755392353e-09,4.957108057368486698e-09
3.027597849722951651e-04,4.822739865630865097e-04,2.261403508896364656e-09,2.359076711755392353e-09,6.569115212187170982e-04
3.773359931074082851e-04,7.316842675209045410e-04,3.790886548813432455e-04,3.064601332880556583e-04,1.963538350537419319e-03
7.157264626584947109e-04,6.754922796972095966e-04,3.901846357621252537e-04,4.613003402482718229e-04,8.854789775796234608e-04
6.632013828493654728e-04,1.681371213635429740e-04,4.369452944956719875e-04,4.432597488630563021e-04,4.957108057368486698e-09
2.818536515292180411e-09,3.424991623646178596e-09,2.261403508896364656e-09,2.009261806961148977e-04,4.957108057368486698e-09
2.818536515292180411e-09,3.424991623646178596e-09,2.261403508896364656e-09,8.259782043751329184e-05,4.957108057368486698e-09
9.854719246504828334e-05,3.424991623646178596e-09,2.261403508896364656e-09,9.717130888020619750e-05,4.957108057368486698e-09
1.112654208554886281e-04,3.424991623646178596e-09,5.360165232559666038e-05,8.301264460897073150e-05,3.520919126458466053e-04
1.906785328174009919e-04,1.962853957593324594e-06,2.159407158615067601e-04,2.648560039233416319e-04,5.154621903784573078e-04
5.116571555845439434e-04,1.144488778663799167e-04,3.414629027247428894e-04,4.804931522812694311e-04,1.202443963848054409e-03
7.129624136723577976e-04,3.424991623646178596e-09,5.039359675720334053e-04,3.459348226897418499e-04,1.389437704347074032e-03
3.576393355615437031e-04,3.101773618254810572e-04,2.261403508896364656e-09,2.359076711755392353e-09,5.526283057406544685e-04
3.200678329449146986e-04,3.967293887399137020e-04,2.261403508896364656e-09,2.359076711755392353e-09,6.555540021508932114e-04
1.798520679585635662e-04,3.424991623646178596e-09,2.261403508896364656e-09,2.359076711755392353e-09,4.957108057368486698e-09
8.745872764848172665e-05,3.424991623646178596e-09,2.261403508896364656e-09,2.359076711755392353e-09,4.957108057368486698e-09
2.818536515292180411e-09,3.155434678774327040e-04,2.261403508896364656e-09,4.181564436294138432e-04,2.332870790269225836e-04
8.730999252293258905e-05,3.424991623646178596e-09,2.261403508896364656e-09,2.359076711755392353e-09,4.957108057368486698e-09
2.818536515292180411e-09,1.566762366564944386e-04,2.261403508896364656e-09,1.143629488069564104e-04,4.957108057368486698e-09
4.610840987879782915e-04,3.424991623646178596e-09,2.261403508896364656e-09,2.359076711755392353e-09,5.617661518044769764e-04
4.392581759020686150e-04,3.424991623646178596e-09,2.261403508896364656e-09,2.359076711755392353e-09,4.957108057368486698e-09
2.900832332670688629e-04,3.424991623646178596e-09,2.261403508896364656e-09,2.910542534664273262e-04,4.957108057368486698e-09
9.741172834765166044e-05,3.424991623646178596e-09,2.261403508896364656e-09,9.750177559908479452e-05,4.957108057368486698e-09
9.108132508117705584e-05,1.398040767526254058e-04,3.217351622879505157e-04,2.653450355865061283e-04,2.626577916089445353e-04
4.325110348872840405e-04,2.021192194661125541e-04,3.082512703258544207e-04,4.217461391817778349e-04,8.824052056297659874e-04
3.334199427627027035e-04,3.424991623646178596e-09,2.261403508896364656e-09,2.359076711755392353e-09,1.233380171470344067e-04
4.787709040101617575e-04,3.424991623646178596e-09,2.261403508896364656e-09,2.359076711755392353e-09,4.425032238941639662e-04
4.615801444742828608e-04,3.424991623646178596e-09,2.261403508896364656e-09,2.359076711755392353e-09,5.698438617400825024e-04
2.818536515292180411e-09,3.424991623646178596e-09,2.261403508896364656e-09,1.015562957036308944e-04,4.957108057368486698e-09
2.818536515292180411e-09,3.424991623646178596e-09,2.261403508896364656e-09,9.844531450653448701e-05,4.957108057368486698e-09
2.658487646840512753e-04,3.424991623646178596e-09,2.261403508896364656e-09,2.359076711755392353e-09,4.957108057368486698e-09
5.234883283264935017e-04,3.264757688157260418e-04,3.457576967775821686e-04,4.425264778546988964e-04,1.285007339902222157e-03
2.818536515292180411e-09,3.424991623646178596e-09,2.261403508896364656e-09,9.970994869945570827e-05,4.957108057368486698e-09
1.369283709209412336e-04,1.434263685951009393e-04,3.251557936891913414e-04,2.783856471069157124e-04,4.957108057368486698e-09
3.457573766354471445e-04,1.212068164022639394e-04,3.198756312485784292e-04,3.947205259464681149e-04,1.346898352494463325e-04
2.818536515292180411e-09,3.424991623646178596e-09,2.261403508896364656e-09,2.359076711755392353e-09,4.957108057368486698e-09
3.796322562266141176e-04,3.424991623646178596e-09,2.261403508896364656e-09,2.359076711755392353e-09,5.707747186534106731e-04
4.376845899969339371e-04,3.424991623646178596e-09,2.261403508896364656e-09,2.359076711755392353e-09,4.081267106812447309e-04
2.818536515292180411e-09,3.424991623646178596e-09,2.261403508896364656e-09,9.628693806007504463e-05,4.957108057368486698e-09
2.818536515292180411e-09,8.969450573204085231e-05,2.261403508896364656e-09,1.435810117982327938e-04,4.957108057368486698e-09
5.077142850495874882e-05,3.424991623646178596e-09,2.117080730386078358e-04,2.231055259471759200e-04,1.618537789909169078e-04
5.753820087051053633e-09,1.926655822899192572e-04,2.261403508896364656e-09,1.803952909540385008e-04,3.236217889934778214e-04
2.818536515292180411e-09,3.551766567397862673e-04,3.242719103582203388e-04,2.878920931834727526e-04,4.957108057368486698e-09
1.795910939108580351e-04,3.424991623646178596e-09,2.261403508896364656e-09,2.359076711755392353e-09,4.957108057368486698e-09
2.818536515292180411e-09,3.424991623646178596e-09,2.261403508896364656e-09,2.359076711755392353e-09,1.020888885250315070e-04
2.818536515292180411e-09,3.424991623646178596e-09,2.261403508896364656e-09,2.359076711755392353e-09,4.957108057368486698e-09
2.818536515292180411e-09,3.424991623646178596e-09,9.090557432500645518e-05,1.008279577945359051e-04,4.957108057368486698e-09
8.999530837172642350e-05,3.424991623646178596e-09,2.261403508896364656e-09,2.359076711755392353e-09,4.957108057368486698e-09
1.803390186978504062e-04,3.424991623646178596e-09,2.261403508896364656e-09,2.359076711755392353e-09,4.957108057368486698e-09
2.974391391035169363e-04,3.424991623646178596e-09,4.130440356675535440e-04,2.819110814016312361e-04,2.716534654609858990e-04
2.818536515292180411e-09,3.424991623646178596e-09,2.261403508896364656e-09,2.359076711755392353e-09,1.020150957629084587e-04
2.818536515292180411e-09,3.424991623646178596e-09,2.261403508896364656e-09,2.359076711755392353e-09,4.957108057368486698e-09
2.818536515292180411e-09,6.446045881602913141e-05,2.261403508896364656e-09,2.359076711755392353e-09,4.957108057368486698e-09
2.818536515292180411e-09,3.424991623646178596e-09,9.040308214025571942e-05,2.359076711755392353e-09,4.957108057368486698e-09
2.818536515292180411e-09,3.424991623646178596e-09,9.187230898533016443e-05,9.704347030492499471e-05,4.957108057368486698e-09
2.818536515292180411e-09,3.424991623646178596e-09,9.085432975552976131e-05,2.359076711755392353e-09,4.957108057368486698e-09
2.818536515292180411e-09,3.424991623646178596e-09,8.884347334969788790e-05,2.359076711755392353e-09,4.957108057368486698e-09
2.818536515292180411e-09,3.424991623646178596e-09,2.726606035139411688e-04,2.359076711755392353e-09,4.957108057368486698e-09
2.818536515292180411e-09,3.424991623646178596e-09,3.720726817846298218e-04,5.442992551252245903e-05,4.957108057368486698e-09
2.818536515292180411e-09,1.296699192607775331e-04,4.820097819902002811e-04,3.425061295274645090e-04,4.957108057368486698e-09
2.818536515292180411e-09,1.327923819189891219e-04,4.485949757508933544e-04,2.359076711755392353e-09,4.957108057368486698e-09
2.818536515292180411e-09,3.424991623646178596e-09,3.541204496286809444e-04,2.359076711755392353e-09,4.957108057368486698e-09
2.818536515292180411e-09,3.424991623646178596e-09,9.065969061339274049e-05,2.359076711755392353e-09,4.957108057368486698e-09
2.818536515292180411e-09,3.424991623646178596e-09,1.813542767195031047e-04,2.359076711755392353e-09,4.957108057368486698e-09
2.818536515292180411e-09,3.424991623646178596e-09,2.716432791203260422e-04,2.359076711755392353e-09,4.957108057368486698e-09
2.818536515292180411e-09,3.424991623646178596e-09,3.637069603428244591e-04,2.359076711755392353e-09,4.957108057368486698e-09
2.818536515292180411e-09,3.424991623646178596e-09,1.810023968573659658e-04,2.359076711755392353e-09,4.957108057368486698e-09
2.818536515292180411e-09,3.424991623646178596e-09,4.019582120236009359e-04,2.314454177394509315e-04,4.957108057368486698e-09
2.818536515292180411e-09,1.228718610946089029e-04,3.836861578747630119e-04,4.648008907679468393e-04,4.957108057368486698e-09
2.818536515292180411e-09,3.424991623646178596e-09,9.142368071479722857e-05,2.359076711755392353e-09,4.957108057368486698e-09
2.818536515292180411e-09,3.628726699389517307e-04,4.114100593142211437e-04,4.891025600954890251e-04,4.957108057368486698e-09
2.818536515292180411e-09,3.424991623646178596e-09,9.115072316490113735e-05,2.359076711755392353e-09,4.957108057368486698e-09
2.818536515292180411e-09,4.968787543475627899e-04,4.263047012500464916e-04,4.640638071577996016e-04,4.957108057368486698e-09
2.818536515292180411e-09,3.444640315137803555e-04,4.716006806120276451e-04,4.745390615426003933e-04,4.957108057368486698e-09
2.818536515292180411e-09,2.176843699999153614e-04,4.613315104506909847e-04,3.790179325733333826e-04,4.957108057368486698e-09
2.818536515292180411e-09,8.587810589233413339e-05,2.131966612068936229e-04,5.000710734748281538e-05,4.957108057368486698e-09
8.860514208208769560e-05,3.424991623646178596e-09,3.584232181310653687e-04,2.359076711755392353e-09,4.957108057368486698e-09
2.818536515292180411e-09,3.424991623646178596e-09,1.816914882510900497e-04,2.359076711755392353e-09,4.957108057368486698e-09
2.818536515292180411e-09,3.424991623646178596e-09,2.719065814744681120e-04,2.359076711755392353e-09,4.957108057368486698e-09
2.818536515292180411e-09,3.424991623646178596e-09,3.618771443143486977e-04,2.359076711755392353e-09,4.957108057368486698e-09
2.818536515292180411e-09,3.424991623646178596e-09,3.613059234339743853e-04,2.359076711755392353e-09,4.957108057368486698e-09
2.818536515292180411e-09,3.424991623646178596e-09,3.644309763330966234e-04,2.359076711755392353e-09,4.957108057368486698e-09
2.818536515292180411e-09,1.220422709593549371e-04,3.839298151433467865e-04,4.748171195387840271e-04,4.957108057368486698e-09
2.818536515292180411e-09,3.424991623646178596e-09,2.733799919951707125e-04,2.359076711755392353e-09,4.957108057368486698e-09
1.445816014893352985e-04,8.588439086452126503e-04,4.067917470820248127e-04,5.095763481222093105e-04,4.957108057368486698e-09
2.818536515292180411e-09,3.424991623646178596e-09,1.807426597224548459e-04,2.359076711755392353e-09,4.957108057368486698e-09
1.393718703184276819e-04,1.227017375640571117e-03,2.726209058891981840e-04,5.047218874096870422e-04,4.957108057368486698e-09
2.818536515292180411e-09,3.424991623646178596e-09,3.633570449892431498e-04,2.359076711755392353e-09,4.957108057368486698e-09
1.472970907343551517e-04,1.220624195411801338e-03,2.451605396345257759e-04,3.979998291470110416e-04,4.957108057368486698e-09
2.818536515292180411e-09,3.424991623646178596e-09,1.812711125239729881e-04,2.359076711755392353e-09,4.957108057368486698e-09
2.818536515292180411e-09,1.305943471379578114e-03,3.926252247765660286e-04,4.342990869190543890e-04,4.957108057368486698e-09
2.818536515292180411e-09,1.005386933684349060e-03,3.667159762699157000e-04,4.618228413164615631e-04,4.957108057368486698e-09
2.818536515292180411e-09,5.752351135015487671e-04,3.787118766922503710e-04,5.138135747984051704e-04,4.957108057368486698e-09
2.818536515292180411e-09,8.183215686585754156e-05,1.130216187448240817e-04,2.375886542722582817e-04,4.957108057368486698e-09
2.818536515292180411e-09,3.424991623646178596e-09,4.034536832477897406e-04,2.343456435482949018e-04,4.957108057368486698e-09
2.818536515292180411e-09,3.424991623646178596e-09,2.705000806599855423e-04,2.359076711755392353e-09,4.957108057368486698e-09
2.818536515292180411e-09,3.424991623646178596e-09,1.805953506845980883e-04,2.359076711755392353e-09,4.957108057368486698e-09
2.818536515292180411e-09,3.424991623646178596e-09,2.721330674830824137e-04,2.359076711755392353e-09,4.957108057368486698e-09
2.818536515292180411e-09,3.424991623646178596e-09,2.710520639084279537e-04,2.359076711755392353e-09,4.957108057368486698e-09
2.818536515292180411e-09,3.424991623646178596e-09,5.662891198880970478e-04,2.359076711755392353e-09,4.957108057368486698e-09
2.818536515292180411e-09,3.424991623646178596e-09,2.717348688747733831e-04,2.359076711755392353e-09,4.957108057368486698e-09
2.818536515292180411e-09,3.424991623646178596e-09,6.259105284698307514e-04,2.359076711755392353e-09,4.957108057368486698e-09
2.818536515292180411e-09,3.424991623646178596e-09,4.872261779382824898e-04,3.555887815309688449e-05,4.957108057368486698e-09
2.818536515292180411e-09,3.424991623646178596e-09,3.613435255829244852e-04,2.359076711755392353e-09,4.957108057368486698e-09
3.841738798655569553e-04,3.225632826797664165e-04,4.131232853978872299e-04,5.712570273317396641e-04,4.957108057368486698e-09
2.818536515292180411e-09,3.424991623646178596e-09,2.709745313040912151e-04,2.359076711755392353e-09,4.957108057368486698e-09
4.109705623704940081e-04,1.023606862872838974e-03,3.811313363257795572e-04,4.523123207036405802e-04,4.957108057368486698e-09
2.818536515292180411e-09,3.424991623646178596e-09,2.713806752581149340e-04,2.359076711755392353e-09,4.957108057368486698e-09
6.653253221884369850e-04,1.321283634752035141e-03,2.355269389227032661e-04,2.359076711755392353e-09,4.957108057368486698e-09
2.818536515292180411e-09,3.424991623646178596e-09,3.628312842920422554e-04,2.359076711755392353e-09,4.957108057368486698e-09
5.597636336460709572e-04,1.225377782247960567e-03,2.158246497856453061e-04,1.537628268124535680e-04,4.001476336270570755e-04
2.818536515292180411e-09,3.424991623646178596e-09,3.635729080997407436e-04,2.359076711755392353e-09,4.957108057368486698e-09
4.505469405557960272e-04,1.224363688379526138e-03,3.373716899659484625e-04,1.315831032115966082e-04,3.926606441382318735e-04
2.818536515292180411e-09,3.424991623646178596e-09,2.721029450185596943e-04,2.359076711755392353e-09,4.957108057368486698e-09
1.836253795772790909e-04,1.381114707328379154e-03,3.543327038642019033e-04,2.976293908432126045e-04,4.957108057368486698e-09
2.818536515292180411e-09,1.051764586009085178e-03,3.623939410317689180e-04,4.569197481032460928e-04,4.957108057368486698e-09
6.139015962247640346e-09,3.829463967122137547e-04,2.709075924940407276e-04,5.435907514765858650e-04,4.957108057368486698e-09
2.818536515292180411e-09,6.763690907973796129e-05,2.261403508896364656e-09,1.049045531544834375e-04,4.957108057368486698e-09
2.818536515292180411e-09,3.424991623646178596e-09,2.261403508896364656e-09,2.019389939960092306e-04,4.957108057368486698e-09
2.818536515292180411e-09,3.424991623646178596e-09,3.622185613494366407e-04,4.494076129049062729e-04,4.957108057368486698e-09
2.818536515292180411e-09,3.424991623646178596e-09,3.592475841287523508e-04,2.359076711755392353e-09,4.957108057368486698e-09
2.818536515292180411e-09,3.424991623646178596e-09,1.811197580536827445e-04,2.359076711755392353e-09,4.957108057368486698e-09
1.440111227566376328e-04,1.033686712617054582e-04,5.363074014894664288e-04,2.352974115638062358e-04,4.957108057368486698e-09
2.818536515292180411e-09,3.424991623646178596e-09,2.725547819864004850e-04,2.359076711755392353e-09,4.957108057368486698e-09
2.818536515292180411e-09,1.406419032718986273e-04,6.506504723802208900e-04,2.366322878515347838e-04,4.957108057368486698e-09
2.818536515292180411e-09,3.424991623646178596e-09,1.806397922337055206e-04,2.359076711755392353e-09,4.957108057368486698e-09
2.818536515292180411e-09,2.544585731811821461e-04,5.621858872473239899e-04,1.633828360354527831e-04,4.957108057368486698e-09
2.818536515292180411e-09,3.424991623646178596e-09,9.120543109020218253e-05,2.359076711755392353e-09,4.957108057368486698e-09
2.818536515292180411e-09,3.424991623646178596e-09,5.658494192175567150e-04,2.359076711755392353e-09,4.957108057368486698e-09
2.818536515292180411e-09,3.424991623646178596e-09,3.602401120588183403e-04,2.359076711755392353e-09,4.957108057368486698e-09
2.818536515292180411e-09,3.424991623646178596e-09,1.802825427148491144e-04,2.359076711755392353e-09,4.957108057368486698e-09
3.408732300158590078e-04,4.790106031578034163e-04,2.202654141001403332e-04,6.110825343057513237e-04,4.957108057368486698e-09
2.818536515292180411e-09,3.424991623646178596e-09,1.820852048695087433e-04,2.359076711755392353e-09,4.957108057368486698e-09
8.439996163360774517e-04,1.168819260783493519e-03,3.764529828913509846e-04,4.274900129530578852e-04,4.957108057368486698e-09
2.818536515292180411e-09,3.424991623646178596e-09,2.713853609748184681e-04,2.359076711755392353e-09,4.957108057368486698e-09
6.665108376182615757e-04,1.205314300023019314e-03,2.156978443963453174e-04,2.359076711755392353e-09,7.360987947322428226e-04
2.818536515292180411e-09,3.424991623646178596e-09,4.541218804661184549e-04,2.359076711755392353e-09,4.957108057368486698e-09
5.814839387312531471e-04,1.043482567183673382e-03,1.936536136781796813e-04,2.022037369897589087e-04,1.029405742883682251e-03
2.818536515292180411e-09,3.424991623646178596e-09,4.539943183772265911e-04,2.359076711755392353e-09,4.957108057368486698e-09
5.633988766930997372e-04,1.139618572778999805e-03,9.467718882660847157e-06,2.173917600885033607e-04,1.066240714862942696e-03
2.818536515292180411e-09,3.424991623646178596e-09,3.615253372117877007e-04,2.359076711755392353e-09,4.957108057368486698e-09
5.723135545849800110e-04,1.155850943177938461e-03,3.366500604897737503e-04,1.804716376341275463e-08,9.506531641818583012e-04
4.261388967279344797e-04,1.314779394306242466e-03,3.776877711061388254e-04,2.019067615037783980e-04,1.355342537863180041e-04
9.061645869223866612e-06,6.889085634611546993e-04,3.567554231267422438e-04,5.027064471505582333e-04,4.957108057368486698e-09
2.818536515292180411e-09,2.190823579439893365e-04,1.053590967785567045e-04,4.352398391347378492e-04,4.957108057368486698e-09
2.818536515292180411e-09,3.424991623646178596e-09,1.101880188798531890e-04,3.734884085133671761e-04,4.957108057368486698e-09
3.986273950431495905e-04,3.424991623646178596e-09,4.304463218431919813e-04,5.439990200102329254e-04,4.957108057368486698e-09
2.818536515292180411e-09,3.424991623646178596e-09,9.127450903179123998e-05,2.359076711755392353e-09,4.957108057368486698e-09
2.818536515292180411e-09,3.424991623646178596e-09,4.500557552091777325e-04,2.359076711755392353e-09,4.957108057368486698e-09
2.818536515292180411e-09,3.424991623646178596e-09,9.028046770254150033e-05,2.359076711755392353e-09,4.957108057368486698e-09
1.061556031345389783e-04,3.424991623646178596e-09,5.956112290732562542e-04,4.671102215070277452e-05,4.957108057368486698e-09
2.818536515292180411e-09,3.424991623646178596e-09,2.718044852372258902e-04,2.359076711755392353e-09,4.957108057368486698e-09
3.192437579855322838e-04,7.683832518523558974e-05,6.354194483719766140e-04,2.165995538234710693e-04,4.957108057368486698e-09
2.818536515292180411e-09,3.424991623646178596e-09,2.711091656237840652e-04,2.359076711755392353e-09,4.957108057368486698e-09
2.818536515292180411e-09,2.034575591096654534e-04,6.185643142089247704e-04,2.518228429835289717e-04,4.957108057368486698e-09
2.818536515292180411e-09,3.424991623646178596e-09,9.107597725233063102e-05,2.359076711755392353e-09,4.957108057368486698e-09
2.818536515292180411e-09,2.076452365145087242e-04,5.543938023038208485e-04,2.359076711755392353e-09,4.957108057368486698e-09
2.818536515292180411e-09,3.424991623646178596e-09,4.535319458227604628e-04,2.359076711755392353e-09,4.957108057368486698e-09
2.818536515292180411e-09,3.424991623646178596e-09,9.030396176967769861e-05,2.359076711755392353e-09,4.957108057368486698e-09
2.818536515292180411e-09,3.424991623646178596e-09,9.117812442127615213e-05,2.359076711755392353e-09,4.957108057368486698e-09
8.917363593354821205e-04,8.633889374323189259e-04,3.820971469394862652e-04,4.596406070049852133e-04,4.957108057368486698e-09
2.818536515292180411e-09,3.424991623646178596e-09,2.716304443310946226e-04,2.359076711755392353e-09,4.957108057368486698e-09
5.909280152991414070e-04,1.068393816240131855e-03,3.597203467506915331e-04,2.500411937944591045e-04,1.303795492276549339e-03
2.818536515292180411e-09,3.424991623646178596e-09,4.534049076028168201e-04,2.359076711755392353e-09,4.957108057368486698e-09
5.712455604225397110e-04,1.095608226023614407e-03,2.179770381189882755e-04,2.589020295999944210e-04,1.378715503960847855e-03
2.818536515292180411e-09,3.424991623646178596e-09,4.541541857179254293e-04,2.359076711755392353e-09,4.957108057368486698e-09
5.761802312918007374e-04,1.043390366248786449e-03,2.261403508896364656e-09,2.121924917446449399e-04,1.691824640147387981e-03
2.818536515292180411e-09,3.424991623646178596e-09,4.839899193029850721e-04,3.486081914161331952e-05,4.957108057368486698e-09
5.777687765657901764e-04,9.438642300665378571e-04,1.599153038114309311e-04,2.359076711755392353e-09,1.533941598609089851e-03
2.818536515292180411e-09,3.424991623646178596e-09,4.526531847659498453e-04,2.359076711755392353e-09,4.957108057368486698e-09
5.980873829685151577e-04,1.110743614844977856e-03,3.330614417791366577e-04,9.638404299039393663e-05,8.653535624034702778e-04
7.359540322795510292e-04,1.207239343784749508e-03,3.826762258540838957e-04,1.698474225122481585e-04,1.540581579320132732e-04
2.321446227142587304e-04,7.398881716653704643e-04,3.756288788281381130e-04,5.450366297736763954e-04,4.957108057368486698e-09
8.253262785729020834e-05,1.814679562812671065e-04,2.261403508896364656e-09,4.444767255336046219e-04,4.957108057368486698e-09
2.636728459037840366e-04,3.424991623646178596e-09,2.440634707454591990e-04,5.640870658680796623e-04,4.957108057368486698e-09
9.185226517729461193e-04,2.657560398802161217e-04,3.795195079874247313e-04,4.992461763322353363e-04,4.957108057368486698e-09
2.818536515292180411e-09,3.424991623646178596e-09,9.041673183673992753e-05,2.359076711755392353e-09,4.957108057368486698e-09
1.138582083513028920e-04,3.424991623646178596e-09,4.099608340766280890e-04,1.379160967189818621e-04,4.957108057368486698e-09
2.818536515292180411e-09,3.424991623646178596e-09,9.015289106173440814e-05,2.359076711755392353e-09,4.957108057368486698e-09
4.152078181505203247e-04,3.424991623646178596e-09,5.033622146584093571e-04,3.404023882467299700e-04,4.957108057368486698e-09
2.818536515292180411e-09,3.424991623646178596e-09,2.718432806432247162e-04,2.359076711755392353e-09,4.957108057368486698e-09
3.806705062743276358e-04,3.424991623646178596e-09,6.619644118472933769e-04,1.901677314890548587e-04,4.957108057368486698e-09
2.818536515292180411e-09,3.424991623646178596e-09,1.816726726246997714e-04,2.359076711755392353e-09,4.957108057368486698e-09
2.818536515292180411e-09,2.540575806051492691e-04,6.220327923074364662e-04,1.835829025367274880e-04,4.957108057368486698e-09
2.818536515292180411e-09,3.424991623646178596e-09,1.810689282137900591e-04,2.359076711755392353e-09,4.957108057368486698e-09
2.818536515292180411e-09,9.386578312842175364e-05,5.121437134221196175e-04,2.359076711755392353e-09,4.957108057368486698e-09
2.818536515292180411e-09,3.424991623646178596e-09,3.626935940701514482e-04,2.359076711755392353e-09,4.957108057368486698e-09
2.818536515292180411e-09,3.424991623646178596e-09,1.798509911168366671e-04,2.359076711755392353e-09,4.957108057368486698e-09
5.799195496365427971e-04,1.003197510726749897e-03,3.642961382865905762e-04,2.600309671834111214e-04,1.364916795864701271e-03
2.818536515292180411e-09,3.424991623646178596e-09,3.626540710683912039e-04,2.359076711755392353e-09,4.957108057368486698e-09
3.245256666559726000e-04,1.118193031288683414e-03,3.678692446555942297e-04,1.085062685888260603e-04,1.888511935248970985e-03
2.860240056179463863e-04,3.424991623646178596e-09,3.671334125101566315e-04,2.014817000599578023e-04,4.957108057368486698e-09
3.018402594534563832e-06,1.216079923324286938e-03,2.385362022323533893e-04,2.359076711755392353e-09,2.044007647782564163e-03
3.688602300826460123e-04,3.424991623646178596e-09,4.389551759231835604e-04,3.277035430073738098e-04,4.957108057368486698e-09
1.963966205948963761e-04,1.094399252906441689e-03,2.261403508896364656e-09,8.681303006596863270e-05,2.239325083792209625e-03
9.525842324364930391e-05,3.424991623646178596e-09,5.119019187986850739e-04,6.227444828255102038e-05,4.957108057368486698e-09
2.409183507552370429e-04,1.013803062960505486e-03,2.813535975292325020e-04,2.359076711755392353e-09,1.750865136273205280e-03
2.818536515292180411e-09,3.424991623646178596e-09,4.533835453912615776e-04,2.359076711755392353e-09,4.957108057368486698e-09
5.318708135746419430e-04,1.117343315854668617e-03,3.708984295371919870e-04,1.268682826776057482e-04,1.165585825219750404e-03
7.478877669200301170e-04,1.164658111520111561e-03,3.969809622503817081e-04,2.359076711755392353e-09,8.613701538706663996e-06
3.852565132547169924e-04,6.570300320163369179e-04,3.630144346971064806e-04,4.667151952162384987e-04,4.957108057368486698e-09
1.204011787194758654e-04,1.049153361236676574e-04,2.261403508896364656e-09,3.266445419285446405e-04,4.957108057368486698e-09
9.582395432516932487e-05,3.424991623646178596e-09,2.261403508896364656e-09,2.893881755881011486e-04,4.957108057368486698e-09
9.746901923790574074e-04,3.424991623646178596e-09,3.925971104763448238e-04,5.266169318929314613e-04,4.957108057368486698e-09
7.581097306683659554e-04,5.525195738300681114e-04,3.422222216613590717e-04,4.789239319507032633e-04,6.910624215379357338e-04
2.818536515292180411e-09,3.424991623646178596e-09,9.016131662065163255e-05,2.359076711755392353e-09,4.957108057368486698e-09
2.180065785069018602e-04,3.424991623646178596e-09,3.813267103396356106e-04,2.557181869633495808e-04,4.957108057368486698e-09
5.202792817726731300e-04,3.424991623646178596e-09,4.609966708812862635e-04,2.368694404140114784e-04,4.957108057368486698e-09
2.818536515292180411e-09,3.424991623646178596e-09,9.102418698603287339e-05,2.359076711755392353e-09,4.957108057368486698e-09
3.829359775409102440e-04,3.424991623646178596e-09,6.627787952311336994e-04,1.697427214821800590e-04,4.957108057368486698e-09
2.818536515292180411e-09,3.424991623646178596e-09,2.717784373089671135e-04,2.359076711755392353e-09,4.957108057368486698e-09
1.986076240427792072e-04,3.424991623646178596e-09,5.973867373540997505e-04,2.359076711755392353e-09,4.957108057368486698e-09
2.818536515292180411e-09,3.424991623646178596e-09,4.535620682872831821e-04,2.359076711755392353e-09,4.957108057368486698e-09
2.818536515292180411e-09,3.424991623646178596e-09,9.175551531370729208e-05,2.359076711755392353e-09,4.957108057368486698e-09
9.778491221368312836e-05,3.424991623646178596e-09,2.589617797639220953e-04,2.359076711755392353e-09,4.957108057368486698e-09
2.826449053827673197e-04,1.038120244629681110e-03,3.491200332064181566e-04,2.461462572682648897e-04,2.588564995676279068e-03
9.607530228095129132e-05,3.424991623646178596e-09,3.549184475559741259e-04,2.359076711755392353e-09,4.957108057368486698e-09
2.818536515292180411e-09,1.110085984691977501e-03,3.720430249813944101e-04,2.359076711755392353e-09,2.804219489917159081e-03
1.946076808962970972e-04,3.424991623646178596e-09,3.132275305688381195e-04,2.469124156050384045e-04,4.957108057368486698e-09
1.962499482033308595e-05,9.830584749579429626e-04,2.733937290031462908e-04,2.359076711755392353e-09,2.745119854807853699e-03
1.945947151398286223e-04,3.424991623646178596e-09,3.230042057111859322e-04,1.369184465147554874e-04,4.957108057368486698e-09
2.818536515292180411e-09,9.326322469860315323e-04,2.765921817626804113e-04,2.359076711755392353e-09,2.635015873238444328e-03
2.818536515292180411e-09,3.424991623646178596e-09,3.626578254625201225e-04,2.359076711755392353e-09,4.957108057368486698e-09
3.590567212086170912e-04,5.323929945006966591e-04,2.231159305665642023e-04,1.439566840417683125e-04,5.596730043180286884e-04
2.818536515292180411e-09,3.424991623646178596e-09,1.807748776627704501e-04,2.359076711755392353e-09,4.957108057368486698e-09
5.297933239489793777e-04,1.004150719381868839e-03,3.811019996646791697e-04,1.417647290509194136e-04,9.793950011953711510e-04
8.204033947549760342e-04,7.633421919308602810e-04,4.026092065032571554e-04,4.596103099174797535e-04,4.957108057368486698e-09
8.489733590977266431e-05,4.750259977299720049e-04,3.750447649508714676e-04,5.258567398414015770e-04,4.957108057368486698e-09
7.001787162153050303e-05,7.353460387093946338e-05,2.261403508896364656e-09,2.042869891738519073e-04,4.957108057368486698e-09
4.763657634612172842e-04,3.424991623646178596e-09,2.021225809585303068e-04,3.722335968632251024e-04,4.957108057368486698e-09
9.178256150335073471e-04,1.438548788428306580e-04,3.678695939015597105e-04,5.124507006257772446e-04,5.597785930149257183e-04
3.642275114543735981e-04,7.515017641708254814e-04,3.614616580307483673e-04,4.465676902327686548e-04,2.010018099099397659e-03
4.301271401345729828e-04,3.424991623646178596e-09,3.609342093113809824e-04,3.522436600178480148e-04,4.957108057368486698e-09
5.084208678454160690e-04,3.424991623646178596e-09,4.743679310195147991e-04,1.256735849892720580e-04,4.957108057368486698e-09
2.083450381178408861e-04,3.424991623646178596e-09,4.988411092199385166e-04,1.280298311030492187e-04,4.957108057368486698e-09
1.084022151189856231e-04,3.424991623646178596e-09,5.254374700598418713e-04,2.359076711755392353e-09,4.957108057368486698e-09
2.818536515292180411e-09,3.424991623646178596e-09,3.626895195338875055e-04,2.359076711755392353e-09,4.957108057368486698e-09
2.818536515292180411e-09,3.223982275812886655e-05,2.261403508896364656e-09,2.864914131350815296e-05,4.957108057368486698e-09
9.710891026770696044e-05,3.424991623646178596e-09,3.533066192176192999e-04,2.359076711755392353e-09,4.957108057368486698e-09
2.818536515292180411e-09,1.051252824254333973e-03,3.447517519816756248e-04,2.366265107411891222e-04,2.742487937211990356e-03
9.687660349300131202e-05,3.424991623646178596e-09,1.490556460339576006e-04,2.359076711755392353e-09,4.957108057368486698e-09
1.704491005511954427e-04,9.590679546818137169e-04,3.132262791041284800e-04,3.486620553303509951e-04,2.674700226634740829e-03
2.818536515292180411e-09,3.424991623646178596e-09,3.643900854513049126e-04,2.359076711755392353e-09,4.957108057368486698e-09
1.048995909513905644e-04,9.358265087939798832e-04,2.771640138234943151e-04,1.213294308399781585e-04,2.750224899500608444e-03
2.818536515292180411e-09,3.424991623646178596e-09,2.710550616029649973e-04,2.359076711755392353e-09,4.957108057368486698e-09
2.818536515292180411e-09,1.075866050086915493e-03,3.507509536575525999e-04,2.682128106243908405e-04,2.402329351752996445e-03
2.818536515292180411e-09,3.424991623646178596e-09,2.261403508896364656e-09,8.998104749480262399e-05,4.957108057368486698e-09
2.122502046404406428e-04,1.052852137945592403e-03,3.523349878378212452e-04,2.693730639293789864e-04,2.038367791101336479e-03
6.480765296146273613e-04,9.239619248546659946e-04,3.790662158280611038e-04,2.819237706717103720e-04,6.512055988423526287e-04
5.645261844620108604e-04,5.517351673915982246e-04,4.036651516798883677e-04,5.080396076664328575e-04,4.957108057368486698e-09
7.821641338523477316e-05,2.978016855195164680e-04,2.261403508896364656e-09,3.624261007644236088e-04,4.957108057368486698e-09
9.738918015500530601e-05,3.424991623646178596e-09,2.261403508896364656e-09,9.727676660986617208e-05,4.957108057368486698e-09
9.799028048291802406e-04,3.424991623646178596e-09,3.655821492429822683e-04,5.253090639598667622e-04,4.957108057368486698e-09
6.702994578517973423e-04,3.332992200739681721e-04,3.624917881097644567e-04,4.965602420270442963e-04,1.694910926744341850e-03
5.263001658022403717e-04,7.502047810703516006e-04,3.665453696157783270e-04,2.603656030260026455e-04,2.240236150100827217e-03
1.942481612786650658e-04,3.424991623646178596e-09,2.254795253975316882e-04,1.453385921195149422e-04,4.957108057368486698e-09
4.164871352259069681e-04,3.424991623646178596e-09,4.707410989794880152e-04,2.378828212385997176e-04,4.957108057368486698e-09
1.866890670498833060e-04,3.424991623646178596e-09,4.267143958713859320e-04,1.314105174969881773e-04,4.957108057368486698e-09
2.818536515292180411e-09,3.424991623646178596e-09,1.813612325349822640e-04,2.359076711755392353e-09,4.957108057368486698e-09
2.818536515292180411e-09,3.223368184990249574e-05,2.261403508896364656e-09,2.881010914279613644e-05,4.957108057368486698e-09
9.798006794881075621e-05,3.424991623646178596e-09,2.583473687991499901e-04,2.359076711755392353e-09,4.957108057368486698e-09
3.378104884177446365e-04,9.583081700839102268e-04,3.402032889425754547e-04,2.482268318999558687e-04,3.018430666998028755e-03
3.442416200414299965e-04,9.344976278953254223e-04,3.352443454787135124e-04,4.268914053682237864e-04,2.912910655140876770e-03
2.030952455243095756e-04,9.272005409002304077e-04,3.019989526364952326e-04,3.177182807121425867e-04,2.892859745770692825e-03
3.046819765586405993e-04,1.052073552273213863e-03,3.677914792206138372e-04,1.057226036209613085e-04,2.232551341876387596e-03
7.317839772440493107e-04,8.126231841742992401e-04,3.844314487650990486e-04,2.843672118615359068e-04,7.036262541078031063e-04
7.460180786438286304e-04,5.209799855947494507e-04,4.015080630779266357e-04,5.047875456511974335e-04,4.957108057368486698e-09
2.148571074940264225e-04,3.424991623646178596e-09,6.256872438825666904e-05,3.145218361169099808e-04,4.957108057368486698e-09
2.818536515292180411e-09,3.242548700654879212e-05,2.261403508896364656e-09,2.940520607808139175e-05,4.957108057368486698e-09
2.918190439231693745e-04,3.424991623646178596e-09,9.110428800340741873e-05,2.916915109381079674e-04,4.957108057368486698e-09
8.234609267674386501e-04,3.424991623646178596e-09,3.864960162900388241e-04,5.055997753515839577e-04,9.511834359727799892e-04
5.984947783872485161e-04,4.490485589485615492e-04,3.840179997496306896e-04,4.680254787672311068e-04,2.090240363031625748e-03
4.863923531956970692e-04,8.493951172567903996e-04,3.526758227963000536e-04,2.463007404003292322e-04,2.603512490168213844e-03
1.954442850546911359e-04,3.424991623646178596e-09,1.195778386318124831e-04,1.620752736926078796e-04,4.957108057368486698e-09
1.936463231686502695e-04,3.424991623646178596e-09,1.214820440509356558e-04,1.594835193827748299e-04,4.957108057368486698e-09
1.818501041270792484e-04,3.424991623646178596e-09,2.261403508896364656e-09,2.359076711755392353e-09,4.957108057368486698e-09
2.818536515292180411e-09,3.424991623646178596e-09,1.807925582397729158e-04,2.359076711755392353e-09,4.957108057368486698e-09
4.864001821260899305e-04,8.304595248773694038e-04,3.458294668234884739e-04,4.352275573182851076e-04,2.466767327859997749e-03
8.174800314009189606e-06,9.933615801855921745e-04,3.708623989950865507e-04,9.682967356638982892e-05,2.689457731321454048e-03
2.514275256544351578e-04,8.518188842572271824e-04,3.732994955498725176e-04,2.995548129547387362e-04,1.858807867392897606e-03
8.382984669879078865e-04,5.383497918955981731e-04,4.086862318217754364e-04,4.789821978192776442e-04,5.007463041692972183e-04
5.926463054493069649e-04,4.629202012438327074e-04,4.165339050814509392e-04,5.242779734544456005e-04,4.957108057368486698e-09
2.818536515292180411e-09,3.424991623646178596e-09,7.755920705676544458e-06,1.962695387192070484e-04,4.957108057368486698e-09
2.924814471043646336e-04,3.424991623646178596e-09,1.052790976245887578e-04,3.741576801985502243e-04,4.957108057368486698e-09
8.054309291765093803e-04,3.424991623646178596e-09,3.742779954336583614e-04,5.035065696574747562e-04,1.301105716265738010e-03
6.341807893477380276e-04,3.898859431501477957e-04,3.963297349400818348e-04,4.795329004991799593e-04,1.908460515551269054e-03
5.201132153160870075e-04,6.498593720607459545e-04,3.590719425119459629e-04,4.483956727199256420e-04,2.430186839774250984e-03
9.032029629452154040e-05,3.424991623646178596e-09,2.261403508896364656e-09,2.359076711755392353e-09,4.957108057368486698e-09
1.935786567628383636e-04,3.424991623646178596e-09,2.261403508896364656e-09,9.657988994149491191e-05,4.957108057368486698e-09
1.943121314980089664e-04,3.424991623646178596e-09,2.261403508896364656e-09,9.760171815287321806e-05,4.957108057368486698e-09
3.608465194702148438e-04,3.131147823296487331e-04,2.261403508896364656e-09,2.359076711755392353e-09,5.222288309596478939e-04
4.381837788969278336e-04,2.763817319646477699e-04,2.261403508896364656e-09,2.359076711755392353e-09,2.453025954309850931e-04
8.550934144295752048e-04,2.720761112868785858e-04,4.663497093133628368e-04,4.853860009461641312e-04,6.244754767976701260e-04
2.818536515292180411e-09,3.424991623646178596e-09,2.261403508896364656e-09,1.000024931272491813e-04,4.957108057368486698e-09
5.246028304100036621e-04,3.424991623646178596e-09,2.604411274660378695e-04,4.658750840462744236e-04,4.957108057368486698e-09
1.946132397279143333e-04,3.424991623646178596e-09,2.261403508896364656e-09,2.922329585999250412e-04,4.957108057368486698e-09
6.937167490832507610e-04,3.424991623646178596e-09,4.336383426561951637e-04,2.836566418409347534e-04,4.957108057368486698e-09
6.927215727046132088e-04,2.104101586155593395e-04,4.309029318392276764e-04,4.847538075409829617e-04,1.712881261482834816e-03
4.267576732672750950e-04,1.731086522340774536e-04,2.261403508896364656e-09,2.359076711755392353e-09,4.134791379328817129e-04
9.198112093145027757e-05,3.424991623646178596e-09,2.261403508896364656e-09,1.909610582515597343e-04,2.171849919250234962e-04
2.818536515292180411e-09,3.424991623646178596e-09,2.261403508896364656e-09,9.917747956933453679e-05,4.957108057368486698e-09
3.881181182805448771e-04,3.424991623646178596e-09,2.261403508896364656e-09,9.765063441591337323e-05,4.957108057368486698e-09
8.935176447266712785e-05,3.424991623646178596e-09,2.261403508896364656e-09,2.359076711755392353e-09,4.957108057368486698e-09
4.409369721543043852e-04,3.424991623646178596e-09,2.261403508896364656e-09,2.359076711755392353e-09,4.082266823388636112e-04
3.541529295034706593e-04,3.424991623646178596e-09,2.261403508896364656e-09,2.359076711755392353e-09,4.957108057368486698e-09
2.525878953747451305e-04,3.424991623646178596e-09,1.629211474210023880e-04,3.950203536078333855e-04,4.957108057368486698e-09
1.788574882084503770e-04,3.424991623646178596e-09,2.261403508896364656e-09,2.049085742328315973e-04,4.957108057368486698e-09
5.214819102548062801e-04,3.424991623646178596e-09,3.869018983095884323e-04,4.398668825160712004e-04,1.211732014780864120e-04
4.722515586763620377e-04,3.424991623646178596e-09,2.261403508896364656e-09,2.359076711755392353e-09,1.700647262623533607e-04
4.543377144727855921e-04,3.424991623646178596e-09,2.261403508896364656e-09,2.359076711755392353e-09,3.050157974939793348e-04
2.818536515292180411e-09,3.424991623646178596e-09,2.261403508896364656e-09,1.965829724213108420e-04,2.100094134220853448e-04
2.656118304003030062e-04,3.424991623646178596e-09,2.261403508896364656e-09,2.359076711755392353e-09,1.900996139738708735e-04
5.498944665305316448e-04,9.268444409826770425e-05,3.581804921850562096e-04,4.510561993811279535e-04,3.178179031237959862e-04
1.801796461222693324e-04,3.424991623646178596e-09,2.261403508896364656e-09,2.359076711755392353e-09,4.957108057368486698e-09
2.452413027640432119e-04,3.424991623646178596e-09,2.261403508896364656e-09,2.359076711755392353e-09,3.110561519861221313e-04
3.395114617887884378e-04,3.424991623646178596e-09,2.261403508896364656e-09,2.359076711755392353e-09,4.204227880109101534e-04
2.818536515292180411e-09,3.424991623646178596e-09,2.261403508896364656e-09,2.359076711755392353e-09,2.049803006229922175e-04
2.120394783560186625e-04,3.424991623646178596e-09,2.741580537986010313e-04,2.900194958783686161e-04,1.195524673676118255e-04
2.818536515292180411e-09,2.797456909320317209e-05,2.261403508896364656e-09,2.359076711755392353e-09,4.972167516825720668e-05
1.263995800400152802e-04,3.424991623646178596e-09,2.261403508896364656e-09,2.359076711755392353e-09,3.306895087007433176e-05
2.659791789483278990e-04,3.424991623646178596e-09,2.261403508896364656e-09,2.359076711755392353e-09,1.871323183877393603e-04
2.818536515292180411e-09,4.168887244304642081e-07,2.261403508896364656e-09,2.946456661447882652e-04,6.867464981041848660e-04
2.818536515292180411e-09,3.424991623646178596e-09,2.261403508896364656e-09,2.359076711755392353e-09,1.611013576621189713e-04
8.978140976978465915e-05,3.424991623646178596e-09,2.261403508896364656e-09,2.359076711755392353e-09,4.957108057368486698e-09
6.154394941404461861e-05,3.424991623646178596e-09,2.126855106325820088e-04,2.240186004200950265e-04,1.567148283356800675e-04
2.818536515292180411e-09,3.424991623646178596e-09,2.261403508896364656e-09,2.359076711755392353e-09,1.018983602989464998e-04
2.818536515292180411e-09,3.424991623646178596e-09,2.261403508896364656e-09,2.359076711755392353e-09,1.018623152049258351e-04
2.818536515292180411e-09,1.961498928721994162e-04,2.261403508896364656e-09,2.359076711755392353e-09,1.021204298012889922e-04
9.754077473189681768e-05,3.424991623646178596e-09,2.261403508896364656e-09,2.359076711755392353e-09,1.918975904118269682e-04
2.818536515292180411e-09,3.424991623646178596e-09,9.035292168846353889e-05,2.359076711755392353e-09,4.957108057368486698e-09
2.818536515292180411e-09,3.424991623646178596e-09,2.717956958804279566e-04,2.359076711755392353e-09,4.957108057368486698e-09
2.818536515292180411e-09,3.424991623646178596e-09,2.722602221183478832e-04,2.359076711755392353e-09,4.957108057368486698e-09
2.818536515292180411e-09,3.424991623646178596e-09,3.724302514456212521e-04,5.467881783260963857e-05,4.957108057368486698e-09
2.818536515292180411e-09,8.971132774604484439e-05,3.656955959741026163e-04,1.267371408175677061e-05,4.957108057368486698e-09
2.818536515292180411e-09,3.424991623646178596e-09,1.820452307583764195e-04,2.359076711755392353e-09,4.957108057368486698e-09
2.818536515292180411e-09,3.424991623646178596e-09,2.728261752054095268e-04,2.359076711755392353e-09,4.957108057368486698e-09
2.818536515292180411e-09,3.424991623646178596e-09,2.711709821596741676e-04,2.359076711755392353e-09,4.957108057368486698e-09
2.818536515292180411e-09,3.424991623646178596e-09,4.521096416283398867e-04,6.621320062549784780e-05,4.957108057368486698e-09
2.818536515292180411e-09,1.224307779921218753e-04,3.995588340330868959e-04,3.456726262811571360e-04,4.957108057368486698e-09
2.818536515292180411e-09,2.102964645018801093e-04,4.505456599872559309e-04,4.991150344721972942e-04,4.957108057368486698e-09
2.818536515292180411e-09,2.090460620820522308e-04,4.532174789346754551e-04,5.012071924284100533e-04,4.957108057368486698e-09
2.818536515292180411e-09,1.178523452836088836e-04,4.837564192712306976e-04,3.890419029630720615e-04,4.957108057368486698e-09
2.818536515292180411e-09,3.424991623646178596e-09,1.416911545675247908e-04,8.797949703875929117e-05,4.957108057368486698e-09
2.818536515292180411e-09,3.424991623646178596e-09,9.018118726089596748e-05,2.359076711755392353e-09,4.957108057368486698e-09
2.818536515292180411e-09,3.424991623646178596e-09,9.068293002201244235e-05,2.359076711755392353e-09,4.957108057368486698e-09
2.818536515292180411e-09,3.424991623646178596e-09,2.716678718570619822e-04,2.359076711755392353e-09,4.957108057368486698e-09
2.818536515292180411e-09,3.424991623646178596e-09,3.627752594184130430e-04,2.359076711755392353e-09,4.957108057368486698e-09
2.818536515292180411e-09,3.424991623646178596e-09,3.622213553171604872e-04,2.359076711755392353e-09,4.957108057368486698e-09
2.818536515292180411e-09,3.424991623646178596e-09,1.800811442080885172e-04,2.359076711755392353e-09,4.957108057368486698e-09
2.818536515292180411e-09,3.424991623646178596e-09,3.792115603573620319e-04,3.486570785753428936e-04,4.957108057368486698e-09
2.818536515292180411e-09,1.931881415657699108e-04,3.679238725453615189e-04,4.846029332838952541e-04,4.957108057368486698e-09
2.818536515292180411e-09,9.049347136169672012e-04,3.932976687792688608e-04,4.715316172223538160e-04,4.957108057368486698e-09
2.818536515292180411e-09,3.424991623646178596e-09,1.816258736653253436e-04,2.359076711755392353e-09,4.957108057368486698e-09
2.818536515292180411e-09,1.172730815596878529e-03,4.013501165900379419e-04,4.430015687830746174e-04,4.957108057368486698e-09
2.818536515292180411e-09,3.424991623646178596e-09,2.710352709982544184e-04,2.359076711755392353e-09,4.957108057368486698e-09
2.818536515292180411e-09,1.234907656908035278e-03,3.957804001402109861e-04,4.375118587631732225e-04,4.957108057368486698e-09
2.818536515292180411e-09,1.083121867850422859e-03,3.629252605605870485e-04,4.572148027364164591e-04,4.957108057368486698e-09
2.818536515292180411e-09,7.178190280683338642e-04,3.651806910056620836e-04,4.989362787455320358e-04,4.957108057368486698e-09
2.818536515292180411e-09,1.062939481926150620e-04,1.841886696638539433e-04,2.476706868037581444e-04,4.957108057368486698e-09
2.818536515292180411e-09,3.424991623646178596e-09,2.733199507929384708e-04,2.359076711755392353e-09,4.957108057368486698e-09
2.818536515292180411e-09,3.424991623646178596e-09,1.811722759157419205e-04,2.359076711755392353e-09,4.957108057368486698e-09
2.818536515292180411e-09,3.424991623646178596e-09,2.733309811446815729e-04,2.359076711755392353e-09,4.957108057368486698e-09
2.818536515292180411e-09,3.424991623646178596e-09,9.128233796218410134e-05,2.359076711755392353e-09,4.957108057368486698e-09
2.818536515292180411e-09,3.424991623646178596e-09,3.628702834248542786e-04,2.359076711755392353e-09,4.957108057368486698e-09
2.818536515292180411e-09,3.424991623646178596e-09,4.524363321252167225e-04,2.359076711755392353e-09,4.957108057368486698e-09
2.818536515292180411e-09,3.424991623646178596e-09,3.621488576754927635e-04,2.359076711755392353e-09,4.957108057368486698e-09
2.818536515292180411e-09,3.424991623646178596e-09,1.820082397898659110e-04,2.359076711755392353e-09,4.957108057368486698e-09
2.818536515292180411e-09,7.790455128997564316e-05,3.546936204656958580e-04,4.789122031070291996e-04,4.957108057368486698e-09
2.818536515292180411e-09,3.424991623646178596e-09,9.063867764780297875e-05,2.359076711755392353e-09,4.957108057368486698e-09
1.382206683047115803e-04,6.726568099111318588e-04,3.792854549828916788e-04,5.672819679602980614e-04,4.957108057368486698e-09
2.818536515292180411e-09,3.424991623646178596e-09,1.814396673580631614e-04,2.359076711755392353e-09,4.957108057368486698e-09
1.972605386981740594e-04,1.236760756000876427e-03,3.885070036631077528e-04,4.680251004174351692e-04,4.957108057368486698e-09
2.818536515292180411e-09,3.424991623646178596e-09,2.734105219133198261e-04,2.359076711755392353e-09,4.957108057368486698e-09
3.366820455994457006e-04,1.286611426621675491e-03,3.565771912690252066e-04,3.912969550583511591e-04,4.957108057368486698e-09
2.818536515292180411e-09,3.424991623646178596e-09,2.713419962674379349e-04,2.359076711755392353e-09,4.957108057368486698e-09
1.766021159710362554e-04,1.344582531601190567e-03,3.906277706846594810e-04,2.386484848102554679e-04,1.774173724697902799e-04
2.818536515292180411e-09,3.424991623646178596e-09,3.629080893006175756e-04,2.359076711755392353e-09,4.957108057368486698e-09
1.561295648571103811e-04,1.362813520245254040e-03,2.274605649290606380e-04,2.775678003672510386e-04,2.035576471826061606e-04
2.818536515292180411e-09,1.122720073908567429e-03,3.579953918233513832e-04,4.505149263422936201e-04,4.957108057368486698e-09
2.818536515292180411e-09,7.822785992175340652e-04,3.940164169762283564e-04,4.898210754618048668e-04,4.957108057368486698e-09
2.818536515292180411e-09,2.662706829141825438e-04,1.223137514898553491e-04,4.806654469575732946e-04,4.957108057368486698e-09
2.818536515292180411e-09,3.424991623646178596e-09,3.491722454782575369e-04,2.359076711755392353e-09,4.957108057368486698e-09
2.818536515292180411e-09,3.424991623646178596e-09,1.813826966099441051e-04,2.359076711755392353e-09,4.957108057368486698e-09
2.818536515292180411e-09,3.424991623646178596e-09,2.718612377066165209e-04,2.359076711755392353e-09,4.957108057368486698e-09
2.818536515292180411e-09,3.424991623646178596e-09,1.814152055885642767e-04,2.359076711755392353e-09,4.957108057368486698e-09
2.818536515292180411e-09,3.424991623646178596e-09,3.649929712992161512e-04,2.359076711755392353e-09,4.957108057368486698e-09
2.818536515292180411e-09,3.424991623646178596e-09,2.733674773480743170e-04,2.359076711755392353e-09,4.957108057368486698e-09
2.818536515292180411e-09,3.424991623646178596e-09,4.843434726353734732e-04,2.359076711755392353e-09,4.957108057368486698e-09
2.818536515292180411e-09,3.424991623646178596e-09,9.052422683453187346e-05,2.359076711755392353e-09,4.957108057368486698e-09
2.818536515292180411e-09,3.424991623646178596e-09,5.947262980043888092e-04,2.359076711755392353e-09,4.957108057368486698e-09
2.818536515292180411e-09,3.424991623646178596e-09,4.542020033113658428e-04,2.359076711755392353e-09,4.957108057368486698e-09
2.818536515292180411e-09,3.424991623646178596e-09,9.000873251352459192e-05,2.359076711755392353e-09,4.957108057368486698e-09
3.479325096122920513e-04,2.238912857137620449e-04,4.261496942490339279e-04,5.521130515262484550e-04,4.957108057368486698e-09
3.743807610590010881e-04,9.351120679639279842e-04,3.560710756573826075e-04,4.892535507678985596e-04,4.957108057368486698e-09
2.818536515292180411e-09,3.424991623646178596e-09,2.725154627114534378e-04,2.359076711755392353e-09,4.957108057368486698e-09
7.225874578580260277e-04,1.260238233953714371e-03,3.724317357409745455e-04,4.229169571772217751e-04,4.957108057368486698e-09
2.818536515292180411e-09,3.424991623646178596e-09,3.626649267971515656e-04,2.359076711755392353e-09,4.957108057368486698e-09
6.442314479500055313e-04,1.258508302271366119e-03,2.215986896771937609e-04,2.359076711755392353e-09,4.577099171001464128e-04
2.818536515292180411e-09,3.424991623646178596e-09,3.640262002591043711e-04,2.359076711755392353e-09,4.957108057368486698e-09
6.058039725758135319e-04,1.125904498621821404e-03,3.302926779724657536e-04,1.997541403397917747e-04,8.437490905635058880e-04
2.818536515292180411e-09,3.424991623646178596e-09,4.528263234533369541e-04,2.359076711755392353e-09,4.957108057368486698e-09
5.502394633367657661e-04,1.255850074812769890e-03,2.161869197152554989e-04,7.810875104041770101e-06,5.968362675048410892e-04
2.818536515292180411e-09,3.424991623646178596e-09,1.812998962122946978e-04,2.359076711755392353e-09,4.957108057368486698e-09
2.769846760202199221e-04,1.384475384838879108e-03,3.537455631885677576e-04,2.359076711755392353e-09,4.957108057368486698e-09
2.818536515292180411e-09,1.122819026932120323e-03,3.586278471630066633e-04,4.493262676987797022e-04,4.957108057368486698e-09
2.818536515292180411e-09,4.007529641967266798e-04,1.465634704800322652e-04,5.501355044543743134e-04,4.957108057368486698e-09
2.818536515292180411e-09,6.835299427621066570e-05,2.261403508896364656e-09,1.065031538018956780e-04,4.957108057368486698e-09
2.818536515292180411e-09,3.424991623646178596e-09,2.503015275578945875e-04,4.634734068531543016e-04,4.957108057368486698e-09
2.818536515292180411e-09,3.424991623646178596e-09,2.705215301830321550e-04,2.359076711755392353e-09,4.957108057368486698e-09
2.818536515292180411e-09,3.424991623646178596e-09,9.058876457856968045e-05,2.359076711755392353e-09,4.957108057368486698e-09
2.818536515292180411e-09,3.424991623646178596e-09,3.575658483896404505e-04,2.359076711755392353e-09,4.957108057368486698e-09
2.818536515292180411e-09,3.424991623646178596e-09,1.809435489121824503e-04,2.359076711755392353e-09,4.957108057368486698e-09
2.818536515292180411e-09,9.186764509649947286e-05,4.615951911546289921e-04,2.359076711755392353e-09,4.957108057368486698e-09
2.818536515292180411e-09,3.424991623646178596e-09,2.698995813261717558e-04,2.359076711755392353e-09,4.957108057368486698e-09
2.818536515292180411e-09,2.048253081738948822e-04,6.275698542594909668e-04,2.357971825404092669e-04,4.957108057368486698e-09
2.818536515292180411e-09,3.424991623646178596e-09,3.647570265457034111e-04,2.359076711755392353e-09,4.957108057368486698e-09
2.818536515292180411e-09,9.167946700472384691e-05,5.674670683220028877e-04,2.365878317505121231e-04,4.957108057368486698e-09
2.818536515292180411e-09,3.424991623646178596e-09,4.542162059806287289e-04,2.359076711755392353e-09,4.957108057368486698e-09
2.818536515292180411e-09,3.424991623646178596e-09,2.710713888518512249e-04,2.359076711755392353e-09,4.957108057368486698e-09
7.938643684610724449e-04,1.384284405503422022e-04,4.161074175499379635e-04,5.229967646300792694e-04,4.957108057368486698e-09
2.818536515292180411e-09,3.424991623646178596e-09,1.808517699828371406e-04,2.359076711755392353e-09,4.957108057368486698e-09
8.677973528392612934e-04,1.009014202281832695e-03,3.892418753821402788e-04,4.446627572178840637e-04,4.957108057368486698e-09
2.818536515292180411e-09,3.424991623646178596e-09,2.727676474023610353e-04,2.359076711755392353e-09,4.957108057368486698e-09
6.708708242513239384e-04,1.139423577114939690e-03,3.704296541400253773e-04,2.630488888826221228e-04,6.601125933229923248e-04
2.818536515292180411e-09,3.424991623646178596e-09,2.716338785830885172e-04,2.359076711755392353e-09,4.957108057368486698e-09
5.759492050856351852e-04,1.051027909852564335e-03,2.032920601777732372e-04,6.192769069457426667e-05,1.404073671437799931e-03
2.818536515292180411e-09,3.424991623646178596e-09,4.518620844464749098e-04,2.359076711755392353e-09,4.957108057368486698e-09
5.455364589579403400e-04,1.093278406187891960e-03,1.967693096958100796e-04,2.022792905336245894e-04,1.175778801552951336e-03
2.818536515292180411e-09,3.424991623646178596e-09,4.525251861196011305e-04,2.359076711755392353e-09,4.957108057368486698e-09
5.740695632994174957e-04,1.029165927320718765e-03,2.016859943978488445e-04,8.220117888413369656e-05,1.041495939716696739e-03
2.818536515292180411e-09,3.424991623646178596e-09,1.811989932321012020e-04,2.359076711755392353e-09,4.957108057368486698e-09
6.994857685640454292e-04,1.231101225130259991e-03,3.479563456494361162e-04,2.359076711755392353e-09,2.488165046088397503e-04
3.844132879748940468e-04,1.097414875403046608e-03,3.581292694434523582e-04,3.612579312175512314e-04,4.957108057368486698e-09
2.818536515292180411e-09,4.702071310020983219e-04,1.405345974490046501e-04,5.355130415409803391e-04,4.957108057368486698e-09
2.818536515292180411e-09,1.747185015119612217e-04,2.261403508896364656e-09,2.333891170565038919e-04,4.957108057368486698e-09
2.906180161517113447e-04,3.424991623646178596e-09,3.627611731644719839e-04,5.264662322588264942e-04,4.957108057368486698e-09
2.818536515292180411e-09,3.424991623646178596e-09,3.619888157118111849e-04,2.359076711755392353e-09,4.957108057368486698e-09
2.818536515292180411e-09,3.424991623646178596e-09,9.042588499141857028e-05,2.359076711755392353e-09,4.957108057368486698e-09
2.818536515292180411e-09,3.424991623646178596e-09,4.476963658817112446e-04,2.359076711755392353e-09,4.957108057368486698e-09
2.818536515292180411e-09,3.424991623646178596e-09,1.810356770874932408e-04,2.359076711755392353e-09,4.957108057368486698e-09
1.128584626712836325e-04,3.424991623646178596e-09,5.067875608801841736e-04,1.301950396737083793e-04,4.957108057368486698e-09
2.818536515292180411e-09,3.424991623646178596e-09,2.723334764596074820e-04,2.359076711755392353e-09,4.957108057368486698e-09
2.818536515292180411e-09,9.510594827588647604e-05,6.622693035751581192e-04,2.252604317618533969e-04,4.957108057368486698e-09
2.818536515292180411e-09,3.424991623646178596e-09,2.734921872615814209e-04,2.359076711755392353e-09,4.957108057368486698e-09
2.818536515292180411e-09,1.107082061935216188e-04,5.336698959581553936e-04,2.359076711755392353e-09,4.957108057368486698e-09
2.818536515292180411e-09,7.626116712344810367e-05,4.369495436549186707e-04,2.359076711755392353e-09,4.957108057368486698e-09
2.818536515292180411e-09,3.424991623646178596e-09,9.099530143430456519e-05,2.359076711755392353e-09,4.957108057368486698e-09
8.526280871592462063e-04,5.999309360049664974e-04,3.500098537188023329e-04,4.818260495085269213e-04,3.000375581905245781e-04
2.818536515292180411e-09,3.424991623646178596e-09,1.817024603951722383e-04,2.359076711755392353e-09,4.957108057368486698e-09
6.499500013887882233e-04,9.935314301401376724e-04,3.713654878083616495e-04,2.651055983733385801e-04,9.825385641306638718e-04
2.818536515292180411e-09,3.424991623646178596e-09,3.627056139521300793e-04,2.359076711755392353e-09,4.957108057368486698e-09
3.583184152375906706e-04,1.097217900678515434e-03,3.570464905351400375e-04,2.592228120192885399e-04,1.549693522974848747e-03
2.818536515292180411e-09,3.424991623646178596e-09,3.255928459111601114e-04,2.500815025996416807e-04,4.957108057368486698e-09
3.376349632162600756e-04,1.142895896919071674e-03,3.651411097962409258e-04,1.228648470714688301e-04,1.680443063378334045e-03
9.552205301588401198e-05,3.424991623646178596e-09,4.458307812456041574e-04,2.359076711755392353e-09,4.957108057368486698e-09
5.735697923228144646e-04,1.053503947332501411e-03,2.031283947871997952e-04,6.231020233826711774e-05,1.404395559802651405e-03
2.818536515292180411e-09,3.424991623646178596e-09,4.314800607971847057e-04,1.275933318538591266e-04,4.957108057368486698e-09
5.403930554166436195e-04,1.070413389243185520e-03,3.335607179906219244e-04,7.371114043053239584e-05,1.176406396552920341e-03
2.818536515292180411e-09,3.424991623646178596e-09,1.813340350054204464e-04,2.359076711755392353e-09,4.957108057368486698e-09
7.466091192327439785e-04,1.167438225820660591e-03,3.969000244978815317e-04,2.359076711755392353e-09,1.330593386228429154e-05
5.727492389269173145e-04,1.022442127577960491e-03,3.954548446927219629e-04,3.416808031033724546e-04,4.957108057368486698e-09
7.903215009719133377e-05,4.760016454383730888e-04,2.638250298332422972e-04,5.329144187271595001e-04,4.957108057368486698e-09
2.818536515292180411e-09,6.737537478329613805e-05,2.261403508896364656e-09,3.137204621452838182e-04,4.957108057368486698e-09
9.821851563174277544e-05,3.424991623646178596e-09,2.261403508896364656e-09,3.927065699826925993e-04,4.957108057368486698e-09
8.797607151791453362e-04,3.424991623646178596e-09,3.966461808886379004e-04,5.277564050629734993e-04,4.957108057368486698e-09
2.818536515292180411e-09,3.424991623646178596e-09,4.499970527831465006e-04,2.359076711755392353e-09,4.957108057368486698e-09
1.089233701350167394e-04,3.424991623646178596e-09,4.342313040979206562e-04,2.359076711755392353e-09,4.957108057368486698e-09
2.818536515292180411e-09,3.424991623646178596e-09,1.813083072192966938e-04,2.359076711755392353e-09,4.957108057368486698e-09
3.241725498810410500e-04,3.424991623646178596e-09,4.877003084402531385e-04,1.329947845079004765e-04,4.957108057368486698e-09
2.818536515292180411e-09,3.424991623646178596e-09,1.814969873521476984e-04,2.359076711755392353e-09,4.957108057368486698e-09
2.818536515292180411e-09,9.317872172687202692e-05,5.324567318893969059e-04,1.773703843355178833e-04,4.957108057368486698e-09
2.818536515292180411e-09,3.424991623646178596e-09,9.034143295139074326e-05,2.359076711755392353e-09,4.957108057368486698e-09
1.156971920863725245e-04,3.424991623646178596e-09,5.100860726088285446e-04,1.287831837544217706e-04,4.957108057368486698e-09
2.818536515292180411e-09,3.424991623646178596e-09,4.555432533379644156e-04,2.359076711755392353e-09,4.957108057368486698e-09
2.818536515292180411e-09,3.424991623646178596e-09,9.059744479600340128e-05,2.359076711755392353e-09,4.957108057368486698e-09
2.818536515292180411e-09,3.424991623646178596e-09,1.807720836950466037e-04,2.359076711755392353e-09,4.957108057368486698e-09
4.902802756987512112e-04,7.081083022058010101e-04,3.863821038976311684e-04,4.668254405260086060e-04,1.193499774672091007e-03
2.818536515292180411e-09,3.424991623646178596e-09,2.726815000642091036e-04,2.359076711755392353e-09,4.957108057368486698e-09
3.551271220203489065e-04,1.125544542446732521e-03,3.681890375446528196e-04,1.221167476614937186e-04,1.590560539625585079e-03
9.750222670845687389e-05,3.424991623646178596e-09,3.543683269526809454e-04,2.359076711755392353e-09,4.957108057368486698e-09
2.127684128936380148e-04,1.056004664860665798e-03,3.555198200047016144e-04,2.679792232811450958e-04,2.036154968664050102e-03
1.940327929332852364e-04,3.424991623646178596e-09,3.121643094345927238e-04,2.464864228386431932e-04,4.957108057368486698e-09
2.818536515292180411e-09,1.137265469878911972e-03,3.787685418501496315e-04,2.359076711755392353e-09,2.058002399280667305e-03
2.921573468483984470e-04,3.424991623646178596e-09,4.166688886471092701e-04,1.280365104321390390e-04,4.957108057368486698e-09
2.095738745993003249e-04,1.066924654878675938e-03,3.684023395180702209e-04,1.069468926289118826e-04,2.064306056126952171e-03
2.818536515292180411e-09,3.424991623646178596e-09,1.810646353987976909e-04,2.359076711755392353e-09,4.957108057368486698e-09
4.729934153147041798e-04,1.082847942598164082e-03,3.729263553395867348e-04,1.251338981091976166e-04,1.227144966833293438e-03
7.460086490027606487e-04,1.164836692623794079e-03,3.968274104408919811e-04,2.359076711755392353e-09,1.139026971941348165e-05
2.141477598343044519e-04,6.650894065387547016e-04,4.282401641830801964e-04,3.280899836681783199e-04,4.957108057368486698e-09
7.102964445948600769e-05,4.907951224595308304e-04,1.393524144077673554e-04,5.392236053012311459e-04,4.957108057368486698e-09
2.818536515292180411e-09,3.424991623646178596e-09,2.261403508896364656e-09,9.734308696351945400e-05,4.957108057368486698e-09
9.828036854742094874e-05,3.424991623646178596e-09,2.261403508896364656e-09,9.651076834416016936e-05,4.957108057368486698e-09
8.120401762425899506e-04,3.424991623646178596e-09,2.624737389851361513e-04,5.458251107484102249e-04,4.957108057368486698e-09
1.006514998152852058e-03,2.416770148556679487e-04,3.636719193309545517e-04,5.033098277635872364e-04,1.059735004673711956e-04
2.818536515292180411e-09,3.424991623646178596e-09,3.615439927671104670e-04,2.359076711755392353e-09,4.957108057368486698e-09
1.160340834758244455e-04,3.424991623646178596e-09,4.112823808100074530e-04,1.367111108265817165e-04,4.957108057368486698e-09
3.986700321547687054e-04,3.424991623646178596e-09,4.795068234670907259e-04,1.300119765801355243e-04,4.957108057368486698e-09
2.818536515292180411e-09,3.424991623646178596e-09,9.011076326714828610e-05,2.359076711755392353e-09,4.957108057368486698e-09
1.152084441855549812e-04,3.424991623646178596e-09,4.924990935251116753e-04,2.473613130860030651e-04,4.957108057368486698e-09
9.307661093771457672e-05,3.424991623646178596e-09,4.486970719881355762e-04,2.359076711755392353e-09,4.957108057368486698e-09
2.818536515292180411e-09,3.424991623646178596e-09,9.149815741693601012e-05,2.359076711755392353e-09,4.957108057368486698e-09
2.818536515292180411e-09,3.424991623646178596e-09,1.818182645365595818e-04,2.359076711755392353e-09,4.957108057368486698e-09
3.513107367325574160e-04,7.732636295258998871e-04,3.710720047820359468e-04,2.967261534649878740e-04,2.151367487385869026e-03
2.818536515292180411e-09,3.424991623646178596e-09,2.261403508896364656e-09,9.073456749320030212e-05,4.957108057368486698e-09
2.602028835099190474e-04,1.110647921450436115e-03,3.691699239425361156e-04,2.359076711755392353e-09,2.749394625425338745e-03
2.818536515292180411e-09,3.424991623646178596e-09,3.641455550678074360e-04,2.359076711755392353e-09,4.957108057368486698e-09
2.818536515292180411e-09,1.039667753502726555e-03,3.449475916568189859e-04,2.195855340687558055e-04,2.866668859496712685e-03
9.703951945994049311e-05,3.424991623646178596e-09,3.291001485195010900e-04,1.342752220807597041e-04,4.957108057368486698e-09
1.193587449961341918e-04,1.021265983581542969e-03,3.104067873209714890e-04,4.610191535903140903e-05,2.563553862273693085e-03
2.818536515292180411e-09,3.424991623646178596e-09,2.727894461713731289e-04,2.359076711755392353e-09,4.957108057368486698e-09
2.515551750548183918e-04,9.763112175278365612e-04,3.663119859993457794e-04,1.582232507644221187e-04,9.264720720238983631e-04
2.818536515292180411e-09,3.424991623646178596e-09,1.812043337849900126e-04,2.359076711755392353e-09,4.957108057368486698e-09
2.888600865844637156e-04,1.058380468748509884e-03,3.787818714044988155e-04,1.326638448517769575e-04,1.314379856921732426e-03
7.735786493867635727e-04,1.007831539027392864e-03,3.886229242198169231e-04,2.870155731216073036e-04,9.630862768972292542e-05
4.065960529260337353e-04,5.576664698310196400e-04,3.617217298597097397e-04,6.118264864198863506e-04,4.957108057368486698e-09
8.073434582911431789e-05,1.832512934925034642e-04,2.261403508896364656e-09,2.382499224040657282e-04,4.957108057368486698e-09
1.946775737451389432e-04,3.424991623646178596e-09,2.261403508896364656e-09,1.941989758051931858e-04,4.957108057368486698e-09
1.026052399538457394e-03,3.424991623646178596e-09,3.863960446324199438e-04,5.094334483146667480e-04,1.766011700965464115e-04
6.065493798814713955e-04,6.540220347233116627e-04,3.749422030523419380e-04,4.620199033524841070e-04,1.576036913320422173e-03
2.181664167437702417e-04,3.424991623646178596e-09,3.973480488639324903e-04,1.370633399346843362e-04,4.957108057368486698e-09
1.863797660917043686e-04,3.424991623646178596e-09,3.244517429266124964e-04,2.596901904325932264e-04,4.957108057368486698e-09
3.046346828341484070e-04,3.424991623646178596e-09,5.066178273409605026e-04,2.359076711755392353e-09,4.957108057368486698e-09
2.167867205571383238e-04,3.424991623646178596e-09,4.187396261841058731e-04,2.359076711755392353e-09,4.957108057368486698e-09
2.818536515292180411e-09,3.424991623646178596e-09,9.063508332474157214e-05,2.359076711755392353e-09,4.957108057368486698e-09
2.818536515292180411e-09,3.424991623646178596e-09,2.261403508896364656e-09,8.992393850348889828e-05,4.957108057368486698e-09
2.818536515292180411e-09,3.424991623646178596e-09,2.713907742872834206e-04,2.359076711755392353e-09,4.957108057368486698e-09
3.163673391100019217e-04,8.610787917859852314e-04,3.450728254392743111e-04,4.277600091882050037e-04,2.610531402751803398e-03
1.485573156969621778e-04,1.002323115244507790e-03,3.451201773714274168e-04,2.069828624371439219e-04,2.838029293343424797e-03
2.818536515292180411e-09,3.424991623646178596e-09,2.261403508896364656e-09,9.106351353693753481e-05,4.957108057368486698e-09
2.818536515292180411e-09,9.790603071451187134e-04,3.381911665201187134e-04,3.978001768700778484e-04,2.680951729416847229e-03
5.103853254695422947e-05,1.008652150630950928e-03,3.489719820208847523e-04,2.402279642410576344e-04,2.504002768546342850e-03
2.465933794155716896e-04,9.580096229910850525e-04,3.533224517013877630e-04,4.329319344833493233e-04,1.765315188094973564e-03
7.330169901251792908e-04,8.098653052002191544e-04,3.843360755126923323e-04,2.880502433981746435e-04,7.079292554408311844e-04
6.561511545442044735e-04,5.286011146381497383e-04,4.064287932123988867e-04,5.097931716591119766e-04,4.957108057368486698e-09
1.376304135192185640e-04,5.011387111153453588e-05,2.261403508896364656e-09,4.853355640079826117e-04,4.957108057368486698e-09
9.054764086613431573e-05,3.424991623646178596e-09,2.261403508896364656e-09,2.359076711755392353e-09,4.957108057368486698e-09
8.631566306576132774e-04,3.424991623646178596e-09,2.261403508896364656e-09,3.998703032266348600e-04,4.957108057368486698e-09
8.384003303945064545e-04,3.424991623646178596e-09,3.909498336724936962e-04,4.975910997018218040e-04,1.459951046854257584e-03
5.637598223984241486e-04,6.756962975487112999e-04,3.676422929856926203e-04,4.519153153523802757e-04,1.925437361933290958e-03
1.943859679158776999e-04,3.424991623646178596e-09,2.548597694840282202e-04,2.359076711755392353e-09,4.957108057368486698e-09
3.926512436009943485e-04,3.424991623646178596e-09,3.787759924307465553e-04,1.358975132461637259e-04,4.957108057368486698e-09
4.019167972728610039e-04,3.424991623646178596e-09,3.074100241065025330e-04,2.359076711755392353e-09,4.957108057368486698e-09
9.603871876606717706e-05,3.424991623646178596e-09,3.544661158230155706e-04,2.359076711755392353e-09,4.957108057368486698e-09
4.837642773054540157e-04,8.261643815785646439e-04,3.482353349681943655e-04,4.345584020484238863e-04,2.464149845764040947e-03
2.110702771460637450e-04,9.244543616659939289e-04,3.396165266167372465e-04,3.829004126600921154e-04,2.734726527705788612e-03
2.956691023427993059e-04,9.073264081962406635e-04,3.516380384098738432e-04,2.609573712106794119e-04,2.575726248323917389e-03
3.532548143994063139e-04,9.087636135518550873e-04,3.818936529569327831e-04,1.319310540566220880e-04,1.950916484929621220e-03
8.234908455051481724e-04,7.869191467761993408e-04,3.874673857353627682e-04,4.514763713814318180e-04,3.789766342379152775e-04
6.795965600758790970e-04,4.452465218491852283e-04,4.175301291979849339e-04,5.036516813561320305e-04,4.957108057368486698e-09
1.394306891597807407e-04,4.991158493794500828e-05,2.261403508896364656e-09,4.824251227546483278e-04,4.957108057368486698e-09
1.938180357683449984e-04,3.424991623646178596e-09,2.261403508896364656e-09,9.797539678402245045e-05,4.957108057368486698e-09
8.917948580347001553e-04,3.424991623646178596e-09,3.687641001306474209e-04,5.259061581455171108e-04,4.957108057368486698e-09
7.186359725892543793e-04,1.942460366990417242e-04,3.753398777917027473e-04,4.931703442707657814e-04,1.594260451383888721e-03
5.418528453446924686e-04,6.847878685221076012e-04,3.722814144566655159e-04,2.716169692575931549e-04,2.185913268476724625e-03
4.758823779411613941e-04,3.424991623646178596e-09,1.696583640296012163e-04,2.359076711755392353e-09,4.438912437763065100e-04
2.818536515292180411e-09,1.285778998862951994e-04,2.261403508896364656e-09,2.359076711755392353e-09,4.957108057368486698e-09
2.818536515292180411e-09,3.424991623646178596e-09,1.825958752306178212e-04,2.359076711755392353e-09,1.042231451719999313e-04
2.910950570367276669e-04,3.424991623646178596e-09,2.261403508896364656e-09,9.780303662410005927e-05,4.957108057368486698e-09
9.740072709973901510e-05,3.424991623646178596e-09,2.261403508896364656e-09,9.788579336600378156e-05,4.957108057368486698e-09
2.818536515292180411e-09,3.192400981788523495e-05,2.261403508896364656e-09,2.900880281231366098e-05,4.957108057368486698e-09
3.575656737666577101e-04,6.827059551142156124e-04,3.635975299403071404e-04,4.099307407159358263e-04,2.342172199860215187e-03
3.553177230060100555e-04,7.171041797846555710e-04,3.735855279956012964e-04,3.035523113794624805e-04,2.220040420070290565e-03
4.455008311197161674e-04,6.857366533949971199e-04,3.792362113017588854e-04,4.659869300667196512e-04,1.493257354013621807e-03
9.487083298154175282e-04,3.425788017921149731e-04,4.420930054038763046e-04,4.612460907083004713e-04,2.960373822133988142e-04
7.443245267495512962e-04,3.424991623646178596e-09,3.497329598758369684e-04,5.381761584430932999e-04,4.957108057368486698e-09
2.818536515292180411e-09,3.424991623646178596e-09,2.261403508896364656e-09,9.735210915096104145e-05,4.957108057368486698e-09
1.963202521437779069e-04,3.424991623646178596e-09,2.261403508896364656e-09,1.943149109138175845e-04,4.957108057368486698e-09
8.912688354030251503e-04,3.424991623646178596e-09,3.673314058687537909e-04,5.243521882221102715e-04,4.957108057368486698e-09
7.691008504480123520e-04,3.424991623646178596e-09,3.840393619611859322e-04,4.972688038833439350e-04,1.752072013914585114e-03
6.098956218920648098e-04,4.566988791339099407e-04,3.864043392241001129e-04,4.664451698772609234e-04,1.963053364306688309e-03
2.818536515292180411e-09,3.424991623646178596e-09,2.261403508896364656e-09,2.359076711755392353e-09,1.023923105094581842e-04
7.074902532622218132e-05,6.636643229285255075e-05,2.261403508896364656e-09,2.359076711755392353e-09,1.769797090673819184e-04
9.103005140786990523e-05,3.424991623646178596e-09,2.261403508896364656e-09,2.359076711755392353e-09,4.957108057368486698e-09
4.897530307061970234e-04,3.424991623646178596e-09,2.261403508896364656e-09,2.359076711755392353e-09,3.016332047991454601e-04
5.467207520268857479e-04,6.432096415665000677e-05,2.261403508896364656e-09,2.359076711755392353e-09,1.308378123212605715e-04
8.755718008615076542e-04,2.755239838734269142e-04,4.455819143913686275e-04,4.975185729563236237e-04,1.966192648978903890e-04
2.818536515292180411e-09,3.424991623646178596e-09,2.261403508896364656e-09,1.002603094093501568e-04,4.957108057368486698e-09
3.840694844257086515e-04,3.424991623646178596e-09,2.261403508896364656e-09,3.949112724512815475e-04,4.957108057368486698e-09
9.656026668380945921e-05,3.424991623646178596e-09,2.261403508896364656e-09,1.940828660735860467e-04,4.957108057368486698e-09
3.312457411084324121e-04,3.424991623646178596e-09,2.238005399703979492e-04,1.023383301799185574e-04,4.957108057368486698e-09
8.760798373259603977e-04,3.424991623646178596e-09,3.653827297966927290e-04,3.268703585490584373e-04,5.293151480145752430e-04
4.950918373651802540e-04,3.424991623646178596e-09,2.261403508896364656e-09,2.359076711755392353e-09,3.022103919647634029e-04
2.818536515292180411e-09,3.424991623646178596e-09,2.261403508896364656e-09,1.003490833682008088e-04,4.957108057368486698e-09
1.801472826628014445e-04,3.424991623646178596e-09,2.261403508896364656e-09,2.359076711755392353e-09,4.957108057368486698e-09
4.726410261355340481e-04,3.424991623646178596e-09,2.261403508896364656e-09,2.359076711755392353e-09,1.706595357973128557e-04
2.678138553164899349e-04,3.424991623646178596e-09,2.261403508896364656e-09,2.359076711755392353e-09,4.957108057368486698e-09
2.916008234024047852e-04,3.424991623646178596e-09,2.261403508896364656e-09,2.906724112108349800e-04,4.957108057368486698e-09
2.818536515292180411e-09,3.424991623646178596e-09,2.261403508896364656e-09,2.359076711755392353e-09,2.037830126937478781e-04
1.946133706951513886e-04,3.424991623646178596e-09,9.093920380109921098e-05,2.911620831582695246e-04,4.957108057368486698e-09
1.790197857189923525e-04,3.424991623646178596e-09,2.261403508896364656e-09,2.359076711755392353e-09,4.957108057368486698e-09
4.848720564041286707e-04,3.424991623646178596e-09,2.261403508896364656e-09,2.359076711755392353e-09,4.957108057368486698e-09
9.064042387763038278e-05,3.424991623646178596e-09,2.261403508896364656e-09,2.359076711755392353e-09,4.957108057368486698e-09
2.818536515292180411e-09,3.424991623646178596e-09,2.261403508896364656e-09,2.006779686780646443e-04,4.957108057368486698e-09
2.818536515292180411e-09,3.424991623646178596e-09,9.110899554798379540e-05,2.359076711755392353e-09,4.957108057368486698e-09
2.038574893958866596e-04,3.424991623646178596e-09,2.261403508896364656e-09,2.359076711755392353e-09,1.572838809806853533e-04
4.264496092218905687e-04,7.372275285888463259e-05,2.261403508896364656e-09,3.919869195669889450e-04,1.591204782016575336e-04
2.818536515292180411e-09,3.424991623646178596e-09,1.801322650862857699e-04,1.950301375472918153e-04,4.957108057368486698e-09
2.036695223068818450e-04,3.424991623646178596e-09,2.261403508896364656e-09,2.359076711755392353e-09,1.571939501445740461e-04
2.469359023962169886e-04,3.424991623646178596e-09,2.261403508896364656e-09,2.359076711755392353e-09,3.119785396847873926e-04
2.818536515292180411e-09,3.424991623646178596e-09,2.261403508896364656e-09,9.069875522982329130e-05,2.152047818526625633e-04
2.818536515292180411e-09,2.939531987067312002e-04,1.903879310702905059e-04,6.314852362265810370e-05,8.425586856901645660e-04
2.818536515292180411e-09,3.424991623646178596e-09,9.103462798520922661e-05,1.950646837940439582e-04,4.957108057368486698e-09
1.251726498594507575e-04,3.424991623646178596e-09,2.261403508896364656e-09,2.359076711755392353e-09,3.433143137954175472e-05
6.817427492933347821e-05,3.424991623646178596e-09,2.261403508896364656e-09,2.359076711755392353e-09,2.921932609751820564e-04
2.033252385444939137e-04,3.424991623646178596e-09,2.261403508896364656e-09,2.359076711755392353e-09,1.583162666065618396e-04
2.818536515292180411e-09,3.424991623646178596e-09,2.261403508896364656e-09,9.609109838493168354e-05,1.086422562366351485e-04
2.818536515292180411e-09,3.424991623646178596e-09,1.147154616774059832e-04,1.543615071568638086e-04,4.957108057368486698e-09
2.818536515292180411e-09,3.424991623646178596e-09,9.030065848492085934e-05,9.776832303032279015e-05,4.957108057368486698e-09
3.125308285234495997e-05,3.424991623646178596e-09,1.294171088375151157e-04,1.006465317914262414e-04,3.409553028177469969e-04
2.818536515292180411e-09,3.424991623646178596e-09,9.097826114157214761e-05,2.359076711755392353e-09,4.957108057368486698e-09
2.818536515292180411e-09,3.424991623646178596e-09,2.713915600907057524e-04,2.359076711755392353e-09,4.957108057368486698e-09
2.818536515292180411e-09,3.424991623646178596e-09,1.820790057536214590e-04,2.359076711755392353e-09,4.957108057368486698e-09
2.818536515292180411e-09,3.424991623646178596e-09,9.002572915051132441e-05,2.359076711755392353e-09,4.957108057368486698e-09
2.818536515292180411e-09,3.424991623646178596e-09,9.109747043112292886e-05,2.359076711755392353e-09,4.957108057368486698e-09
2.818536515292180411e-09,3.424991623646178596e-09,2.727762039285153151e-04,2.359076711755392353e-09,4.957108057368486698e-09
2.818536515292180411e-09,3.424991623646178596e-09,2.729735861066728830e-04,2.359076711755392353e-09,4.957108057368486698e-09
2.818536515292180411e-09,3.424991623646178596e-09,3.565205552149564028e-04,2.359076711755392353e-09,4.957108057368486698e-09
2.818536515292180411e-09,8.918119419831782579e-05,4.460390482563525438e-04,2.621930070745293051e-05,4.957108057368486698e-09
2.818536515292180411e-09,1.215823431266471744e-04,3.959757159464061260e-04,3.472783137112855911e-04,4.957108057368486698e-09
2.818536515292180411e-09,3.424991623646178596e-09,5.407899734564125538e-04,4.999425800633616745e-05,4.957108057368486698e-09
2.818536515292180411e-09,3.424991623646178596e-09,2.644810883793979883e-04,7.777549035381525755e-05,4.957108057368486698e-09
2.818536515292180411e-09,3.424991623646178596e-09,1.805225329007953405e-04,2.359076711755392353e-09,4.957108057368486698e-09
2.818536515292180411e-09,3.424991623646178596e-09,2.714253205340355635e-04,2.359076711755392353e-09,4.957108057368486698e-09
2.818536515292180411e-09,3.424991623646178596e-09,9.009410860016942024e-05,2.359076711755392353e-09,4.957108057368486698e-09
2.818536515292180411e-09,3.424991623646178596e-09,4.035237361676990986e-04,2.353286108700558543e-04,4.957108057368486698e-09
2.818536515292180411e-09,3.424991623646178596e-09,4.338259459473192692e-04,4.638379323296248913e-04,4.957108057368486698e-09
2.818536515292180411e-09,2.692869747988879681e-04,3.603845252655446529e-04,4.980080411769449711e-04,4.957108057368486698e-09
2.818536515292180411e-09,3.424991623646178596e-09,8.981300197774544358e-05,2.359076711755392353e-09,4.957108057368486698e-09
2.818536515292180411e-09,7.446969393640756607e-04,4.265936149749904871e-04,4.816664732061326504e-04,4.957108057368486698e-09
2.818536515292180411e-09,1.081849331967532635e-03,3.615219029597938061e-04,4.584917624015361071e-04,4.957108057368486698e-09
2.818536515292180411e-09,9.329377207905054092e-04,3.709378361236304045e-04,4.733206005766987801e-04,4.957108057368486698e-09
2.818536515292180411e-09,5.733613506890833378e-04,3.774888173211365938e-04,5.180438165552914143e-04,4.957108057368486698e-09
2.818536515292180411e-09,1.423309586243703961e-04,3.740460670087486506e-04,2.920908445958048105e-04,4.957108057368486698e-09
2.818536515292180411e-09,3.424991623646178596e-09,3.618987102527171373e-04,2.359076711755392353e-09,4.957108057368486698e-09
2.818536515292180411e-09,3.424991623646178596e-09,3.630389692261815071e-04,2.359076711755392353e-09,4.957108057368486698e-09
2.818536515292180411e-09,3.424991623646178596e-09,2.719872863963246346e-04,2.359076711755392353e-09,4.957108057368486698e-09
2.818536515292180411e-09,3.424991623646178596e-09,1.814184943214058876e-04,2.359076711755392353e-09,4.957108057368486698e-09
2.818536515292180411e-09,3.424991623646178596e-09,3.801492857746779919e-04,3.480396699160337448e-04,4.957108057368486698e-09
2.818536515292180411e-09,1.360066235065460205e-04,3.503439074847847223e-04,5.047188024036586285e-04,4.957108057368486698e-09
1.814696879591792822e-04,7.144600967876613140e-04,3.731790347956120968e-04,5.471936892718076706e-04,4.957108057368486698e-09
2.818536515292180411e-09,3.424991623646178596e-09,1.812963600968942046e-04,2.359076711755392353e-09,4.957108057368486698e-09
1.376227446598932147e-04,1.205115811899304390e-03,3.934873966500163078e-04,5.016959621571004391e-04,4.957108057368486698e-09
2.818536515292180411e-09,3.424991623646178596e-09,9.137965389527380466e-05,2.359076711755392353e-09,4.957108057368486698e-09
1.920940558193251491e-04,1.309078186750411987e-03,3.575163427740335464e-04,4.401118494570255280e-04,4.957108057368486698e-09
2.818536515292180411e-09,3.424991623646178596e-09,1.816562435124069452e-04,2.359076711755392353e-09,4.957108057368486698e-09
2.818536515292180411e-09,1.379731111228466034e-03,3.856605908367782831e-04,4.254564992152154446e-04,4.957108057368486698e-09
2.818536515292180411e-09,1.277821953408420086e-03,3.510142269078642130e-04,4.391130350995808840e-04,4.957108057368486698e-09
2.818536515292180411e-09,7.131245220080018044e-04,4.019032057840377092e-04,4.912397707812488079e-04,4.957108057368486698e-09
2.818536515292180411e-09,3.031226806342601776e-04,1.609095052117481828e-04,5.861342069692909718e-04,4.957108057368486698e-09
2.818536515292180411e-09,6.419339479180052876e-05,2.261403508896364656e-09,2.359076711755392353e-09,4.957108057368486698e-09
2.818536515292180411e-09,3.424991623646178596e-09,2.726988168433308601e-04,2.359076711755392353e-09,4.957108057368486698e-09
2.818536515292180411e-09,3.424991623646178596e-09,8.984422311186790466e-05,2.359076711755392353e-09,4.957108057368486698e-09
2.818536515292180411e-09,3.424991623646178596e-09,2.724933146964758635e-04,2.359076711755392353e-09,4.957108057368486698e-09
2.818536515292180411e-09,3.424991623646178596e-09,9.110590326599776745e-05,2.359076711755392353e-09,4.957108057368486698e-09
2.818536515292180411e-09,3.424991623646178596e-09,3.630075661931186914e-04,2.359076711755392353e-09,4.957108057368486698e-09
2.818536515292180411e-09,3.424991623646178596e-09,3.620843344833701849e-04,2.359076711755392353e-09,4.957108057368486698e-09
2.818536515292180411e-09,3.424991623646178596e-09,2.727995160967111588e-04,2.359076711755392353e-09,4.957108057368486698e-09
9.758417581906542182e-05,3.424991623646178596e-09,3.613850567489862442e-04,4.833812708966434002e-04,4.957108057368486698e-09
3.112927952315658331e-04,2.105128369294106960e-04,3.564306825865060091e-04,5.658405134454369545e-04,4.957108057368486698e-09
4.844568902626633644e-04,1.055456814356148243e-03,3.607320832088589668e-04,4.617845115717500448e-04,4.957108057368486698e-09
2.818536515292180411e-09,3.424991623646178596e-09,2.716681919991970062e-04,2.359076711755392353e-09,4.957108057368486698e-09
6.271901656873524189e-04,1.261279685422778130e-03,3.726427676156163216e-04,4.279385029803961515e-04,4.957108057368486698e-09
2.818536515292180411e-09,3.424991623646178596e-09,1.810398825909942389e-04,2.359076711755392353e-09,4.957108057368486698e-09
5.729038966819643974e-04,1.227023778483271599e-03,3.750705509446561337e-04,2.763498050626367331e-04,3.111720725428313017e-04
2.818536515292180411e-09,3.424991623646178596e-09,3.645672404672950506e-04,2.359076711755392353e-09,4.957108057368486698e-09
3.743326233234256506e-04,1.361101050861179829e-03,3.796876699198037386e-04,1.494762254878878593e-04,2.885551366489380598e-04
1.818540622480213642e-04,1.387249445542693138e-03,3.555755247361958027e-04,2.850698074325919151e-04,4.957108057368486698e-09
2.818536515292180411e-09,1.123387599363923073e-03,3.603142686188220978e-04,4.507765988819301128e-04,4.957108057368486698e-09
2.818536515292180411e-09,6.680754013359546661e-04,3.534226561896502972e-04,4.446696548257023096e-04,4.957108057368486698e-09
2.818536515292180411e-09,2.595914702396839857e-04,2.261403508896364656e-09,1.999315427383407950e-04,4.957108057368486698e-09
2.818536515292180411e-09,3.424991623646178596e-09,9.059793956112116575e-05,2.359076711755392353e-09,4.957108057368486698e-09
2.818536515292180411e-09,3.424991623646178596e-09,2.739993215072900057e-04,2.359076711755392353e-09,4.957108057368486698e-09
2.818536515292180411e-09,3.424991623646178596e-09,9.037366544362157583e-05,2.359076711755392353e-09,4.957108057368486698e-09
2.818536515292180411e-09,3.424991623646178596e-09,4.532053717412054539e-04,2.359076711755392353e-09,4.957108057368486698e-09
2.818536515292180411e-09,3.424991623646178596e-09,1.816658332245424390e-04,2.359076711755392353e-09,4.957108057368486698e-09
2.818536515292180411e-09,3.424991623646178596e-09,4.859484324697405100e-04,3.529597233864478767e-05,4.957108057368486698e-09
2.818536515292180411e-09,3.424991623646178596e-09,9.044384933076798916e-05,2.359076711755392353e-09,4.957108057368486698e-09
2.818536515292180411e-09,3.424991623646178596e-09,4.533329920377582312e-04,2.359076711755392353e-09,4.957108057368486698e-09
2.818536515292180411e-09,3.424991623646178596e-09,2.724852238316088915e-04,2.359076711755392353e-09,4.957108057368486698e-09
2.818536515292180411e-09,3.424991623646178596e-09,9.061746095540001988e-05,2.359076711755392353e-09,4.957108057368486698e-09
2.627099165692925453e-04,3.424991623646178596e-09,2.425731072435155511e-04,5.637239082716405392e-04,4.957108057368486698e-09
6.567332311533391476e-04,4.710793436970561743e-04,3.750020987354218960e-04,5.084843141958117485e-04,4.957108057368486698e-09
2.818536515292180411e-09,3.424991623646178596e-09,1.809674140531569719e-04,2.359076711755392353e-09,4.957108057368486698e-09
7.505587418563663960e-04,1.039505354128777981e-03,3.695203340612351894e-04,4.457093600649386644e-04,4.957108057368486698e-09
2.818536515292180411e-09,3.424991623646178596e-09,2.721475320868194103e-04,2.359076711755392353e-09,4.957108057368486698e-09
7.301925797946751118e-04,1.282535726204514503e-03,3.769067698158323765e-04,2.739095361903309822e-04,4.957108057368486698e-09
2.818536515292180411e-09,3.424991623646178596e-09,4.514718602877110243e-04,2.359076711755392353e-09,4.957108057368486698e-09
6.341842818073928356e-04,1.197974896058440208e-03,3.313586057629436255e-04,2.038219536188989878e-04,4.795687855221331120e-04
2.818536515292180411e-09,3.424991623646178596e-09,3.628363483585417271e-04,2.359076711755392353e-09,4.957108057368486698e-09
6.566052907146513462e-04,1.103446935303509235e-03,2.025456051342189312e-04,1.876969472505152225e-04,6.504537304863333702e-04
2.818536515292180411e-09,3.424991623646178596e-09,3.638498601503670216e-04,2.359076711755392353e-09,4.957108057368486698e-09
6.302419351413846016e-04,1.165721565485000610e-03,3.427863412071019411e-04,2.359076711755392353e-09,5.943629657849669456e-04
3.813092480413615704e-04,1.214219606481492519e-03,3.770474868360906839e-04,2.359076711755392353e-09,4.957108057368486698e-09
2.818536515292180411e-09,8.504058932885527611e-04,3.489408118184655905e-04,4.792949766851961613e-04,4.957108057368486698e-09
4.622419146471656859e-05,2.590616641100496054e-04,1.036704707075841725e-04,4.976994823664426804e-04,4.957108057368486698e-09
2.818536515292180411e-09,3.424991623646178596e-09,2.261403508896364656e-09,4.011839919257909060e-04,4.957108057368486698e-09
2.818536515292180411e-09,3.424991623646178596e-09,9.130243415711447597e-05,2.359076711755392353e-09,4.957108057368486698e-09
2.818536515292180411e-09,3.424991623646178596e-09,1.821810146793723106e-04,2.359076711755392353e-09,4.957108057368486698e-09
2.818536515292180411e-09,3.424991623646178596e-09,9.078165749087929726e-05,2.359076711755392353e-09,4.957108057368486698e-09
2.818536515292180411e-09,3.424991623646178596e-09,1.805768552003428340e-04,2.359076711755392353e-09,4.957108057368486698e-09
2.818536515292180411e-09,3.424991623646178596e-09,1.813143899198621511e-04,2.359076711755392353e-09,4.957108057368486698e-09
2.818536515292180411e-09,3.424991623646178596e-09,4.489229468163102865e-04,2.359076711755392353e-09,4.957108057368486698e-09
2.818536515292180411e-09,3.424991623646178596e-09,2.735442831180989742e-04,2.359076711755392353e-09,4.957108057368486698e-09
2.818536515292180411e-09,3.259123332099989057e-06,5.205058841966092587e-04,2.359076711755392353e-09,4.957108057368486698e-09
2.818536515292180411e-09,3.424991623646178596e-09,2.704787184484302998e-04,2.359076711755392353e-09,4.957108057368486698e-09
2.818536515292180411e-09,3.424991623646178596e-09,3.647086268756538630e-04,2.359076711755392353e-09,4.957108057368486698e-09
2.818536515292180411e-09,3.424991623646178596e-09,4.550559970084577799e-04,2.359076711755392353e-09,4.957108057368486698e-09
2.818536515292180411e-09,3.424991623646178596e-09,9.070676605915650725e-05,2.359076711755392353e-09,4.957108057368486698e-09
8.279933244921267033e-04,1.152091281255707145e-04,3.865627222694456577e-04,5.235993303358554840e-04,4.957108057368486698e-09
9.122028714045882225e-04,6.528329686261713505e-04,3.544663486536592245e-04,4.800080787390470505e-04,4.957108057368486698e-09
2.818536515292180411e-09,3.424991623646178596e-09,1.815917930798605084e-04,2.359076711755392353e-09,4.957108057368486698e-09
7.098668138496577740e-04,1.135887228883802891e-03,3.839593555312603712e-04,9.154990402748808265e-05,5.319292540661990643e-04
2.818536515292180411e-09,3.424991623646178596e-09,3.629732527770102024e-04,2.359076711755392353e-09,4.957108057368486698e-09
6.623299559578299522e-04,1.135773607529699802e-03,3.637192130554467440e-04,2.550893113948404789e-04,8.847208227962255478e-04
9.617421164875850081e-05,3.424991623646178596e-09,4.451437562238425016e-04,2.359076711755392353e-09,4.957108057368486698e-09
5.952804931439459324e-04,1.051293336786329746e-03,3.355815133545547724e-04,5.385230178944766521e-05,1.255864393897354603e-03
2.818536515292180411e-09,3.424991623646178596e-09,4.344752815086394548e-04,1.272567751584574580e-04,4.957108057368486698e-09
6.271218298934400082e-04,1.176191377453505993e-03,3.758528619073331356e-04,1.536097697680816054e-04,6.356681697070598602e-04
2.818536515292180411e-09,3.424991623646178596e-09,2.714770962484180927e-04,2.359076711755392353e-09,4.957108057368486698e-09
5.738298059441149235e-04,1.205133390612900257e-03,3.868976491503417492e-04,2.359076711755392353e-09,7.863852079026401043e-04
5.346395773813128471e-04,1.121920649893581867e-03,4.069761198479682207e-04,2.359076711755392353e-09,4.957108057368486698e-09
2.436960057821124792e-04,6.758191157132387161e-04,3.519166493788361549e-04,5.434739287011325359e-04,4.957108057368486698e-09
1.314017299591796473e-05,3.336814115755259991e-04,1.144326815847307444e-04,5.686740623787045479e-04,4.957108057368486698e-09
2.818536515292180411e-09,3.424991623646178596e-09,2.261403508896364656e-09,9.648130799178034067e-05,4.957108057368486698e-09
2.818536515292180411e-09,3.424991623646178596e-09,2.261403508896364656e-09,9.912993118632584810e-05,4.957108057368486698e-09
2.489181060809642076e-04,3.424991623646178596e-09,1.847859530244022608e-04,4.624544526450335979e-04,4.957108057368486698e-09
8.948388131102547050e-05,3.424991623646178596e-09,9.137130837189033628e-05,2.359076711755392353e-09,4.957108057368486698e-09
2.818536515292180411e-09,3.424991623646178596e-09,2.691959380172193050e-04,2.359076711755392353e-09,4.957108057368486698e-09
2.818536515292180411e-09,3.424991623646178596e-09,1.815956784412264824e-04,2.359076711755392353e-09,4.957108057368486698e-09
2.818536515292180411e-09,3.424991623646178596e-09,3.622586082201451063e-04,2.359076711755392353e-09,4.957108057368486698e-09
2.818536515292180411e-09,3.424991623646178596e-09,1.815562718547880650e-04,2.359076711755392353e-09,4.957108057368486698e-09
2.818536515292180411e-09,3.424991623646178596e-09,5.015504430048167706e-04,1.539372024126350880e-04,4.957108057368486698e-09
2.818536515292180411e-09,3.424991623646178596e-09,2.719775075092911720e-04,2.359076711755392353e-09,4.957108057368486698e-09
2.818536515292180411e-09,7.918298069853335619e-05,5.166389746591448784e-04,2.359076711755392353e-09,4.957108057368486698e-09
2.818536515292180411e-09,3.424991623646178596e-09,1.810722606023773551e-04,2.359076711755392353e-09,4.957108057368486698e-09
2.818536515292180411e-09,3.424991623646178596e-09,4.548867291305214167e-04,2.359076711755392353e-09,4.957108057368486698e-09
1.028356491588056087e-03,3.424991623646178596e-09,3.768435271922498941e-04,5.017258226871490479e-04,3.985614166595041752e-04
7.017125026322901249e-04,8.004320552572607994e-04,3.901871095877140760e-04,3.237057826481759548e-04,8.244708878919482231e-04
2.818536515292180411e-09,3.424991623646178596e-09,1.795007847249507904e-04,2.359076711755392353e-09,4.957108057368486698e-09
4.147220752201974392e-04,1.051904866471886635e-03,3.686804557219147682e-04,2.719310286920517683e-04,1.269897795282304287e-03
9.674100874690338969e-05,3.424991623646178596e-09,3.544553474057465792e-04,2.359076711755392353e-09,4.957108057368486698e-09
3.893198736477643251e-04,1.103852526284754276e-03,3.711306198965758085e-04,9.938531729858368635e-05,1.338010653853416443e-03
2.818536515292180411e-09,3.424991623646178596e-09,3.406971809454262257e-04,1.339823938906192780e-04,4.957108057368486698e-09
3.536571457516402006e-04,1.104458351619541645e-03,3.673996252473443747e-04,1.009373081615194678e-04,1.587350387126207352e-03
2.818536515292180411e-09,3.424991623646178596e-09,2.384802064625546336e-04,1.442544453311711550e-04,4.957108057368486698e-09
7.053161971271038055e-04,1.155642559751868248e-03,3.739044768735766411e-04,1.483067171648144722e-04,6.783843855373561382e-04
2.818536515292180411e-09,3.424991623646178596e-09,1.810446701711043715e-04,2.359076711755392353e-09,4.957108057368486698e-09
6.365847075358033180e-04,1.100718742236495018e-03,4.055185709148645401e-04,2.359076711755392353e-09,3.215573451598174870e-05
7.673159125261008739e-04,1.078287838026881218e-03,3.858538402710109949e-04,3.319350362289696932e-04,4.957108057368486698e-09
3.068599035032093525e-04,5.949308979324996471e-04,3.719907545018941164e-04,3.708356234710663557e-04,4.957108057368486698e-09
4.171380351181142032e-05,2.560354769229888916e-04,2.261403508896364656e-09,5.666342331096529961e-04,1.092481252271682024e-04
2.818536515292180411e-09,3.424991623646178596e-09,2.261403508896364656e-09,9.727402357384562492e-05,4.957108057368486698e-09
9.816129750106483698e-05,3.424991623646178596e-09,2.261403508896364656e-09,2.919102553278207779e-04,4.957108057368486698e-09
6.760256364941596985e-04,3.424991623646178596e-09,1.126329370890744030e-04,4.988079308532178402e-04,4.957108057368486698e-09
2.818536515292180411e-09,3.424991623646178596e-09,2.716255548875778913e-04,2.359076711755392353e-09,4.957108057368486698e-09
1.090755176846869290e-04,3.424991623646178596e-09,4.361716273706406355e-04,2.359076711755392353e-09,4.957108057368486698e-09
2.818536515292180411e-09,3.424991623646178596e-09,9.125658107222989202e-05,2.359076711755392353e-09,4.957108057368486698e-09
2.818536515292180411e-09,3.424991623646178596e-09,4.283245943952351809e-04,1.320700393989682198e-04,4.957108057368486698e-09
2.818536515292180411e-09,3.424991623646178596e-09,1.813989074435085058e-04,2.359076711755392353e-09,4.957108057368486698e-09
2.818536515292180411e-09,3.424991623646178596e-09,4.522123490460216999e-04,2.359076711755392353e-09,4.957108057368486698e-09
2.818536515292180411e-09,3.424991623646178596e-09,1.819517638068646193e-04,2.359076711755392353e-09,4.957108057368486698e-09
2.818536515292180411e-09,3.424991623646178596e-09,3.598620533011853695e-04,1.953179162228479981e-04,4.957108057368486698e-09
2.818536515292180411e-09,3.424991623646178596e-09,1.808610104490071535e-04,2.359076711755392353e-09,4.957108057368486698e-09
2.818536515292180411e-09,3.424991623646178596e-09,8.995402458822354674e-05,2.359076711755392353e-09,4.957108057368486698e-09
2.818536515292180411e-09,3.424991623646178596e-09,9.063386823982000351e-05,2.359076711755392353e-09,4.957108057368486698e-09
4.905142122879624367e-04,7.092687883414328098e-04,3.859625430777668953e-04,4.699915007222443819e-04,1.196918543428182602e-03
4.244134179316461086e-04,9.973475243896245956e-04,3.830950299743562937e-04,1.379394961986690760e-04,1.249728491529822350e-03
9.634868911234661937e-05,3.424991623646178596e-09,2.578734420239925385e-04,2.359076711755392353e-09,4.957108057368486698e-09
3.535071446094661951e-04,1.105741714127361774e-03,3.898160357493907213e-04,2.359076711755392353e-09,1.624646247364580631e-03
9.695763583295047283e-05,3.424991623646178596e-09,3.534465795382857323e-04,2.359076711755392353e-09,4.957108057368486698e-09
2.818536515292180411e-09,1.111894031055271626e-03,3.689278964884579182e-04,1.150367679656483233e-04,1.955909887328743935e-03
2.818536515292180411e-09,3.424991623646178596e-09,2.368630812270566821e-04,1.443044311599805951e-04,4.957108057368486698e-09
2.614569966681301594e-04,1.132195233367383480e-03,3.875174152199178934e-04,2.359076711755392353e-09,1.421858090907335281e-03
2.818536515292180411e-09,3.424991623646178596e-09,2.726191596593707800e-04,2.359076711755392353e-09,4.957108057368486698e-09
2.818536515292180411e-09,6.522007606690749526e-05,2.261403508896364656e-09,2.359076711755392353e-09,4.957108057368486698e-09
3.422407025936990976e-04,1.017722184769809246e-03,3.830381028819829226e-04,1.405102229909971356e-04,1.056484412401914597e-03
2.818536515292180411e-09,3.424991623646178596e-09,1.809955283533781767e-04,2.359076711755392353e-09,4.957108057368486698e-09
6.552108097821474075e-04,1.100256689824163914e-03,3.967956290580332279e-04,2.359076711755392353e-09,4.333770193625241518e-04
7.338084396906197071e-04,6.260420777834951878e-04,3.917654685210436583e-04,4.858702013734728098e-04,4.957108057368486698e-09
2.974300296045839787e-04,3.987879899796098471e-04,2.638813457451760769e-04,5.662665935233235359e-04,4.957108057368486698e-09
2.818536515292180411e-09,8.301181514980271459e-05,2.261403508896364656e-09,3.599727933760732412e-04,4.957108057368486698e-09
9.085483179660513997e-05,3.424991623646178596e-09,2.261403508896364656e-09,2.359076711755392353e-09,4.957108057368486698e-09
3.897988644894212484e-04,3.424991623646178596e-09,1.039553462760522962e-04,3.759089158847928047e-04,4.957108057368486698e-09
1.103123300708830357e-03,3.424991623646178596e-09,3.783997963182628155e-04,4.914251039735972881e-04,2.699465549085289240e-04
2.818536515292180411e-09,3.424991623646178596e-09,2.717812603805214167e-04,2.359076711755392353e-09,4.957108057368486698e-09
2.818536515292180411e-09,3.424991623646178596e-09,3.644190146587789059e-04,2.359076711755392353e-09,4.957108057368486698e-09
2.818536515292180411e-09,3.424991623646178596e-09,3.640588547568768263e-04,2.359076711755392353e-09,4.957108057368486698e-09
2.818536515292180411e-09,3.424991623646178596e-09,5.387306446209549904e-04,2.359076711755392353e-09,4.957108057368486698e-09
2.818536515292180411e-09,3.424991623646178596e-09,2.725966915022581816e-04,2.359076711755392353e-09,4.957108057368486698e-09
2.818536515292180411e-09,3.424991623646178596e-09,1.809344830689951777e-04,2.359076711755392353e-09,4.957108057368486698e-09
3.851520887110382318e-04,6.990272086113691330e-04,3.670406877063214779e-04,4.524871183093637228e-04,1.958431676030158997e-03
3.125955990981310606e-04,8.881608955562114716e-04,3.581759810913354158e-04,2.770508290268480778e-04,2.389547880738973618e-03
2.818536515292180411e-09,3.424991623646178596e-09,2.261403508896364656e-09,8.941238775150850415e-05,4.957108057368486698e-09
2.240384201286360621e-04,1.034067827276885509e-03,3.644494863692671061e-04,7.515169272664934397e-05,2.664645900949835777e-03
2.818536515292180411e-09,3.424991623646178596e-09,1.812366826925426722e-04,2.359076711755392353e-09,4.957108057368486698e-09
1.584989695402327925e-05,1.116170198656618595e-03,3.511630056891590357e-04,2.654922718647867441e-04,2.109027002006769180e-03
2.818536515292180411e-09,3.424991623646178596e-09,1.803372870199382305e-04,2.359076711755392353e-09,4.957108057368486698e-09
2.818536515292180411e-09,1.131519558839499950e-03,3.702851245179772377e-04,1.427192473784089088e-04,1.651011290960013866e-03
2.818536515292180411e-09,3.424991623646178596e-09,2.261403508896364656e-09,9.075227717403322458e-05,4.957108057368486698e-09
3.388028417248278856e-04,1.084964373148977757e-03,3.820342244580388069e-04,1.279698335565626621e-04,9.860399877652525902e-04
8.271990809589624405e-04,6.973664276301860809e-04,3.829651686828583479e-04,4.704462189693003893e-04,4.957108057368486698e-09
2.725559170357882977e-04,5.211984389461576939e-04,1.251040084753185511e-04,5.418949294835329056e-04,4.957108057368486698e-09
1.768704096321016550e-04,3.424991623646178596e-09,2.261403508896364656e-09,3.172747965436428785e-04,4.957108057368486698e-09
1.940365618793293834e-04,3.424991623646178596e-09,2.261403508896364656e-09,9.772558405529707670e-05,4.957108057368486698e-09
9.803695138543844223e-04,3.424991623646178596e-09,2.281432389281690121e-04,4.512039595283567905e-04,1.702190493233501911e-04
7.269156631082296371e-04,1.683253503870218992e-04,3.563324280548840761e-04,4.966721753589808941e-04,1.642467570491135120e-03
2.818536515292180411e-09,3.424991623646178596e-09,2.729922998696565628e-04,2.359076711755392353e-09,4.957108057368486698e-09
2.818536515292180411e-09,3.424991623646178596e-09,2.732796710915863514e-04,2.359076711755392353e-09,4.957108057368486698e-09
2.818536515292180411e-09,3.424991623646178596e-09,2.725092344917356968e-04,2.359076711755392353e-09,4.957108057368486698e-09
2.818536515292180411e-09,3.424991623646178596e-09,1.814444258343428373e-04,2.359076711755392353e-09,4.957108057368486698e-09
2.818536515292180411e-09,3.424991623646178596e-09,9.090720413951203227e-05,2.359076711755392353e-09,4.957108057368486698e-09
3.466085472609847784e-04,7.095643086358904839e-04,3.725263522937893867e-04,2.999451244249939919e-04,2.349700080230832100e-03
3.023500612471252680e-04,8.808505954220890999e-04,3.545114886946976185e-04,2.645276836119592190e-04,2.490672515705227852e-03
4.876162856817245483e-04,8.774346206337213516e-04,3.419007407501339912e-04,4.295325779821723700e-04,2.425200305879116058e-03
5.597402196144685149e-05,1.004441408440470695e-03,3.584713267628103495e-04,2.794000320136547089e-04,1.966765383258461952e-03
2.890889591071754694e-04,8.935114019550383091e-04,3.922822070308029652e-04,1.574496418470516801e-04,1.462169107981026173e-03
7.004513754509389400e-04,7.495866157114505768e-04,3.966696967836469412e-04,4.541814560070633888e-04,3.331549814902245998e-04
5.574284587055444717e-04,4.919402999803423882e-04,1.597654481884092093e-04,5.445271963253617287e-04,4.957108057368486698e-09
2.122428995789960027e-04,3.424991623646178596e-09,3.114565333817154169e-05,2.193625841755419970e-04,4.957108057368486698e-09
3.887191705871373415e-04,3.424991623646178596e-09,2.261403508896364656e-09,9.627006511436775327e-05,4.957108057368486698e-09
9.534126147627830505e-04,3.424991623646178596e-09,3.534615971148014069e-04,5.057008820585906506e-04,7.031360291875898838e-04
5.102448049001395702e-04,3.830941568594425917e-04,4.145507700741291046e-04,5.153425736352801323e-04,1.593351713381707668e-03
2.818536515292180411e-09,3.424991623646178596e-09,2.261403508896364656e-09,9.008600318338721991e-05,4.957108057368486698e-09
2.818536515292180411e-09,3.424991623646178596e-09,1.820914039853960276e-04,2.359076711755392353e-09,4.957108057368486698e-09
5.428420845419168472e-04,6.610929267480969429e-04,3.632960724644362926e-04,4.470350686460733414e-04,2.179123461246490479e-03
3.897114656865596771e-04,7.636002264916896820e-04,3.574901202227920294e-04,4.431517445482313633e-04,2.200720366090536118e-03
3.121850313618779182e-04,6.796883535571396351e-04,3.708062868099659681e-04,4.165972350165247917e-04,1.782027422450482845e-03
4.843375354539602995e-04,7.368784281425178051e-04,3.930358798243105412e-04,3.251122543588280678e-04,1.199554768390953541e-03
8.757487521506845951e-04,6.415129173547029495e-04,4.047955444548279047e-04,4.696346004493534565e-04,2.994288515765219927e-04
7.469947449862957001e-04,1.648329489398747683e-04,3.419455897528678179e-04,5.469320458360016346e-04,4.957108057368486698e-09
1.125966955441981554e-04,3.424991623646178596e-09,7.786088826833292842e-05,2.202246541855856776e-04,4.957108057368486698e-09
2.818536515292180411e-09,3.424991623646178596e-09,2.261403508896364656e-09,8.147867629304528236e-05,8.174977847374975681e-04
3.928292717318981886e-04,3.424991623646178596e-09,2.422569814370945096e-04,4.518351342994719744e-04,4.957108057368486698e-09
8.743758662603795528e-04,3.424991623646178596e-09,3.442532033659517765e-04,4.984704428352415562e-04,1.218198332935571671e-03
6.659598439000546932e-04,3.585316881071776152e-04,4.059819329995661974e-04,4.967168788425624371e-04,1.687623094767332077e-03
2.818536515292180411e-09,3.424991623646178596e-09,2.261403508896364656e-09,2.359076711755392353e-09,1.027727630571462214e-04
2.818536515292180411e-09,3.424991623646178596e-09,2.261403508896364656e-09,2.359076711755392353e-09,4.957108057368486698e-09
2.818536515292180411e-09,3.424991623646178596e-09,2.261403508896364656e-09,2.359076711755392353e-09,4.957108057368486698e-09
2.818536515292180411e-09,3.424991623646178596e-09,2.261403508896364656e-09,2.359076711755392353e-09,2.035868528764694929e-04
7.489251438528299332e-04,4.222146162646822631e-05,4.541917587630450726e-04,4.855417064391076565e-04,1.725785783492028713e-03
6.767306476831436157e-04,3.653401508927345276e-04,4.106027481611818075e-04,4.959704237990081310e-04,1.559337950311601162e-03
6.552462000399827957e-04,2.593694953247904778e-04,4.570464661810547113e-04,4.705989267677068710e-04,9.372252970933914185e-04
1.004144200123846531e-03,1.682506263023242354e-04,3.125224029645323753e-04,5.005333223380148411e-04,4.957108057368486698e-09
4.476592584978789091e-04,3.424991623646178596e-09,1.991477620322257280e-04,4.835284780710935593e-04,4.957108057368486698e-09
2.818536515292180411e-09,3.424991623646178596e-09,2.261403508896364656e-09,1.004947625915519893e-04,4.957108057368486698e-09
2.920299884863197803e-04,3.424991623646178596e-09,1.270701905013993382e-04,4.682285943999886513e-04,4.957108057368486698e-09
9.162425412796437740e-04,3.424991623646178596e-09,3.574684087652713060e-04,5.096498643979430199e-04,5.305310478433966637e-04
7.043741061352193356e-04,2.205736964242532849e-04,4.353634139988571405e-04,4.808705416508018970e-04,1.582760247401893139e-03
2.922593557741492987e-04,3.424991623646178596e-09,2.261403508896364656e-09,1.940669026225805283e-04,4.957108057368486698e-09
1.806896616471931338e-04,3.424991623646178596e-09,2.261403508896364656e-09,2.359076711755392353e-09,4.957108057368486698e-09
8.579466957598924637e-04,1.956169435288757086e-04,3.652253944892436266e-04,4.967490676790475845e-04,8.393742027692496777e-04
9.585436782799661160e-04,1.504777901573106647e-04,3.690935554914176464e-04,5.084578879177570343e-04,3.897144342772662640e-04
8.632134413346648216e-04,3.424991623646178596e-09,3.709481970872730017e-04,4.449186963029205799e-04,1.471602590754628181e-04
1.950766454683616757e-04,3.424991623646178596e-09,2.261403508896364656e-09,3.892088134307414293e-04,4.957108057368486698e-09
2.818536515292180411e-09,3.424991623646178596e-09,2.261403508896364656e-09,9.746570140123367310e-05,4.957108057368486698e-09
1.947043783729895949e-04,3.424991623646178596e-09,2.261403508896364656e-09,1.945014519151300192e-04,4.957108057368486698e-09
3.195752797182649374e-04,3.424991623646178596e-09,4.291958175599575043e-04,2.223792107542976737e-04,4.957108057368486698e-09
4.406304506119340658e-04,3.424991623646178596e-09,2.261403508896364656e-09,2.359076711755392353e-09,4.957108057368486698e-09
2.818536515292180411e-09,3.424991623646178596e-09,2.261403508896364656e-09,9.705635602585971355e-05,4.957108057368486698e-09
3.007760969921946526e-04,3.424991623646178596e-09,2.261403508896364656e-09,2.359076711755392353e-09,4.957108057368486698e-09
1.809909445000812411e-04,3.424991623646178596e-09,2.261403508896364656e-09,2.359076711755392353e-09,4.957108057368486698e-09
1.949130528373643756e-04,3.424991623646178596e-09,9.153201972367241979e-05,2.940125123132020235e-04,4.957108057368486698e-09
2.818536515292180411e-09,3.424991623646178596e-09,2.261403508896364656e-09,9.656722977524623275e-05,4.957108057368486698e-09
4.138481162954121828e-04,5.598433563136495650e-05,3.479754668660461903e-04,3.876884875353425741e-04,1.590098836459219456e-04
2.651055692695081234e-04,3.424991623646178596e-09,2.261403508896364656e-09,2.359076711755392353e-09,4.957108057368486698e-09
2.818536515292180411e-09,3.424991623646178596e-09,2.261403508896364656e-09,2.359076711755392353e-09,1.029604973155073822e-04
2.221523172920569777e-04,3.424991623646178596e-09,2.261403508896364656e-09,2.359076711755392353e-09,4.957108057368486698e-09
2.818536515292180411e-09,3.424991623646178596e-09,1.911245053634047508e-04,2.324628439964726567e-04,1.270264765480533242e-04
1.255754614248871803e-04,3.424991623646178596e-09,2.261403508896364656e-09,2.359076711755392353e-09,3.420549546717666090e-05
2.217942965216934681e-04,3.424991623646178596e-09,2.261403508896364656e-09,2.359076711755392353e-09,4.957108057368486698e-09
2.818536515292180411e-09,3.424991623646178596e-09,2.261403508896364656e-09,2.359076711755392353e-09,2.961534191854298115e-04
2.818536515292180411e-09,9.888584463624283671e-05,1.189207541756331921e-04,1.695277896942570806e-04,2.288716495968401432e-05
2.818536515292180411e-09,3.424991623646178596e-09,2.261403508896364656e-09,9.732608305057510734e-05,4.957108057368486698e-09
1.279324787901714444e-04,3.424991623646178596e-09,2.656700962688773870e-04,2.929253969341516495e-04,3.489273949526250362e-04
8.747291576582938433e-05,3.424991623646178596e-09,2.261403508896364656e-09,2.359076711755392353e-09,4.957108057368486698e-09
2.818536515292180411e-09,3.424991623646178596e-09,1.442350767320021987e-04,2.359076711755392353e-09,2.462489355821162462e-04
9.818965918384492397e-05,3.424991623646178596e-09,2.261403508896364656e-09,9.805036825127899647e-05,4.957108057368486698e-09
2.818536515292180411e-09,3.424991623646178596e-09,9.108476660912856460e-05,2.359076711755392353e-09,4.957108057368486698e-09
2.818536515292180411e-09,3.424991623646178596e-09,9.112101542996242642e-05,2.359076711755392353e-09,4.957108057368486698e-09
2.818536515292180411e-09,3.424991623646178596e-09,2.725563535932451487e-04,2.359076711755392353e-09,4.957108057368486698e-09
2.818536515292180411e-09,3.424991623646178596e-09,2.714896982070058584e-04,2.359076711755392353e-09,4.957108057368486698e-09
2.818536515292180411e-09,3.424991623646178596e-09,3.727995790541172028e-04,5.323861842043697834e-05,4.957108057368486698e-09
2.818536515292180411e-09,3.424991623646178596e-09,4.509782011155039072e-04,6.702872633468359709e-05,4.957108057368486698e-09
2.818536515292180411e-09,3.424991623646178596e-09,4.525831318460404873e-04,6.678877252852544188e-05,4.957108057368486698e-09
2.818536515292180411e-09,3.424991623646178596e-09,2.636135031934827566e-04,2.359076711755392353e-09,4.957108057368486698e-09
2.818536515292180411e-09,3.424991623646178596e-09,9.084861085284501314e-05,2.359076711755392353e-09,4.957108057368486698e-09
2.818536515292180411e-09,3.424991623646178596e-09,9.006462641991674900e-05,2.359076711755392353e-09,4.957108057368486698e-09
2.818536515292180411e-09,3.424991623646178596e-09,4.038936167489737272e-04,3.259106233599595726e-05,4.957108057368486698e-09
2.818536515292180411e-09,3.424991623646178596e-09,4.415280127432197332e-04,3.379672125447541475e-04,4.957108057368486698e-09
2.818536515292180411e-09,1.985541166504845023e-04,3.796951496042311192e-04,3.868675266858190298e-04,4.957108057368486698e-09
2.818536515292180411e-09,5.227303481660783291e-04,3.878238785546272993e-04,4.654579679481685162e-04,4.957108057368486698e-09
2.818536515292180411e-09,6.065312190912663937e-04,3.885044134221971035e-04,3.357350069563835859e-04,4.957108057368486698e-09
2.818536515292180411e-09,5.702072521671652794e-04,4.227545286994427443e-04,5.159344291314482689e-04,4.957108057368486698e-09
2.818536515292180411e-09,9.493037214269861579e-05,3.735115169547498226e-04,1.699761342024430633e-04,4.957108057368486698e-09
2.818536515292180411e-09,3.424991623646178596e-09,9.065357880899682641e-05,2.359076711755392353e-09,4.957108057368486698e-09
2.818536515292180411e-09,3.424991623646178596e-09,9.086560021387413144e-05,2.359076711755392353e-09,4.957108057368486698e-09
2.818536515292180411e-09,3.424991623646178596e-09,9.126198710873723030e-05,2.359076711755392353e-09,4.957108057368486698e-09
2.818536515292180411e-09,3.424991623646178596e-09,1.814754068618640304e-04,2.359076711755392353e-09,4.957108057368486698e-09
2.818536515292180411e-09,3.424991623646178596e-09,3.793421201407909393e-04,3.488270740490406752e-04,4.957108057368486698e-09
2.818536515292180411e-09,1.094814360840246081e-04,3.874431422445923090e-04,5.024146521463990211e-04,4.957108057368486698e-09
1.741899031912907958e-04,5.249269888736307621e-04,3.289587621111422777e-04,5.810274160467088223e-04,4.957108057368486698e-09
2.818536515292180411e-09,3.424991623646178596e-09,9.119163587456569076e-05,2.359076711755392353e-09,4.957108057368486698e-09
2.818536515292180411e-09,1.130180316977202892e-03,3.582852368708699942e-04,4.491740546654909849e-04,4.957108057368486698e-09
2.818536515292180411e-09,1.278236624784767628e-03,3.503710031509399414e-04,4.370359238237142563e-04,4.957108057368486698e-09
2.818536515292180411e-09,1.154304714873433113e-03,3.586832899600267410e-04,4.510651924647390842e-04,4.957108057368486698e-09
2.818536515292180411e-09,7.793246768414974213e-04,3.918977163266390562e-04,4.893263685517013073e-04,4.957108057368486698e-09
2.818536515292180411e-09,2.933833457063883543e-04,2.827151329256594181e-04,5.764938541688024998e-04,4.957108057368486698e-09
2.818536515292180411e-09,3.236602788092568517e-05,2.261403508896364656e-09,2.921089799201581627e-05,4.957108057368486698e-09
2.818536515292180411e-09,3.424991623646178596e-09,1.811179099604487419e-04,2.359076711755392353e-09,4.957108057368486698e-09
2.818536515292180411e-09,3.424991623646178596e-09,9.085667988983914256e-05,2.359076711755392353e-09,4.957108057368486698e-09
2.818536515292180411e-09,3.424991623646178596e-09,2.719805343076586723e-04,2.359076711755392353e-09,4.957108057368486698e-09
2.818536515292180411e-09,3.424991623646178596e-09,9.065567428478971124e-05,2.359076711755392353e-09,4.957108057368486698e-09
2.818536515292180411e-09,3.424991623646178596e-09,1.365591742796823382e-04,3.029431100003421307e-04,4.957108057368486698e-09
2.818536515292180411e-09,3.424991623646178596e-09,3.647270204965025187e-04,4.482939839363098145e-04,4.957108057368486698e-09
1.138436564360745251e-04,2.595463884063065052e-04,3.495873243082314730e-04,5.946976598352193832e-04,4.957108057368486698e-09
2.818536515292180411e-09,3.424991623646178596e-09,8.984822488855570555e-05,2.359076711755392353e-09,4.957108057368486698e-09
2.074319636449217796e-04,1.115608494728803635e-03,3.673048631753772497e-04,4.700701683759689331e-04,4.957108057368486698e-09
2.818536515292180411e-09,3.424991623646178596e-09,9.046984632732346654e-05,2.359076711755392353e-09,4.957108057368486698e-09
3.336309746373444796e-04,1.279810443520545959e-03,3.824871382676064968e-04,4.630355106201022863e-04,4.957108057368486698e-09
2.818536515292180411e-09,3.424991623646178596e-09,9.071677777683362365e-05,2.359076711755392353e-09,4.957108057368486698e-09
3.192469303030520678e-04,1.355369342491030693e-03,3.651242295745760202e-04,6.140075129223987460e-05,4.957108057368486698e-09
2.818536515292180411e-09,3.424991623646178596e-09,9.053268149727955461e-05,2.359076711755392353e-09,4.957108057368486698e-09
2.818536515292180411e-09,1.449155621230602264e-03,3.709575394168496132e-04,9.578325261827558279e-05,4.957108057368486698e-09
2.818536515292180411e-09,1.092904130928218365e-03,3.541069745551794767e-04,2.958225668407976627e-04,4.957108057368486698e-09
2.818536515292180411e-09,6.119833560660481453e-04,3.633398155216127634e-04,4.807835794053971767e-04,4.957108057368486698e-09
2.818536515292180411e-09,3.044596815016120672e-04,1.571928005432710052e-04,5.834490293636918068e-04,4.957108057368486698e-09
2.818536515292180411e-09,1.270207430934533477e-04,2.261403508896364656e-09,2.359076711755392353e-09,4.957108057368486698e-09
2.818536515292180411e-09,3.424991623646178596e-09,9.104930359171703458e-05,2.359076711755392353e-09,4.957108057368486698e-09
2.818536515292180411e-09,3.424991623646178596e-09,9.063643665285781026e-05,2.359076711755392353e-09,4.957108057368486698e-09
2.818536515292180411e-09,3.424991623646178596e-09,1.804156345315277576e-04,2.359076711755392353e-09,4.957108057368486698e-09
2.818536515292180411e-09,3.424991623646178596e-09,2.723700599744915962e-04,2.359076711755392353e-09,4.957108057368486698e-09
2.818536515292180411e-09,3.424991623646178596e-09,1.813914132071658969e-04,2.359076711755392353e-09,4.957108057368486698e-09
2.818536515292180411e-09,3.424991623646178596e-09,9.101874456973746419e-05,2.359076711755392353e-09,4.957108057368486698e-09
2.818536515292180411e-09,3.424991623646178596e-09,2.716429007705301046e-04,2.359076711755392353e-09,4.957108057368486698e-09
2.818536515292180411e-09,3.424991623646178596e-09,2.426167193334549665e-04,3.916590649168938398e-04,4.957108057368486698e-09
3.728069132193922997e-04,1.316031848546117544e-04,4.175805661361664534e-04,5.557968979701399803e-04,4.957108057368486698e-09
4.553236067295074463e-04,5.097272223792970181e-04,3.826422907877713442e-04,5.523892468772828579e-04,4.957108057368486698e-09
6.521397153846919537e-04,1.027861610054969788e-03,3.918989677913486958e-04,4.452269349712878466e-04,4.957108057368486698e-09
2.818536515292180411e-09,3.424991623646178596e-09,1.815856521716341376e-04,2.359076711755392353e-09,4.957108057368486698e-09
7.569975568912923336e-04,1.329752034507691860e-03,3.823580045718699694e-04,7.367837679339572787e-05,4.957108057368486698e-09
2.818536515292180411e-09,3.424991623646178596e-09,2.726963430177420378e-04,2.359076711755392353e-09,4.957108057368486698e-09
6.353113567456603050e-04,1.288704341277480125e-03,3.746967413462698460e-04,5.707215314032509923e-05,4.327172064222395420e-04
2.818536515292180411e-09,3.424991623646178596e-09,9.034022514242678881e-05,2.359076711755392353e-09,4.957108057368486698e-09
4.986412823200225830e-04,1.350201549939811230e-03,3.438792191445827484e-04,2.292939607286825776e-04,1.654102379688993096e-05
2.902056730818003416e-04,1.354072708636522293e-03,3.489831869956105947e-04,2.226279320893809199e-04,4.957108057368486698e-09
2.818536515292180411e-09,9.444233146496117115e-04,3.389319754205644131e-04,4.385324136819690466e-04,4.957108057368486698e-09
2.818536515292180411e-09,5.645428900606930256e-04,1.351946993963792920e-04,5.238903686404228210e-04,4.957108057368486698e-09
2.818536515292180411e-09,1.754761906340718269e-04,2.261403508896364656e-09,2.312882425030693412e-04,4.957108057368486698e-09
9.014919487526640296e-05,3.424991623646178596e-09,2.261403508896364656e-09,2.359076711755392353e-09,4.957108057368486698e-09
9.208855772158131003e-05,3.424991623646178596e-09,2.261403508896364656e-09,9.709378355182707310e-05,4.957108057368486698e-09
2.818536515292180411e-09,3.424991623646178596e-09,2.708999381866306067e-04,2.359076711755392353e-09,4.957108057368486698e-09
2.818536515292180411e-09,3.424991623646178596e-09,2.691774570848792791e-04,2.359076711755392353e-09,4.957108057368486698e-09
2.818536515292180411e-09,3.424991623646178596e-09,9.078834409592673182e-05,2.359076711755392353e-09,4.957108057368486698e-09
2.818536515292180411e-09,3.424991623646178596e-09,2.724207006394863129e-04,2.359076711755392353e-09,4.957108057368486698e-09
2.818536515292180411e-09,3.424991623646178596e-09,1.813119306461885571e-04,2.359076711755392353e-09,4.957108057368486698e-09
2.818536515292180411e-09,3.424991623646178596e-09,3.636755573097616434e-04,2.359076711755392353e-09,4.957108057368486698e-09
2.818536515292180411e-09,3.424991623646178596e-09,1.813830022001639009e-04,2.359076711755392353e-09,4.957108057368486698e-09
1.938058994710445404e-04,3.424991623646178596e-09,2.463457058183848858e-04,4.535867192316800356e-04,4.957108057368486698e-09
5.897376104258000851e-04,1.214416915900073946e-04,4.071854345966130495e-04,5.638373550027608871e-04,4.957108057368486698e-09
5.039958632551133633e-04,6.501640891656279564e-04,3.261013480369001627e-04,5.334062734618782997e-04,4.957108057368486698e-09
7.362966425716876984e-04,1.168900053016841412e-03,3.811155329458415508e-04,3.260610974393785000e-04,4.957108057368486698e-09
2.818536515292180411e-09,3.424991623646178596e-09,1.814716815715655684e-04,2.359076711755392353e-09,4.957108057368486698e-09
8.184933103621006012e-04,1.242010621353983879e-03,3.695834602694958448e-04,2.607147616799920797e-04,3.094617859460413456e-04
2.818536515292180411e-09,3.424991623646178596e-09,1.809790119295939803e-04,2.359076711755392353e-09,4.957108057368486698e-09
6.475674454122781754e-04,1.168280257843434811e-03,3.293403715360909700e-04,1.906476391013711691e-04,6.310428725555539131e-04
2.818536515292180411e-09,3.424991623646178596e-09,2.724915102589875460e-04,2.359076711755392353e-09,4.957108057368486698e-09
6.445595645345747471e-04,1.294421497732400894e-03,3.889723739121109247e-04,2.359076711755392353e-09,1.315238332608714700e-04
6.351502961479127407e-04,1.110686454921960831e-03,4.015284648630768061e-04,2.359076711755392353e-09,4.861506749875843525e-05
2.771842118818312883e-04,9.868683991953730583e-04,3.453860699664801359e-04,4.934419412165880203e-04,4.957108057368486698e-09
2.818536515292180411e-09,4.721037694253027439e-04,1.385527430102229118e-04,5.389723228290677071e-04,4.957108057368486698e-09
2.818536515292180411e-09,1.627858146093785763e-04,2.261403508896364656e-09,3.510083770379424095e-04,4.957108057368486698e-09
8.845289266901090741e-05,3.424991623646178596e-09,2.261403508896364656e-09,2.359076711755392353e-09,4.957108057368486698e-09
2.818536515292180411e-09,3.424991623646178596e-09,2.261403508896364656e-09,9.928292274707928300e-05,4.957108057368486698e-09
2.818536515292180411e-09,3.424991623646178596e-09,2.709906257223337889e-04,2.359076711755392353e-09,4.957108057368486698e-09
2.818536515292180411e-09,3.424991623646178596e-09,3.631820727605372667e-04,2.359076711755392353e-09,4.957108057368486698e-09
2.818536515292180411e-09,3.424991623646178596e-09,9.045856131706386805e-05,2.359076711755392353e-09,4.957108057368486698e-09
2.818536515292180411e-09,3.424991623646178596e-09,3.646473051048815250e-04,2.359076711755392353e-09,4.957108057368486698e-09
2.818536515292180411e-09,3.424991623646178596e-09,9.091929678106680512e-05,2.359076711755392353e-09,4.957108057368486698e-09
2.818536515292180411e-09,3.424991623646178596e-09,2.721792261581867933e-04,2.359076711755392353e-09,4.957108057368486698e-09
2.818536515292180411e-09,3.424991623646178596e-09,2.718589094001799822e-04,2.359076711755392353e-09,4.957108057368486698e-09
2.818536515292180411e-09,3.424991623646178596e-09,2.261403508896364656e-09,8.937693201005458832e-05,4.957108057368486698e-09
8.835509070195257664e-04,3.424991623646178596e-09,3.962298214901238680e-04,5.286758532747626305e-04,4.957108057368486698e-09
9.538030135445296764e-04,4.675944219343364239e-04,3.615167224779725075e-04,4.972972092218697071e-04,4.957108057368486698e-09
8.042039698921144009e-04,8.414937183260917664e-04,3.911281819455325603e-04,4.487308906391263008e-04,4.196880036033689976e-04
2.818536515292180411e-09,3.424991623646178596e-09,1.827231899369508028e-04,2.359076711755392353e-09,4.957108057368486698e-09
6.932992837391793728e-04,1.126684597693383694e-03,3.680430236272513866e-04,2.584803442005068064e-04,7.626008591614663601e-04
2.818536515292180411e-09,3.424991623646178596e-09,1.806127256713807583e-04,2.359076711755392353e-09,4.957108057368486698e-09
6.601461791433393955e-04,1.139509142376482487e-03,3.630675491876900196e-04,2.570966316852718592e-04,8.830747683532536030e-04
2.818536515292180411e-09,3.424991623646178596e-09,2.726898819673806429e-04,2.359076711755392353e-09,4.957108057368486698e-09
7.233856595121324062e-04,1.223391620442271233e-03,3.738899540621787310e-04,7.261558494064956903e-05,5.968845798633992672e-04
2.818536515292180411e-09,3.424991623646178596e-09,3.624547098297625780e-04,2.359076711755392353e-09,4.957108057368486698e-09
7.436500745825469494e-04,1.163636217825114727e-03,3.965756914112716913e-04,2.359076711755392353e-09,9.547919034957885742e-06
2.818536515292180411e-09,3.424991623646178596e-09,1.818749587982892990e-04,2.359076711755392353e-09,4.957108057368486698e-09
7.722910959273576736e-04,1.090948819182813168e-03,4.006673698313534260e-04,2.359076711755392353e-09,4.957108057368486698e-09
4.495359316933900118e-04,7.943192031234502792e-04,3.580889606382697821e-04,5.102022551000118256e-04,4.957108057368486698e-09
1.046448669512756169e-04,4.452810389921069145e-04,2.650906390044838190e-04,3.488426154945045710e-04,4.957108057368486698e-09
4.221087874611839652e-05,1.922936062328517437e-04,2.261403508896364656e-09,3.543972852639853954e-04,4.957108057368486698e-09
1.933505991473793983e-04,3.424991623646178596e-09,2.261403508896364656e-09,3.877703857142478228e-04,4.957108057368486698e-09
9.716880595078691840e-05,3.424991623646178596e-09,2.587729541119188070e-04,2.359076711755392353e-09,4.957108057368486698e-09
2.818536515292180411e-09,3.424991623646178596e-09,9.027486521517857909e-05,2.359076711755392353e-09,4.957108057368486698e-09
2.818536515292180411e-09,3.424991623646178596e-09,2.719294279813766479e-04,2.359076711755392353e-09,4.957108057368486698e-09
2.818536515292180411e-09,3.424991623646178596e-09,1.811235997593030334e-04,2.359076711755392353e-09,4.957108057368486698e-09
2.818536515292180411e-09,3.424991623646178596e-09,3.629096026998013258e-04,2.359076711755392353e-09,4.957108057368486698e-09
2.818536515292180411e-09,3.424991623646178596e-09,2.261403508896364656e-09,9.120922914007678628e-05,4.957108057368486698e-09
2.818536515292180411e-09,3.424991623646178596e-09,3.626747638918459415e-04,2.359076711755392353e-09,4.957108057368486698e-09
2.818536515292180411e-09,3.424991623646178596e-09,1.811229885788634419e-04,2.359076711755392353e-09,4.957108057368486698e-09
9.059016883838921785e-05,3.424991623646178596e-09,2.261403508896364656e-09,2.359076711755392353e-09,4.957108057368486698e-09
1.024047844111919403e-03,3.424991623646178596e-09,3.856152761727571487e-04,5.074973450973629951e-04,1.772964897099882364e-04
7.391869439743459225e-04,5.548477056436240673e-04,3.338953829370439053e-04,4.800485621672123671e-04,9.294253541156649590e-04
4.447058890946209431e-04,9.085163474082946777e-04,3.796516102738678455e-04,2.945086453109979630e-04,1.218360266648232937e-03
9.714510088087990880e-05,3.424991623646178596e-09,1.470067218178883195e-04,2.359076711755392353e-09,4.957108057368486698e-09
4.154541820753365755e-04,1.085553085431456566e-03,3.658199857454746962e-04,2.705707156565040350e-04,1.209312235005199909e-03
2.818536515292180411e-09,3.424991623646178596e-09,3.636382753029465675e-04,2.359076711755392353e-09,4.957108057368486698e-09
4.146319115534424782e-04,1.089421799406409264e-03,3.662555245682597160e-04,2.671560505405068398e-04,1.204878324642777443e-03
2.818536515292180411e-09,3.424991623646178596e-09,2.716092567425221205e-04,2.359076711755392353e-09,4.957108057368486698e-09
6.830938509665429592e-04,1.035422203131020069e-03,3.802266437560319901e-04,1.496496261097490788e-04,7.358863367699086666e-04
6.573601858690381050e-04,1.081644673831760883e-03,3.959509485866874456e-04,2.359076711755392353e-09,4.336013807915151119e-04
7.941416115500032902e-04,9.270583395846188068e-04,3.953096456825733185e-04,4.515455511864274740e-04,4.957108057368486698e-09
4.759762668982148170e-04,6.297409418039023876e-04,3.561558551155030727e-04,5.415866035036742687e-04,4.957108057368486698e-09
1.681135472608730197e-04,2.851020544767379761e-04,2.261403508896364656e-09,4.142365360166877508e-04,4.957108057368486698e-09
2.818536515292180411e-09,3.424991623646178596e-09,2.261403508896364656e-09,9.740997484186664224e-05,4.957108057368486698e-09
9.727873111842200160e-05,3.424991623646178596e-09,2.261403508896364656e-09,9.625645907362923026e-05,4.957108057368486698e-09
4.894571029581129551e-04,3.424991623646178596e-09,2.007274888455867767e-04,4.669339396059513092e-04,4.957108057368486698e-09
2.818536515292180411e-09,3.424991623646178596e-09,2.721506753005087376e-04,2.359076711755392353e-09,4.957108057368486698e-09
2.818536515292180411e-09,3.424991623646178596e-09,3.585965896490961313e-04,2.359076711755392353e-09,4.957108057368486698e-09
2.818536515292180411e-09,3.424991623646178596e-09,4.532221937552094460e-04,2.359076711755392353e-09,4.957108057368486698e-09
2.818536515292180411e-09,3.424991623646178596e-09,4.310742369852960110e-04,1.272652298212051392e-04,4.957108057368486698e-09
2.818536515292180411e-09,3.424991623646178596e-09,1.815939176594838500e-04,2.359076711755392353e-09,4.957108057368486698e-09
5.196417332626879215e-04,1.628864556550979614e-04,2.261403508896364656e-09,2.359076711755392353e-09,7.326262857532128692e-05
3.867511404678225517e-04,5.050766631029546261e-04,2.261403508896364656e-09,2.359076711755392353e-09,2.388453722232952714e-04
9.743573173182085156e-05,3.424991623646178596e-09,2.261403508896364656e-09,9.716544445836916566e-05,4.957108057368486698e-09
2.436869690427556634e-04,1.043152413330972195e-03,3.634920867625623941e-04,2.744391094893217087e-04,1.691507757641375065e-03
2.818536515292180411e-09,3.424991623646178596e-09,1.823649945436045527e-04,2.359076711755392353e-09,4.957108057368486698e-09
4.047368711326271296e-04,1.031266991049051285e-03,3.784733999054878950e-04,1.361047325190156698e-04,1.331627718172967434e-03
2.818536515292180411e-09,3.424991623646178596e-09,1.811774563975632191e-04,2.359076711755392353e-09,4.957108057368486698e-09
3.431924851611256599e-04,1.087134471163153648e-03,3.842650330625474453e-04,1.276209950447082520e-04,9.809038601815700531e-04
7.658851100131869316e-04,1.078270724974572659e-03,3.898359718732535839e-04,1.797869335860013962e-04,8.271740080090239644e-05
7.566975546069443226e-04,6.294044433161616325e-04,3.990387776866555214e-04,3.607413673307746649e-04,4.957108057368486698e-09
3.258163051214069128e-04,3.141364431940019131e-04,2.748467668425291777e-04,5.736231687478721142e-04,4.957108057368486698e-09
8.812073065200820565e-05,3.424991623646178596e-09,2.261403508896364656e-09,3.302937839180231094e-04,4.957108057368486698e-09
2.917401725426316261e-04,3.424991623646178596e-09,2.261403508896364656e-09,3.865746257361024618e-04,4.957108057368486698e-09
1.077843131497502327e-03,3.424991623646178596e-09,2.547083713579922915e-04,5.262507474981248379e-04,4.957108057368486698e-09
2.818536515292180411e-09,3.424991623646178596e-09,2.722398494370281696e-04,2.359076711755392353e-09,4.957108057368486698e-09
2.818536515292180411e-09,3.424991623646178596e-09,2.727416867855936289e-04,2.359076711755392353e-09,4.957108057368486698e-09
2.818536515292180411e-09,3.424991623646178596e-09,2.733348519541323185e-04,2.359076711755392353e-09,4.957108057368486698e-09
3.609330451581627131e-04,7.653903448954224586e-04,3.886006015818566084e-04,1.715521357255056500e-04,2.055672463029623032e-03
2.030431496677920222e-04,8.738736505620181561e-04,3.617336624301970005e-04,2.791211882140487432e-04,2.421856159344315529e-03
2.392796341155190021e-05,1.093658851459622383e-03,3.545706858858466148e-04,2.681500336620956659e-04,1.959314569830894470e-03
2.560224093031138182e-04,8.894708589650690556e-04,3.895180998370051384e-04,1.592781190993264318e-04,1.703222049400210381e-03
5.416969070211052895e-04,8.289127144962549210e-04,4.023189831059426069e-04,1.632512721698731184e-04,8.251196704804897308e-04
8.375514880754053593e-04,6.738544325344264507e-04,4.126814601477235556e-04,4.732061934191733599e-04,4.957108057368486698e-09
4.040845669806003571e-04,5.621380405500531197e-04,2.556321560405194759e-04,6.245357217267155647e-04,4.957108057368486698e-09
1.058243142324499786e-04,1.821125042624771595e-04,2.261403508896364656e-09,3.358537796884775162e-04,4.957108057368486698e-09
4.333424731157720089e-04,3.424991623646178596e-09,2.261403508896364656e-09,2.359076711755392353e-09,4.957108057368486698e-09
5.446003051474690437e-04,3.424991623646178596e-09,2.261403508896364656e-09,2.359076711755392353e-09,1.840743643697351217e-04
2.818536515292180411e-09,3.424991623646178596e-09,1.822822086978703737e-04,2.359076711755392353e-09,4.957108057368486698e-09
2.818536515292180411e-09,3.424991623646178596e-09,9.068036160897463560e-05,2.359076711755392353e-09,4.957108057368486698e-09
2.818536515292180411e-09,3.424991623646178596e-09,2.261403508896364656e-09,9.061185846803709865e-05,4.957108057368486698e-09
6.401517894119024277e-04,4.406249790918081999e-04,3.977114101871848106e-04,4.778371076099574566e-04,1.734186429530382156e-03
5.300842458382248878e-04,6.587782409042119980e-04,3.584910591598600149e-04,4.460648051463067532e-04,2.304525580257177353e-03
5.449196323752403259e-04,7.657062378711998463e-04,3.687014977913349867e-04,2.741997886914759874e-04,1.958747860044240952e-03
3.980680776294320822e-04,8.691173861734569073e-04,3.895211557392030954e-04,1.566782739246264100e-04,1.584938145242631435e-03
5.539091071113944054e-04,6.393818184733390808e-04,3.945300122722983360e-04,3.277483338024467230e-04,1.178221078589558601e-03
9.033335954882204533e-04,5.518642137758433819e-04,4.156602662988007069e-04,4.784361517522484064e-04,2.878344384953379631e-04
7.110576843842864037e-04,2.714460715651512146e-04,3.295066999271512032e-04,5.501565756276249886e-04,4.957108057368486698e-09
2.116836112691089511e-04,3.424991623646178596e-09,6.247354031074792147e-05,3.181238134857267141e-04,4.957108057368486698e-09
1.802979095373302698e-04,3.424991623646178596e-09,2.261403508896364656e-09,2.359076711755392353e-09,4.957108057368486698e-09
4.729641659650951624e-04,3.424991623646178596e-09,2.261403508896364656e-09,2.359076711755392353e-09,1.695375394774600863e-04
8.242880576290190220e-04,3.424991623646178596e-09,3.891488886438310146e-04,4.951950977556407452e-04,1.585080288350582123e-03
6.793728098273277283e-04,3.655984182842075825e-04,4.102038510609418154e-04,4.972516908310353756e-04,1.557591138407588005e-03
6.078617880120873451e-04,6.546492804773151875e-04,3.774944343604147434e-04,4.631339688785374165e-04,1.582616358064115047e-03
4.819970054086297750e-04,7.355368579737842083e-04,3.960464382544159889e-04,3.229134017601609230e-04,1.196610042825341225e-03
5.891760811209678650e-04,4.542247334029525518e-04,4.114197508897632360e-04,4.793932894244790077e-04,1.008572522550821304e-03
9.464950417168438435e-04,4.068216949235647917e-04,4.035929159726947546e-04,4.989990266039967537e-04,2.555193495936691761e-04
6.975809810683131218e-04,3.424991623646178596e-09,1.773882686393335462e-04,5.638524307869374752e-04,4.957108057368486698e-09
2.205174387199804187e-04,3.424991623646178596e-09,3.491232564556412399e-05,2.188126236433163285e-04,4.957108057368486698e-09
1.949307188624516129e-04,3.424991623646178596e-09,9.134091669693589211e-05,1.946496486198157072e-04,4.957108057368486698e-09
9.235382312908768654e-04,3.424991623646178596e-09,3.615584573708474636e-04,5.173171521164476871e-04,3.183332155458629131e-04
8.588049095124006271e-04,3.424991623646178596e-09,3.730476601049304008e-04,4.997852374799549580e-04,1.357481814920902252e-03
9.753456834005191922e-05,3.424991623646178596e-09,2.261403508896364656e-09,9.703669638838618994e-05,4.957108057368486698e-09
1.746687485137954354e-04,3.424991623646178596e-09,2.261403508896364656e-09,2.359076711755392353e-09,1.125961498473770916e-04
8.395133772864937782e-04,3.424991623646178596e-09,4.627723246812820435e-04,4.872572026215493679e-04,1.459765480831265450e-03
8.409937145188450813e-04,2.200339367846027017e-04,4.323484317865222692e-04,4.906652611680328846e-04,8.269668905995786190e-04
9.172720019705593586e-04,1.665948075242340565e-04,4.308752540964633226e-04,5.133270751684904099e-04,5.573430098593235016e-04
1.101964619010686874e-03,3.424991623646178596e-09,2.967356704175472260e-04,4.413113929331302643e-04,4.957108057368486698e-09
5.171773955225944519e-04,3.424991623646178596e-09,2.902258893300313503e-05,3.812547656707465649e-04,4.957108057368486698e-09
2.078011020785197616e-04,1.598110247869044542e-04,2.261403508896364656e-09,2.359076711755392353e-09,4.189652099739760160e-04
1.961751841008663177e-04,3.424991623646178596e-09,9.016961848828941584e-05,1.932509767357259989e-04,4.957108057368486698e-09
7.263830630108714104e-04,5.805585533380508423e-05,3.711073659360408783e-04,5.152152734808623791e-04,1.394887221977114677e-04
8.072796044871211052e-04,3.424991623646178596e-09,3.531071706674993038e-04,5.065889563411474228e-04,8.722479105927050114e-04
4.406899388413876295e-04,3.424991623646178596e-09,2.261403508896364656e-09,2.359076711755392353e-09,4.957108057368486698e-09
4.409274260979145765e-04,3.424991623646178596e-09,2.261403508896364656e-09,2.359076711755392353e-09,4.957108057368486698e-09
7.465003291144967079e-04,3.424991623646178596e-09,2.854079939424991608e-04,4.558225336950272322e-04,4.957108057368486698e-09
1.952770253410562873e-04,3.424991623646178596e-09,2.261403508896364656e-09,1.942370145116001368e-04,4.957108057368486698e-09
1.938855712069198489e-04,2.996658258780371398e-05,1.112766331061720848e-04,2.685124345589429140e-04,5.098342080600559711e-05
7.238307734951376915e-04,3.424991623646178596e-09,3.678041102830320597e-04,4.371977702248841524e-04,4.305086622480303049e-04
9.929326915880665183e-05,6.596396269742399454e-05,2.349912392674013972e-04,4.737025010399520397e-04,1.150464377133175731e-04
3.964767092838883400e-04,6.759403186151757836e-05,3.819961566478013992e-04,4.556860367301851511e-04,2.574243990238755941e-04
9.858137491391971707e-05,3.424991623646178596e-09,2.261403508896364656e-09,9.825197048485279083e-05,4.957108057368486698e-09
4.323268658481538296e-04,1.612983032828196883e-04,2.261403508896364656e-09,3.765783330891281366e-04,4.748401697725057602e-04
1.952258462551981211e-04,2.957014294224791229e-05,9.085034253075718880e-05,9.399313421454280615e-05,4.996089410269632936e-05
2.007869479712098837e-04,3.424991623646178596e-09,2.261403508896364656e-09,2.359076711755392353e-09,1.900259485410060734e-05
8.966680616140365601e-05,3.424991623646178596e-09,2.261403508896364656e-09,2.359076711755392353e-09,4.957108057368486698e-09
3.233483585063368082e-05,3.424991623646178596e-09,2.261403508896364656e-09,2.359076711755392353e-09,1.694817765383049846e-04
3.370733247720636427e-05,3.424991623646178596e-09,2.261403508896364656e-09,2.359076711755392353e-09,1.669696648605167866e-04
1.267914922209456563e-04,3.424991623646178596e-09,2.261403508896364656e-09,2.359076711755392353e-09,3.313211709610186517e-05
2.818536515292180411e-09,3.424991623646178596e-09,2.211322425864636898e-04,4.025197122246026993e-04,1.095000625355169177e-04
8.974860975285992026e-05,3.424991623646178596e-09,2.261403508896364656e-09,2.359076711755392353e-09,4.957108057368486698e-09
1.261190773220732808e-04,3.424991623646178596e-09,2.261403508896364656e-09,2.359076711755392353e-09,3.517966979416087270e-05
2.818536515292180411e-09,3.424991623646178596e-09,2.261403508896364656e-09,1.698666746960952878e-04,4.957108057368486698e-09
1.385685463901609182e-04,3.424991623646178596e-09,1.979470980586484075e-04,2.962277794722467661e-04,4.957108057368486698e-09
1.735299447318539023e-04,3.424991623646178596e-09,2.261403508896364656e-09,2.359076711755392353e-09,4.957108057368486698e-09
2.818536515292180411e-09,3.424991623646178596e-09,2.261403508896364656e-09,2.359076711755392353e-09,1.026041354634799063e-04
2.818536515292180411e-09,3.424991623646178596e-09,2.707989187911152840e-04,2.359076711755392353e-09,4.957108057368486698e-09
2.818536515292180411e-09,3.424991623646178596e-09,2.707838139031082392e-04,2.359076711755392353e-09,4.957108057368486698e-09
2.818536515292180411e-09,3.424991623646178596e-09,3.551938862074166536e-04,2.359076711755392353e-09,4.957108057368486698e-09
2.818536515292180411e-09,3.424991623646178596e-09,1.822207705117762089e-04,2.359076711755392353e-09,4.957108057368486698e-09
2.818536515292180411e-09,3.424991623646178596e-09,1.821538462536409497e-04,2.359076711755392353e-09,4.957108057368486698e-09
2.818536515292180411e-09,3.424991623646178596e-09,4.431003180798143148e-04,2.359076711755392353e-09,4.957108057368486698e-09
2.818536515292180411e-09,3.424991623646178596e-09,3.792911302298307419e-04,3.497519937809556723e-04,4.957108057368486698e-09
2.818536515292180411e-09,1.979138178285211325e-04,3.818132681772112846e-04,3.875883412547409534e-04,4.957108057368486698e-09
2.818536515292180411e-09,2.482143463566899300e-04,3.616118046920746565e-04,5.240686004981398582e-04,4.957108057368486698e-09
2.818536515292180411e-09,2.095781092066317797e-04,4.500816285144537687e-04,4.997014184482395649e-04,4.957108057368486698e-09
2.818536515292180411e-09,8.961758430814370513e-05,4.723506572190672159e-04,2.643666230142116547e-04,4.957108057368486698e-09
2.818536515292180411e-09,3.424991623646178596e-09,1.157465085270814598e-04,5.589953070739284158e-05,4.957108057368486698e-09
2.818536515292180411e-09,3.424991623646178596e-09,8.985960448626428843e-05,2.359076711755392353e-09,4.957108057368486698e-09
2.818536515292180411e-09,3.424991623646178596e-09,2.730662235990166664e-04,1.881441567093133926e-04,4.957108057368486698e-09
2.818536515292180411e-09,3.424991623646178596e-09,4.436708986759185791e-04,2.359076711755392353e-09,4.957108057368486698e-09
2.818536515292180411e-09,2.715822192840278149e-04,3.597550094127655029e-04,4.974232870154082775e-04,4.957108057368486698e-09
2.818536515292180411e-09,6.780530093237757683e-04,3.279928932897746563e-04,5.091556231491267681e-04,4.957108057368486698e-09
2.818536515292180411e-09,1.132041914388537407e-03,3.589462430682033300e-04,4.490657011047005653e-04,4.957108057368486698e-09
2.818536515292180411e-09,9.310208261013031006e-04,3.725011483766138554e-04,4.707103653345257044e-04,4.957108057368486698e-09
2.818536515292180411e-09,7.202314445748925209e-04,4.093503812327980995e-04,3.650383150670677423e-04,4.957108057368486698e-09
2.818536515292180411e-09,5.202411557547748089e-04,2.624334592837840319e-04,5.316979368217289448e-04,4.957108057368486698e-09
2.818536515292180411e-09,3.424991623646178596e-09,8.987172623164951801e-05,2.359076711755392353e-09,4.957108057368486698e-09
2.818536515292180411e-09,3.424991623646178596e-09,1.820640172809362411e-04,2.359076711755392353e-09,4.957108057368486698e-09
2.818536515292180411e-09,3.424991623646178596e-09,1.352731924271211028e-04,3.039982111658900976e-04,4.957108057368486698e-09
9.721718379296362400e-05,3.424991623646178596e-09,3.738189407158643007e-04,3.672949387691915035e-04,4.957108057368486698e-09
1.258870179299265146e-04,3.689377917908132076e-04,4.116059571970254183e-04,5.844605038873851299e-04,4.957108057368486698e-09
2.818536515292180411e-09,9.857605909928679466e-04,3.690201265271753073e-04,4.649084876291453838e-04,4.957108057368486698e-09
1.882629148894920945e-04,1.315358444117009640e-03,3.842036821879446507e-04,4.566335701383650303e-04,4.957108057368486698e-09
2.818536515292180411e-09,1.349580590613186359e-03,3.487797512207180262e-04,4.331702948547899723e-04,4.957108057368486698e-09
2.818536515292180411e-09,1.073883147910237312e-03,3.618066839408129454e-04,4.578726075123995543e-04,4.957108057368486698e-09
2.818536515292180411e-09,8.377518970519304276e-04,3.853321250062435865e-04,4.776463611051440239e-04,4.957108057368486698e-09
2.818536515292180411e-09,3.037996357306838036e-04,1.584793644724413753e-04,5.854396731592714787e-04,4.957108057368486698e-09
2.818536515292180411e-09,3.424991623646178596e-09,2.261403508896364656e-09,1.334469270659610629e-04,4.957108057368486698e-09
2.818536515292180411e-09,3.424991623646178596e-09,9.086355566978454590e-05,2.359076711755392353e-09,4.957108057368486698e-09
2.818536515292180411e-09,3.424991623646178596e-09,2.425836282782256603e-04,3.909831866621971130e-04,4.957108057368486698e-09
9.669428254710510373e-05,7.814930722815915942e-05,3.548506065271794796e-04,4.847380332648754120e-04,4.957108057368486698e-09
2.818536515292180411e-09,3.424991623646178596e-09,9.070900705410167575e-05,2.359076711755392353e-09,4.957108057368486698e-09
4.020603082608431578e-04,7.729210774414241314e-04,3.625255776569247246e-04,4.974306793883442879e-04,4.957108057368486698e-09
3.400520654395222664e-04,1.207350054755806923e-03,3.878989955410361290e-04,4.676490498241037130e-04,4.957108057368486698e-09
4.215723893139511347e-04,1.286574988625943661e-03,3.780147526413202286e-04,4.528594145085662603e-04,4.957108057368486698e-09
3.335997753310948610e-04,1.281003234907984734e-03,3.824577142950147390e-04,4.691365174949169159e-04,4.957108057368486698e-09
1.764988992363214493e-04,1.240608864463865757e-03,3.532601695042103529e-04,3.832004440482705832e-04,4.957108057368486698e-09
2.818536515292180411e-09,1.051374711096286774e-03,3.670371661428362131e-04,4.572537436615675688e-04,4.957108057368486698e-09
2.818536515292180411e-09,5.747791728936135769e-04,1.415227307006716728e-04,5.474630161188542843e-04,4.957108057368486698e-09
2.818536515292180411e-09,1.830424880608916283e-04,2.261403508896364656e-09,4.891364369541406631e-04,4.957108057368486698e-09
2.818536515292180411e-09,3.424991623646178596e-09,9.003195009427145123e-05,2.359076711755392353e-09,4.957108057368486698e-09
9.744969429448246956e-05,3.424991623646178596e-09,2.261403508896364656e-09,2.905563742388039827e-04,4.957108057368486698e-09
3.106225631199777126e-04,3.424991623646178596e-09,4.358389414846897125e-04,5.658078589476644993e-04,4.957108057368486698e-09
4.489796992857009172e-04,2.187652717111632228e-04,4.221190465614199638e-04,5.534687661565840244e-04,4.957108057368486698e-09
6.823060684837400913e-04,7.499205530621111393e-04,3.565652878023684025e-04,4.761613090522587299e-04,4.957108057368486698e-09
7.403700146824121475e-04,1.166760106571018696e-03,3.828096087090671062e-04,3.243147220928221941e-04,4.957108057368486698e-09
7.450864650309085846e-04,1.202259212732315063e-03,3.810524358414113522e-04,2.788452547974884510e-04,4.957108057368486698e-09
2.818536515292180411e-09,3.424991623646178596e-09,9.045560727827250957e-05,2.359076711755392353e-09,4.957108057368486698e-09
7.476262398995459080e-04,1.105712959542870522e-03,3.509854141157120466e-04,2.139573371096048504e-05,4.957108057368486698e-09
3.565870865713804960e-04,1.143725588917732239e-03,3.848901542369276285e-04,2.359076711755392353e-09,4.957108057368486698e-09
3.290304448455572128e-04,9.816607926040887833e-04,3.754844365175813437e-04,2.448721788823604584e-04,4.957108057368486698e-09
6.418747943826019764e-05,5.527299363166093826e-04,2.598177816253155470e-04,3.393559600226581097e-04,4.957108057368486698e-09
2.818536515292180411e-09,2.409075968898832798e-04,2.261403508896364656e-09,4.381960607133805752e-04,4.957108057368486698e-09
2.818536515292180411e-09,1.020681884256191552e-04,2.261403508896364656e-09,1.447681861463934183e-04,4.957108057368486698e-09
2.818536515292180411e-09,3.424991623646178596e-09,1.815137075027450919e-04,2.359076711755392353e-09,4.957108057368486698e-09
2.818536515292180411e-09,3.424991623646178596e-09,9.104236960411071777e-05,2.359076711755392353e-09,4.957108057368486698e-09
2.818536515292180411e-09,3.424991623646178596e-09,9.076651622308418155e-05,2.359076711755392353e-09,4.957108057368486698e-09
2.818536515292180411e-09,3.424991623646178596e-09,9.018772107083350420e-05,2.359076711755392353e-09,4.957108057368486698e-09
9.661849617259576917e-05,3.424991623646178596e-09,2.261403508896364656e-09,3.891508094966411591e-04,4.957108057368486698e-09
6.435148534364998341e-04,3.424991623646178596e-09,3.053261898458003998e-04,5.575387040153145790e-04,4.957108057368486698e-09
7.256194949150085449e-04,2.813413448166102171e-04,3.763315908145159483e-04,5.184310721233487129e-04,4.957108057368486698e-09
8.792443550191819668e-04,9.412173531018197536e-04,3.726516733877360821e-04,4.536983615253120661e-04,4.957108057368486698e-09
8.589315111748874187e-04,1.091683865524828434e-03,3.836156975012272596e-04,4.375304270070046186e-04,4.957108057368486698e-09
7.797141443006694317e-04,1.298109418712556362e-03,3.809962072409689426e-04,7.250112685142084956e-05,5.000835153623484075e-05
2.818536515292180411e-09,3.424991623646178596e-09,9.032773232320323586e-05,2.359076711755392353e-09,4.957108057368486698e-09
6.576577434316277504e-04,1.280429190956056118e-03,3.912537649739533663e-04,2.359076711755392353e-09,4.957108057368486698e-09
2.818536515292180411e-09,3.424991623646178596e-09,2.261403508896364656e-09,9.044814942171797156e-05,4.957108057368486698e-09
5.195428966544568539e-04,1.143638743087649345e-03,4.090188886038959026e-04,2.359076711755392353e-09,4.957108057368486698e-09
4.344777553342282772e-04,9.182765497826039791e-04,3.911742533091455698e-04,3.802772553171962500e-04,4.957108057368486698e-09
1.006486563710495830e-04,4.812923434656113386e-04,1.503695384599268436e-04,2.436466311337426305e-04,4.957108057368486698e-09
4.212599378661252558e-05,2.565906906966120005e-04,2.261403508896364656e-09,5.752792931161820889e-04,4.957108057368486698e-09
2.818536515292180411e-09,1.011331769404932857e-04,2.261403508896364656e-09,1.433416618965566158e-04,4.957108057368486698e-09
2.818536515292180411e-09,3.424991623646178596e-09,9.015790419653058052e-05,2.359076711755392353e-09,4.957108057368486698e-09
2.818536515292180411e-09,3.424991623646178596e-09,1.804035855457186699e-04,2.359076711755392353e-09,4.957108057368486698e-09
2.818536515292180411e-09,3.424991623646178596e-09,2.725936356000602245e-04,2.359076711755392353e-09,4.957108057368486698e-09
8.719921606825664639e-05,3.424991623646178596e-09,2.261403508896364656e-09,2.359076711755392353e-09,4.957108057368486698e-09
4.919897764921188354e-04,3.424991623646178596e-09,2.054476935882121325e-04,4.606521106325089931e-04,4.957108057368486698e-09
1.065593794919550419e-03,3.424991623646178596e-09,3.863893798552453518e-04,5.171787342987954617e-04,4.957108057368486698e-09
8.387573761865496635e-04,6.835701060481369495e-04,3.484347253106534481e-04,4.745267506223171949e-04,2.868197334464639425e-04
2.818536515292180411e-09,3.424991623646178596e-09,9.083001350518316031e-05,2.359076711755392353e-09,4.957108057368486698e-09
6.937725702300667763e-04,9.186729439534246922e-04,3.813735092990100384e-04,2.830575103871524334e-04,8.190617663785815239e-04
2.818536515292180411e-09,3.424991623646178596e-09,9.052331006387248635e-05,2.359076711755392353e-09,4.957108057368486698e-09
7.401525508612394333e-04,1.066098804585635662e-03,3.934579435735940933e-04,2.359076711755392353e-09,4.692864604294300079e-04
2.818536515292180411e-09,3.424991623646178596e-09,1.808456436265259981e-04,2.359076711755392353e-09,4.957108057368486698e-09
6.909989169798791409e-04,1.047926605679094791e-03,3.945994249079376459e-04,2.359076711755392353e-09,6.865148316137492657e-04
2.818536515292180411e-09,3.424991623646178596e-09,1.809933310141786933e-04,2.359076711755392353e-09,4.957108057368486698e-09
7.690200000070035458e-04,1.094360603019595146e-03,4.013774159830063581e-04,2.359076711755392353e-09,4.957108057368486698e-09
7.740726578049361706e-04,1.169431721791625023e-03,3.949934325646609068e-04,9.810738265514373779e-05,4.957108057368486698e-09
5.371241131797432899e-04,7.598315132781863213e-04,3.982969792559742928e-04,4.561273672152310610e-04,4.957108057368486698e-09
7.807292422512546182e-05,4.763786564581096172e-04,2.636065473780035973e-04,5.326681421138346195e-04,4.957108057368486698e-09
4.147396612097509205e-05,2.777191402856260538e-04,2.261403508896364656e-09,3.861441509798169136e-04,4.957108057368486698e-09
2.818536515292180411e-09,3.424991623646178596e-09,2.261403508896364656e-09,9.793751814868301153e-05,4.957108057368486698e-09
9.808451432036235929e-05,3.424991623646178596e-09,2.261403508896364656e-09,3.859904245473444462e-04,4.957108057368486698e-09
2.818536515292180411e-09,3.424991623646178596e-09,9.154839062830433249e-05,2.359076711755392353e-09,4.957108057368486698e-09
2.818536515292180411e-09,3.424991623646178596e-09,9.080731251742690802e-05,2.359076711755392353e-09,4.957108057368486698e-09
2.818536515292180411e-09,3.424991623646178596e-09,9.058902651304379106e-05,2.359076711755392353e-09,4.957108057368486698e-09
2.818536515292180411e-09,3.424991623646178596e-09,9.067500650417059660e-05,2.359076711755392353e-09,4.957108057368486698e-09
2.818536515292180411e-09,3.424991623646178596e-09,9.116592991631478071e-05,2.359076711755392353e-09,4.957108057368486698e-09
2.818536515292180411e-09,3.424991623646178596e-09,1.804397907108068466e-04,2.359076711755392353e-09,4.957108057368486698e-09
2.818536515292180411e-09,3.424991623646178596e-09,1.800446625566110015e-04,2.359076711755392353e-09,4.957108057368486698e-09
2.818536515292180411e-09,3.424991623646178596e-09,2.261403508896364656e-09,9.065929043572396040e-05,4.957108057368486698e-09
1.069339225068688393e-03,3.424991623646178596e-09,3.644415701273828745e-04,5.192661192268133163e-04,4.957108057368486698e-09
9.724521660245954990e-04,1.443377113901078701e-04,3.664800024125725031e-04,5.079680704511702061e-04,4.656985984183847904e-04
7.430044934153556824e-04,6.798146641813218594e-04,3.769339818973094225e-04,4.730336950160562992e-04,7.611056789755821228e-04
5.095858359709382057e-04,9.770940523594617844e-04,3.942573675885796547e-04,1.401427725795656443e-04,8.572227670811116695e-04
2.818536515292180411e-09,3.424991623646178596e-09,1.816411968320608139e-04,2.359076711755392353e-09,4.957108057368486698e-09
4.761460295412689447e-04,1.062399474903941154e-03,3.960705362260341644e-04,2.359076711755392353e-09,9.228726848959922791e-04
2.818536515292180411e-09,3.424991623646178596e-09,2.261403508896364656e-09,9.064127516467124224e-05,4.957108057368486698e-09
5.390083533711731434e-04,1.034289016388356686e-03,4.008831165265291929e-04,2.359076711755392353e-09,6.883447640575468540e-04
2.818536515292180411e-09,3.424991623646178596e-09,1.810171379474923015e-04,2.359076711755392353e-09,4.957108057368486698e-09
9.006496984511613846e-04,1.003165962174534798e-03,4.109526635147631168e-04,2.359076711755392353e-09,4.957108057368486698e-09
8.237987640313804150e-04,6.986980442889034748e-04,3.829920315183699131e-04,4.728493804577738047e-04,4.957108057368486698e-09
2.998222771566361189e-04,6.059228326193988323e-04,3.007550258189439774e-04,5.225233035162091255e-04,4.957108057368486698e-09
1.983000765903852880e-05,3.771948104258626699e-04,2.261403508896364656e-09,3.616072062868624926e-04,4.957108057368486698e-09
2.818536515292180411e-09,3.424991623646178596e-09,2.261403508896364656e-09,3.306831931695342064e-04,4.957108057368486698e-09
9.757357474882155657e-05,3.424991623646178596e-09,2.261403508896364656e-09,9.724953270051628351e-05,4.957108057368486698e-09
4.863780341111123562e-04,3.424991623646178596e-09,2.261403508896364656e-09,3.883253666572272778e-04,4.957108057368486698e-09
2.818536515292180411e-09,3.424991623646178596e-09,1.801854668883606791e-04,2.359076711755392353e-09,4.957108057368486698e-09
2.818536515292180411e-09,3.424991623646178596e-09,1.812856644392013550e-04,2.359076711755392353e-09,4.957108057368486698e-09
2.818536515292180411e-09,3.424991623646178596e-09,2.261403508896364656e-09,9.013614908326417208e-05,4.957108057368486698e-09
1.096288789995014668e-03,3.424991623646178596e-09,3.814386145677417517e-04,4.939429345540702343e-04,2.693469286896288395e-04
7.275686948560178280e-04,5.352832959033548832e-04,3.971007827203720808e-04,4.867572570219635963e-04,9.861647849902510643e-04
4.851574776694178581e-04,7.331142551265656948e-04,3.760727704502642155e-04,4.625264846254140139e-04,1.174678676761686802e-03
4.749915096908807755e-04,9.212237200699746609e-04,3.815917007159441710e-04,2.937937388196587563e-04,1.056391978636384010e-03
2.701523189898580313e-04,1.009538536891341209e-03,3.688805154524743557e-04,2.807867131195962429e-04,1.499288599006831646e-03
5.709045217372477055e-04,8.722328348085284233e-04,3.874810936395078897e-04,3.040282172150909901e-04,6.818420370109379292e-04
9.267088607884943485e-04,7.524681859649717808e-04,4.014995356556028128e-04,4.555188061203807592e-04,4.957108057368486698e-09
8.654455887153744698e-04,5.185290356166660786e-04,3.998028987552970648e-04,4.915075260214507580e-04,4.957108057368486698e-09
2.402937388978898525e-05,6.230218568816781044e-04,2.261403508896364656e-09,5.386982229538261890e-04,4.957108057368486698e-09
2.818536515292180411e-09,1.198350073536857963e-04,2.261403508896364656e-09,2.172489621443673968e-04,4.957108057368486698e-09
2.818536515292180411e-09,3.424991623646178596e-09,2.261403508896364656e-09,2.359076711755392353e-09,1.031629726639948785e-04
1.937202614499256015e-04,3.424991623646178596e-09,2.261403508896364656e-09,1.946494885487481952e-04,4.957108057368486698e-09
8.133881492540240288e-04,3.424991623646178596e-09,2.322204090887680650e-04,4.564651462715119123e-04,4.957108057368486698e-09
2.818536515292180411e-09,3.424991623646178596e-09,2.261403508896364656e-09,2.359076711755392353e-09,1.024420271278358996e-04
2.818536515292180411e-09,3.424991623646178596e-09,1.809569657780230045e-04,2.359076711755392353e-09,4.957108057368486698e-09
7.563446997664868832e-04,1.484842214267700911e-04,4.361825995147228241e-04,5.004358245059847832e-04,1.441496191546320915e-03
6.104579661041498184e-04,5.755166639573872089e-04,3.753895871341228485e-04,4.719067655969411135e-04,1.702581648714840412e-03
4.679162229876965284e-04,6.719364901073276997e-04,3.847080806735903025e-04,3.120264736935496330e-04,1.747015281580388546e-03
2.748191182035952806e-04,8.400801452808082104e-04,3.894043911714106798e-04,1.657579559832811356e-04,1.635173102840781212e-03
3.223652893211692572e-04,7.621847908012568951e-04,3.848522901535034180e-04,3.195553726982325315e-04,1.381450099870562553e-03
6.750787724740803242e-04,7.023480138741433620e-04,3.988887765444815159e-04,4.493606975302100182e-04,4.411626141518354416e-04
8.370599243789911270e-04,6.370926857925951481e-04,3.114276041742414236e-04,3.681327798403799534e-04,4.957108057368486698e-09
6.055617704987525940e-04,3.819006087724119425e-04,3.158554900437593460e-04,5.554435192607343197e-04,4.957108057368486698e-09
2.105758612742647529e-04,3.424991623646178596e-09,6.301264511421322823e-05,3.168343973811715841e-04,4.957108057368486698e-09
3.617844486143440008e-04,3.424991623646178596e-09,2.261403508896364656e-09,2.359076711755392353e-09,1.097810818464495242e-04
9.754318161867558956e-04,3.424991623646178596e-09,2.261403508896364656e-09,4.757394490297883749e-04,3.176641475874930620e-04
2.818536515292180411e-09,3.424991623646178596e-09,2.261403508896364656e-09,9.154267172561958432e-05,4.957108057368486698e-09
8.817420894047245383e-05,3.424991623646178596e-09,2.261403508896364656e-09,2.359076711755392353e-09,4.957108057368486698e-09
4.944332758896052837e-04,3.424991623646178596e-09,2.261403508896364656e-09,2.359076711755392353e-09,3.007532795891165733e-04
6.102621555328369141e-04,5.589419743046164513e-04,3.844086895696818829e-04,4.742670571431517601e-04,1.714946352876722813e-03
5.968877230770885944e-04,6.789497565478086472e-04,3.852015361189842224e-04,3.097512526437640190e-04,1.581100979819893837e-03
6.745032151229679585e-04,6.404762389138340950e-04,3.912151441909372807e-04,3.194409655407071114e-04,1.138831954449415207e-03
7.062223157845437527e-04,6.302205147221684456e-04,3.840737335849553347e-04,4.675897944252938032e-04,9.686139528639614582e-04
9.983284398913383484e-04,4.202325944788753986e-04,2.921430277638137341e-04,5.142967565916478634e-04,4.957108057368486698e-09
7.735720137134194374e-04,3.424991623646178596e-09,2.064430300379171968e-04,4.629833856597542763e-04,4.957108057368486698e-09
2.118116099154576659e-04,3.424991623646178596e-09,5.465548019856214523e-05,4.266400064807385206e-04,4.957108057368486698e-09
2.818536515292180411e-09,3.424991623646178596e-09,2.261403508896364656e-09,2.359076711755392353e-09,1.023079967126250267e-04
5.294338334351778030e-04,3.424991623646178596e-09,2.261403508896364656e-09,9.197952749673277140e-05,1.311730593442916870e-04
9.530010283924639225e-04,3.424991623646178596e-09,3.742862027138471603e-04,4.942434607073664665e-04,8.080879342742264271e-04
2.818536515292180411e-09,3.424991623646178596e-09,2.261403508896364656e-09,2.359076711755392353e-09,3.051570092793554068e-04
8.384723332710564137e-04,3.424991623646178596e-09,4.594943020492792130e-04,4.863273061346262693e-04,1.458589220419526100e-03
7.562092505395412445e-04,1.474664022680372000e-04,4.351756651885807514e-04,4.992735339328646660e-04,1.442137523554265499e-03
6.244828691706061363e-04,2.882403787225484848e-04,4.256306565366685390e-04,4.475518653634935617e-04,1.082644797861576080e-03
7.377497386187314987e-04,1.896521716844290495e-04,4.559905501082539558e-04,4.915436147712171078e-04,7.531775627285242081e-04
1.152315991930663586e-03,3.424991623646178596e-09,3.281065437477082014e-04,5.037859664298593998e-04,4.957108057368486698e-09
5.993288359604775906e-04,3.424991623646178596e-09,2.261403508896364656e-09,4.046442336402833462e-04,4.957108057368486698e-09
2.818536515292180411e-09,3.424991623646178596e-09,2.261403508896364656e-09,9.952764230547472835e-05,4.957108057368486698e-09
1.810584799386560917e-04,3.424991623646178596e-09,2.261403508896364656e-09,2.359076711755392353e-09,4.957108057368486698e-09
7.177323568612337112e-04,3.424991623646178596e-09,2.040430554188787937e-04,4.524090618360787630e-04,2.784540120046585798e-04
8.656406425870954990e-04,3.424991623646178596e-09,3.546638472471386194e-04,5.091262282803654671e-04,9.102014009840786457e-04
2.818536515292180411e-09,3.424991623646178596e-09,2.261403508896364656e-09,2.359076711755392353e-09,1.620515249669551849e-04
2.818536515292180411e-09,3.424991623646178596e-09,2.261403508896364656e-09,2.359076711755392353e-09,4.957108057368486698e-09
9.616162278689444065e-04,3.424991623646178596e-09,2.481042756699025631e-04,5.198700237087905407e-04,4.706210456788539886e-04
1.029394683428108692e-03,3.424991623646178596e-09,3.796561504714190960e-04,4.979880177415907383e-04,3.993333957623690367e-04
1.043672324158251286e-03,3.424991623646178596e-09,2.488619647920131683e-04,5.124022718518972397e-04,3.819512203335762024e-04
7.678117253817617893e-04,3.424991623646178596e-09,2.264009090140461922e-04,5.553447408601641655e-04,4.957108057368486698e-09
3.822217113338410854e-04,3.424991623646178596e-09,2.261403508896364656e-09,3.939400485251098871e-04,4.957108057368486698e-09
9.805311128729954362e-05,3.424991623646178596e-09,2.261403508896364656e-09,9.644469537306576967e-05,4.957108057368486698e-09
2.909846953116357327e-04,3.424991623646178596e-09,1.051020735758356750e-04,3.727994044311344624e-04,4.957108057368486698e-09
8.955930825322866440e-04,3.424991623646178596e-09,2.585227484814822674e-04,5.371564766392111778e-04,4.957108057368486698e-09
9.055353439180180430e-05,3.424991623646178596e-09,2.261403508896364656e-09,2.359076711755392353e-09,4.957108057368486698e-09
9.028818021761253476e-05,3.424991623646178596e-09,2.261403508896364656e-09,2.359076711755392353e-09,4.957108057368486698e-09
2.818536515292180411e-09,3.424991623646178596e-09,2.261403508896364656e-09,2.359076711755392353e-09,1.027464313665404916e-04
6.580923800356686115e-04,3.424991623646178596e-09,3.792456991504877806e-04,4.390421672724187374e-04,1.590387400938197970e-04
5.702144699171185493e-04,7.567715510958805680e-05,3.737199585884809494e-04,4.570209421217441559e-04,2.795117616187781096e-04
4.455990856513381004e-04,3.424991623646178596e-09,2.156578411813825369e-04,2.976386458612978458e-04,4.957108057368486698e-09
2.681855403352528811e-04,8.039359090616926551e-05,9.087669604923576117e-05,9.901381417876109481e-05,4.957108057368486698e-09
2.818536515292180411e-09,2.368669811403378844e-04,2.261403508896364656e-09,1.294446265092119575e-04,4.957108057368486698e-09
1.925930264405906200e-04,3.424991623646178596e-09,2.261403508896364656e-09,9.736224455991759896e-05,4.957108057368486698e-09
9.735899948282167315e-05,3.424991623646178596e-09,1.280810247408226132e-04,4.656577075365930796e-04,4.957108057368486698e-09
1.733097160467877984e-04,3.424991623646178596e-09,2.261403508896364656e-09,2.359076711755392353e-09,4.957108057368486698e-09
5.221309838816523552e-04,3.424991623646178596e-09,2.511650964152067900e-04,3.786579763982445002e-04,2.373907336732372642e-04
1.771406823536381125e-04,3.424991623646178596e-09,9.122800111072137952e-05,2.022925036726519465e-04,4.957108057368486698e-09
2.818536515292180411e-09,1.119629305321723223e-04,1.000904667307622731e-04,1.133109399233944714e-04,4.957108057368486698e-09
2.818536515292180411e-09,2.986682520713657141e-04,2.261403508896364656e-09,1.283811870962381363e-04,4.957108057368486698e-09
2.818536515292180411e-09,3.424991623646178596e-09,9.087334910873323679e-05,2.359076711755392353e-09,4.957108057368486698e-09
9.034787944983690977e-05,3.424991623646178596e-09,2.261403508896364656e-09,2.359076711755392353e-09,4.957108057368486698e-09
2.818536515292180411e-09,3.424991623646178596e-09,2.261403508896364656e-09,9.998799214372411370e-05,4.957108057368486698e-09
2.038365055341273546e-04,3.424991623646178596e-09,3.716708160936832428e-04,2.845424460247159004e-04,1.420955086359754205e-04
2.818536515292180411e-09,3.424991623646178596e-09,9.064375626621767879e-05,9.737554501043632627e-05,4.957108057368486698e-09
2.818536515292180411e-09,3.424991623646178596e-09,1.799237506929785013e-04,2.359076711755392353e-09,4.957108057368486698e-09
2.818536515292180411e-09,3.424991623646178596e-09,2.261403508896364656e-09,2.359076711755392353e-09,1.021908101392909884e-04
2.818536515292180411e-09,3.424991623646178596e-09,2.261403508896364656e-09,1.003310680971480906e-04,4.957108057368486698e-09
2.818536515292180411e-09,3.424991623646178596e-09,2.261403508896364656e-09,1.006849124678410590e-04,4.957108057368486698e-09
2.818536515292180411e-09,3.424991623646178596e-09,9.094097913475707173e-05,2.359076711755392353e-09,4.957108057368486698e-09
2.818536515292180411e-09,3.424991623646178596e-09,2.729789994191378355e-04,2.359076711755392353e-09,4.957108057368486698e-09
2.818536515292180411e-09,3.424991623646178596e-09,2.729892730712890625e-04,2.359076711755392353e-09,4.957108057368486698e-09
2.818536515292180411e-09,3.424991623646178596e-09,1.823165075620636344e-04,2.359076711755392353e-09,4.957108057368486698e-09
2.818536515292180411e-09,3.424991623646178596e-09,9.167007374344393611e-05,2.359076711755392353e-09,4.957108057368486698e-09
2.818536515292180411e-09,3.424991623646178596e-09,3.617119800765067339e-04,2.359076711755392353e-09,4.957108057368486698e-09
2.818536515292180411e-09,3.424991623646178596e-09,4.443798097781836987e-04,2.359076711755392353e-09,4.957108057368486698e-09
2.818536515292180411e-09,7.698853005422279239e-05,3.677529457490891218e-04,3.928372461814433336e-04,4.957108057368486698e-09
2.818536515292180411e-09,1.520844089100137353e-04,3.525702632032334805e-04,5.047101294621825218e-04,4.957108057368486698e-09
2.818536515292180411e-09,1.594338973518460989e-04,3.748704621102660894e-04,2.866601862479001284e-04,4.957108057368486698e-09
2.818536515292180411e-09,8.108466863632202148e-05,2.710952830966562033e-04,2.936943492386490107e-04,4.957108057368486698e-09
2.818536515292180411e-09,3.424991623646178596e-09,4.031395947095006704e-04,2.336931356694549322e-04,4.957108057368486698e-09
2.818536515292180411e-09,3.424991623646178596e-09,3.799473051913082600e-04,3.469495277386158705e-04,4.957108057368486698e-09
2.818536515292180411e-09,2.820017689373344183e-04,3.695254272315651178e-04,3.736249636858701706e-04,4.957108057368486698e-09
2.818536515292180411e-09,5.574192618951201439e-04,3.332441265229135752e-04,4.609526367858052254e-04,4.957108057368486698e-09
2.818536515292180411e-09,6.993198767304420471e-04,3.925610799342393875e-04,4.944453248754143715e-04,4.957108057368486698e-09
2.818536515292180411e-09,5.768216215074062347e-04,3.778194368351250887e-04,5.165165639482438564e-04,4.957108057368486698e-09
2.818536515292180411e-09,1.152104669017717242e-04,2.261403508896364656e-09,2.923920401372015476e-04,4.957108057368486698e-09
2.818536515292180411e-09,1.438748295186087489e-04,1.139005835284478962e-04,1.805909560061991215e-04,4.957108057368486698e-09
2.818536515292180411e-09,3.424991623646178596e-09,2.261403508896364656e-09,9.007039625430479646e-05,4.957108057368486698e-09
2.818536515292180411e-09,3.424991623646178596e-09,4.019663319922983646e-04,2.321990759810432792e-04,4.957108057368486698e-09
2.818536515292180411e-09,7.837120210751891136e-05,3.562544297892600298e-04,4.777081776410341263e-04,4.957108057368486698e-09
2.818536515292180411e-09,5.251092370599508286e-04,3.337378147989511490e-04,5.403707618825137615e-04,4.957108057368486698e-09
1.097012718673795462e-04,1.004605204798281193e-03,3.434680984355509281e-04,5.263485363684594631e-04,4.957108057368486698e-09
2.818536515292180411e-09,1.057433080859482288e-03,3.625508106779307127e-04,4.575933562591671944e-04,4.957108057368486698e-09
2.818536515292180411e-09,8.569388301111757755e-04,3.783317515626549721e-04,4.767537757288664579e-04,4.957108057368486698e-09
2.818536515292180411e-09,7.466369424946606159e-04,3.803480067290365696e-04,4.592868790496140718e-04,4.957108057368486698e-09
2.818536515292180411e-09,3.887766506522893906e-04,1.504528918303549290e-04,5.659548914991319180e-04,4.957108057368486698e-09
2.818536515292180411e-09,1.158456434495747089e-04,2.261403508896364656e-09,2.940385020337998867e-04,4.957108057368486698e-09
2.818536515292180411e-09,3.225018008379265666e-05,2.261403508896364656e-09,2.866659451683517545e-05,4.957108057368486698e-09
2.818536515292180411e-09,3.424991623646178596e-09,2.261403508896364656e-09,9.974515705835074186e-05,4.957108057368486698e-09
2.818536515292180411e-09,3.424991623646178596e-09,2.517043321859091520e-04,4.661549173761159182e-04,4.957108057368486698e-09
1.143499976024031639e-04,2.596612612251192331e-04,3.461154410615563393e-04,5.952430074103176594e-04,4.957108057368486698e-09
1.647053431952372193e-04,8.701806655153632164e-04,3.665437398012727499e-04,5.376538028940558434e-04,4.957108057368486698e-09
1.932581944856792688e-04,1.240984653122723103e-03,3.885015321429818869e-04,4.696101532317698002e-04,4.957108057368486698e-09
2.818536515292180411e-09,1.256861723959445953e-03,4.043863737024366856e-04,3.024385077878832817e-04,4.957108057368486698e-09
1.807802764233201742e-04,1.214886317029595375e-03,3.477717691566795111e-04,4.866621748078614473e-04,4.957108057368486698e-09
2.818536515292180411e-09,9.329143795184791088e-04,3.524915955495089293e-04,4.713193338830024004e-04,4.957108057368486698e-09
2.818536515292180411e-09,6.630500429309904575e-04,2.549747878219932318e-04,5.222024046815931797e-04,4.957108057368486698e-09
2.818536515292180411e-09,2.549471682868897915e-04,1.163825581897981465e-04,5.731075070798397064e-04,4.957108057368486698e-09
2.818536515292180411e-09,1.272146473638713360e-04,2.261403508896364656e-09,2.359076711755392353e-09,4.957108057368486698e-09
9.650497668189927936e-05,3.424991623646178596e-09,2.261403508896364656e-09,4.869278054684400558e-04,4.957108057368486698e-09
9.639086056267842650e-05,3.424991623646178596e-09,3.638777125161141157e-04,4.833683196920901537e-04,4.957108057368486698e-09
4.546892305370420218e-04,2.026616712100803852e-04,3.996664599981158972e-04,5.952413193881511688e-04,4.957108057368486698e-09
3.862156008835881948e-04,8.562795701436698437e-04,3.586245002225041389e-04,5.029379972256720066e-04,4.957108057368486698e-09
4.731828812509775162e-04,1.187870511785149574e-03,3.824895538855344057e-04,4.564831324387341738e-04,4.957108057368486698e-09
4.427428066264837980e-04,1.129986369051039219e-03,3.896939451806247234e-04,4.604797868523746729e-04,4.957108057368486698e-09
3.245500265620648861e-04,1.112662255764007568e-03,3.526716609485447407e-04,4.743785830214619637e-04,4.957108057368486698e-09
1.977396459551528096e-04,9.919357253238558769e-04,3.414898528717458248e-04,5.313454894348978996e-04,4.957108057368486698e-09
2.818536515292180411e-09,8.280314505100250244e-04,2.509603509679436684e-04,3.068853111471980810e-04,4.957108057368486698e-09
2.151668559235986322e-05,3.727724833879619837e-04,1.362737821182236075e-04,3.441271837800741196e-04,4.957108057368486698e-09
2.818536515292180411e-09,1.670403726166114211e-04,2.261403508896364656e-09,2.489762555342167616e-04,4.957108057368486698e-09
9.041062730830162764e-05,3.424991623646178596e-09,2.261403508896364656e-09,2.359076711755392353e-09,4.957108057368486698e-09
2.818536515292180411e-09,3.424991623646178596e-09,9.036842675413936377e-05,2.359076711755392353e-09,4.957108057368486698e-09
2.818536515292180411e-09,3.424991623646178596e-09,2.261403508896364656e-09,1.998714869841933250e-04,4.957108057368486698e-09
2.910201437771320343e-04,3.424991623646178596e-09,9.196733299177139997e-05,9.716609201859682798e-05,4.957108057368486698e-09
5.299944314174354076e-04,3.424991623646178596e-09,4.219440161250531673e-04,5.570563371293246746e-04,4.957108057368486698e-09
6.748260930180549622e-04,4.001890774816274643e-04,3.688216966111212969e-04,5.177657003514468670e-04,4.957108057368486698e-09
7.742581656202673912e-04,8.334921440109610558e-04,3.472737735137343407e-04,4.687153559643775225e-04,4.957108057368486698e-09
7.506544352509081364e-04,1.040585339069366455e-03,3.706613206304609776e-04,4.456983006093651056e-04,4.957108057368486698e-09
7.709820638410747051e-04,1.171031850390136242e-03,3.955909051001071930e-04,9.628917177906259894e-05,4.957108057368486698e-09
5.263527273200452328e-04,1.121061271987855434e-03,3.884618636220693588e-04,4.547678399831056595e-04,4.957108057368486698e-09
3.394540690351277590e-04,9.914134861901402473e-04,3.509150992613285780e-04,3.778526443056762218e-04,4.957108057368486698e-09
2.818536515292180411e-09,7.760306471027433872e-04,2.461979456711560488e-04,4.982004757039248943e-04,4.957108057368486698e-09
4.981074744137004018e-05,3.367390308994799852e-04,1.480071223340928555e-04,5.032907938584685326e-04,4.957108057368486698e-09
2.818536515292180411e-09,1.802393526304513216e-04,2.261403508896364656e-09,1.228170585818588734e-04,4.957108057368486698e-09
1.953674072865396738e-04,3.424991623646178596e-09,2.261403508896364656e-09,3.883036260958760977e-04,4.957108057368486698e-09
5.500912666320800781e-04,3.424991623646178596e-09,2.730179985519498587e-04,5.534620140679180622e-04,4.957108057368486698e-09
8.735651499591767788e-04,1.711339864414185286e-04,3.796035016421228647e-04,5.074300570413470268e-04,4.957108057368486698e-09
8.778760093264281750e-04,8.235925924964249134e-04,3.463257744442671537e-04,4.688829940278083086e-04,4.957108057368486698e-09
8.781095384620130062e-04,9.445003815926611423e-04,3.747600421775132418e-04,4.536784254014492035e-04,4.957108057368486698e-09
8.686489309184253216e-04,1.104035531170666218e-03,3.875343536492437124e-04,2.797498309519141912e-04,4.957108057368486698e-09
8.002332760952413082e-04,1.152720302343368530e-03,3.950897953473031521e-04,9.380361734656617045e-05,4.957108057368486698e-09
2.818536515292180411e-09,3.424991623646178596e-09,2.261403508896364656e-09,9.085014607990160584e-05,4.957108057368486698e-09
7.863098871894180775e-04,1.019472023472189903e-03,3.942284092772752047e-04,2.881691907532513142e-04,4.957108057368486698e-09
3.573255089577287436e-04,5.512188072316348553e-04,3.604116500355303288e-04,3.364728181622922421e-04,4.957108057368486698e-09
2.464519639033824205e-04,6.775370566174387932e-04,2.471541520208120346e-04,5.566543550230562687e-04,4.957108057368486698e-09
4.560248635243624449e-05,2.555211249273270369e-04,1.149635791080072522e-04,5.491566262207925320e-04,4.957108057368486698e-09
2.818536515292180411e-09,8.558341505704447627e-05,2.261403508896364656e-09,3.560598415788263083e-04,4.957108057368486698e-09
8.939397957874462008e-05,3.424991623646178596e-09,2.261403508896364656e-09,2.359076711755392353e-09,4.957108057368486698e-09
3.879622672684490681e-04,3.424991623646178596e-09,2.062888670479878783e-04,3.617639595177024603e-04,4.957108057368486698e-09
9.810165502130985260e-04,3.424991623646178596e-09,3.658191126305609941e-04,5.243055056780576706e-04,4.957108057368486698e-09
1.034602872096002102e-03,1.513911993242800236e-04,3.709751472342759371e-04,5.102354334667325020e-04,2.647233195602893829e-04
3.494579577818512917e-04,4.295592661947011948e-04,2.181307936552911997e-04,3.009523497894406319e-04,3.169244155287742615e-04
7.506669498980045319e-04,8.356136386282742023e-04,3.874092362821102142e-04,4.517993947956711054e-04,6.042705499567091465e-04
8.937377715483307838e-04,9.957223664969205856e-04,3.881331358570605516e-04,4.470869898796081543e-04,4.957108057368486698e-09
2.818536515292180411e-09,3.424991623646178596e-09,1.807271910365670919e-04,2.359076711755392353e-09,4.957108057368486698e-09
9.275992633774876595e-04,1.042912015691399574e-03,3.988565586041659117e-04,9.531569230603054166e-05,4.957108057368486698e-09
2.818536515292180411e-09,3.424991623646178596e-09,2.261403508896364656e-09,9.049205254996195436e-05,4.957108057368486698e-09
7.315256516449153423e-04,7.998085347935557365e-04,3.791994240600615740e-04,4.644498694688081741e-04,4.957108057368486698e-09
2.419332449790090322e-04,6.311062606982886791e-04,2.361897495575249195e-04,2.575305115897208452e-04,4.957108057368486698e-09
2.818536515292180411e-09,5.348220001906156540e-04,2.261403508896364656e-09,3.337457310408353806e-04,4.957108057368486698e-09
6.706923886667937040e-05,2.270602708449587226e-04,2.261403508896364656e-09,3.623299999162554741e-04,4.957108057368486698e-09
2.818536515292180411e-09,3.424991623646178596e-09,2.261403508896364656e-09,9.774099453352391720e-05,4.957108057368486698e-09
9.764763672137632966e-05,3.424991623646178596e-09,2.261403508896364656e-09,1.954601611942052841e-04,4.957108057368486698e-09
8.313973085023462772e-04,3.424991623646178596e-09,2.283177309436723590e-04,5.512565257959067822e-04,4.957108057368486698e-09
1.089011435396969318e-03,3.424991623646178596e-09,3.812669601757079363e-04,4.991378518752753735e-04,2.163170429412275553e-04
6.180198979564011097e-04,5.148582858964800835e-04,3.875454713124781847e-04,4.802762414328753948e-04,8.159849094226956367e-04
5.346492398530244827e-04,8.322120411321520805e-04,3.863833553623408079e-04,4.549835575744509697e-04,8.501313277520239353e-04
5.212628748267889023e-04,8.801849908195436001e-04,4.014176083728671074e-04,1.540514203952625394e-04,8.710181573405861855e-04
5.775002064183354378e-04,8.729895344004034996e-04,3.942677576560527086e-04,3.051402745768427849e-04,6.607609684579074383e-04
9.142598137259483337e-04,8.380154613405466080e-04,3.958077286370098591e-04,4.473716253414750099e-04,4.957108057368486698e-09
8.400800870731472969e-04,6.106775254011154175e-04,3.884524048771709204e-04,4.827887751162052155e-04,4.957108057368486698e-09
4.082641098648309708e-04,4.715555114671587944e-04,2.606515481602400541e-04,6.543867639265954494e-04,4.957108057368486698e-09
3.327965168864466250e-05,3.105773357674479485e-04,1.405572256771847606e-04,4.776921705342829227e-04,4.957108057368486698e-09
2.818536515292180411e-09,3.424991623646178596e-09,2.261403508896364656e-09,3.394531377125531435e-04,4.957108057368486698e-09
8.974046068033203483e-05,3.424991623646178596e-09,2.261403508896364656e-09,2.359076711755392353e-09,4.957108057368486698e-09
2.920585975516587496e-04,3.424991623646178596e-09,2.261403508896364656e-09,2.913824573624879122e-04,4.957108057368486698e-09
2.818536515292180411e-09,3.424991623646178596e-09,2.261403508896364656e-09,9.024818427860736847e-05,4.957108057368486698e-09
2.818536515292180411e-09,3.424991623646178596e-09,2.261403508896364656e-09,9.132600825978443027e-05,4.957108057368486698e-09
2.818536515292180411e-09,3.424991623646178596e-09,2.261403508896364656e-09,9.030731598613783717e-05,4.957108057368486698e-09
1.050460967235267162e-03,3.424991623646178596e-09,2.459583047311753035e-04,5.015960778109729290e-04,4.505208344198763371e-04
7.583026308566331863e-04,1.355099811917170882e-04,4.318869614508002996e-04,4.973742179572582245e-04,9.654063032940030098e-04
6.878151325508952141e-04,7.014620350673794746e-04,3.864573955070227385e-04,4.602167173288762569e-04,9.785378351807594299e-04
5.110338097438216209e-04,6.347594317048788071e-04,3.844429156742990017e-04,4.772394313476979733e-04,1.184412976726889610e-03
6.884483736939728260e-04,7.229958428069949150e-04,3.986824594903737307e-04,3.081599134020507336e-04,9.837656980380415916e-04
5.797273479402065277e-04,8.544263546355068684e-04,3.870478540193289518e-04,4.494091554079204798e-04,6.582176429219543934e-04
9.386881720274686813e-04,5.464468267746269703e-04,3.939071903005242348e-04,4.852723213844001293e-04,4.957108057368486698e-09
6.970884860493242741e-04,5.590277723968029022e-04,1.578073279233649373e-04,4.005390510428696871e-04,4.957108057368486698e-09
2.847049036063253880e-04,1.766525674611330032e-04,1.620905240997672081e-04,5.356157780624926090e-04,4.957108057368486698e-09
2.818536515292180411e-09,3.424991623646178596e-09,2.261403508896364656e-09,1.948294957401230931e-04,4.957108057368486698e-09
1.788906520232558250e-04,3.424991623646178596e-09,2.261403508896364656e-09,2.359076711755392353e-09,4.957108057368486698e-09
5.637170397676527500e-04,3.424991623646178596e-09,2.261403508896364656e-09,3.874434332828968763e-04,1.259754935745149851e-04
9.339613607153296471e-04,3.424991623646178596e-09,2.446158323436975479e-04,5.056404042989015579e-04,9.217862971127033234e-04
7.201916887424886227e-04,3.419978311285376549e-04,4.153224290348589420e-04,4.883940564468502998e-04,1.404487644322216511e-03
6.223075324669480324e-04,6.637914339080452919e-04,3.794447111431509256e-04,4.630316107068210840e-04,1.439385348930954933e-03
4.468300903681665659e-04,4.861414781771600246e-04,1.671178470132872462e-04,5.319106276147067547e-04,1.092573278583586216e-03
5.355873145163059235e-04,6.517799338325858116e-04,3.885121841449290514e-04,4.766288911923766136e-04,1.023627584800124168e-03
6.561779300682246685e-04,6.412633811123669147e-04,4.021241038572043180e-04,4.837658780161291361e-04,5.643989425152540207e-04
8.969840127974748611e-04,4.333901451900601387e-04,2.919131366070359945e-04,5.153191741555929184e-04,4.957108057368486698e-09
5.212292890064418316e-04,3.424991623646178596e-09,2.261403508896364656e-09,3.248646680731326342e-04,4.957108057368486698e-09
8.790894207777455449e-05,3.424991623646178596e-09,2.261403508896364656e-09,1.108634460251778364e-04,4.957108057368486698e-09
2.818536515292180411e-09,3.424991623646178596e-09,2.261403508896364656e-09,2.359076711755392353e-09,1.025302553898654878e-04
2.818536515292180411e-09,3.424991623646178596e-09,2.261403508896364656e-09,2.359076711755392353e-09,1.017193353618495166e-04
1.792277907952666283e-04,3.424991623646178596e-09,2.261403508896364656e-09,2.359076711755392353e-09,1.057575063896365464e-04
6.240643560886383057e-04,3.424991623646178596e-09,2.261403508896364656e-09,1.862044591689482331e-04,3.347031015437096357e-04
8.928603492677211761e-04,3.424991623646178596e-09,3.706925490405410528e-04,4.946926492266356945e-04,1.096621388569474220e-03
8.435273193754255772e-04,3.424991623646178596e-09,4.625189467333257198e-04,4.865158407483249903e-04,1.458468497730791569e-03
6.961653707548975945e-04,3.750344621948897839e-04,4.033905279356986284e-04,4.871960263699293137e-04,1.463840599171817303e-03
6.887951749376952648e-04,7.003185455687344074e-04,3.858067793771624565e-04,4.615864600054919720e-04,9.856410324573516846e-04
8.147493354044854641e-04,3.044961486011743546e-04,4.298811545595526695e-04,4.040452186018228531e-04,3.312177723273634911e-04
1.084342249669134617e-03,1.510623260401189327e-04,3.050611703656613827e-04,4.852794227190315723e-04,4.957108057368486698e-09
6.393775111064314842e-04,3.424991623646178596e-09,2.261403508896364656e-09,4.937662743031978607e-04,4.957108057368486698e-09
2.818536515292180411e-09,3.424991623646178596e-09,2.261403508896364656e-09,2.359076711755392353e-09,1.026082827593199909e-04
2.818536515292180411e-09,3.424991623646178596e-09,2.261403508896364656e-09,2.359076711755392353e-09,1.024221783154644072e-04
2.818536515292180411e-09,3.424991623646178596e-09,2.261403508896364656e-09,2.359076711755392353e-09,1.020395502564497292e-04
2.818536515292180411e-09,3.424991623646178596e-09,2.261403508896364656e-09,2.359076711755392353e-09,2.029326569754630327e-04
2.341401559533551335e-04,3.424991623646178596e-09,2.261403508896364656e-09,2.359076711755392353e-09,1.306989142904058099e-04
8.432925096713006496e-04,3.424991623646178596e-09,2.302688808413222432e-04,4.424846847541630268e-04,3.610465792007744312e-04
8.911500917747616768e-04,3.424991623646178596e-09,4.408210807014256716e-04,4.860787885263562202e-04,1.092895283363759518e-03
8.767996332608163357e-04,3.424991623646178596e-09,4.233213840052485466e-04,4.935235483571887016e-04,1.217221491970121861e-03
9.522751788608729839e-04,3.424991623646178596e-09,4.472622240427881479e-04,4.884698428213596344e-04,8.012278121896088123e-04
1.145816640928387642e-03,3.424991623646178596e-09,3.397476975806057453e-04,4.994573537260293961e-04,4.957108057368486698e-09
8.705446380190551281e-04,3.424991623646178596e-09,3.079511516261845827e-04,5.424146074801683426e-04,4.957108057368486698e-09
4.517723864410072565e-04,3.424991623646178596e-09,2.261403508896364656e-09,4.044474044349044561e-04,4.957108057368486698e-09
2.818536515292180411e-09,3.424991623646178596e-09,2.261403508896364656e-09,9.756990039022639394e-05,1.025750461849384010e-04
2.930647169705480337e-04,3.424991623646178596e-09,1.100135923479683697e-04,2.690429973881691694e-04,1.058967682183720171e-04
8.084294968284666538e-04,3.424991623646178596e-09,2.646556531544774771e-04,5.390075966715812683e-04,1.499451173003762960e-04
1.797639124561101198e-04,3.424991623646178596e-09,2.261403508896364656e-09,2.359076711755392353e-09,4.957108057368486698e-09
2.818536515292180411e-09,3.424991623646178596e-09,2.261403508896364656e-09,2.359076711755392353e-09,1.026742029353044927e-04
8.313771104440093040e-04,3.424991623646178596e-09,2.791533479467034340e-04,4.563392722047865391e-04,4.957108057368486698e-09
8.508164901286363602e-04,3.424991623646178596e-09,3.663119568955153227e-04,5.304665537551045418e-04,1.274480455322191119e-04
7.467584218829870224e-04,3.424991623646178596e-09,2.663571212906390429e-04,5.444713751785457134e-04,4.957108057368486698e-09
7.580181700177490711e-04,3.424991623646178596e-09,1.218333418364636600e-04,3.749660972971469164e-04,4.957108057368486698e-09
2.816038613673299551e-04,3.424991623646178596e-09,2.261403508896364656e-09,2.004343841690570116e-04,4.957108057368486698e-09
2.818536515292180411e-09,3.424991623646178596e-09,2.261403508896364656e-09,9.816724195843562484e-05,4.957108057368486698e-09
1.959205110324546695e-04,3.424991623646178596e-09,9.113745909417048097e-05,1.929311110870912671e-04,4.957108057368486698e-09
5.856138886883854866e-04,3.424991623646178596e-09,1.027675898512825370e-04,4.709188942797482014e-04,4.957108057368486698e-09
2.818536515292180411e-09,3.424991623646178596e-09,2.261403508896364656e-09,2.359076711755392353e-09,1.028781916829757392e-04
4.301212320569902658e-04,3.424991623646178596e-09,2.977576514240354300e-04,4.508613492362201214e-04,1.224394072778522968e-04
4.170518077444285154e-04,3.424991623646178596e-09,2.913193602580577135e-04,4.473773005884140730e-04,2.427952567813917994e-04
3.722501278389245272e-04,3.424991623646178596e-09,9.009740460896864533e-05,2.942626306321471930e-04,1.146264476119540632e-04
1.958448847290128469e-04,3.424991623646178596e-09,2.261403508896364656e-09,1.953426108229905367e-04,4.957108057368486698e-09
2.818536515292180411e-09,3.424991623646178596e-09,2.261403508896364656e-09,9.976117871701717377e-05,4.957108057368486698e-09
1.942563976626843214e-04,3.424991623646178596e-09,9.050807420862838626e-05,2.920790866483002901e-04,4.957108057368486698e-09
2.818536515292180411e-09,3.424991623646178596e-09,2.261403508896364656e-09,2.359076711755392353e-09,1.030139101203531027e-04
9.054905240191146731e-05,3.424991623646178596e-09,2.261403508896364656e-09,2.359076711755392353e-09,4.957108057368486698e-09
2.818536515292180411e-09,3.424991623646178596e-09,2.261403508896364656e-09,9.779920219443738461e-05,4.957108057368486698e-09
2.818536515292180411e-09,3.424991623646178596e-09,1.787508372217416763e-04,1.015170855680480599e-04,4.957108057368486698e-09
2.818536515292180411e-09,3.424991623646178596e-09,2.261403508896364656e-09,2.359076711755392353e-09,4.957108057368486698e-09
2.818536515292180411e-09,3.424991623646178596e-09,2.125171304214745760e-04,2.332160220248624682e-04,4.957108057368486698e-09
2.818536515292180411e-09,3.424991623646178596e-09,9.096349094761535525e-05,9.690046863397583365e-05,4.957108057368486698e-09
2.818536515292180411e-09,3.424991623646178596e-09,9.116408909903839231e-05,2.359076711755392353e-09,4.957108057368486698e-09
2.818536515292180411e-09,3.424991623646178596e-09,1.790350652299821377e-04,2.359076711755392353e-09,4.957108057368486698e-09
2.818536515292180411e-09,3.424991623646178596e-09,1.813912967918440700e-04,2.359076711755392353e-09,4.957108057368486698e-09
2.818536515292180411e-09,3.424991623646178596e-09,2.725873200688511133e-04,2.359076711755392353e-09,4.957108057368486698e-09
2.818536515292180411e-09,3.424991623646178596e-09,9.066547499969601631e-05,2.359076711755392353e-09,4.957108057368486698e-09
2.818536515292180411e-09,3.424991623646178596e-09,3.637281188275665045e-04,2.359076711755392353e-09,4.957108057368486698e-09
2.818536515292180411e-09,1.650209742365404963e-04,4.069613642059266567e-04,1.001824130071327090e-04,4.957108057368486698e-09
2.818536515292180411e-09,8.335261372849345207e-05,3.993698919657617807e-04,1.513956667622551322e-04,4.957108057368486698e-09
2.818536515292180411e-09,8.248827361967414618e-05,3.995588049292564392e-04,1.508775458205491304e-04,4.957108057368486698e-09
2.818536515292180411e-09,3.424991623646178596e-09,4.029828414786607027e-04,3.297622606623917818e-05,4.957108057368486698e-09
2.818536515292180411e-09,7.784790795994922519e-05,3.554378927219659090e-04,5.175578407943248749e-04,4.957108057368486698e-09
2.818536515292180411e-09,3.456792037468403578e-04,3.329087048768997192e-04,5.034452187828719616e-04,4.957108057368486698e-09
2.818536515292180411e-09,2.493628417141735554e-04,3.602507640607655048e-04,5.231880350038409233e-04,4.957108057368486698e-09
2.818536515292180411e-09,2.554927486926317215e-04,3.697433567140251398e-04,4.585159767884761095e-04,4.957108057368486698e-09
2.818536515292180411e-09,8.273270941572263837e-05,2.706038649193942547e-04,2.866129507310688496e-04,4.957108057368486698e-09
2.818536515292180411e-09,9.753894846653565764e-05,2.261403508896364656e-09,1.571060274727642536e-04,4.957108057368486698e-09
2.818536515292180411e-09,3.424991623646178596e-09,1.811426191125065088e-04,2.359076711755392353e-09,4.957108057368486698e-09
2.818536515292180411e-09,3.424991623646178596e-09,2.648529189173132181e-04,3.628138219937682152e-04,4.957108057368486698e-09
2.818536515292180411e-09,1.860886986833065748e-04,3.441883600316941738e-04,5.104856682009994984e-04,4.957108057368486698e-09
2.818536515292180411e-09,6.028982461430132389e-04,3.290124877821654081e-04,5.237923469394445419e-04,4.957108057368486698e-09
2.818536515292180411e-09,6.408537738025188446e-04,3.708759613800793886e-04,5.137268453836441040e-04,4.957108057368486698e-09
2.818536515292180411e-09,7.196970982477068901e-04,3.641326038632541895e-04,4.995259223505854607e-04,4.957108057368486698e-09
2.818536515292180411e-09,5.857059150002896786e-04,2.580565633252263069e-04,5.350906867533922195e-04,4.957108057368486698e-09
2.818536515292180411e-09,3.587291867006570101e-04,2.927600580733269453e-04,5.692808190360665321e-04,4.957108057368486698e-09
2.818536515292180411e-09,1.155781865236349404e-04,2.261403508896364656e-09,2.920723054558038712e-04,4.957108057368486698e-09
2.818536515292180411e-09,3.424991623646178596e-09,2.261403508896364656e-09,1.939815556397661567e-04,4.957108057368486698e-09
2.818536515292180411e-09,3.424991623646178596e-09,2.513373910915106535e-04,4.671951173804700375e-04,4.957108057368486698e-09
2.818536515292180411e-09,2.315752644790336490e-04,3.371304483152925968e-04,5.613610264845192432e-04,4.957108057368486698e-09
1.089394354494288564e-04,5.918364622630178928e-04,3.270969318691641092e-04,5.543973529711365700e-04,4.957108057368486698e-09
1.612976193428039551e-04,9.587213862687349319e-04,3.436575352679938078e-04,5.406474811024963856e-04,4.957108057368486698e-09
2.818536515292180411e-09,9.432683582417666912e-04,3.607177641242742538e-04,4.342126485425978899e-04,4.957108057368486698e-09
2.818536515292180411e-09,7.473484729416668415e-04,3.808745532296597958e-04,4.574612539727240801e-04,4.957108057368486698e-09
2.818536515292180411e-09,5.087943281978368759e-04,2.639746817294508219e-04,5.496684461832046509e-04,4.957108057368486698e-09
2.818536515292180411e-09,3.059043665416538715e-04,1.592878543306142092e-04,5.865264101885259151e-04,4.957108057368486698e-09
2.818536515292180411e-09,8.884748240234330297e-05,2.261403508896364656e-09,2.487165329512208700e-04,4.957108057368486698e-09
2.818536515292180411e-09,3.214433309040032327e-05,2.261403508896364656e-09,2.927903551608324051e-05,4.957108057368486698e-09
9.742803376866504550e-05,3.424991623646178596e-09,1.074420288205146790e-04,3.733392222784459591e-04,4.957108057368486698e-09
1.432630815543234348e-04,3.424991623646178596e-09,3.527109802234917879e-04,4.990628804080188274e-04,4.957108057368486698e-09
1.736886333674192429e-04,2.938743564300239086e-04,3.441171720623970032e-04,5.806505214422941208e-04,4.957108057368486698e-09
3.871732042171061039e-04,8.540898561477661133e-04,3.598275361582636833e-04,5.032667540945112705e-04,4.957108057368486698e-09
3.594174631871283054e-04,1.063296571373939514e-03,3.809375048149377108e-04,4.776066634804010391e-04,4.957108057368486698e-09
2.818536515292180411e-09,8.923297282308340073e-04,3.491454990580677986e-04,3.103508788626641035e-04,4.957108057368486698e-09
2.818536515292180411e-09,1.062327413819730282e-03,3.478211583569645882e-04,4.586742434184998274e-04,4.957108057368486698e-09
2.818536515292180411e-09,8.039880194701254368e-04,2.470852341502904892e-04,4.587650764733552933e-04,4.957108057368486698e-09
2.818536515292180411e-09,4.984625265933573246e-04,1.449941191822290421e-04,4.041955398861318827e-04,4.957108057368486698e-09
2.818536515292180411e-09,1.798738667275756598e-04,2.261403508896364656e-09,1.224868610734120011e-04,4.957108057368486698e-09
2.818536515292180411e-09,3.424991623646178596e-09,2.261403508896364656e-09,1.327546488028019667e-04,4.957108057368486698e-09
2.818536515292180411e-09,3.424991623646178596e-09,2.261403508896364656e-09,3.009834617841988802e-04,4.957108057368486698e-09
9.621503704693168402e-05,3.424991623646178596e-09,2.442415861878544092e-04,4.540618392638862133e-04,4.957108057368486698e-09
3.119661414530128241e-04,3.424991623646178596e-09,3.233496681787073612e-04,1.052279912983067334e-04,4.957108057368486698e-09
5.332775763235986233e-04,2.999367716256529093e-04,3.844427992589771748e-04,5.627564387395977974e-04,4.957108057368486698e-09
3.764551074709743261e-04,9.273491450585424900e-04,4.002578207291662693e-04,4.153686168137937784e-04,4.957108057368486698e-09
3.505052009131759405e-04,1.128728617914021015e-03,3.931532555725425482e-04,4.711721849162131548e-04,4.957108057368486698e-09
3.565954393707215786e-04,8.543407893739640713e-04,3.431322111282497644e-04,3.604254743549972773e-04,4.957108057368486698e-09
3.496849094517529011e-04,8.865707204677164555e-04,3.497319412417709827e-04,5.119144916534423828e-04,4.957108057368486698e-09
2.818536515292180411e-09,5.889075109735131264e-04,3.205166722182184458e-04,5.051194457337260246e-04,4.957108057368486698e-09
2.818536515292180411e-09,4.766750207636505365e-04,1.415866136085242033e-04,5.365302786231040955e-04,4.957108057368486698e-09
2.818536515292180411e-09,2.530967758502811193e-04,2.261403508896364656e-09,1.076105909305624664e-04,4.957108057368486698e-09
2.818536515292180411e-09,3.424991623646178596e-09,2.261403508896364656e-09,1.327175559708848596e-04,4.957108057368486698e-09
9.732082980917766690e-05,3.424991623646178596e-09,2.261403508896364656e-09,3.889863146468997002e-04,4.957108057368486698e-09
2.916181110776960850e-04,3.424991623646178596e-09,2.438709634589031339e-04,4.547721182461827993e-04,4.957108057368486698e-09
5.808374262414872646e-04,2.768170670606195927e-04,3.827127511613070965e-04,5.517613026313483715e-04,4.957108057368486698e-09
1.949364232132211328e-04,2.353661111555993557e-04,2.272305573569610715e-04,5.733924335800111294e-04,4.957108057368486698e-09
5.251312977634370327e-04,7.998151704668998718e-04,3.976761072408407927e-04,4.918176564387977123e-04,4.957108057368486698e-09
7.512837182730436325e-04,1.022107317112386227e-03,3.895242407452315092e-04,4.488289996515959501e-04,4.957108057368486698e-09
5.254556890577077866e-04,9.877618867903947830e-04,3.809441113844513893e-04,4.672766081057488918e-04,4.957108057368486698e-09
2.309719857294112444e-04,7.388888043351471424e-04,3.661201044451445341e-04,2.869929303415119648e-04,4.957108057368486698e-09
3.120283508906140924e-05,6.624298985116183758e-04,2.285292721353471279e-04,1.757589925546199083e-04,4.957108057368486698e-09
2.818536515292180411e-09,5.828048451803624630e-04,2.261403508896364656e-09,5.339298513717949390e-04,4.957108057368486698e-09
6.062564716557972133e-05,2.493410720489919186e-04,2.261403508896364656e-09,2.490261686034500599e-04,4.957108057368486698e-09
2.818536515292180411e-09,3.424991623646178596e-09,2.261403508896364656e-09,1.335214910795912147e-04,4.957108057368486698e-09
8.998470730148255825e-05,3.424991623646178596e-09,2.261403508896364656e-09,2.359076711755392353e-09,4.957108057368486698e-09
4.771830863319337368e-04,3.424991623646178596e-09,2.261403508896364656e-09,3.999925102107226849e-04,4.957108057368486698e-09
1.074724365025758743e-03,3.424991623646178596e-09,2.524072187952697277e-04,5.273533752188086510e-04,4.957108057368486698e-09
1.013922854326665401e-03,2.884428249672055244e-04,3.634559398051351309e-04,4.777029389515519142e-04,4.957108057368486698e-09
9.059920557774603367e-04,7.725402247160673141e-04,3.886139602400362492e-04,4.671916540246456861e-04,4.957108057368486698e-09
9.126619552262127399e-04,7.635278161615133286e-04,3.850653301924467087e-04,4.645792359951883554e-04,4.957108057368486698e-09
8.779315976426005363e-04,9.420793503522872925e-04,3.747253213077783585e-04,4.543952236417680979e-04,4.957108057368486698e-09
2.818536515292180411e-09,3.424991623646178596e-09,2.261403508896364656e-09,9.093283006222918630e-05,4.957108057368486698e-09
4.039245541207492352e-04,8.453687187284231186e-04,3.842926525976508856e-04,4.837103188037872314e-04,4.957108057368486698e-09
3.883739118464291096e-04,8.228892111219465733e-04,4.015726153738796711e-04,5.306812818162143230e-04,4.957108057368486698e-09
5.743829024140723050e-05,5.371153820306062698e-04,2.250063407700508833e-04,3.888418141286820173e-04,4.957108057368486698e-09
1.603934106242377311e-05,4.181791737210005522e-04,2.261403508896364656e-09,1.546185085317119956e-04,4.957108057368486698e-09
2.818536515292180411e-09,2.974398375954478979e-04,2.261403508896364656e-09,1.390315155731514096e-04,4.957108057368486698e-09
2.818536515292180411e-09,3.196881152689456940e-05,2.261403508896364656e-09,2.915544610004872084e-05,4.957108057368486698e-09
1.946096890605986118e-04,3.424991623646178596e-09,2.261403508896364656e-09,3.884946054313331842e-04,4.957108057368486698e-09
7.464240770787000656e-04,3.424991623646178596e-09,2.649906673468649387e-04,5.459143430925905704e-04,4.957108057368486698e-09
1.027584192343056202e-03,3.424991623646178596e-09,3.868945932481437922e-04,5.075027002021670341e-04,1.770346279954537749e-04
8.579638670198619366e-04,4.319910367485135794e-04,3.557844320312142372e-04,4.996528150513768196e-04,4.174254718236625195e-04
8.391613955609500408e-04,7.678299443796277046e-04,3.855922841466963291e-04,3.261800738982856274e-04,3.233064780943095684e-04
8.634355035610496998e-04,6.403602892532944679e-04,3.783592255786061287e-04,4.741422017104923725e-04,3.526295768097043037e-04
9.124135831370949745e-04,8.385120308957993984e-04,3.945712232962250710e-04,4.474368179216980934e-04,4.957108057368486698e-09
7.323265308514237404e-04,5.756855825893580914e-04,4.062594671268016100e-04,3.760315012186765671e-04,4.957108057368486698e-09
3.037594724446535110e-04,6.263861432671546936e-04,1.616183726582676172e-04,5.338073824532330036e-04,4.957108057368486698e-09
3.008831408806145191e-04,3.666158008854836226e-04,1.161889304057694972e-04,4.460554628167301416e-04,4.957108057368486698e-09
6.752531771780923009e-05,2.273989957757294178e-04,2.261403508896364656e-09,3.618875343818217516e-04,4.957108057368486698e-09
2.818536515292180411e-09,3.424991623646178596e-09,2.261403508896364656e-09,9.723690163809806108e-05,4.957108057368486698e-09
1.936283515533432364e-04,3.424991623646178596e-09,2.261403508896364656e-09,1.928787532960996032e-04,4.957108057368486698e-09
9.979406604543328285e-04,3.424991623646178596e-09,2.525170566514134407e-04,5.079167312942445278e-04,2.738369512371718884e-04
1.043739379383623600e-03,1.767713110893964767e-04,3.194808377884328365e-04,5.251628463156521320e-04,2.518889668863266706e-04
5.963279400020837784e-04,6.236396729946136475e-04,3.784372529480606318e-04,4.900516942143440247e-04,8.045595022849738598e-04
6.107510416768491268e-04,6.819681730121374130e-04,3.933815460186451674e-04,4.651814233511686325e-04,6.653710152022540569e-04
5.709718097932636738e-04,6.603360525332391262e-04,3.887995553668588400e-04,4.787773359566926956e-04,8.543434669263660908e-04
9.425061289221048355e-04,6.638482445850968361e-04,4.137757932767271996e-04,4.684008308686316013e-04,4.957108057368486698e-09
7.680833805352449417e-04,4.263488808646798134e-04,2.348109992453828454e-04,2.383485989412292838e-04,4.957108057368486698e-09
4.680125275626778603e-04,4.901841166429221630e-04,3.071282408200204372e-04,5.695124855265021324e-04,4.957108057368486698e-09
7.492935401387512684e-05,1.918373163789510727e-04,2.261403508896364656e-09,1.607023295946419239e-04,4.957108057368486698e-09
2.818536515292180411e-09,3.424991623646178596e-09,2.261403508896364656e-09,2.984607708640396595e-04,4.957108057368486698e-09
1.948803401319310069e-04,3.424991623646178596e-09,2.261403508896364656e-09,9.604644583305343986e-05,4.957108057368486698e-09
8.504132856614887714e-04,3.424991623646178596e-09,2.261403508896364656e-09,4.765211197081953287e-04,4.957108057368486698e-09
1.049198326654732227e-03,3.424991623646178596e-09,2.437735383864492178e-04,4.622986598405987024e-04,4.604655550792813301e-04
8.114289958029985428e-04,4.279353597667068243e-04,3.950050740968436003e-04,4.912074073217809200e-04,7.378558511845767498e-04
7.048231782391667366e-04,6.309701711870729923e-04,3.864932805299758911e-04,4.672734648920595646e-04,9.727865108288824558e-04
6.926567875780165195e-04,7.006575469858944416e-04,3.863848105538636446e-04,4.631050396710634232e-04,9.758655796758830547e-04
6.322940462268888950e-04,5.819500074721872807e-04,3.812670183833688498e-04,4.960730439051985741e-04,6.981999613344669342e-04
9.738237713463604450e-04,5.183687899261713028e-04,2.819079963956028223e-04,5.070363404229283333e-04,4.957108057368486698e-09
6.428557680919766426e-04,4.481486394070088863e-04,2.623403852339833975e-04,5.358090857043862343e-04,4.957108057368486698e-09
5.064297001808881760e-04,1.568733409840206150e-06,2.261403508896364656e-09,5.061345291323959827e-04,4.957108057368486698e-09
8.769993291934952140e-05,3.424991623646178596e-09,2.261403508896364656e-09,2.211397950304672122e-04,4.957108057368486698e-09
8.882905967766419053e-05,3.424991623646178596e-09,2.261403508896364656e-09,2.359076711755392353e-09,4.957108057368486698e-09
2.888902090489864349e-04,3.424991623646178596e-09,2.261403508896364656e-09,1.961779926205053926e-04,4.957108057368486698e-09
8.187915664166212082e-04,3.424991623646178596e-09,2.261403508896364656e-09,3.647588891908526421e-04,2.465180004946887493e-04
9.216449689120054245e-04,3.424991623646178596e-09,3.740140236914157867e-04,4.961168742738664150e-04,9.578667813912034035e-04
7.865311927162110806e-04,2.038127131527289748e-04,4.409371467772871256e-04,4.992894828319549561e-04,1.290630432777106762e-03
7.298357086256146431e-04,5.540798301808536053e-04,3.956361906602978706e-04,4.887952236458659172e-04,9.507710346952080727e-04
7.436967571265995502e-04,6.467170896939933300e-04,3.880117437802255154e-04,4.656661185435950756e-04,8.038569940254092216e-04
7.918216870166361332e-04,5.253982963040471077e-04,2.835767227225005627e-04,5.292618880048394203e-04,2.738476614467799664e-04
7.391822873614728451e-04,3.138909523840993643e-04,2.967072650790214539e-04,4.912730655632913113e-04,4.957108057368486698e-09
4.732751403935253620e-04,3.424991623646178596e-09,2.261403508896364656e-09,3.026189515367150307e-04,4.957108057368486698e-09
8.861607057042419910e-05,3.424991623646178596e-09,2.261403508896364656e-09,1.108424694393761456e-04,4.957108057368486698e-09
5.215602577663958073e-04,3.424991623646178596e-09,2.261403508896364656e-09,2.359076711755392353e-09,4.957108057368486698e-09
9.553297422826290131e-04,3.424991623646178596e-09,3.519630117807537317e-04,4.951081355102360249e-04,7.929928251542150974e-04
8.735603769309818745e-04,3.424991623646178596e-09,4.220120317768305540e-04,4.913936718367040157e-04,1.220661797560751438e-03
8.750801207497715950e-04,3.424991623646178596e-09,4.708861815743148327e-04,4.899406922049820423e-04,1.195527845993638039e-03
7.824265630915760994e-04,3.424991623646178596e-09,3.331960760988295078e-04,4.737275303341448307e-04,8.851694874465465546e-04
1.107907970435917377e-03,3.424991623646178596e-09,3.260498342569917440e-04,4.955104086548089981e-04,2.517425455152988434e-04
9.312128531746566296e-04,3.424991623646178596e-09,1.737364946166053414e-04,5.522109568119049072e-04,4.957108057368486698e-09
5.304169026203453541e-04,3.424991623646178596e-09,5.814238829771056771e-05,1.966171839740127325e-04,4.957108057368486698e-09
5.355571629479527473e-04,3.424991623646178596e-09,1.099169021472334862e-04,1.011539206956513226e-04,4.957108057368486698e-09
2.818536515292180411e-09,3.424991623646178596e-09,2.261403508896364656e-09,2.359076711755392353e-09,1.025590609060600400e-04
9.025804320117458701e-05,3.424991623646178596e-09,2.261403508896364656e-09,2.359076711755392353e-09,4.957108057368486698e-09
8.532658684998750687e-04,3.424991623646178596e-09,2.679915342014282942e-04,4.525973345153033733e-04,1.967881253222003579e-04
1.055464381352066994e-03,3.424991623646178596e-09,3.596488677430897951e-04,5.102700088173151016e-04,2.103706501657143235e-04
9.773678611963987350e-04,3.424991623646178596e-09,2.988152846228331327e-04,5.119370180182158947e-04,2.276682498631998897e-04
9.533805423416197300e-04,3.424991623646178596e-09,3.059357113670557737e-04,5.319467163644731045e-04,4.957108057368486698e-09
8.467387524433434010e-04,3.424991623646178596e-09,2.261403508896364656e-09,3.972259291913360357e-04,4.957108057368486698e-09
4.853636783082038164e-04,3.424991623646178596e-09,2.261403508896364656e-09,1.971648598555475473e-04,4.957108057368486698e-09
2.818536515292180411e-09,3.424991623646178596e-09,2.261403508896364656e-09,9.830664203036576509e-05,4.957108057368486698e-09
1.946428528754040599e-04,3.424991623646178596e-09,9.031141235027462244e-05,1.936638000188395381e-04,4.957108057368486698e-09
5.847204010933637619e-04,3.424991623646178596e-09,2.315375895705074072e-04,5.473470664583146572e-04,4.957108057368486698e-09
5.789509159512817860e-04,3.424991623646178596e-09,1.819549070205539465e-04,2.955087984446436167e-04,4.957108057368486698e-09
6.753767374902963638e-04,3.424991623646178596e-09,1.214290095958858728e-04,4.724327882286161184e-04,4.957108057368486698e-09
7.588421576656401157e-04,3.424991623646178596e-09,1.529972360003739595e-04,4.720114811789244413e-04,4.957108057368486698e-09
4.623578570317476988e-04,3.331024345243349671e-05,2.261403508896364656e-09,3.893923421856015921e-04,5.382240124163217843e-05
1.936324115376919508e-04,8.205750782508403063e-05,2.261403508896364656e-09,2.769950369838625193e-04,4.957108057368486698e-09
1.932056184159591794e-04,3.424991623646178596e-09,2.261403508896364656e-09,9.678652713773772120e-05,4.957108057368486698e-09
1.943802635651081800e-04,3.424991623646178596e-09,1.100345762097276747e-04,2.714147849474102259e-04,4.957108057368486698e-09
9.003515151562169194e-05,3.424991623646178596e-09,2.261403508896364656e-09,2.359076711755392353e-09,4.957108057368486698e-09
9.679819049779325724e-05,3.424991623646178596e-09,2.261403508896364656e-09,9.747896547196432948e-05,4.957108057368486698e-09
9.172136924462392926e-05,3.424991623646178596e-09,2.261403508896364656e-09,1.023081131279468536e-04,1.051492727128788829e-04
2.536352258175611496e-04,3.424991623646178596e-09,1.698909763945266604e-04,2.987463958561420441e-04,4.957108057368486698e-09
4.387360531836748123e-04,3.424991623646178596e-09,1.366744982078671455e-04,3.870259097311645746e-04,1.255081297131255269e-04
2.454454661346971989e-04,3.424991623646178596e-09,1.282090961467474699e-04,2.906840236391872168e-04,1.231896603712812066e-04
2.818536515292180411e-09,3.424991623646178596e-09,2.261403508896364656e-09,9.837734978646039963e-05,4.957108057368486698e-09
9.733571641845628619e-05,3.424991623646178596e-09,9.055801638169214129e-05,9.714044426800683141e-05,4.957108057368486698e-09
1.325216726399958134e-04,3.424991623646178596e-09,1.468754926463589072e-04,1.945540861925110221e-04,1.254603994311764836e-04
2.818536515292180411e-09,3.424991623646178596e-09,3.122234484180808067e-04,2.305971720488741994e-04,4.957108057368486698e-09
1.805563806556165218e-04,3.424991623646178596e-09,2.261403508896364656e-09,2.359076711755392353e-09,4.957108057368486698e-09
8.694567804923281074e-05,3.424991623646178596e-09,2.261403508896364656e-09,2.359076711755392353e-09,4.957108057368486698e-09
2.818536515292180411e-09,3.424991623646178596e-09,2.261403508896364656e-09,9.602734644431620836e-05,4.957108057368486698e-09
2.818536515292180411e-09,3.424991623646178596e-09,9.030556975631043315e-05,2.359076711755392353e-09,4.957108057368486698e-09
7.144902338040992618e-05,3.424991623646178596e-09,2.261403508896364656e-09,2.359076711755392353e-09,2.242630871478468180e-04
2.818536515292180411e-09,3.424991623646178596e-09,9.137482265941798687e-05,2.359076711755392353e-09,4.957108057368486698e-09
8.716795855434611440e-05,3.424991623646178596e-09,2.261403508896364656e-09,2.359076711755392353e-09,4.957108057368486698e-09
2.818536515292180411e-09,3.424991623646178596e-09,3.627174883149564266e-04,2.359076711755392353e-09,4.957108057368486698e-09
2.818536515292180411e-09,3.424991623646178596e-09,3.625719982665032148e-04,2.359076711755392353e-09,4.957108057368486698e-09
2.818536515292180411e-09,3.424991623646178596e-09,4.457107279449701309e-04,2.359076711755392353e-09,4.957108057368486698e-09
2.818536515292180411e-09,3.424991623646178596e-09,4.023219516966491938e-04,3.251641828683204949e-05,4.957108057368486698e-09
2.818536515292180411e-09,3.424991623646178596e-09,3.816849784925580025e-04,1.707287010503932834e-04,4.957108057368486698e-09
2.818536515292180411e-09,3.424991623646178596e-09,4.004932707175612450e-04,2.336764737265184522e-04,4.957108057368486698e-09
2.818536515292180411e-09,1.574729394633322954e-04,3.589086991269141436e-04,3.896635607816278934e-04,4.957108057368486698e-09
2.818536515292180411e-09,7.626325532328337431e-05,3.564522776287049055e-04,5.175301921553909779e-04,4.957108057368486698e-09
2.818536515292180411e-09,8.557728870073333383e-05,2.918966929428279400e-04,1.703552843537181616e-04,4.957108057368486698e-09
2.818536515292180411e-09,1.258442207472398877e-04,2.261403508896364656e-09,2.359076711755392353e-09,4.957108057368486698e-09
2.818536515292180411e-09,3.424991623646178596e-09,1.809165696613490582e-04,2.359076711755392353e-09,4.957108057368486698e-09
2.818536515292180411e-09,3.424991623646178596e-09,1.349484518868848681e-04,3.047944337595254183e-04,4.957108057368486698e-09
2.818536515292180411e-09,7.991716120159253478e-05,3.689055447466671467e-04,3.880158183164894581e-04,4.957108057368486698e-09
2.818536515292180411e-09,5.427437135949730873e-04,3.430779906921088696e-04,3.993158170487731695e-04,4.957108057368486698e-09
2.818536515292180411e-09,3.873739042319357395e-04,3.436849801801145077e-04,3.163258661516010761e-04,4.957108057368486698e-09
2.818536515292180411e-09,4.844366339966654778e-04,2.610780356917530298e-04,4.841281916014850140e-04,4.957108057368486698e-09
2.818536515292180411e-09,1.298191928071901202e-04,1.912387524498626590e-04,4.573208279907703400e-04,4.957108057368486698e-09
2.818536515292180411e-09,9.789063187781721354e-05,2.261403508896364656e-09,2.405608393019065261e-04,4.957108057368486698e-09
2.818536515292180411e-09,3.212095907656475902e-05,2.261403508896364656e-09,2.927456444012932479e-05,4.957108057368486698e-09
2.818536515292180411e-09,3.424991623646178596e-09,1.270460634259507060e-04,1.590515603311359882e-04,4.957108057368486698e-09
2.818536515292180411e-09,3.424991623646178596e-09,2.523582661524415016e-04,4.632692725863307714e-04,4.957108057368486698e-09
2.818536515292180411e-09,2.501619746908545494e-04,3.587024693842977285e-04,5.236681317910552025e-04,4.957108057368486698e-09
2.818536515292180411e-09,5.208218353800475597e-04,3.338938113301992416e-04,5.393343162722885609e-04,4.957108057368486698e-09
2.818536515292180411e-09,8.170941146090626717e-04,3.673210740089416504e-04,3.541964979376643896e-04,4.957108057368486698e-09
2.818536515292180411e-09,7.968026329763233662e-04,3.612721047829836607e-04,4.878835170529782772e-04,4.957108057368486698e-09
2.818536515292180411e-09,6.830550264567136765e-04,2.605982881505042315e-04,3.880491422023624182e-04,4.957108057368486698e-09
2.818536515292180411e-09,1.730880030663684011e-04,1.190351977129466832e-04,5.816507618874311447e-04,4.957108057368486698e-09
2.818536515292180411e-09,9.407118341187015176e-05,2.261403508896364656e-09,2.442447002977132797e-04,4.957108057368486698e-09
2.818536515292180411e-09,3.424991623646178596e-09,2.261403508896364656e-09,9.599956683814525604e-05,4.957108057368486698e-09
2.818536515292180411e-09,3.424991623646178596e-09,1.264397724298760295e-04,4.066881956532597542e-04,4.957108057368486698e-09
1.330785016762092710e-04,3.424991623646178596e-09,2.403364196652546525e-04,4.882536013610661030e-04,4.957108057368486698e-09
1.173190539702773094e-04,2.002449327846989036e-04,2.271533157909289002e-04,6.088886293582618237e-04,4.957108057368486698e-09
2.818536515292180411e-09,7.517212652601301670e-04,3.262234968133270741e-04,4.975330084562301636e-04,4.957108057368486698e-09
1.636530359974130988e-04,9.578448371030390263e-04,3.433876554481685162e-04,5.441587418317794800e-04,4.957108057368486698e-09
2.818536515292180411e-09,9.433345985598862171e-04,3.387305478099733591e-04,4.386799701023846865e-04,4.957108057368486698e-09
2.818536515292180411e-09,6.923892651684582233e-04,2.538452099543064833e-04,4.775976995006203651e-04,4.957108057368486698e-09
2.818536515292180411e-09,4.446175298653542995e-04,1.448715192964300513e-04,5.754255107603967190e-04,4.957108057368486698e-09
2.818536515292180411e-09,3.335473884362727404e-04,2.261403508896364656e-09,5.945226293988525867e-04,4.957108057368486698e-09
2.818536515292180411e-09,1.280208671232685447e-04,2.261403508896364656e-09,2.359076711755392353e-09,4.957108057368486698e-09
2.818536515292180411e-09,3.216342520317994058e-05,2.261403508896364656e-09,2.903242238971870393e-05,4.957108057368486698e-09
2.818536515292180411e-09,3.424991623646178596e-09,2.261403508896364656e-09,3.008119238074868917e-04,4.957108057368486698e-09
9.750046592671424150e-05,3.424991623646178596e-09,1.275088870897889137e-04,4.716960829682648182e-04,4.957108057368486698e-09
2.567799238022416830e-04,3.424991623646178596e-09,3.428279305808246136e-04,5.363864474929869175e-04,4.957108057368486698e-09
5.153511883690953255e-04,2.271213015774264932e-04,3.924580814782530069e-04,5.877302610315382481e-04,4.957108057368486698e-09
2.771407889667898417e-04,6.769547471776604652e-04,3.605255915317684412e-04,5.008560256101191044e-04,4.957108057368486698e-09
2.287780371261760592e-04,7.848890963941812515e-04,3.441962180659174919e-04,4.980093217454850674e-04,4.957108057368486698e-09
2.818536515292180411e-09,9.902355959638953209e-04,3.476522106211632490e-04,4.632296913769096136e-04,4.957108057368486698e-09
2.818536515292180411e-09,9.149397374130785465e-04,2.455080684740096331e-04,4.800075548700988293e-04,4.957108057368486698e-09
2.818536515292180411e-09,5.545809399336576462e-04,2.588272327557206154e-04,5.120748537592589855e-04,4.957108057368486698e-09
2.818536515292180411e-09,2.544715243857353926e-04,2.261403508896364656e-09,5.959247355349361897e-04,4.957108057368486698e-09
2.818536515292180411e-09,1.022957803797908127e-04,2.261403508896364656e-09,1.438349718227982521e-04,4.957108057368486698e-09
2.818536515292180411e-09,3.424991623646178596e-09,2.261403508896364656e-09,9.176386811304837465e-05,4.957108057368486698e-09
1.945057738339528441e-04,3.424991623646178596e-09,2.261403508896364656e-09,3.885823534801602364e-04,4.957108057368486698e-09
2.985727624036371708e-04,3.424991623646178596e-09,2.244997886009514332e-04,5.150092183612287045e-04,4.957108057368486698e-09
5.337532493285834789e-04,2.366417174926027656e-04,3.910841769538819790e-04,5.688201636075973511e-04,4.957108057368486698e-09
4.349315131548792124e-04,6.001086439937353134e-04,3.781854175031185150e-04,5.969787598587572575e-04,4.957108057368486698e-09
2.981743891723453999e-04,6.042472086846828461e-04,3.535970754455775023e-04,4.853039863519370556e-04,4.957108057368486698e-09
2.096915704896673560e-04,9.119757451117038727e-04,3.517397271934896708e-04,4.836143925786018372e-04,4.957108057368486698e-09
3.925553464796394110e-04,6.243862444534897804e-04,2.488528552930802107e-04,4.129120206926018000e-04,4.957108057368486698e-09
2.450129541102796793e-04,6.414777599275112152e-04,2.569218922872096300e-04,4.156583163421601057e-04,4.957108057368486698e-09
2.818536515292180411e-09,5.589071079157292843e-04,2.329668932361528277e-04,1.508483546786010265e-04,4.957108057368486698e-09
4.047045877086929977e-05,3.696673957165330648e-04,2.261403508896364656e-09,5.164106260053813457e-04,4.957108057368486698e-09
2.818536515292180411e-09,1.021329808281734586e-04,2.261403508896364656e-09,1.429895783076062799e-04,4.957108057368486698e-09
2.818536515292180411e-09,3.190835923305712640e-05,2.261403508896364656e-09,2.944476000266149640e-05,4.957108057368486698e-09
9.717157809063792229e-05,3.424991623646178596e-09,2.261403508896364656e-09,2.902644628193229437e-04,4.957108057368486698e-09
2.918874379247426987e-04,3.424991623646178596e-09,2.261403508896364656e-09,9.608166146790608764e-05,4.957108057368486698e-09
2.684584178496152163e-04,3.424991623646178596e-09,1.082556918845511973e-04,3.890805237460881472e-04,4.957108057368486698e-09
6.606956012547016144e-04,3.424991623646178596e-09,3.638782363850623369e-04,3.922057512681931257e-04,4.957108057368486698e-09
8.183546015061438084e-04,6.768512539565563202e-04,3.975233412347733974e-04,4.754016117658466101e-04,4.957108057368486698e-09
5.695318686775863171e-04,6.479661096818745136e-04,3.965155337937176228e-04,4.946329281665384769e-04,4.957108057368486698e-09
5.727451061829924583e-04,8.734682924114167690e-04,3.857465635519474745e-04,4.723393940366804600e-04,4.957108057368486698e-09
3.740662068594247103e-04,7.317311828956007957e-04,3.484073677100241184e-04,5.287303356453776360e-04,4.957108057368486698e-09
2.455765206832438707e-04,6.746113067492842674e-04,2.501565904822200537e-04,5.121097201481461525e-04,4.957108057368486698e-09
4.011226337752304971e-06,4.026647657155990601e-04,2.261403508896364656e-09,2.604663022793829441e-04,4.957108057368486698e-09
6.814463995397090912e-05,2.259454340673983097e-04,2.261403508896364656e-09,3.636449982877820730e-04,4.957108057368486698e-09
2.818536515292180411e-09,3.424991623646178596e-09,2.261403508896364656e-09,1.339805021416395903e-04,4.957108057368486698e-09
9.752360347192734480e-05,3.424991623646178596e-09,2.261403508896364656e-09,9.799355757422745228e-05,4.957108057368486698e-09
1.941495866049081087e-04,3.424991623646178596e-09,2.261403508896364656e-09,3.898243594449013472e-04,4.957108057368486698e-09
8.394742617383599281e-04,3.424991623646178596e-09,1.189822069136425853e-04,4.682792059611529112e-04,4.957108057368486698e-09
9.870621142908930779e-04,3.424991623646178596e-09,2.557102998252958059e-04,5.392064340412616730e-04,4.957108057368486698e-09
9.769912576302886009e-04,3.839006531052291393e-04,3.604274825192987919e-04,5.022622644901275635e-04,4.957108057368486698e-09
9.388658218085765839e-04,6.049120565876364708e-04,3.910907835233956575e-04,4.828787059523165226e-04,4.957108057368486698e-09
8.214307017624378204e-04,6.135922740213572979e-04,3.904697659891098738e-04,4.835103172808885574e-04,4.957108057368486698e-09
6.878116400912404060e-04,6.462491001002490520e-04,3.998167812824249268e-04,3.657496708910912275e-04,4.957108057368486698e-09
2.451154286973178387e-04,6.122133345343172550e-04,2.616988786030560732e-04,4.157068324275314808e-04,4.957108057368486698e-09
2.952660142909735441e-04,4.215037624817341566e-04,2.684153441805392504e-04,5.422645481303334236e-04,4.957108057368486698e-09
3.548691529431380332e-05,2.684288774617016315e-04,2.261403508896364656e-09,4.859551263507455587e-04,4.957108057368486698e-09
2.818536515292180411e-09,2.257259184261783957e-04,2.261403508896364656e-09,2.360874204896390438e-04,4.957108057368486698e-09
1.952766906470060349e-04,3.424991623646178596e-09,2.261403508896364656e-09,2.908417664002627134e-04,4.957108057368486698e-09
3.882227174472063780e-04,3.424991623646178596e-09,2.261403508896364656e-09,3.893825632985681295e-04,4.957108057368486698e-09
9.123526397161185741e-04,3.424991623646178596e-09,2.298926410730928183e-04,5.446728901006281376e-04,4.957108057368486698e-09
1.055926317349076271e-03,1.647081953706219792e-04,2.572839439380913973e-04,5.186544149182736874e-04,4.957108057368486698e-09
9.010328794829547405e-04,5.872228648513555527e-04,3.876918053720146418e-04,4.823221534024924040e-04,2.705967926885932684e-04
9.265413973480463028e-04,6.897421553730964661e-04,3.812353825196623802e-04,4.698364355135709047e-04,4.957108057368486698e-09
9.465312468819320202e-04,5.988483899272978306e-04,3.908745129592716694e-04,4.834557184949517250e-04,4.957108057368486698e-09
6.936159334145486355e-04,6.141394842416048050e-04,2.807874989230185747e-04,5.000818055123090744e-04,4.957108057368486698e-09
4.051777068525552750e-04,4.696782561950385571e-04,2.614033583085983992e-04,6.576127489097416401e-04,4.957108057368486698e-09
2.986344334203749895e-04,3.658549103420227766e-04,2.261403508896364656e-09,1.371343678329139948e-04,4.957108057368486698e-09
1.109096556319855154e-04,1.271357905352488160e-04,2.261403508896364656e-09,3.560185141395777464e-04,4.957108057368486698e-09
8.730380795896053314e-05,3.424991623646178596e-09,1.668178447289392352e-04,4.397042630444047973e-06,4.957108057368486698e-09
1.444911758881062269e-04,1.016758978948928416e-04,2.261403508896364656e-09,1.141033862950280309e-04,1.837366726249456406e-04
2.929010370280593634e-04,3.424991623646178596e-09,2.261403508896364656e-09,3.878729767166078091e-04,4.957108057368486698e-09
1.009396277368068695e-03,3.424991623646178596e-09,1.027791731758043170e-04,4.630828043445944786e-04,4.957108057368486698e-09
1.109559554606676102e-03,3.424991623646178596e-09,2.499699767213314772e-04,5.062714917585253716e-04,2.541248104535043240e-04
1.107804593630135059e-03,3.424991623646178596e-09,3.504870692268013954e-04,3.923855547327548265e-04,2.584055473562330008e-04
6.442457670345902443e-04,6.351161282509565353e-04,3.805269079748541117e-04,4.848884127568453550e-04,6.157758762128651142e-04
7.250221096910536289e-04,6.563806091435253620e-04,4.086738335900008678e-04,4.661855346057564020e-04,3.397012769710272551e-04
9.457841515541076660e-04,6.175016751512885094e-04,2.840148808900266886e-04,3.587894025258719921e-04,4.957108057368486698e-09
7.382914773188531399e-04,4.872775170952081680e-04,2.795536129269748926e-04,4.881329368799924850e-04,4.957108057368486698e-09
4.489611601456999779e-04,3.008943458553403616e-04,1.619719259906560183e-04,2.624206244945526123e-04,4.957108057368486698e-09
1.776403369149193168e-04,3.424991623646178596e-09,2.261403508896364656e-09,3.152511199004948139e-04,4.957108057368486698e-09
2.818536515292180411e-09,3.424991623646178596e-09,2.261403508896364656e-09,9.631196007831022143e-05,4.957108057368486698e-09
9.010270150611177087e-05,3.424991623646178596e-09,2.261403508896364656e-09,2.359076711755392353e-09,4.957108057368486698e-09
5.821939557790756226e-04,3.424991623646178596e-09,2.261403508896364656e-09,1.963067625183612108e-04,4.957108057368486698e-09
1.068264944478869438e-03,3.424991623646178596e-09,2.502767893020063639e-04,5.090027698315680027e-04,2.130485372617840767e-04
9.547226363793015480e-04,3.424991623646178596e-09,3.291438915766775608e-04,4.941332153975963593e-04,7.926658727228641510e-04
7.699775160290300846e-04,1.821996847866103053e-04,4.353752301540225744e-04,4.876062448602169752e-04,6.666649715043604374e-04
6.176037713885307312e-04,3.362376592122018337e-04,4.250424681231379509e-04,4.524537362158298492e-04,1.020464231260120869e-03
9.063176694326102734e-04,4.333739925641566515e-04,2.925065055023878813e-04,5.020137177780270576e-04,4.957108057368486698e-09
8.523036376573145390e-04,2.981072466354817152e-04,2.702932688407599926e-04,2.747394610196352005e-04,4.957108057368486698e-09
5.694447318091988564e-04,3.013669629581272602e-04,1.356877328362315893e-04,4.929355927743017673e-04,4.957108057368486698e-09
3.179488412570208311e-04,3.424991623646178596e-09,2.261403508896364656e-09,3.601578064262866974e-04,4.957108057368486698e-09
2.818536515292180411e-09,3.424991623646178596e-09,2.261403508896364656e-09,9.695582411950454116e-05,4.957108057368486698e-09
1.944130781339481473e-04,3.424991623646178596e-09,2.261403508896364656e-09,9.757126099430024624e-05,4.957108057368486698e-09
7.540280348621308804e-04,3.424991623646178596e-09,2.261403508896364656e-09,1.922920782817527652e-04,4.957108057368486698e-09
1.034759450703859329e-03,3.424991623646178596e-09,4.345308698248118162e-04,4.925918183289468288e-04,4.566838033497333527e-04
9.242729283869266510e-04,3.424991623646178596e-09,3.285787242930382490e-04,4.969873698428273201e-04,9.367940365336835384e-04
8.356644539162516594e-04,3.424991623646178596e-09,3.725706192199140787e-04,4.719765274785459042e-04,7.768921786919236183e-04
7.772562094032764435e-04,1.347758370684459805e-04,2.837690408341586590e-04,4.788384831044822931e-04,4.669156915042549372e-04
1.068635843694210052e-03,1.933041348820552230e-04,3.164526715409010649e-04,5.136863910593092442e-04,4.957108057368486698e-09
8.304713992401957512e-04,3.424991623646178596e-09,2.261403508896364656e-09,4.874386941082775593e-04,4.957108057368486698e-09
4.503603558987379074e-04,3.424991623646178596e-09,2.261403508896364656e-09,4.055291647091507912e-04,4.957108057368486698e-09
8.864240953698754311e-05,3.424991623646178596e-09,2.261403508896364656e-09,1.097486529033631086e-04,4.957108057368486698e-09
2.818536515292180411e-09,2.779122223728336394e-05,2.261403508896364656e-09,2.359076711755392353e-09,5.053411223343573511e-05
3.583889338187873363e-04,3.424991623646178596e-09,2.261403508896364656e-09,2.359076711755392353e-09,4.957108057368486698e-09
9.112334810197353363e-04,3.424991623646178596e-09,2.288249816047027707e-04,4.517199704423546791e-04,4.957108057368486698e-09
9.963891934603452682e-04,3.424991623646178596e-09,3.234937612432986498e-04,4.983628168702125549e-04,6.176459137350320816e-04
1.104985014535486698e-03,3.424991623646178596e-09,3.270902088843286037e-04,4.976508207619190216e-04,2.507754543330520391e-04
1.110439072363078594e-03,3.424991623646178596e-09,3.266632556915283203e-04,4.946534754708409309e-04,2.484605647623538971e-04
1.030473969876766205e-03,3.424991623646178596e-09,3.037633141502737999e-04,5.283954087644815445e-04,4.957108057368486698e-09
7.651926716789603233e-04,3.424991623646178596e-09,2.261403508896364656e-09,3.987034142483025789e-04,4.957108057368486698e-09
4.293772217351943254e-04,3.424991623646178596e-09,5.451434117276221514e-05,2.879791718441992998e-04,4.957108057368486698e-09
4.498733615037053823e-04,3.424991623646178596e-09,2.261403508896364656e-09,2.359076711755392353e-09,4.957108057368486698e-09
7.453949656337499619e-04,3.424991623646178596e-09,2.661117759998887777e-04,5.420678062364459038e-04,4.957108057368486698e-09
8.427079883404076099e-04,3.424991623646178596e-09,2.602470340207219124e-04,5.489262402988970280e-04,4.957108057368486698e-09
6.759235402569174767e-04,3.424991623646178596e-09,2.389847359154373407e-04,4.593202320393174887e-04,4.957108057368486698e-09
6.771257612854242325e-04,3.424991623646178596e-09,2.261403508896364656e-09,2.939396072179079056e-04,4.957108057368486698e-09
4.815657448489218950e-04,3.424991623646178596e-09,1.063418094418011606e-04,2.763478260021656752e-04,4.957108057368486698e-09
9.689385478850454092e-05,3.424991623646178596e-09,2.261403508896364656e-09,9.811558265937492251e-05,4.957108057368486698e-09
2.804125251714140177e-04,3.424991623646178596e-09,9.065333142643794417e-05,1.973828475456684828e-04,4.957108057368486698e-09
4.798935842700302601e-04,3.424991623646178596e-09,1.046558245434425771e-04,3.783146094065159559e-04,4.957108057368486698e-09
2.818536515292180411e-09,3.424991623646178596e-09,2.261403508896364656e-09,2.359076711755392353e-09,1.025225210469216108e-04
3.866913320962339640e-04,3.424991623646178596e-09,9.063571633305400610e-05,1.966886338777840137e-04,4.957108057368486698e-09
5.583288148045539856e-04,3.424991623646178596e-09,1.341138995485380292e-04,2.713873109314590693e-04,4.957108057368486698e-09
3.796719247475266457e-04,3.424991623646178596e-09,1.059035057551227510e-04,3.919980372302234173e-04,4.957108057368486698e-09
2.901204279623925686e-04,3.424991623646178596e-09,2.261403508896364656e-09,1.941878435900434852e-04,4.957108057368486698e-09
1.463576336391270161e-04,3.640872091636992991e-05,2.261403508896364656e-09,9.729026351124048233e-05,4.957108057368486698e-09
1.475882600061595440e-04,8.269851241493597627e-05,2.261403508896364656e-09,1.995737256947904825e-04,4.957108057368486698e-09
2.813321480061858892e-04,3.424991623646178596e-09,8.995846292236819863e-05,1.998515072045847774e-04,4.957108057368486698e-09
2.818536515292180411e-09,3.424991623646178596e-09,9.057476563611999154e-05,2.359076711755392353e-09,4.957108057368486698e-09
9.699337533675134182e-05,3.424991623646178596e-09,9.057629358721897006e-05,9.621406934456899762e-05,4.957108057368486698e-09
3.401625144761055708e-04,3.424991623646178596e-09,1.189475588034838438e-04,1.006983948173001409e-04,4.957108057368486698e-09
2.254678838653489947e-04,3.424991623646178596e-09,1.254042872460559011e-04,2.359076711755392353e-09,4.957108057368486698e-09
2.068425528705120087e-04,3.424991623646178596e-09,2.261403508896364656e-09,2.359076711755392353e-09,4.957108057368486698e-09
2.818536515292180411e-09,2.741841308306902647e-05,2.261403508896364656e-09,2.359076711755392353e-09,5.006867650081403553e-05
1.848307729233056307e-04,3.424991623646178596e-09,2.261403508896364656e-09,9.086187492357566953e-05,9.154428262263536453e-04
1.228613691637292504e-04,3.424991623646178596e-09,1.429101685062050819e-04,2.359076711755392353e-09,4.957108057368486698e-09
2.818536515292180411e-09,3.424991623646178596e-09,1.156820580945350230e-04,1.529199216747656465e-04,1.032149157254025340e-04
2.818536515292180411e-09,3.424991623646178596e-09,1.557035284349694848e-04,2.359076711755392353e-09,1.288096682401373982e-04
2.818536515292180411e-09,3.424991623646178596e-09,8.848824654705822468e-05,2.359076711755392353e-09,4.957108057368486698e-09
2.818536515292180411e-09,6.450057117035612464e-05,2.261403508896364656e-09,9.863767627393826842e-05,4.957108057368486698e-09
2.818536515292180411e-09,3.424991623646178596e-09,2.715871960390359163e-04,2.359076711755392353e-09,4.957108057368486698e-09
2.818536515292180411e-09,3.424991623646178596e-09,8.983695443021133542e-05,2.359076711755392353e-09,4.957108057368486698e-09
2.818536515292180411e-09,3.424991623646178596e-09,4.526870325207710266e-04,6.769962783437222242e-05,4.957108057368486698e-09
2.818536515292180411e-09,8.357746992260217667e-05,4.013662110082805157e-04,1.516644406365230680e-04,4.957108057368486698e-09
2.818536515292180411e-09,8.578580309404060245e-05,2.903762506321072578e-04,1.685620372882112861e-04,4.957108057368486698e-09
2.818536515292180411e-09,8.869670273270457983e-05,1.660834095673635602e-04,1.982259855140000582e-04,4.957108057368486698e-09
2.818536515292180411e-09,3.424991623646178596e-09,1.808985107345506549e-04,2.359076711755392353e-09,4.957108057368486698e-09
2.818536515292180411e-09,3.424991623646178596e-09,3.790197079069912434e-04,3.476347483228892088e-04,4.957108057368486698e-09
2.818536515292180411e-09,7.715571700828149915e-05,3.544846840668469667e-04,5.195206031203269958e-04,4.957108057368486698e-09
2.818536515292180411e-09,3.165530215483158827e-04,2.961862483061850071e-04,3.115681465715169907e-04,4.957108057368486698e-09
2.818536515292180411e-09,1.244440354639664292e-04,2.140083815902471542e-04,1.826069346861913800e-04,4.957108057368486698e-09
2.818536515292180411e-09,9.629433770896866918e-05,2.458249218761920929e-04,4.508013080339878798e-04,4.957108057368486698e-09
2.818536515292180411e-09,1.188408932648599148e-04,2.261403508896364656e-09,1.160016254289075732e-04,4.957108057368486698e-09
2.818536515292180411e-09,3.424991623646178596e-09,2.261403508896364656e-09,9.056071576196700335e-05,4.957108057368486698e-09
2.818536515292180411e-09,3.424991623646178596e-09,2.721392374951392412e-04,2.359076711755392353e-09,4.957108057368486698e-09
2.818536515292180411e-09,3.424991623646178596e-09,2.511334023438394070e-04,4.652944917324930429e-04,4.957108057368486698e-09
2.818536515292180411e-09,1.712824450805783272e-04,2.344725653529167175e-04,5.921583506278693676e-04,4.957108057368486698e-09
2.818536515292180411e-09,4.589913005474954844e-04,2.329716953681781888e-04,5.709070828743278980e-04,4.957108057368486698e-09
2.818536515292180411e-09,4.350138478912413120e-04,2.251871192129328847e-04,5.084447911940515041e-04,4.957108057368486698e-09
2.818536515292180411e-09,3.206385299563407898e-04,9.010953363031148911e-05,9.972736006602644920e-05,4.957108057368486698e-09
2.818536515292180411e-09,2.857867511920630932e-04,1.300486619584262371e-04,3.411793150007724762e-04,4.957108057368486698e-09
2.818536515292180411e-09,1.192427516798488796e-04,2.261403508896364656e-09,1.169235620182007551e-04,4.957108057368486698e-09
2.818536515292180411e-09,3.198861668352037668e-05,2.261403508896364656e-09,2.914811375376302749e-05,4.957108057368486698e-09
2.818536515292180411e-09,3.424991623646178596e-09,1.521249650977551937e-04,2.091074711643159389e-04,4.957108057368486698e-09
2.818536515292180411e-09,3.424991623646178596e-09,2.425351558485999703e-04,5.133951199240982533e-04,4.957108057368486698e-09
2.818536515292180411e-09,1.688331103650853038e-04,2.617265272419899702e-04,4.198145761620253325e-04,4.957108057368486698e-09
2.818536515292180411e-09,4.703027079813182354e-04,3.264648548793047667e-04,5.554532399401068687e-04,4.957108057368486698e-09
2.818536515292180411e-09,7.173912017606198788e-04,3.651639854069799185e-04,4.984092083759605885e-04,4.957108057368486698e-09
2.818536515292180411e-09,5.089709884487092495e-04,2.647367073222994804e-04,5.504488362930715084e-04,4.957108057368486698e-09
2.818536515292180411e-09,4.519314970821142197e-04,1.527083659311756492e-04,5.614947294816374779e-04,4.957108057368486698e-09
2.818536515292180411e-09,1.751808595145121217e-04,2.261403508896364656e-09,6.049755029380321503e-04,4.957108057368486698e-09
2.818536515292180411e-09,1.016870446619577706e-04,2.261403508896364656e-09,1.433787692803889513e-04,4.957108057368486698e-09
2.818536515292180411e-09,3.424991623646178596e-09,2.261403508896364656e-09,2.011963078984990716e-04,4.957108057368486698e-09
9.715717897051945329e-05,3.424991623646178596e-09,2.542460279073566198e-04,3.449951473157852888e-04,4.957108057368486698e-09
2.818536515292180411e-09,3.424991623646178596e-09,2.449453168082982302e-04,5.138618289493024349e-04,4.957108057368486698e-09
2.818536515292180411e-09,2.902522392105311155e-04,3.341067058499902487e-04,3.729092422872781754e-04,4.957108057368486698e-09
2.818536515292180411e-09,8.621874148957431316e-04,2.205799682997167110e-04,4.869170661550015211e-04,4.957108057368486698e-09
1.735324185574427247e-04,7.986014243215322495e-04,2.480123366694897413e-04,5.651065148413181305e-04,4.957108057368486698e-09
2.818536515292180411e-09,7.206362206488847733e-04,2.554502279963344336e-04,5.068155005574226379e-04,4.957108057368486698e-09
2.818536515292180411e-09,4.577753425110131502e-04,1.393751153955236077e-04,4.879785119555890560e-04,4.957108057368486698e-09
2.818536515292180411e-09,2.345310058444738388e-04,2.261403508896364656e-09,5.396828637458384037e-04,4.957108057368486698e-09
2.818536515292180411e-09,2.599723520688712597e-04,2.261403508896364656e-09,1.998131338041275740e-04,4.957108057368486698e-09
2.818536515292180411e-09,3.197166370227932930e-05,2.261403508896364656e-09,2.882035187212750316e-05,4.957108057368486698e-09
2.818536515292180411e-09,3.424991623646178596e-09,2.261403508896364656e-09,2.914111828431487083e-04,4.957108057368486698e-09
9.714284533401951194e-05,3.424991623646178596e-09,2.486139710526913404e-04,4.945078399032354355e-04,4.957108057368486698e-09
2.921830455306917429e-04,1.266652398044243455e-04,3.096116706728935242e-04,5.853122565895318985e-04,4.957108057368486698e-09
4.447900282684713602e-04,3.111582773271948099e-04,3.444777685217559338e-04,6.007327465340495110e-04,4.957108057368486698e-09
2.550562785472720861e-04,6.256527267396450043e-04,3.218846977688372135e-04,5.126756732352077961e-04,4.957108057368486698e-09
3.602144424803555012e-04,8.030471508391201496e-04,2.472914347890764475e-04,5.597178824245929718e-04,4.957108057368486698e-09
2.818536515292180411e-09,6.034020334482192993e-04,1.307566126342862844e-04,4.694521194323897362e-04,4.957108057368486698e-09
2.995215800183359534e-05,3.732540644705295563e-04,2.195166307501494884e-04,4.928040434606373310e-04,4.957108057368486698e-09
2.818536515292180411e-09,3.823408333119004965e-04,1.521700323792174459e-04,5.656668799929320812e-04,4.957108057368486698e-09
2.818536515292180411e-09,2.407054416835308075e-04,2.261403508896364656e-09,4.325599584262818098e-04,4.957108057368486698e-09
2.818536515292180411e-09,3.226749686291441321e-05,2.261403508896364656e-09,2.907400812546256930e-05,4.957108057368486698e-09
9.712034807307645679e-05,3.424991623646178596e-09,2.261403508896364656e-09,2.909235481638461351e-04,4.957108057368486698e-09
1.939352951012551785e-04,3.424991623646178596e-09,2.261403508896364656e-09,3.902980242855846882e-04,4.957108057368486698e-09
4.217254754621535540e-04,3.424991623646178596e-09,3.134286962449550629e-04,5.730814300477504730e-04,4.957108057368486698e-09
4.752278910018503666e-04,1.285163161810487509e-04,4.123871622141450644e-04,5.711381672881543636e-04,4.957108057368486698e-09
4.345264169387519360e-04,4.200938274152576923e-04,3.243266255594789982e-04,5.319130141288042068e-04,4.957108057368486698e-09
3.014313733729068190e-06,7.110552396625280380e-04,2.167235652450472116e-04,5.081568378955125809e-04,4.957108057368486698e-09
3.579860494937747717e-04,8.172395173460245132e-04,3.445720940362662077e-04,5.085273296572268009e-04,4.957108057368486698e-09
4.077009507454931736e-04,5.597335984930396080e-04,2.540954737924039364e-04,6.269150180742144585e-04,4.957108057368486698e-09
5.382670497056096792e-05,3.190723073203116655e-04,2.715138252824544907e-04,4.938451456837356091e-04,4.957108057368486698e-09
7.326768536586314440e-05,2.767225960269570351e-04,2.261403508896364656e-09,3.753026248887181282e-04,4.957108057368486698e-09
2.818536515292180411e-09,1.799106539692729712e-04,2.261403508896364656e-09,1.236678654095157981e-04,4.957108057368486698e-09
2.818536515292180411e-09,3.424991623646178596e-09,2.261403508896364656e-09,9.953581320587545633e-05,4.957108057368486698e-09
1.926340046338737011e-04,3.424991623646178596e-09,2.261403508896364656e-09,2.916454395744949579e-04,4.957108057368486698e-09
3.915354609489440918e-04,3.424991623646178596e-09,2.326900430489331484e-04,5.530397756956517696e-04,4.957108057368486698e-09
8.091272320598363876e-04,3.424991623646178596e-09,2.850646269507706165e-04,5.488568567670881748e-04,4.957108057368486698e-09
8.911324548535048962e-04,3.424991623646178596e-09,2.782734227366745472e-04,5.333117442205548286e-04,4.957108057368486698e-09
5.528350593522191048e-04,6.392434006556868553e-04,3.978800668846815825e-04,5.159149295650422573e-04,4.957108057368486698e-09
4.139487282373011112e-04,5.208028014749288559e-04,3.566938976291567087e-04,5.314845475368201733e-04,4.957108057368486698e-09
2.577909035608172417e-04,6.221132935024797916e-04,2.604491601232439280e-04,4.106046690139919519e-04,4.957108057368486698e-09
2.746856480371206999e-04,2.894480712711811066e-04,2.545114839449524879e-04,1.802391489036381245e-04,4.957108057368486698e-09
8.995800271804910153e-06,4.098691570106893778e-04,2.261403508896364656e-09,5.646151257678866386e-04,4.957108057368486698e-09
2.818536515292180411e-09,1.747828646330162883e-04,2.261403508896364656e-09,2.305997622897848487e-04,4.957108057368486698e-09
2.818536515292180411e-09,3.424991623646178596e-09,2.261403508896364656e-09,1.349017402390018106e-04,4.957108057368486698e-09
1.941757509484887123e-04,3.424991623646178596e-09,2.261403508896364656e-09,1.939839130500331521e-04,4.957108057368486698e-09
3.883710305672138929e-04,3.424991623646178596e-09,2.261403508896364656e-09,3.894296824000775814e-04,4.957108057368486698e-09
7.769666844978928566e-04,3.424991623646178596e-09,2.419818629277870059e-04,2.597096899989992380e-04,4.957108057368486698e-09
1.044928794726729393e-03,3.424991623646178596e-09,2.702316851355135441e-04,5.163452588021755219e-04,4.957108057368486698e-09
1.010041334666311741e-03,2.787991834338754416e-04,3.683765244204550982e-04,5.102775176055729389e-04,4.957108057368486698e-09
6.548512610606849194e-04,4.507158882915973663e-04,3.009797364939004183e-04,5.285951192490756512e-04,4.957108057368486698e-09
4.052658041473478079e-04,3.817108517978340387e-04,2.167744387406855822e-04,3.349944308865815401e-04,4.957108057368486698e-09
2.935982483904808760e-04,4.202099225949496031e-04,2.681794285308569670e-04,5.439085653051733971e-04,4.957108057368486698e-09
3.505527856759727001e-04,2.480138791725039482e-04,1.161767140729352832e-04,4.278362030163407326e-04,4.957108057368486698e-09
7.316634582821279764e-05,2.769561251625418663e-04,2.261403508896364656e-09,3.732130571734160185e-04,4.957108057368486698e-09
2.818536515292180411e-09,3.424991623646178596e-09,2.261403508896364656e-09,1.336821151198819280e-04,4.957108057368486698e-09
9.789811156224459410e-05,3.424991623646178596e-09,2.261403508896364656e-09,9.789884643396362662e-05,4.957108057368486698e-09
3.899874864146113396e-04,3.424991623646178596e-09,2.261403508896364656e-09,3.894788678735494614e-04,4.957108057368486698e-09
9.277198114432394505e-04,3.424991623646178596e-09,1.021392308757640421e-04,4.666316963266581297e-04,4.957108057368486698e-09
1.075752428732812405e-03,3.424991623646178596e-09,2.535777748562395573e-04,5.268029635772109032e-04,4.957108057368486698e-09
1.053764484822750092e-03,3.424991623646178596e-09,3.482908359728753567e-04,5.163247114978730679e-04,4.957108057368486698e-09
9.986020158976316452e-04,4.207100137136876583e-04,2.926705346908420324e-04,4.900472122244536877e-04,4.957108057368486698e-09
9.718931396491825581e-04,5.130520439706742764e-04,2.847324067261070013e-04,5.057880189269781113e-04,4.957108057368486698e-09
6.663664826191961765e-04,4.310057265684008598e-04,2.912866766564548016e-04,3.846602921839803457e-04,4.957108057368486698e-09
5.483147688210010529e-04,3.917136928066611290e-04,1.434462465113028884e-04,5.836171912960708141e-04,4.957108057368486698e-09
2.454080968163907528e-04,1.506628177594393492e-04,2.261403508896364656e-09,3.240242658648639917e-04,4.957108057368486698e-09
8.805885590845718980e-05,3.424991623646178596e-09,2.261403508896364656e-09,4.274971433915197849e-04,4.957108057368486698e-09
2.903970016632229090e-04,3.424991623646178596e-09,2.261403508896364656e-09,9.777748346095904708e-05,4.957108057368486698e-09
4.913448938168585300e-04,3.424991623646178596e-09,2.261403508896364656e-09,4.824809439014643431e-04,4.957108057368486698e-09
1.023583463393151760e-03,3.424991623646178596e-09,1.030970379360951483e-04,4.603193956427276134e-04,2.105395687976852059e-04
1.114542246796190739e-03,3.424991623646178596e-09,2.463354903738945723e-04,5.034448695369064808e-04,2.540001296438276768e-04
1.024450990371406078e-03,1.780482270987704396e-04,3.152358403895050287e-04,5.246883374638855457e-04,2.475780202075839043e-04
9.979903697967529297e-04,4.213047213852405548e-04,2.893378550652414560e-04,5.113548249937593937e-04,4.957108057368486698e-09
9.947497164830565453e-04,4.216766974423080683e-04,2.913460193667560816e-04,5.113403312861919403e-04,4.957108057368486698e-09
5.559585988521575928e-04,2.461872063577175140e-04,2.755666500888764858e-04,5.154001410119235516e-04,4.957108057368486698e-09
2.640980237629264593e-04,3.424991623646178596e-09,2.261403508896364656e-09,2.359076711755392353e-09,4.957108057368486698e-09
1.774027477949857712e-04,3.424991623646178596e-09,2.261403508896364656e-09,3.178234619554132223e-04,4.957108057368486698e-09
8.981864084489643574e-05,3.424991623646178596e-09,2.261403508896364656e-09,2.359076711755392353e-09,4.957108057368486698e-09
3.903097240254282951e-04,3.424991623646178596e-09,2.261403508896364656e-09,1.930448925122618675e-04,4.957108057368486698e-09
9.063591132871806622e-04,3.424991623646178596e-09,2.261403508896364656e-09,4.755429690703749657e-04,4.957108057368486698e-09
1.032925676554441452e-03,3.424991623646178596e-09,2.346712572034448385e-04,5.097824032418429852e-04,2.575634571257978678e-04
8.659224258735775948e-04,3.424991623646178596e-09,3.248560824431478977e-04,4.509948776103556156e-04,6.492818938568234444e-04
1.022902899421751499e-03,1.671063218964263797e-04,3.191333089489489794e-04,4.696752876043319702e-04,3.001757431775331497e-04
8.759799529798328876e-04,2.716039307415485382e-04,2.718896721489727497e-04,4.259804554749280214e-04,4.957108057368486698e-09
8.935343939810991287e-04,1.471947180107235909e-04,1.697266852715983987e-04,4.527140117716044188e-04,4.957108057368486698e-09
6.902176537550985813e-04,3.424991623646178596e-09,2.261403508896364656e-09,2.051724877674132586e-04,4.957108057368486698e-09
3.840367426164448261e-04,3.424991623646178596e-09,2.261403508896364656e-09,2.956107782665640116e-04,4.957108057368486698e-09
8.759967749938368797e-05,3.424991623646178596e-09,2.261403508896364656e-09,1.096099076676182449e-04,4.957108057368486698e-09
5.781471845693886280e-04,3.424991623646178596e-09,2.261403508896364656e-09,9.808579488890245557e-05,4.957108057368486698e-09
9.661407093517482281e-04,3.424991623646178596e-09,2.061628474621102214e-04,4.511540173552930355e-04,4.957108057368486698e-09
1.114955637603998184e-03,3.424991623646178596e-09,1.964319526450708508e-04,5.071123596280813217e-04,2.510185295250266790e-04
1.042732852511107922e-03,3.424991623646178596e-09,2.984956372529268265e-04,5.017160438001155853e-04,2.511785423848778009e-04
1.043272670358419418e-03,3.424991623646178596e-09,2.995172108057886362e-04,5.024172714911401272e-04,2.529795456212013960e-04
8.353930898010730743e-04,3.424991623646178596e-09,4.078613710589706898e-05,1.893360167741775513e-04,4.957108057368486698e-09
7.072344305925071239e-04,3.424991623646178596e-09,2.261403508896364656e-09,3.908921789843589067e-04,4.957108057368486698e-09
1.764778280630707741e-04,3.424991623646178596e-09,2.261403508896364656e-09,2.101152931572869420e-04,4.957108057368486698e-09
2.818536515292180411e-09,3.424991623646178596e-09,2.261403508896364656e-09,9.844939631875604391e-05,4.957108057368486698e-09
8.928642637329176068e-05,3.424991623646178596e-09,2.261403508896364656e-09,2.359076711755392353e-09,4.957108057368486698e-09
4.946610424667596817e-04,3.424991623646178596e-09,1.014300651149824262e-04,4.704880702774971724e-04,4.957108057368486698e-09
8.158442797139286995e-04,3.424991623646178596e-09,2.699421893339604139e-04,4.131373134441673756e-04,4.957108057368486698e-09
1.076743472367525101e-03,3.424991623646178596e-09,2.530673809815198183e-04,5.234280251897871494e-04,4.957108057368486698e-09
9.275838383473455906e-04,3.424991623646178596e-09,2.034429198829457164e-04,4.526520497165620327e-04,4.957108057368486698e-09
8.727220701985061169e-04,3.424991623646178596e-09,2.261403508896364656e-09,4.817028529942035675e-04,4.957108057368486698e-09
4.801417235285043716e-04,3.424991623646178596e-09,2.261403508896364656e-09,3.918728616554290056e-04,4.957108057368486698e-09
2.900700783357024193e-04,3.424991623646178596e-09,2.261403508896364656e-09,2.928733010776340961e-04,4.957108057368486698e-09
2.818536515292180411e-09,3.424991623646178596e-09,9.048754145624116063e-05,2.359076711755392353e-09,4.957108057368486698e-09
2.710276457946747541e-04,3.424991623646178596e-09,2.261403508896364656e-09,2.359076711755392353e-09,4.957108057368486698e-09
3.296568320365622640e-05,3.424991623646178596e-09,2.261403508896364656e-09,2.359076711755392353e-09,1.678905246080830693e-04
4.823018098250031471e-04,3.424991623646178596e-09,1.069182762876152992e-04,2.748129772953689098e-04,4.957108057368486698e-09
3.833495429717004299e-04,3.424991623646178596e-09,1.041637879097834229e-04,3.786266897805035114e-04,4.957108057368486698e-09
6.561744958162307739e-04,3.424991623646178596e-09,1.241963473148643970e-04,3.751171752810478210e-04,4.957108057368486698e-09
4.815815482288599014e-04,3.424991623646178596e-09,2.261403508896364656e-09,3.943257906939834356e-04,4.957108057368486698e-09
3.885162004735320807e-04,3.424991623646178596e-09,2.261403508896364656e-09,9.703237446956336498e-05,4.957108057368486698e-09
1.798663724912330508e-04,3.424991623646178596e-09,2.261403508896364656e-09,2.359076711755392353e-09,4.957108057368486698e-09
2.818536515292180411e-09,3.424991623646178596e-09,9.060566662810742855e-05,2.359076711755392353e-09,4.957108057368486698e-09
2.818536515292180411e-09,3.424991623646178596e-09,9.033050446305423975e-05,2.359076711755392353e-09,4.957108057368486698e-09
2.818536515292180411e-09,3.424991623646178596e-09,9.029994544107466936e-05,9.750223398441448808e-05,4.957108057368486698e-09
1.935483160195872188e-04,3.424991623646178596e-09,9.066701750271022320e-05,9.727706492412835360e-05,4.957108057368486698e-09
1.946923002833500504e-04,3.424991623646178596e-09,2.261403508896364656e-09,9.801619307836517692e-05,4.957108057368486698e-09
9.704628610052168369e-05,3.424991623646178596e-09,2.261403508896364656e-09,9.683173993835225701e-05,4.957108057368486698e-09
1.943805691553279757e-04,3.424991623646178596e-09,2.261403508896364656e-09,9.739211964188143611e-05,4.957108057368486698e-09
2.921442210208624601e-04,3.424991623646178596e-09,2.261403508896364656e-09,9.694808250060304999e-05,4.957108057368486698e-09
2.818536515292180411e-09,3.424991623646178596e-09,2.261403508896364656e-09,2.359076711755392353e-09,1.018924886011518538e-04
2.818536515292180411e-09,3.424991623646178596e-09,9.010020585265010595e-05,2.359076711755392353e-09,4.957108057368486698e-09
2.818536515292180411e-09,3.424991623646178596e-09,9.108686208492144942e-05,2.359076711755392353e-09,4.957108057368486698e-09
2.818536515292180411e-09,3.424991623646178596e-09,9.104457421926781535e-05,2.359076711755392353e-09,4.957108057368486698e-09
8.927364979172125459e-05,3.424991623646178596e-09,2.261403508896364656e-09,2.359076711755392353e-09,4.957108057368486698e-09
9.000448335427790880e-05,3.424991623646178596e-09,2.261403508896364656e-09,2.359076711755392353e-09,4.957108057368486698e-09
8.991821960080415010e-05,3.424991623646178596e-09,2.261403508896364656e-09,2.359076711755392353e-09,4.957108057368486698e-09
2.818536515292180411e-09,3.424991623646178596e-09,2.261403508896364656e-09,2.359076711755392353e-09,1.021532661980018020e-04
2.818536515292180411e-09,3.424991623646178596e-09,2.261403508896364656e-09,9.793575736694037914e-05,4.957108057368486698e-09
2.818536515292180411e-09,3.424991623646178596e-09,2.261403508896364656e-09,9.761163528310135007e-05,4.957108057368486698e-09
9.030515502672642469e-05,3.424991623646178596e-09,2.261403508896364656e-09,2.359076711755392353e-09,4.957108057368486698e-09
2.818536515292180411e-09,3.424991623646178596e-09,2.261403508896364656e-09,8.289940888062119484e-05,4.957108057368486698e-09
2.818536515292180411e-09,3.424991623646178596e-09,9.008461347548291087e-05,2.359076711755392353e-09,4.957108057368486698e-09
2.818536515292180411e-09,6.419857527362182736e-05,2.261403508896364656e-09,7.495076715713366866e-05,4.957108057368486698e-09
2.818536515292180411e-09,3.424991623646178596e-09,2.261403508896364656e-09,9.713449981063604355e-05,2.037530503002926707e-04
8.293042628793045878e-05,3.424991623646178596e-09,2.261403508896364656e-09,2.359076711755392353e-09,4.957108057368486698e-09
2.818536515292180411e-09,3.424991623646178596e-09,1.812185946619138122e-04,2.359076711755392353e-09,4.957108057368486698e-09
2.818536515292180411e-09,3.424991623646178596e-09,2.296576130902394652e-04,3.653976091300137341e-05,4.957108057368486698e-09
2.818536515292180411e-09,3.424991623646178596e-09,1.775972195900976658e-04,7.351145177381113172e-05,4.957108057368486698e-09
2.818536515292180411e-09,3.424991623646178596e-09,1.773136318661272526e-04,7.292097143363207579e-05,4.957108057368486698e-09
2.818536515292180411e-09,3.424991623646178596e-09,9.034657705342397094e-05,2.359076711755392353e-09,4.957108057368486698e-09
2.818536515292180411e-09,3.424991623646178596e-09,2.905109140556305647e-04,2.608300419524312019e-04,4.957108057368486698e-09
2.818536515292180411e-09,3.424991623646178596e-09,3.526072541717439890e-04,2.359076711755392353e-09,4.957108057368486698e-09
2.818536515292180411e-09,7.245333108585327864e-05,3.099766909144818783e-04,8.509483450325205922e-05,4.957108057368486698e-09
2.818536515292180411e-09,6.406841566786170006e-05,2.261403508896364656e-09,2.359076711755392353e-09,4.957108057368486698e-09
2.818536515292180411e-09,3.424991623646178596e-09,2.295515878358855844e-04,3.822345024673268199e-05,4.957108057368486698e-09
2.818536515292180411e-09,3.424991623646178596e-09,2.890182659029960632e-04,2.610836527310311794e-04,4.957108057368486698e-09
2.818536515292180411e-09,9.018576383823528886e-05,2.379053476033732295e-04,5.481407861225306988e-04,4.957108057368486698e-09
2.818536515292180411e-09,2.212936815340071917e-04,1.292477536480873823e-04,4.311265074647963047e-04,4.957108057368486698e-09
2.818536515292180411e-09,7.212986383819952607e-05,1.446672540623694658e-04,2.602806489448994398e-04,4.957108057368486698e-09
2.818536515292180411e-09,9.809756738832220435e-05,2.261403508896364656e-09,2.385197585681453347e-04,4.957108057368486698e-09
2.818536515292180411e-09,3.193186785210855305e-05,2.261403508896364656e-09,2.909261456807143986e-05,4.957108057368486698e-09
2.818536515292180411e-09,3.424991623646178596e-09,2.541267313063144684e-04,2.862942346837371588e-04,4.957108057368486698e-09
2.818536515292180411e-09,3.424991623646178596e-09,2.652409893926233053e-04,3.628776466939598322e-04,4.957108057368486698e-09
2.818536515292180411e-09,1.275999820791184902e-04,1.083076422219164670e-04,1.953937753569334745e-04,4.957108057368486698e-09
2.818536515292180411e-09,4.590353637468069792e-04,2.306845854036509991e-04,5.600284785032272339e-04,4.957108057368486698e-09
2.818536515292180411e-09,4.074830794706940651e-04,2.391585439909249544e-04,2.312492288183420897e-04,4.957108057368486698e-09
2.818536515292180411e-09,2.793779422063380480e-04,1.566741702845320106e-04,5.254996940493583679e-04,4.957108057368486698e-09
2.818536515292180411e-09,1.274040259886533022e-04,2.261403508896364656e-09,2.359076711755392353e-09,4.957108057368486698e-09
2.818536515292180411e-09,1.026492973323911428e-04,2.261403508896364656e-09,1.435530721209943295e-04,4.957108057368486698e-09
2.818536515292180411e-09,3.213122909073717892e-05,2.261403508896364656e-09,2.933451651188079268e-05,4.957108057368486698e-09
2.818536515292180411e-09,3.424991623646178596e-09,2.261403508896364656e-09,1.944639807334169745e-04,4.957108057368486698e-09
2.818536515292180411e-09,3.424991623646178596e-09,1.327955251326784492e-04,4.873237339779734612e-04,4.957108057368486698e-09
2.818536515292180411e-09,9.117608715314418077e-05,2.348357083974406123e-04,5.495353252626955509e-04,4.957108057368486698e-09
2.818536515292180411e-09,3.098537563346326351e-04,2.262616035295650363e-04,5.925588775426149368e-04,4.957108057368486698e-09
2.818536515292180411e-09,4.560190136544406414e-04,2.261403508896364656e-09,1.950931909959763288e-04,4.957108057368486698e-09
2.818536515292180411e-09,5.114785744808614254e-04,2.308003022335469723e-04,3.853121888823807240e-04,4.957108057368486698e-09
2.818536515292180411e-09,3.411529469303786755e-04,2.818442590069025755e-04,3.710821620188653469e-04,4.957108057368486698e-09
2.818536515292180411e-09,2.329991839360445738e-04,1.142065011663362384e-04,5.206067580729722977e-04,4.957108057368486698e-09
2.818536515292180411e-09,9.882943413686007261e-05,2.261403508896364656e-09,2.406199928373098373e-04,4.957108057368486698e-09
2.818536515292180411e-09,3.192636359017342329e-05,2.261403508896364656e-09,2.918062455137260258e-05,4.957108057368486698e-09
2.818536515292180411e-09,3.424991623646178596e-09,2.261403508896364656e-09,3.023257304448634386e-04,4.957108057368486698e-09
9.350646723760291934e-05,3.424991623646178596e-09,2.414704067632555962e-04,2.801048685796558857e-04,4.957108057368486698e-09
2.818536515292180411e-09,1.599478564457967877e-04,2.270154072903096676e-04,5.175572587177157402e-04,4.957108057368486698e-09
9.442411101190373302e-05,1.909040875034406781e-04,2.272553683724254370e-04,5.386713310144841671e-04,4.957108057368486698e-09
2.818536515292180411e-09,4.906987887807190418e-04,2.216993889305740595e-04,5.255893338471651077e-04,4.957108057368486698e-09
2.818536515292180411e-09,6.990875699557363987e-04,2.570311480667442083e-04,5.096569075249135494e-04,4.957108057368486698e-09
5.787417656222260121e-09,5.123140290379524231e-04,2.579760621301829815e-04,4.677408724091947079e-04,4.957108057368486698e-09
2.818536515292180411e-09,3.013545938301831484e-04,1.764377957442775369e-04,2.681699115782976151e-04,4.957108057368486698e-09
2.818536515292180411e-09,1.016835813061334193e-04,2.261403508896364656e-09,1.445089437766000628e-04,4.957108057368486698e-09
2.818536515292180411e-09,3.424991623646178596e-09,2.261403508896364656e-09,1.939130015671253204e-04,4.957108057368486698e-09
1.934174651978537440e-04,3.424991623646178596e-09,1.062697992892935872e-04,3.740959218703210354e-04,4.957108057368486698e-09
9.669354039942845702e-05,3.424991623646178596e-09,1.804429484764114022e-04,1.951329613802954555e-04,4.957108057368486698e-09
5.638959701173007488e-04,9.305604180553928018e-05,2.294134174007922411e-04,5.704021314159035683e-04,4.957108057368486698e-09
2.262909692944958806e-04,2.769257698673754930e-04,2.294423320563510060e-04,4.627522139344364405e-04,4.957108057368486698e-09
4.054531455039978027e-04,5.591482040472328663e-04,2.549361670389771461e-04,6.244553951546549797e-04,4.957108057368486698e-09
2.500627597328275442e-04,2.727916289586573839e-04,2.723661891650408506e-04,5.371875013224780560e-04,4.957108057368486698e-09
2.818536515292180411e-09,4.045900423079729080e-04,2.513914660084992647e-04,2.788141719065606594e-04,4.957108057368486698e-09
2.818536515292180411e-09,5.048795137554407120e-04,2.261403508896364656e-09,5.460069514811038971e-04,4.957108057368486698e-09
2.818536515292180411e-09,2.534758532419800758e-04,2.261403508896364656e-09,1.094272665795870125e-04,4.957108057368486698e-09
2.818536515292180411e-09,3.424991623646178596e-09,2.261403508896364656e-09,1.331681996816769242e-04,4.957108057368486698e-09
2.818536515292180411e-09,3.424991623646178596e-09,2.261403508896364656e-09,1.015888192341662943e-04,4.957108057368486698e-09
1.950981823028996587e-04,3.424991623646178596e-09,2.261403508896364656e-09,3.881102893501520157e-04,4.957108057368486698e-09
3.918735601473599672e-04,3.424991623646178596e-09,1.043609590851701796e-04,4.792049294337630272e-04,4.957108057368486698e-09
6.455936236307024956e-04,3.424991623646178596e-09,3.051161766052246094e-04,5.593221285380423069e-04,4.957108057368486698e-09
4.752684617415070534e-04,2.354335447307676077e-04,3.274880873505026102e-04,5.808514542877674103e-04,4.957108057368486698e-09
5.041920812800526619e-04,2.916135126724839211e-04,4.510891740210354328e-04,5.757148610427975655e-04,4.957108057368486698e-09
3.157990286126732826e-04,3.394161758478730917e-04,2.234117127954959869e-04,5.583299789577722549e-04,4.957108057368486698e-09
2.231562393717467785e-04,3.680911904666572809e-04,2.656030992511659861e-04,5.566330510191619396e-04,4.957108057368486698e-09
6.683331594103947282e-05,2.733054861892014742e-04,1.125452181440778077e-04,5.156197585165500641e-04,4.957108057368486698e-09
2.818536515292180411e-09,2.534167724661529064e-04,2.261403508896364656e-09,5.970674101263284683e-04,4.957108057368486698e-09
2.818536515292180411e-09,1.800664467737078667e-04,2.261403508896364656e-09,1.214197545778006315e-04,4.957108057368486698e-09
2.818536515292180411e-09,3.198463673470541835e-05,2.261403508896364656e-09,2.866314571292605251e-05,4.957108057368486698e-09
8.972408977570012212e-05,3.424991623646178596e-09,2.261403508896364656e-09,2.359076711755392353e-09,4.957108057368486698e-09
1.928268175106495619e-04,3.424991623646178596e-09,2.261403508896364656e-09,3.887759812641888857e-04,4.957108057368486698e-09
2.932980132754892111e-04,3.424991623646178596e-09,2.261403508896364656e-09,3.894394321832805872e-04,4.957108057368486698e-09
7.413513958454132080e-04,3.424991623646178596e-09,2.819406508933752775e-04,4.579249944072216749e-04,4.957108057368486698e-09
8.483916753903031349e-04,3.424991623646178596e-09,2.324948436580598354e-04,4.561590612865984440e-04,4.957108057368486698e-09
6.780261755920946598e-04,2.628749934956431389e-04,2.732068533077836037e-04,4.347790381871163845e-04,4.957108057368486698e-09
2.657270815689116716e-04,5.885784048587083817e-04,2.553287486080080271e-04,5.164680769667029381e-04,4.957108057368486698e-09
4.254804225638508797e-04,4.826340300496667624e-04,2.610977389849722385e-04,5.905809230171144009e-04,4.957108057368486698e-09
4.644650907721370459e-04,2.592999080661684275e-04,2.728121180552989244e-04,5.582580924965441227e-04,4.957108057368486698e-09
9.271065209759399295e-05,1.892301224870607257e-04,2.261403508896364656e-09,4.997870419174432755e-04,4.957108057368486698e-09
2.818536515292180411e-09,2.532463986426591873e-04,2.261403508896364656e-09,1.102055830415338278e-04,4.957108057368486698e-09
2.818536515292180411e-09,3.424991623646178596e-09,2.261403508896364656e-09,9.719132503960281610e-05,4.957108057368486698e-09
9.007495827972888947e-05,3.424991623646178596e-09,2.261403508896364656e-09,2.359076711755392353e-09,4.957108057368486698e-09
2.913784992415457964e-04,3.424991623646178596e-09,2.261403508896364656e-09,3.896695561707019806e-04,4.957108057368486698e-09
4.900770727545022964e-04,3.424991623646178596e-09,2.261403508896364656e-09,4.829654353670775890e-04,4.957108057368486698e-09
9.118773741647601128e-04,3.424991623646178596e-09,2.752332366071641445e-04,4.633415665011852980e-04,4.957108057368486698e-09
9.803778957575559616e-04,3.424991623646178596e-09,2.743824152275919914e-04,5.323327495716512203e-04,4.957108057368486698e-09
8.839275105856359005e-04,9.230638534063473344e-05,1.331653038505464792e-04,4.828749224543571472e-04,4.957108057368486698e-09
6.827404722571372986e-04,3.757903468795120716e-04,3.133419668301939964e-04,5.504129221662878990e-04,4.957108057368486698e-09
4.021225904580205679e-04,2.255688450532034039e-04,9.079916344489902258e-05,1.350170205114409328e-04,4.957108057368486698e-09
3.168160910718142986e-04,3.726652648765593767e-04,2.261403508896364656e-09,5.570594221353530884e-04,4.957108057368486698e-09
1.759727747412398458e-04,3.424991623646178596e-09,2.261403508896364656e-09,3.160366613883525133e-04,4.957108057368486698e-09
9.041590965352952480e-05,3.424991623646178596e-09,2.261403508896364656e-09,2.359076711755392353e-09,4.957108057368486698e-09
2.912695345003157854e-04,3.424991623646178596e-09,2.261403508896364656e-09,1.943741954164579511e-04,4.957108057368486698e-09
4.889304982498288155e-04,3.424991623646178596e-09,2.261403508896364656e-09,3.866587940137833357e-04,4.957108057368486698e-09
2.697912568692117929e-04,3.424991623646178596e-09,2.261403508896364656e-09,9.742094698594883084e-05,4.957108057368486698e-09
9.871139191091060638e-04,3.424991623646178596e-09,2.676649019122123718e-04,4.588677256833761930e-04,4.957108057368486698e-09
1.018776325508952141e-03,3.424991623646178596e-09,3.356564848218113184e-04,5.170730873942375183e-04,4.957108057368486698e-09
9.363045683130621910e-04,2.543425944168120623e-04,2.806221018545329571e-04,5.086238961666822433e-04,4.957108057368486698e-09
4.683552542701363564e-04,1.373166305711492896e-04,1.480968203395605087e-04,4.457056347746402025e-04,4.957108057368486698e-09
5.761777283623814583e-04,3.424991623646178596e-09,2.261403508896364656e-09,2.727211394812911749e-04,4.957108057368486698e-09
1.772505929693579674e-04,3.424991623646178596e-09,2.261403508896364656e-09,2.092377690132707357e-04,4.957108057368486698e-09
2.818536515292180411e-09,3.424991623646178596e-09,2.261403508896364656e-09,9.764659625943750143e-05,4.957108057368486698e-09
1.800683530746027827e-04,3.424991623646178596e-09,2.261403508896364656e-09,2.359076711755392353e-09,4.957108057368486698e-09
3.879845025949180126e-04,3.424991623646178596e-09,2.261403508896364656e-09,2.900070976465940475e-04,4.957108057368486698e-09
8.743673679418861866e-04,3.424991623646178596e-09,2.261403508896364656e-09,4.826031799893826246e-04,4.957108057368486698e-09
9.278397192247211933e-04,3.424991623646178596e-09,2.024506829911842942e-04,4.543746181298047304e-04,4.957108057368486698e-09
1.149137155152857304e-03,3.424991623646178596e-09,3.272727190051227808e-04,5.037900991737842560e-04,4.957108057368486698e-09
1.161977532319724560e-03,3.424991623646178596e-09,1.988842850551009178e-04,5.116138490848243237e-04,4.957108057368486698e-09
8.095346274785697460e-04,1.351776445517316461e-04,2.940497361123561859e-04,3.465533372946083546e-04,4.957108057368486698e-09
8.072677301242947578e-04,1.416283048456534743e-04,1.655189116718247533e-04,5.475375801324844360e-04,4.957108057368486698e-09
3.636890032794326544e-04,5.925877485424280167e-05,2.261403508896364656e-09,3.564178477972745895e-04,4.957108057368486698e-09
2.750405983533710241e-04,3.424991623646178596e-09,2.261403508896364656e-09,2.972121292259544134e-04,4.957108057368486698e-09
1.817925221985206008e-04,3.424991623646178596e-09,2.261403508896364656e-09,2.359076711755392353e-09,4.957108057368486698e-09
3.890602092724293470e-04,3.424991623646178596e-09,2.261403508896364656e-09,3.878508578054606915e-04,4.957108057368486698e-09
9.490873198956251144e-04,3.424991623646178596e-09,2.261403508896364656e-09,3.904386248905211687e-04,4.957108057368486698e-09
9.565005311742424965e-04,3.424991623646178596e-09,2.270248805871233344e-04,5.347492988221347332e-04,4.957108057368486698e-09
1.034103683196008205e-03,3.424991623646178596e-09,3.046189376618713140e-04,5.297294701449573040e-04,4.957108057368486698e-09
9.793551871553063393e-04,3.424991623646178596e-09,1.887594844447448850e-04,5.386131815612316132e-04,4.957108057368486698e-09
8.657844737172126770e-04,3.424991623646178596e-09,1.232321574207162485e-05,4.818552697543054819e-04,4.957108057368486698e-09
2.780439972411841154e-04,3.424991623646178596e-09,2.261403508896364656e-09,2.034295466728508472e-04,4.957108057368486698e-09
1.782890758477151394e-04,3.424991623646178596e-09,2.261403508896364656e-09,3.000038850586861372e-04,4.957108057368486698e-09
9.032451634993776679e-05,3.424991623646178596e-09,2.261403508896364656e-09,2.359076711755392353e-09,4.957108057368486698e-09
2.693083370104432106e-04,3.424991623646178596e-09,2.261403508896364656e-09,2.359076711755392353e-09,4.957108057368486698e-09
6.771158659830689430e-04,3.424991623646178596e-09,2.261403508896364656e-09,2.962122380267828703e-04,4.957108057368486698e-09
7.751563098281621933e-04,3.424991623646178596e-09,1.021807111101225019e-04,4.698528209701180458e-04,4.957108057368486698e-09
9.055016562342643738e-04,3.424991623646178596e-09,2.281868655700236559e-04,5.467314622364938259e-04,4.957108057368486698e-09
8.253384730778634548e-04,3.424991623646178596e-09,2.261403508896364656e-09,5.863529513590037823e-04,4.957108057368486698e-09
7.973295287229120731e-04,3.424991623646178596e-09,2.261403508896364656e-09,3.839571145363152027e-04,4.957108057368486698e-09
5.741831264458596706e-04,3.424991623646178596e-09,2.261403508896364656e-09,3.029104555025696754e-04,4.957108057368486698e-09
2.849115699063986540e-04,3.424991623646178596e-09,2.261403508896364656e-09,1.001903729047626257e-04,4.957108057368486698e-09
3.869892680086195469e-04,3.424991623646178596e-09,2.261403508896364656e-09,1.978710934054106474e-04,4.957108057368486698e-09
4.808637022506445646e-04,3.424991623646178596e-09,2.261403508896364656e-09,2.959277480840682983e-04,4.957108057368486698e-09
5.782727967016398907e-04,3.424991623646178596e-09,2.261403508896364656e-09,3.920973394997417927e-04,4.957108057368486698e-09
5.785278626717627048e-04,3.424991623646178596e-09,2.261403508896364656e-09,3.930129751097410917e-04,4.957108057368486698e-09
4.848887328989803791e-04,3.424991623646178596e-09,2.261403508896364656e-09,9.816129750106483698e-05,4.957108057368486698e-09
4.826635122299194336e-04,3.424991623646178596e-09,2.261403508896364656e-09,2.973199007101356983e-04,4.957108057368486698e-09
1.962730166269466281e-04,3.424991623646178596e-09,2.261403508896364656e-09,9.680758375907316804e-05,4.957108057368486698e-09
2.818536515292180411e-09,3.424991623646178596e-09,2.261403508896364656e-09,9.772634803084656596e-05,4.957108057368486698e-09
2.818536515292180411e-09,6.499596929643303156e-05,2.261403508896364656e-09,2.359076711755392353e-09,4.957108057368486698e-09
8.711917325854301453e-05,3.424991623646178596e-09,2.261403508896364656e-09,2.359076711755392353e-09,4.957108057368486698e-09
3.608415718190371990e-04,3.424991623646178596e-09,2.261403508896364656e-09,2.359076711755392353e-09,4.957108057368486698e-09
3.839115088339895010e-04,3.424991623646178596e-09,2.261403508896364656e-09,1.984411937883123755e-04,4.957108057368486698e-09
3.872948582284152508e-04,3.424991623646178596e-09,2.261403508896364656e-09,1.003443612717092037e-04,4.957108057368486698e-09
3.836559772025793791e-04,3.424991623646178596e-09,2.261403508896364656e-09,1.992796314880251884e-04,4.957108057368486698e-09
1.931932929437607527e-04,3.424991623646178596e-09,2.261403508896364656e-09,9.745222632773220539e-05,4.957108057368486698e-09
2.818536515292180411e-09,3.424991623646178596e-09,2.261403508896364656e-09,9.717836655909195542e-05,4.957108057368486698e-09
8.940159750636667013e-05,3.424991623646178596e-09,2.261403508896364656e-09,2.359076711755392353e-09,4.957108057368486698e-09
2.910039320624946413e-09,3.424991623646178596e-09,2.261403508896364656e-09,1.128284056903794408e-04,4.957108057368486698e-09
2.678089658729732037e-04,3.424991623646178596e-09,2.261403508896364656e-09,9.953017433872446418e-05,1.177237791125662625e-04
1.791546237654983997e-04,3.424991623646178596e-09,2.261403508896364656e-09,2.359076711755392353e-09,4.957108057368486698e-09
1.793909759726375341e-04,3.424991623646178596e-09,2.261403508896364656e-09,2.359076711755392353e-09,4.957108057368486698e-09
2.818536515292180411e-09,3.424991623646178596e-09,2.261403508896364656e-09,8.142152364598587155e-05,4.957108057368486698e-09
2.818536515292180411e-09,1.261213765246793628e-04,1.606124424142763019e-04,3.405830966585199349e-06,4.957108057368486698e-09
2.818536515292180411e-09,3.424991623646178596e-09,2.261403508896364656e-09,8.291426638606935740e-05,4.957108057368486698e-09
8.686812361702322960e-05,3.424991623646178596e-09,2.261403508896364656e-09,2.359076711755392353e-09,4.957108057368486698e-09
2.818536515292180411e-09,3.424991623646178596e-09,2.261403508896364656e-09,2.359076711755392353e-09,1.021584394038654864e-04
2.818536515292180411e-09,3.424991623646178596e-09,2.261403508896364656e-09,2.359076711755392353e-09,1.023476143018342555e-04
2.818536515292180411e-09,3.424991623646178596e-09,9.022793528856709599e-05,2.359076711755392353e-09,4.957108057368486698e-09
2.818536515292180411e-09,3.424991623646178596e-09,1.819954050006344914e-04,2.359076711755392353e-09,4.957108057368486698e-09
2.818536515292180411e-09,3.424991623646178596e-09,2.309003612026572227e-04,3.574266884243115783e-05,4.957108057368486698e-09
2.818536515292180411e-09,3.424991623646178596e-09,2.284519578097388148e-04,3.787716559600085020e-05,4.957108057368486698e-09
2.818536515292180411e-09,7.388142694253474474e-05,1.780871534720063210e-04,1.078295317711308599e-04,4.957108057368486698e-09
2.818536515292180411e-09,3.424991623646178596e-09,2.261403508896364656e-09,5.837834760313853621e-05,4.957108057368486698e-09
2.818536515292180411e-09,3.424991623646178596e-09,2.297155733685940504e-04,3.741751061170361936e-05,4.957108057368486698e-09
2.818536515292180411e-09,3.424991623646178596e-09,2.109115594066679478e-04,1.428149698767811060e-04,4.957108057368486698e-09
2.818536515292180411e-09,7.701164577156305313e-05,2.538524277042597532e-04,4.166004364378750324e-04,4.957108057368486698e-09
2.818536515292180411e-09,1.092195161618292332e-04,2.889248717110604048e-04,1.433236902812495828e-04,4.957108057368486698e-09
2.818536515292180411e-09,6.389627378666773438e-05,2.261403508896364656e-09,2.359076711755392353e-09,4.957108057368486698e-09
2.818536515292180411e-09,3.424991623646178596e-09,2.310864656465128064e-04,3.618588016252033412e-05,4.957108057368486698e-09
2.818536515292180411e-09,3.424991623646178596e-09,1.544892875244840980e-04,2.093511429848149419e-04,4.957108057368486698e-09
2.818536515292180411e-09,7.018408359726890922e-05,2.261403508896364656e-09,2.153648529201745987e-04,4.957108057368486698e-09
2.818536515292180411e-09,2.323760418221354485e-04,1.145709611591883004e-04,5.201872554607689381e-04,4.957108057368486698e-09
2.818536515292180411e-09,7.222513522719964385e-05,2.261403508896364656e-09,2.004325215239077806e-04,4.957108057368486698e-09
2.818536515292180411e-09,1.020258278003893793e-04,2.261403508896364656e-09,1.440471096429973841e-04,4.957108057368486698e-09
2.818536515292180411e-09,1.264885067939758301e-04,2.261403508896364656e-09,2.359076711755392353e-09,4.957108057368486698e-09
2.818536515292180411e-09,3.424991623646178596e-09,2.261403508896364656e-09,9.053276880877092481e-05,4.957108057368486698e-09
2.818536515292180411e-09,3.424991623646178596e-09,1.349439990008249879e-04,3.043649485334753990e-04,4.957108057368486698e-09
2.818536515292180411e-09,6.974169809836894274e-05,2.430561580695211887e-04,3.613821172621101141e-04,4.957108057368486698e-09
2.818536515292180411e-09,1.284999743802472949e-04,1.367356890114024282e-04,2.522994764149188995e-04,4.957108057368486698e-09
2.818536515292180411e-09,2.070163318421691656e-04,2.295221929671242833e-04,4.021816130261868238e-04,4.957108057368486698e-09
2.818536515292180411e-09,2.071896014967933297e-04,2.315743622602894902e-04,4.001775232609361410e-04,4.957108057368486698e-09
2.818536515292180411e-09,1.012626016745343804e-04,2.261403508896364656e-09,1.447618415113538504e-04,4.957108057368486698e-09
2.818536515292180411e-09,1.270141510758548975e-04,2.261403508896364656e-09,2.359076711755392353e-09,4.957108057368486698e-09
2.818536515292180411e-09,1.021674543153494596e-04,2.261403508896364656e-09,1.442606444470584393e-04,4.957108057368486698e-09
2.818536515292180411e-09,3.424991623646178596e-09,2.261403508896364656e-09,1.949475117726251483e-04,4.957108057368486698e-09
2.818536515292180411e-09,3.424991623646178596e-09,1.072725426638498902e-04,2.434961352264508605e-04,4.957108057368486698e-09
2.818536515292180411e-09,1.754494151100516319e-04,2.340472274227067828e-04,5.908246384933590889e-04,4.957108057368486698e-09
2.818536515292180411e-09,2.059580001514405012e-04,2.310888085048645735e-04,4.020461929030716419e-04,4.957108057368486698e-09
2.818536515292180411e-09,2.977680996991693974e-04,2.241762413177639246e-04,5.087861791253089905e-04,4.957108057368486698e-09
2.818536515292180411e-09,2.316712489118799567e-04,2.261403508896364656e-09,1.078683926607482135e-04,4.957108057368486698e-09
2.818536515292180411e-09,2.939598343800753355e-04,2.261403508896364656e-09,5.377532797865569592e-04,4.957108057368486698e-09
2.818536515292180411e-09,2.655705902725458145e-04,2.261403508896364656e-09,4.938637721352279186e-04,4.957108057368486698e-09
2.818536515292180411e-09,1.027705875458195806e-04,2.261403508896364656e-09,1.456653990317136049e-04,4.957108057368486698e-09
9.668725397204980254e-05,3.424991623646178596e-09,2.261403508896364656e-09,2.917885431088507175e-04,4.957108057368486698e-09
2.818536515292180411e-09,3.424991623646178596e-09,2.261403508896364656e-09,1.954954350367188454e-04,4.957108057368486698e-09
1.530067966086789966e-04,3.424991623646178596e-09,2.373614843236282468e-04,4.801708855666220188e-04,4.957108057368486698e-09
1.661677670199424028e-04,3.424991623646178596e-09,9.102511830860748887e-05,1.197580786538310349e-04,4.957108057368486698e-09
2.818536515292180411e-09,5.728031464968807995e-05,2.329833660041913390e-04,3.865452890750020742e-04,4.957108057368486698e-09
2.341138133488129824e-05,4.112594178877770901e-04,2.360235812375321984e-04,2.212506078649312258e-04,4.957108057368486698e-09
2.818536515292180411e-09,3.325118741486221552e-04,2.403710386715829372e-04,2.493486099410802126e-04,4.957108057368486698e-09
2.818536515292180411e-09,3.374278312548995018e-04,2.261403508896364656e-09,4.751594387926161289e-04,4.957108057368486698e-09
2.818536515292180411e-09,2.552487421780824661e-04,2.261403508896364656e-09,2.359076711755392353e-09,4.957108057368486698e-09
2.818536515292180411e-09,3.424991623646178596e-09,2.261403508896364656e-09,1.997952058445662260e-04,4.957108057368486698e-09
2.818536515292180411e-09,3.424991623646178596e-09,2.261403508896364656e-09,1.935048494488000870e-04,4.957108057368486698e-09
1.799935271264985204e-04,3.424991623646178596e-09,1.067323464667424560e-04,3.910863015335053205e-04,4.957108057368486698e-09
1.931450387928634882e-04,3.424991623646178596e-09,1.315508561674505472e-04,3.646245459094643593e-04,4.957108057368486698e-09
3.525441570673137903e-04,3.424991623646178596e-09,2.347869885852560401e-04,4.819390887860208750e-04,4.957108057368486698e-09
2.345105604035779834e-04,2.638459845911711454e-04,2.237566513940691948e-04,5.675537977367639542e-04,4.957108057368486698e-09
3.391950740478932858e-04,2.677429874893277884e-04,2.239891327917575836e-04,5.635870038531720638e-04,4.957108057368486698e-09
6.000458597554825246e-05,2.863176632672548294e-04,1.159014573204331100e-04,3.978211607318371534e-04,4.957108057368486698e-09
2.818536515292180411e-09,1.279722055187448859e-04,2.261403508896364656e-09,2.359076711755392353e-09,4.957108057368486698e-09
2.818536515292180411e-09,2.521634742151945829e-04,2.261403508896364656e-09,1.095636107493191957e-04,4.957108057368486698e-09
2.818536515292180411e-09,1.024936136673204601e-04,2.261403508896364656e-09,1.447768590878695250e-04,4.957108057368486698e-09
1.941081281984224916e-04,3.424991623646178596e-09,2.261403508896364656e-09,2.917608362622559071e-04,4.957108057368486698e-09
1.954010804183781147e-04,3.424991623646178596e-09,2.261403508896364656e-09,2.902617852669209242e-04,4.957108057368486698e-09
2.876599028240889311e-04,3.424991623646178596e-09,2.261403508896364656e-09,5.382951349020004272e-04,4.957108057368486698e-09
4.983969847671687603e-04,3.424991623646178596e-09,2.277263120049610734e-04,5.230152746662497520e-04,4.957108057368486698e-09
4.315785481594502926e-04,1.552012399770319462e-04,2.965935564134269953e-04,5.435238126665353775e-04,4.957108057368486698e-09
2.971541543956845999e-04,1.292748638661578298e-04,2.262132184114307165e-04,5.347092519514262676e-04,4.957108057368486698e-09
4.062291118316352367e-04,1.356757129542529583e-04,1.030710263876244426e-04,3.328648454044014215e-04,4.957108057368486698e-09
2.443661505822092295e-04,3.319871611893177032e-04,2.261403508896364656e-09,4.498705093283206224e-04,4.957108057368486698e-09
2.818536515292180411e-09,2.469495229888707399e-04,2.261403508896364656e-09,2.138139534508809447e-04,4.957108057368486698e-09
2.818536515292180411e-09,1.259978598682209849e-04,2.261403508896364656e-09,2.359076711755392353e-09,4.957108057368486698e-09
2.818536515292180411e-09,3.210229988326318562e-05,2.261403508896364656e-09,2.881661202991381288e-05,4.957108057368486698e-09
9.781811240827664733e-05,3.424991623646178596e-09,2.261403508896364656e-09,1.945604308275505900e-04,4.957108057368486698e-09
2.912093768827617168e-04,3.424991623646178596e-09,2.261403508896364656e-09,1.929655554704368114e-04,4.957108057368486698e-09
3.022743621841073036e-04,3.424991623646178596e-09,2.058480313280597329e-04,4.664198204409331083e-04,4.957108057368486698e-09
8.200678275898098946e-04,3.424991623646178596e-09,1.368062803521752357e-04,5.700487527064979076e-04,4.957108057368486698e-09
7.715254323557019234e-04,3.424991623646178596e-09,1.008766266750171781e-04,4.690756322816014290e-04,4.957108057368486698e-09
5.944174481555819511e-04,1.726517511997371912e-04,1.408223906764760613e-04,4.614715289790183306e-04,4.957108057368486698e-09
3.226695116609334946e-04,3.304539714008569717e-04,1.526709820609539747e-04,5.717542953789234161e-04,4.957108057368486698e-09
2.532560611143708229e-04,2.334428718313574791e-04,2.261403508896364656e-09,5.600634030997753143e-04,4.957108057368486698e-09
2.596556441858410835e-04,2.269797550980001688e-04,2.261403508896364656e-09,4.578632360789924860e-04,4.957108057368486698e-09
2.818536515292180411e-09,3.424991623646178596e-09,2.261403508896364656e-09,3.391649806872010231e-04,4.957108057368486698e-09
1.799048186512663960e-04,3.424991623646178596e-09,2.261403508896364656e-09,2.359076711755392353e-09,4.957108057368486698e-09
2.921751583926379681e-04,3.424991623646178596e-09,2.261403508896364656e-09,3.900955198332667351e-04,4.957108057368486698e-09
3.872944507747888565e-04,3.424991623646178596e-09,2.261403508896364656e-09,3.877311246469616890e-04,4.957108057368486698e-09
6.774549256078898907e-04,3.424991623646178596e-09,2.261403508896364656e-09,4.878289764747023582e-04,4.957108057368486698e-09
4.850362893193960190e-04,3.424991623646178596e-09,1.076545740943402052e-04,2.760058268904685974e-04,4.957108057368486698e-09
9.281213860958814621e-04,3.424991623646178596e-09,3.443444147706031799e-04,5.363771924749016762e-04,4.957108057368486698e-09
6.609876872971653938e-04,3.424991623646178596e-09,2.261338522657752037e-04,5.585725302807986736e-04,4.957108057368486698e-09
6.130085093900561333e-04,1.815807481762021780e-04,2.261403508896364656e-09,4.850998520851135254e-04,4.957108057368486698e-09
3.898024151567369699e-04,3.424991623646178596e-09,2.261403508896364656e-09,3.814660594798624516e-04,4.957108057368486698e-09
2.891039475798606873e-04,3.424991623646178596e-09,2.261403508896364656e-09,9.834585216594859958e-05,4.957108057368486698e-09
1.950252189999446273e-04,3.424991623646178596e-09,2.261403508896364656e-09,9.638112533139064908e-05,4.957108057368486698e-09
2.903392887674272060e-04,3.424991623646178596e-09,2.261403508896364656e-09,3.884334000758826733e-04,4.957108057368486698e-09
4.842303460463881493e-04,3.424991623646178596e-09,2.261403508896364656e-09,3.900396404787898064e-04,4.957108057368486698e-09
7.975778426043689251e-04,3.424991623646178596e-09,2.261403508896364656e-09,2.956584212370216846e-04,4.957108057368486698e-09
8.660339517518877983e-04,3.424991623646178596e-09,1.035260211210697889e-04,3.816417302004992962e-04,4.957108057368486698e-09
9.657716727815568447e-04,3.424991623646178596e-09,1.904063246911391616e-04,5.502196727320551872e-04,4.957108057368486698e-09
5.308323889039456844e-04,3.424991623646178596e-09,9.075731941265985370e-05,1.022998840198852122e-04,4.957108057368486698e-09
6.469174986705183983e-04,3.424991623646178596e-09,2.261403508896364656e-09,4.793483240064233541e-04,4.957108057368486698e-09
2.750027342699468136e-04,3.424991623646178596e-09,2.261403508896364656e-09,2.983233716804534197e-04,4.957108057368486698e-09
2.818536515292180411e-09,3.424991623646178596e-09,2.261403508896364656e-09,9.778458479559049010e-05,4.957108057368486698e-09
1.785575732355937362e-04,3.424991623646178596e-09,2.261403508896364656e-09,2.359076711755392353e-09,4.957108057368486698e-09
4.848934477195143700e-04,3.424991623646178596e-09,2.261403508896364656e-09,3.871574299409985542e-04,4.957108057368486698e-09
7.706113392487168312e-04,3.424991623646178596e-09,2.261403508896364656e-09,2.908323949668556452e-04,4.957108057368486698e-09
9.283001418225467205e-04,3.424991623646178596e-09,2.261403508896364656e-09,4.803681222256273031e-04,4.957108057368486698e-09
9.291546302847564220e-04,3.424991623646178596e-09,2.044324355665594339e-04,3.317909722682088614e-04,4.957108057368486698e-09
9.344140416942536831e-04,3.424991623646178596e-09,2.261403508896364656e-09,3.826740721706300974e-04,4.957108057368486698e-09
5.423360853455960751e-04,3.424991623646178596e-09,2.261403508896364656e-09,3.013731038663536310e-04,4.957108057368486698e-09
5.706785013899207115e-04,3.424991623646178596e-09,2.261403508896364656e-09,3.018463612534105778e-04,4.957108057368486698e-09
8.962819265434518456e-05,3.424991623646178596e-09,2.261403508896364656e-09,2.359076711755392353e-09,4.957108057368486698e-09
8.996610267786309123e-05,3.424991623646178596e-09,2.261403508896364656e-09,2.359076711755392353e-09,4.957108057368486698e-09
1.795721036614850163e-04,3.424991623646178596e-09,2.261403508896364656e-09,2.359076711755392353e-09,4.957108057368486698e-09
4.783386830240488052e-04,3.424991623646178596e-09,2.261403508896364656e-09,3.961198672186583281e-04,4.957108057368486698e-09
6.800806731916964054e-04,3.424991623646178596e-09,1.036846224451437593e-04,4.688340995926409960e-04,4.957108057368486698e-09
8.151395595632493496e-04,3.424991623646178596e-09,2.261403508896364656e-09,4.675244272220879793e-04,4.957108057368486698e-09
7.133634644560515881e-04,3.424991623646178596e-09,2.261403508896364656e-09,1.997129875235259533e-04,4.957108057368486698e-09
7.043185760267078876e-04,3.424991623646178596e-09,2.261403508896364656e-09,3.067063225898891687e-04,4.957108057368486698e-09
4.815076536033302546e-04,3.424991623646178596e-09,2.261403508896364656e-09,1.963946851901710033e-04,4.957108057368486698e-09
2.700702461879700422e-04,3.424991623646178596e-09,2.261403508896364656e-09,2.987935149576514959e-04,4.957108057368486698e-09
1.787429646356031299e-04,3.424991623646178596e-09,2.261403508896364656e-09,2.359076711755392353e-09,4.957108057368486698e-09
9.659532952355220914e-05,3.424991623646178596e-09,2.261403508896364656e-09,9.619924094295129180e-05,4.957108057368486698e-09
4.828631062991917133e-04,3.424991623646178596e-09,2.261403508896364656e-09,1.978129148483276367e-04,4.957108057368486698e-09
4.827009106520563364e-04,3.424991623646178596e-09,2.261403508896364656e-09,3.954956773668527603e-04,4.957108057368486698e-09
5.810720031149685383e-04,3.424991623646178596e-09,2.261403508896364656e-09,2.948331530205905437e-04,4.957108057368486698e-09
5.807476700283586979e-04,3.424991623646178596e-09,2.261403508896364656e-09,2.952659851871430874e-04,4.957108057368486698e-09
2.695324365049600601e-04,3.424991623646178596e-09,2.261403508896364656e-09,2.359076711755392353e-09,4.957108057368486698e-09
9.030137880472466350e-05,3.424991623646178596e-09,2.261403508896364656e-09,2.359076711755392353e-09,4.957108057368486698e-09
8.997683471534401178e-05,3.424991623646178596e-09,2.261403508896364656e-09,2.359076711755392353e-09,4.957108057368486698e-09
1.819738681660965085e-04,3.424991623646178596e-09,2.261403508896364656e-09,1.027457110467366874e-04,4.957108057368486698e-09
4.837427404709160328e-04,3.424991623646178596e-09,2.261403508896364656e-09,1.982373651117086411e-04,4.957108057368486698e-09
4.823821363970637321e-04,3.424991623646178596e-09,2.261403508896364656e-09,1.962790847755968571e-04,4.957108057368486698e-09
3.869288193527609110e-04,3.424991623646178596e-09,2.261403508896364656e-09,9.869669884210452437e-05,4.957108057368486698e-09
9.621367644285783172e-05,3.424991623646178596e-09,2.261403508896364656e-09,9.711951861390843987e-05,4.957108057368486698e-09
9.040442091645672917e-05,3.424991623646178596e-09,2.261403508896364656e-09,2.359076711755392353e-09,4.957108057368486698e-09
9.049248183146119118e-05,3.424991623646178596e-09,2.261403508896364656e-09,2.359076711755392353e-09,4.957108057368486698e-09
2.899645769502967596e-04,3.424991623646178596e-09,2.261403508896364656e-09,9.909808431984856725e-05,4.957108057368486698e-09
9.038933785632252693e-05,3.424991623646178596e-09,2.261403508896364656e-09,2.359076711755392353e-09,4.957108057368486698e-09
8.762194192968308926e-05,3.424991623646178596e-09,2.261403508896364656e-09,2.359076711755392353e-09,4.957108057368486698e-09
2.818536515292180411e-09,3.424991623646178596e-09,9.115722787100821733e-05,2.359076711755392353e-09,4.957108057368486698e-09
2.818536515292180411e-09,3.424991623646178596e-09,2.261403508896364656e-09,9.004543971968814731e-05,4.957108057368486698e-09
2.818536515292180411e-09,3.424991623646178596e-09,1.822059421101585031e-04,2.359076711755392353e-09,4.957108057368486698e-09
2.818536515292180411e-09,3.424991623646178596e-09,2.290714037371799350e-04,3.798974648816511035e-05,4.957108057368486698e-09
2.818536515292180411e-09,3.424991623646178596e-09,1.807521912269294262e-04,2.359076711755392353e-09,4.957108057368486698e-09
2.818536515292180411e-09,3.424991623646178596e-09,2.108758199028670788e-04,1.460462663089856505e-04,4.957108057368486698e-09
2.818536515292180411e-09,7.468927651643753052e-05,2.261403508896364656e-09,1.989505690289661288e-04,4.957108057368486698e-09
2.818536515292180411e-09,3.424991623646178596e-09,2.261403508896364656e-09,9.123884956352412701e-05,4.957108057368486698e-09
2.818536515292180411e-09,3.424991623646178596e-09,2.310473500983789563e-04,3.491036113700829446e-05,4.957108057368486698e-09
2.818536515292180411e-09,7.901089702500030398e-05,2.261403508896364656e-09,4.708764899987727404e-04,4.957108057368486698e-09
2.818536515292180411e-09,8.543306466890498996e-05,2.906060544773936272e-04,1.689209311734884977e-04,4.957108057368486698e-09
2.818536515292180411e-09,1.192442796309478581e-04,2.261403508896364656e-09,2.950435155071318150e-04,4.957108057368486698e-09
2.818536515292180411e-09,9.425055759493261576e-05,2.261403508896364656e-09,2.449707826599478722e-04,4.957108057368486698e-09
2.818536515292180411e-09,1.269645581487566233e-04,2.261403508896364656e-09,2.359076711755392353e-09,4.957108057368486698e-09
2.818536515292180411e-09,3.424991623646178596e-09,2.261403508896364656e-09,9.121002949541434646e-05,4.957108057368486698e-09
2.818536515292180411e-09,3.424991623646178596e-09,1.408737152814865112e-04,3.798526304308325052e-04,4.957108057368486698e-09
2.818536515292180411e-09,3.424991623646178596e-09,2.314467710675671697e-04,3.550124893081374466e-05,4.957108057368486698e-09
2.818536515292180411e-09,9.079766459763050079e-05,2.261403508896364656e-09,3.397161490283906460e-04,4.957108057368486698e-09
2.818536515292180411e-09,6.708518776576966047e-05,2.261403508896364656e-09,1.070878715836443007e-04,4.957108057368486698e-09
2.818536515292180411e-09,7.185756840044632554e-05,2.261403508896364656e-09,2.008325973292812705e-04,4.957108057368486698e-09
2.818536515292180411e-09,9.830238559516146779e-05,2.261403508896364656e-09,2.397708594799041748e-04,4.957108057368486698e-09
2.818536515292180411e-09,3.242606180720031261e-05,2.261403508896364656e-09,2.942209721368271858e-05,4.957108057368486698e-09
2.818536515292180411e-09,3.424991623646178596e-09,2.261403508896364656e-09,2.566708717495203018e-04,4.957108057368486698e-09
2.818536515292180411e-09,3.424991623646178596e-09,2.261403508896364656e-09,9.804242290556430817e-05,4.957108057368486698e-09
2.818536515292180411e-09,1.742796739563345909e-04,2.333681622985750437e-04,5.900060059502720833e-04,4.957108057368486698e-09
2.818536515292180411e-09,9.834446245804429054e-05,1.083449460566043854e-04,2.200986782554537058e-04,4.957108057368486698e-09
2.818536515292180411e-09,2.543310984037816525e-04,2.261403508896364656e-09,2.359076711755392353e-09,4.957108057368486698e-09
2.818536515292180411e-09,1.688600023044273257e-04,2.261403508896364656e-09,1.233573711942881346e-04,4.957108057368486698e-09
2.818536515292180411e-09,6.681140075670555234e-05,2.261403508896364656e-09,1.060575887095183134e-04,4.957108057368486698e-09
2.818536515292180411e-09,1.267938787350431085e-04,2.261403508896364656e-09,2.359076711755392353e-09,4.957108057368486698e-09
2.818536515292180411e-09,6.451752415159717202e-05,2.261403508896364656e-09,2.359076711755392353e-09,4.957108057368486698e-09
2.818536515292180411e-09,3.424991623646178596e-09,2.261403508896364656e-09,3.008019702974706888e-04,4.957108057368486698e-09
2.818536515292180411e-09,3.424991623646178596e-09,2.261403508896364656e-09,2.930895716417580843e-04,4.957108057368486698e-09
2.818536515292180411e-09,3.424991623646178596e-09,1.069950449164025486e-04,2.435887145111337304e-04,4.957108057368486698e-09
2.818536515292180411e-09,3.775542427320033312e-05,1.185713263112120330e-04,5.252875271253287792e-04,4.957108057368486698e-09
2.818536515292180411e-09,2.455640351399779320e-04,2.422268007649108768e-04,2.677566371858119965e-04,4.957108057368486698e-09
2.818536515292180411e-09,1.783959596650674939e-04,2.261403508896364656e-09,1.227485045092180371e-04,4.957108057368486698e-09
2.818536515292180411e-09,1.719122956274077296e-04,2.261403508896364656e-09,3.341545525472611189e-04,4.957108057368486698e-09
2.818536515292180411e-09,1.797503791749477386e-04,2.261403508896364656e-09,1.228726468980312347e-04,4.957108057368486698e-09
2.818536515292180411e-09,8.872427861206233501e-05,2.261403508896364656e-09,2.465224533807486296e-04,4.957108057368486698e-09
2.818536515292180411e-09,3.424991623646178596e-09,1.099407818401232362e-04,3.731984470505267382e-04,4.957108057368486698e-09
2.818536515292180411e-09,3.424991623646178596e-09,2.537139516789466143e-04,2.865612914320081472e-04,4.957108057368486698e-09
1.370759709971025586e-04,1.216757445945404470e-04,2.278943284181877971e-04,5.013208137825131416e-04,4.957108057368486698e-09
2.818536515292180411e-09,6.284144910750910640e-05,9.119531023316085339e-05,1.454006123822182417e-04,4.957108057368486698e-09
2.818536515292180411e-09,2.311889111297205091e-04,1.162674816441722214e-04,5.694571300409734249e-04,4.957108057368486698e-09
2.818536515292180411e-09,1.631850464036688209e-04,2.261403508896364656e-09,4.366705834399908781e-04,4.957108057368486698e-09
2.818536515292180411e-09,2.494640648365020752e-04,2.261403508896364656e-09,2.118490374414250255e-04,4.957108057368486698e-09
9.718049841467291117e-05,3.424991623646178596e-09,2.261403508896364656e-09,1.942500384757295251e-04,4.957108057368486698e-09
9.644546662457287312e-05,3.424991623646178596e-09,2.261403508896364656e-09,2.921482664532959461e-04,4.957108057368486698e-09
2.930527552962303162e-04,3.424991623646178596e-09,2.261403508896364656e-09,9.721695096231997013e-05,4.957108057368486698e-09
2.755389141384512186e-04,3.424991623646178596e-09,1.098453867598436773e-04,2.837968349922448397e-04,4.957108057368486698e-09
3.959036839660257101e-04,3.424991623646178596e-09,2.382816164754331112e-04,3.853009256999939680e-04,4.957108057368486698e-09
2.573863894212990999e-04,1.093540704459883273e-04,1.046086181304417551e-04,3.436056722421199083e-04,4.957108057368486698e-09
1.209356778417713940e-04,1.594521891092881560e-04,2.261403508896364656e-09,5.413298495113849640e-04,4.957108057368486698e-09
2.818536515292180411e-09,3.424991623646178596e-09,2.261403508896364656e-09,1.332476676907390356e-04,4.957108057368486698e-09
2.818536515292180411e-09,1.271705405088141561e-04,2.261403508896364656e-09,2.359076711755392353e-09,4.957108057368486698e-09
9.682047675596550107e-05,3.424991623646178596e-09,2.261403508896364656e-09,2.918659301940351725e-04,4.957108057368486698e-09
1.926918048411607742e-04,3.424991623646178596e-09,2.261403508896364656e-09,2.920315309893339872e-04,4.957108057368486698e-09
3.791675553657114506e-04,3.424991623646178596e-09,2.261403508896364656e-09,4.022922657895833254e-04,4.957108057368486698e-09
3.981420304626226425e-04,1.305795594817027450e-04,2.211210521636530757e-04,5.263386410661041737e-04,4.957108057368486698e-09
3.431095392443239689e-04,3.424991623646178596e-09,1.053199011948890984e-04,4.544736584648489952e-04,4.957108057368486698e-09
2.818536515292180411e-09,3.424991623646178596e-09,9.071670501725748181e-05,9.718293586047366261e-05,4.957108057368486698e-09
2.818536515292180411e-09,3.424991623646178596e-09,2.261403508896364656e-09,9.787799353944137692e-05,4.957108057368486698e-09
2.818536515292180411e-09,3.424991623646178596e-09,2.261403508896364656e-09,2.453125780448317528e-04,4.957108057368486698e-09
2.818536515292180411e-09,3.424991623646178596e-09,2.261403508896364656e-09,1.350661186734214425e-04,4.957108057368486698e-09
1.807203952921554446e-04,3.424991623646178596e-09,2.261403508896364656e-09,2.359076711755392353e-09,4.957108057368486698e-09
9.024472092278301716e-05,3.424991623646178596e-09,2.261403508896364656e-09,2.359076711755392353e-09,4.957108057368486698e-09
3.896023845300078392e-04,3.424991623646178596e-09,2.261403508896364656e-09,3.895049158018082380e-04,4.957108057368486698e-09
3.883903264068067074e-04,3.424991623646178596e-09,2.061806735582649708e-04,3.624328528530895710e-04,4.957108057368486698e-09
7.762933964841067791e-04,3.424991623646178596e-09,2.030778123298659921e-04,4.579960077535361052e-04,4.957108057368486698e-09
3.445054462645202875e-04,3.424991623646178596e-09,1.042151634464971721e-04,4.527379351202398539e-04,4.957108057368486698e-09
3.568222746253013611e-04,3.424991623646178596e-09,1.045664757839404047e-04,4.003566573373973370e-04,4.957108057368486698e-09
3.008468193002045155e-04,1.253931841347366571e-04,2.261403508896364656e-09,4.629754985217005014e-04,4.957108057368486698e-09
2.818536515292180411e-09,3.424991623646178596e-09,2.261403508896364656e-09,1.942964154295623302e-04,4.957108057368486698e-09
9.278057405026629567e-05,3.424991623646178596e-09,2.261403508896364656e-09,1.942660601343959570e-04,4.957108057368486698e-09
9.024921018863096833e-05,3.424991623646178596e-09,2.261403508896364656e-09,2.359076711755392353e-09,4.957108057368486698e-09
1.922767551150172949e-04,3.424991623646178596e-09,2.261403508896364656e-09,1.935280306497588754e-04,4.957108057368486698e-09
2.921314444392919540e-04,3.424991623646178596e-09,2.261403508896364656e-09,3.886390768457204103e-04,4.957108057368486698e-09
3.901183954440057278e-04,3.424991623646178596e-09,2.261403508896364656e-09,3.912623797077685595e-04,4.957108057368486698e-09
7.755439146421849728e-04,3.424991623646178596e-09,1.041586874634958804e-04,4.689164343290030956e-04,4.957108057368486698e-09
6.715575582347810268e-04,3.424991623646178596e-09,2.261403508896364656e-09,3.986493102274835110e-04,4.957108057368486698e-09
9.166499366983771324e-04,3.424991623646178596e-09,2.261403508896364656e-09,4.826923250220716000e-04,4.957108057368486698e-09
4.770704254042357206e-04,3.424991623646178596e-09,2.261403508896364656e-09,4.920735373161733150e-04,4.957108057368486698e-09
3.536670992616564035e-04,3.424991623646178596e-09,2.261403508896364656e-09,3.091498219873756170e-04,4.957108057368486698e-09
2.818536515292180411e-09,3.424991623646178596e-09,2.261403508896364656e-09,9.722379036247730255e-05,4.957108057368486698e-09
1.790228998288512230e-04,3.424991623646178596e-09,2.261403508896364656e-09,2.359076711755392353e-09,4.957108057368486698e-09
1.805288193281739950e-04,3.424991623646178596e-09,2.261403508896364656e-09,2.359076711755392353e-09,4.957108057368486698e-09
3.880283620674163103e-04,3.424991623646178596e-09,2.261403508896364656e-09,3.917796711903065443e-04,4.957108057368486698e-09
4.881378263235092163e-04,3.424991623646178596e-09,2.261403508896364656e-09,2.920159895438700914e-04,4.957108057368486698e-09
6.724021513946354389e-04,3.424991623646178596e-09,2.261403508896364656e-09,3.974013670813292265e-04,4.957108057368486698e-09
7.740558357909321785e-04,3.424991623646178596e-09,2.261403508896364656e-09,4.844639624934643507e-04,4.957108057368486698e-09
6.976391305215656757e-04,3.424991623646178596e-09,2.261403508896364656e-09,2.920035040006041527e-04,4.957108057368486698e-09
4.016710154246538877e-04,3.424991623646178596e-09,4.210666520521044731e-05,3.956207365263253450e-04,4.957108057368486698e-09
2.886787406168878078e-04,3.424991623646178596e-09,2.261403508896364656e-09,9.873614908428862691e-05,4.957108057368486698e-09
2.818536515292180411e-09,3.424991623646178596e-09,2.261403508896364656e-09,9.662007505539804697e-05,4.957108057368486698e-09
1.798875746317207813e-04,3.424991623646178596e-09,2.261403508896364656e-09,2.359076711755392353e-09,4.957108057368486698e-09
1.807549124350771308e-04,3.424991623646178596e-09,2.261403508896364656e-09,2.359076711755392353e-09,4.957108057368486698e-09
4.839924513362348080e-04,3.424991623646178596e-09,2.261403508896364656e-09,1.953934552147984505e-04,4.957108057368486698e-09
4.829550452996045351e-04,3.424991623646178596e-09,2.261403508896364656e-09,3.875876718666404486e-04,4.957108057368486698e-09
7.680383278056979179e-04,3.424991623646178596e-09,2.261403508896364656e-09,3.986209922004491091e-04,4.957108057368486698e-09
6.214036839082837105e-04,3.424991623646178596e-09,2.261403508896364656e-09,1.027710313792340457e-04,4.957108057368486698e-09
7.054278976283967495e-04,3.424991623646178596e-09,2.261403508896364656e-09,3.890178049914538860e-04,4.957108057368486698e-09
4.028810362797230482e-04,3.424991623646178596e-09,7.000192272244021297e-05,2.857325889635831118e-04,4.957108057368486698e-09
8.975591481430456042e-05,3.424991623646178596e-09,2.261403508896364656e-09,2.359076711755392353e-09,4.957108057368486698e-09
1.793914416339248419e-04,3.424991623646178596e-09,2.261403508896364656e-09,2.359076711755392353e-09,4.957108057368486698e-09
2.689919492695480585e-04,3.424991623646178596e-09,2.261403508896364656e-09,2.359076711755392353e-09,4.957108057368486698e-09
4.856867890339344740e-04,3.424991623646178596e-09,2.261403508896364656e-09,2.927348250523209572e-04,4.957108057368486698e-09
5.772022996097803116e-04,3.424991623646178596e-09,2.261403508896364656e-09,3.913213440682739019e-04,4.957108057368486698e-09
6.735819042660295963e-04,3.424991623646178596e-09,2.261403508896364656e-09,3.011730732396245003e-04,4.957108057368486698e-09
4.821171460207551718e-04,3.424991623646178596e-09,2.261403508896364656e-09,1.978112268261611462e-04,4.957108057368486698e-09
3.850968205370008945e-04,3.424991623646178596e-09,2.261403508896364656e-09,9.889888315228745341e-05,4.957108057368486698e-09
1.799142628442496061e-04,3.424991623646178596e-09,2.261403508896364656e-09,2.359076711755392353e-09,4.957108057368486698e-09
1.787916116882115602e-04,3.424991623646178596e-09,2.261403508896364656e-09,2.359076711755392353e-09,4.957108057368486698e-09
1.942768431035801768e-04,3.424991623646178596e-09,2.261403508896364656e-09,9.685183613328263164e-05,4.957108057368486698e-09
5.837701610289514065e-04,3.424991623646178596e-09,2.261403508896364656e-09,9.887362102745100856e-05,4.957108057368486698e-09
4.861542256549000740e-04,3.424991623646178596e-09,2.261403508896364656e-09,9.735766798257827759e-05,4.957108057368486698e-09
4.846911469940096140e-04,3.424991623646178596e-09,2.261403508896364656e-09,1.978906657313928008e-04,4.957108057368486698e-09
1.949342840816825628e-04,3.424991623646178596e-09,2.261403508896364656e-09,9.802178101381286979e-05,4.957108057368486698e-09
9.789894102141261101e-05,3.424991623646178596e-09,2.261403508896364656e-09,9.700863301986828446e-05,4.957108057368486698e-09
2.818536515292180411e-09,6.470661173807457089e-05,2.261403508896364656e-09,2.359076711755392353e-09,4.957108057368486698e-09
8.987131150206550956e-05,3.424991623646178596e-09,2.261403508896364656e-09,2.359076711755392353e-09,4.957108057368486698e-09
2.818536515292180411e-09,3.424991623646178596e-09,2.261403508896364656e-09,9.688716818345710635e-05,4.957108057368486698e-09
9.712256724014878273e-05,3.424991623646178596e-09,2.261403508896364656e-09,9.778762614587321877e-05,4.957108057368486698e-09
9.713874169392511249e-05,3.424991623646178596e-09,2.261403508896364656e-09,9.728268923936411738e-05,4.957108057368486698e-09
9.028158092405647039e-05,3.424991623646178596e-09,2.261403508896364656e-09,2.359076711755392353e-09,4.957108057368486698e-09
9.133898129221051931e-05,3.424991623646178596e-09,2.261403508896364656e-09,2.359076711755392353e-09,4.957108057368486698e-09
8.987781620817258954e-05,3.424991623646178596e-09,2.261403508896364656e-09,2.359076711755392353e-09,4.957108057368486698e-09
1.750719966366887093e-04,3.424991623646178596e-09,2.261403508896364656e-09,2.359076711755392353e-09,4.957108057368486698e-09
8.360478386748582125e-05,3.424991623646178596e-09,2.261403508896364656e-09,2.359076711755392353e-09,4.957108057368486698e-09
2.818536515292180411e-09,3.424991623646178596e-09,9.094526467379182577e-05,2.359076711755392353e-09,4.957108057368486698e-09
2.818536515292180411e-09,3.424991623646178596e-09,2.261403508896364656e-09,1.584362762514501810e-04,4.957108057368486698e-09
2.818536515292180411e-09,3.424991623646178596e-09,2.261403508896364656e-09,8.994147356133908033e-05,4.957108057368486698e-09
2.818536515292180411e-09,3.424991623646178596e-09,2.261403508896364656e-09,1.702765730442479253e-04,4.957108057368486698e-09
2.818536515292180411e-09,3.424991623646178596e-09,2.261403508896364656e-09,8.284016803372651339e-05,4.957108057368486698e-09
2.818536515292180411e-09,3.225629552616737783e-05,2.261403508896364656e-09,2.942895116575527936e-05,4.957108057368486698e-09
2.818536515292180411e-09,6.905115151312202215e-05,1.053268424584530294e-04,2.984692691825330257e-04,4.957108057368486698e-09
2.818536515292180411e-09,3.424991623646178596e-09,2.261403508896364656e-09,2.566330367699265480e-04,4.957108057368486698e-09
2.818536515292180411e-09,1.097511631087400019e-04,2.261403508896364656e-09,1.325047778664156795e-04,4.957108057368486698e-09
2.818536515292180411e-09,3.184244633303023875e-05,2.261403508896364656e-09,2.922302155639044940e-05,4.957108057368486698e-09
2.818536515292180411e-09,1.274926762562245131e-04,2.261403508896364656e-09,2.359076711755392353e-09,4.957108057368486698e-09
2.818536515292180411e-09,3.424991623646178596e-09,2.261403508896364656e-09,1.939391077030450106e-04,4.957108057368486698e-09
2.818536515292180411e-09,3.424991623646178596e-09,2.261403508896364656e-09,2.556658873800188303e-04,4.957108057368486698e-09
2.818536515292180411e-09,3.424991623646178596e-09,2.552020596340298653e-04,2.841438108589500189e-04,4.957108057368486698e-09
2.818536515292180411e-09,1.665460004005581141e-04,1.027965481625869870e-04,3.365954617038369179e-04,4.957108057368486698e-09
2.818536515292180411e-09,1.269415661226958036e-04,2.261403508896364656e-09,2.359076711755392353e-09,4.957108057368486698e-09
2.818536515292180411e-09,3.424991623646178596e-09,2.261403508896364656e-09,9.726176358526572585e-05,4.957108057368486698e-09
2.818536515292180411e-09,3.424991623646178596e-09,2.261403508896364656e-09,9.017280535772442818e-05,4.957108057368486698e-09
2.818536515292180411e-09,3.424991623646178596e-09,2.261403508896364656e-09,1.931853184942156076e-04,4.957108057368486698e-09
2.818536515292180411e-09,3.424991623646178596e-09,2.261403508896364656e-09,9.847380715655162930e-05,4.957108057368486698e-09
2.818536515292180411e-09,6.375399971147999167e-05,2.261403508896364656e-09,1.450087002012878656e-04,4.957108057368486698e-09
2.818536515292180411e-09,1.682479050941765308e-04,2.261403508896364656e-09,2.313485892955213785e-04,4.957108057368486698e-09
2.818536515292180411e-09,1.025454621412791312e-04,2.261403508896364656e-09,1.456553582102060318e-04,4.957108057368486698e-09
2.818536515292180411e-09,1.909595739562064409e-04,2.261403508896364656e-09,2.359076711755392353e-09,4.957108057368486698e-09
2.818536515292180411e-09,3.424991623646178596e-09,1.360249152639880776e-04,3.033687244169414043e-04,4.957108057368486698e-09
2.818536515292180411e-09,3.424991623646178596e-09,1.140269887400791049e-04,1.538182114018127322e-04,4.957108057368486698e-09
2.818536515292180411e-09,6.438107084250077605e-05,2.261403508896364656e-09,1.429603580618277192e-04,4.957108057368486698e-09
2.818536515292180411e-09,3.424991623646178596e-09,2.261403508896364656e-09,1.330748200416564941e-04,4.957108057368486698e-09
2.818536515292180411e-09,1.201520062750205398e-04,2.261403508896364656e-09,9.408019104739651084e-05,4.957108057368486698e-09
2.818536515292180411e-09,1.181954430649057031e-04,2.261403508896364656e-09,1.184036373160779476e-04,4.957108057368486698e-09
2.818536515292180411e-09,1.021655989461578429e-04,2.261403508896364656e-09,1.448939583497121930e-04,4.957108057368486698e-09
2.818536515292180411e-09,3.424991623646178596e-09,2.261403508896364656e-09,1.935188774950802326e-04,4.957108057368486698e-09
2.818536515292180411e-09,3.424991623646178596e-09,1.153389384853653610e-04,2.691889530979096889e-04,4.957108057368486698e-09
9.604558727005496621e-05,3.424991623646178596e-09,2.261403508896364656e-09,1.930517028085887432e-04,4.957108057368486698e-09
2.818536515292180411e-09,3.424991623646178596e-09,9.024122846312820911e-05,9.772521298145875335e-05,4.957108057368486698e-09
9.690294245956465602e-05,3.424991623646178596e-09,2.261403508896364656e-09,9.700420923763886094e-05,4.957108057368486698e-09
2.818536515292180411e-09,1.271374494535848498e-04,2.261403508896364656e-09,2.359076711755392353e-09,4.957108057368486698e-09
2.818536515292180411e-09,1.013952351058833301e-04,2.261403508896364656e-09,1.444120571250095963e-04,4.957108057368486698e-09
2.818536515292180411e-09,1.090740552172064781e-04,2.261403508896364656e-09,1.336568238912150264e-04,4.957108057368486698e-09
2.818536515292180411e-09,3.424991623646178596e-09,2.261403508896364656e-09,2.327092224732041359e-04,4.957108057368486698e-09
1.947502460097894073e-04,3.424991623646178596e-09,2.261403508896364656e-09,2.911452902480959892e-04,4.957108057368486698e-09
9.688411228125914931e-05,3.424991623646178596e-09,2.261403508896364656e-09,2.901513944379985332e-04,4.957108057368486698e-09
3.772377385757863522e-04,3.424991623646178596e-09,2.261403508896364656e-09,4.023588844574987888e-04,4.957108057368486698e-09
1.970760786207392812e-04,3.424991623646178596e-09,2.261403508896364656e-09,9.676979243522509933e-05,4.957108057368486698e-09
1.568466977914795280e-04,3.424991623646178596e-09,2.261403508896364656e-09,4.573777550831437111e-04,4.957108057368486698e-09
2.078493271255865693e-04,3.424991623646178596e-09,2.261403508896364656e-09,4.776434216182678938e-04,4.957108057368486698e-09
2.818536515292180411e-09,3.424991623646178596e-09,2.261403508896364656e-09,9.101647447096183896e-05,4.957108057368486698e-09
8.970438648248091340e-05,3.424991623646178596e-09,2.261403508896364656e-09,2.359076711755392353e-09,4.957108057368486698e-09
1.944603573065251112e-04,3.424991623646178596e-09,2.261403508896364656e-09,9.801382111618295312e-05,4.957108057368486698e-09
9.736450738273561001e-05,3.424991623646178596e-09,2.261403508896364656e-09,9.624230006011202931e-05,4.957108057368486698e-09
1.930397847900167108e-04,3.424991623646178596e-09,2.261403508896364656e-09,2.920724800787866116e-04,4.957108057368486698e-09
2.748913248069584370e-04,3.424991623646178596e-09,2.261403508896364656e-09,3.024110628757625818e-04,4.957108057368486698e-09
2.715689188335090876e-04,3.424991623646178596e-09,2.261403508896364656e-09,1.043056108755990863e-04,4.957108057368486698e-09
9.738684457261115313e-05,3.424991623646178596e-09,2.261403508896364656e-09,9.656872134655714035e-05,4.957108057368486698e-09
2.818536515292180411e-09,3.208429188816808164e-05,2.261403508896364656e-09,2.903905624407343566e-05,4.957108057368486698e-09
2.818536515292180411e-09,3.424991623646178596e-09,2.261403508896364656e-09,9.650977881392464042e-05,4.957108057368486698e-09
8.970568160293623805e-05,3.424991623646178596e-09,2.261403508896364656e-09,2.359076711755392353e-09,4.957108057368486698e-09
8.997591794468462467e-05,3.424991623646178596e-09,2.261403508896364656e-09,2.359076711755392353e-09,4.957108057368486698e-09
2.889191091526299715e-04,3.424991623646178596e-09,2.261403508896364656e-09,2.902809646911919117e-04,4.957108057368486698e-09
3.885229234583675861e-04,3.424991623646178596e-09,2.261403508896364656e-09,2.911260817199945450e-04,4.957108057368486698e-09
3.829213965218514204e-04,3.424991623646178596e-09,1.041882496792823076e-04,3.808926267083734274e-04,4.957108057368486698e-09
3.793905198108404875e-04,3.424991623646178596e-09,1.055361572070978582e-04,3.859905409626662731e-04,4.957108057368486698e-09
2.771519939415156841e-04,3.424991623646178596e-09,2.261403508896364656e-09,2.986419422086328268e-04,4.957108057368486698e-09
1.930511934915557504e-04,3.424991623646178596e-09,2.261403508896364656e-09,9.802260319702327251e-05,4.957108057368486698e-09
2.887032169383019209e-04,3.424991623646178596e-09,2.261403508896364656e-09,1.978211512323468924e-04,4.957108057368486698e-09
9.023727761814370751e-05,3.424991623646178596e-09,2.261403508896364656e-09,2.359076711755392353e-09,4.957108057368486698e-09
1.808585511753335595e-04,3.424991623646178596e-09,2.261403508896364656e-09,2.359076711755392353e-09,4.957108057368486698e-09
3.887164930347353220e-04,3.424991623646178596e-09,2.261403508896364656e-09,2.905347500927746296e-04,4.957108057368486698e-09
3.876670380122959614e-04,3.424991623646178596e-09,2.261403508896364656e-09,2.910666225943714380e-04,4.957108057368486698e-09
5.671060644090175629e-04,3.424991623646178596e-09,2.261403508896364656e-09,4.000720800831913948e-04,4.957108057368486698e-09
6.766737787984311581e-04,3.424991623646178596e-09,2.261403508896364656e-09,3.924767952412366867e-04,4.957108057368486698e-09
2.699655015021562576e-04,3.424991623646178596e-09,2.261403508896364656e-09,3.993065620306879282e-04,4.957108057368486698e-09
1.952270831679925323e-04,3.424991623646178596e-09,2.261403508896364656e-09,9.689200669527053833e-05,4.957108057368486698e-09
1.808247470762580633e-04,3.424991623646178596e-09,2.261403508896364656e-09,2.359076711755392353e-09,4.957108057368486698e-09
2.904059656430035830e-04,3.424991623646178596e-09,2.261403508896364656e-09,1.950974692590534687e-04,4.957108057368486698e-09
4.885275848209857941e-04,3.424991623646178596e-09,2.261403508896364656e-09,2.908659807872027159e-04,4.957108057368486698e-09
4.862016648985445499e-04,3.424991623646178596e-09,2.261403508896364656e-09,3.889604122377932072e-04,4.957108057368486698e-09
7.448085816577076912e-04,3.424991623646178596e-09,2.261403508896364656e-09,4.891895223408937454e-04,4.957108057368486698e-09
5.787620320916175842e-04,3.424991623646178596e-09,2.261403508896364656e-09,3.929655067622661591e-04,4.957108057368486698e-09
5.173819954507052898e-04,3.424991623646178596e-09,2.261403508896364656e-09,3.228161658626049757e-04,4.957108057368486698e-09
1.951351441675797105e-04,3.424991623646178596e-09,2.261403508896364656e-09,1.941482478287070990e-04,4.957108057368486698e-09
8.966005407273769379e-05,3.424991623646178596e-09,2.261403508896364656e-09,2.359076711755392353e-09,4.957108057368486698e-09
2.818536515292180411e-09,3.424991623646178596e-09,2.261403508896364656e-09,1.953081373358145356e-04,4.957108057368486698e-09
2.818536515292180411e-09,6.390523776644840837e-05,2.261403508896364656e-09,2.359076711755392353e-09,4.957108057368486698e-09
8.970252383733168244e-05,3.424991623646178596e-09,2.261403508896364656e-09,2.359076711755392353e-09,4.957108057368486698e-09
8.976929530035704374e-05,3.424991623646178596e-09,2.261403508896364656e-09,2.359076711755392353e-09,4.957108057368486698e-09
3.904245968442410231e-04,3.424991623646178596e-09,2.261403508896364656e-09,9.758317901287227869e-05,4.957108057368486698e-09
2.929319452960044146e-04,3.424991623646178596e-09,2.261403508896364656e-09,9.598923497833311558e-05,4.957108057368486698e-09
4.875108134001493454e-04,3.424991623646178596e-09,2.261403508896364656e-09,3.882307501044124365e-04,4.957108057368486698e-09
5.976774264127016068e-04,3.424991623646178596e-09,2.261403508896364656e-09,3.184833039995282888e-04,4.957108057368486698e-09
4.830373509321361780e-04,3.424991623646178596e-09,2.261403508896364656e-09,2.964218147099018097e-04,4.957108057368486698e-09
3.606605168897658587e-04,3.424991623646178596e-09,2.261403508896364656e-09,2.359076711755392353e-09,4.957108057368486698e-09
8.971847273642197251e-05,3.424991623646178596e-09,2.261403508896364656e-09,2.359076711755392353e-09,4.957108057368486698e-09
8.935555524658411741e-05,3.424991623646178596e-09,2.261403508896364656e-09,2.359076711755392353e-09,4.957108057368486698e-09
1.938360946951434016e-04,3.424991623646178596e-09,2.261403508896364656e-09,9.817286627367138863e-05,4.957108057368486698e-09
3.887328784912824631e-04,3.424991623646178596e-09,2.261403508896364656e-09,1.945236144820228219e-04,4.957108057368486698e-09
4.434150760062038898e-04,3.424991623646178596e-09,2.261403508896364656e-09,2.359076711755392353e-09,4.957108057368486698e-09
3.864713071379810572e-04,3.424991623646178596e-09,2.261403508896364656e-09,9.929553925758227706e-05,4.957108057368486698e-09
1.944961986737325788e-04,3.424991623646178596e-09,2.261403508896364656e-09,9.808684990275651217e-05,4.957108057368486698e-09
9.062146273208782077e-05,3.424991623646178596e-09,2.261403508896364656e-09,2.359076711755392353e-09,4.957108057368486698e-09
1.954088511411100626e-04,3.424991623646178596e-09,2.261403508896364656e-09,9.730950841912999749e-05,4.957108057368486698e-09
1.939040375873446465e-04,3.424991623646178596e-09,2.261403508896364656e-09,1.951474841916933656e-04,4.957108057368486698e-09
1.957386266440153122e-04,3.424991623646178596e-09,2.261403508896364656e-09,9.728303120937198400e-05,4.957108057368486698e-09
1.941011869348585606e-04,3.424991623646178596e-09,2.261403508896364656e-09,9.747676085680723190e-05,4.957108057368486698e-09
8.909669850254431367e-05,3.424991623646178596e-09,2.261403508896364656e-09,2.359076711755392353e-09,4.957108057368486698e-09
9.015700197778642178e-05,3.424991623646178596e-09,2.261403508896364656e-09,2.359076711755392353e-09,4.957108057368486698e-09
8.981368591776117682e-05,3.424991623646178596e-09,2.261403508896364656e-09,2.359076711755392353e-09,4.957108057368486698e-09
9.019528806675225496e-05,3.424991623646178596e-09,2.261403508896364656e-09,2.359076711755392353e-09,4.957108057368486698e-09
9.083347686100751162e-05,3.424991623646178596e-09,2.261403508896364656e-09,2.359076711755392353e-09,4.957108057368486698e-09
8.982396684587001801e-05,3.424991623646178596e-09,2.261403508896364656e-09,2.359076711755392353e-09,4.957108057368486698e-09
9.021492587635293603e-05,3.424991623646178596e-09,2.261403508896364656e-09,2.359076711755392353e-09,4.957108057368486698e-09
2.818536515292180411e-09,3.424991623646178596e-09,9.101224713958799839e-05,2.359076711755392353e-09,4.957108057368486698e-09
2.818536515292180411e-09,3.424991623646178596e-09,2.261403508896364656e-09,8.954201621236279607e-05,4.957108057368486698e-09
2.818536515292180411e-09,3.424991623646178596e-09,2.261403508896364656e-09,8.187872299458831549e-05,4.957108057368486698e-09
2.818536515292180411e-09,3.424991623646178596e-09,2.261403508896364656e-09,8.993267692858353257e-05,4.957108057368486698e-09
2.818536515292180411e-09,3.424991623646178596e-09,2.261403508896364656e-09,1.332231040578335524e-04,4.957108057368486698e-09
2.818536515292180411e-09,9.779782703844830394e-05,2.261403508896364656e-09,1.524869439890608191e-04,4.957108057368486698e-09
2.818536515292180411e-09,1.277543196920305490e-04,2.261403508896364656e-09,2.359076711755392353e-09,4.957108057368486698e-09
2.818536515292180411e-09,1.273116649826988578e-04,2.261403508896364656e-09,2.359076711755392353e-09,4.957108057368486698e-09
8.974995580501854420e-05,3.424991623646178596e-09,2.261403508896364656e-09,2.359076711755392353e-09,4.957108057368486698e-09
2.818536515292180411e-09,3.424991623646178596e-09,2.261403508896364656e-09,9.003759623738005757e-05,4.957108057368486698e-09
2.818536515292180411e-09,3.424991623646178596e-09,2.261403508896364656e-09,9.007202606881037354e-05,4.957108057368486698e-09
2.818536515292180411e-09,9.218151535606011748e-05,2.261403508896364656e-09,2.431033062748610973e-04,4.957108057368486698e-09
2.818536515292180411e-09,3.218309575458988547e-05,2.261403508896364656e-09,2.912667150667402893e-05,4.957108057368486698e-09
2.818536515292180411e-09,1.267277693841606379e-04,2.261403508896364656e-09,2.359076711755392353e-09,4.957108057368486698e-09
2.818536515292180411e-09,1.272306544706225395e-04,2.261403508896364656e-09,2.359076711755392353e-09,4.957108057368486698e-09
2.818536515292180411e-09,3.424991623646178596e-09,2.261403508896364656e-09,9.051863889908418059e-05,4.957108057368486698e-09
2.818536515292180411e-09,3.424991623646178596e-09,2.261403508896364656e-09,1.950261357706040144e-04,4.957108057368486698e-09
2.818536515292180411e-09,3.424991623646178596e-09,2.261403508896364656e-09,1.931301230797544122e-04,4.957108057368486698e-09
2.818536515292180411e-09,3.424991623646178596e-09,1.341750321444123983e-04,2.432037581456825137e-04,4.957108057368486698e-09
2.818536515292180411e-09,1.270104548893868923e-04,2.261403508896364656e-09,2.359076711755392353e-09,4.957108057368486698e-09
2.818536515292180411e-09,6.301621033344417810e-05,2.261403508896364656e-09,2.359076711755392353e-09,4.957108057368486698e-09
2.818536515292180411e-09,3.198272679583169520e-05,2.261403508896364656e-09,2.950781708932481706e-05,4.957108057368486698e-09
2.818536515292180411e-09,3.424991623646178596e-09,2.261403508896364656e-09,9.711646998766809702e-05,4.957108057368486698e-09
2.818536515292180411e-09,3.424991623646178596e-09,2.261403508896364656e-09,9.719208901515230536e-05,4.957108057368486698e-09
2.818536515292180411e-09,3.424991623646178596e-09,2.261403508896364656e-09,1.338948204647749662e-04,4.957108057368486698e-09
2.818536515292180411e-09,3.219945574528537691e-05,2.261403508896364656e-09,2.881014188460540026e-05,4.957108057368486698e-09
2.818536515292180411e-09,8.597641135565936565e-05,2.261403508896364656e-09,3.536905569490045309e-04,4.957108057368486698e-09
1.923079980770125985e-04,3.424991623646178596e-09,2.261403508896364656e-09,2.920004772022366524e-04,4.957108057368486698e-09
2.818536515292180411e-09,3.424991623646178596e-09,2.261403508896364656e-09,1.958011562237516046e-04,4.957108057368486698e-09
8.971878560259938240e-05,3.424991623646178596e-09,2.261403508896364656e-09,2.359076711755392353e-09,4.957108057368486698e-09
2.818536515292180411e-09,3.424991623646178596e-09,2.261403508896364656e-09,9.712082828627899289e-05,4.957108057368486698e-09
2.818536515292180411e-09,3.424991623646178596e-09,2.261403508896364656e-09,9.699510701466351748e-05,4.957108057368486698e-09
2.818536515292180411e-09,3.424991623646178596e-09,2.261403508896364656e-09,1.329509541392326355e-04,4.957108057368486698e-09
2.818536515292180411e-09,3.231147275073453784e-05,2.261403508896364656e-09,2.945149572042282671e-05,4.957108057368486698e-09
2.818536515292180411e-09,3.191717405570670962e-05,2.261403508896364656e-09,2.921861414506565779e-05,4.957108057368486698e-09
9.064790356205776334e-05,3.424991623646178596e-09,2.261403508896364656e-09,2.359076711755392353e-09,4.957108057368486698e-09
9.729673911351710558e-05,3.424991623646178596e-09,2.261403508896364656e-09,2.930075570475310087e-04,4.957108057368486698e-09
9.607292304281145334e-05,3.424991623646178596e-09,2.261403508896364656e-09,1.947470445884391665e-04,4.957108057368486698e-09
9.762380068423226476e-05,3.424991623646178596e-09,2.261403508896364656e-09,9.579416655469685793e-05,4.957108057368486698e-09
9.713027247926220298e-05,3.424991623646178596e-09,2.261403508896364656e-09,9.759310341905802488e-05,4.957108057368486698e-09
9.666408732300624251e-05,3.424991623646178596e-09,2.261403508896364656e-09,9.710399899631738663e-05,4.957108057368486698e-09
2.818536515292180411e-09,3.424991623646178596e-09,2.261403508896364656e-09,2.314307494089007378e-04,4.957108057368486698e-09
2.818536515292180411e-09,3.424991623646178596e-09,2.261403508896364656e-09,1.332658430328592658e-04,4.957108057368486698e-09
2.818536515292180411e-09,2.470161416567862034e-04,1.029179184115491807e-04,2.359076711755392353e-09,3.056985151488333941e-04
9.009566565509885550e-05,3.424991623646178596e-09,2.261403508896364656e-09,2.359076711755392353e-09,4.957108057368486698e-09
9.701518138172104955e-05,3.424991623646178596e-09,2.261403508896364656e-09,1.940778311109170318e-04,4.957108057368486698e-09
1.933806925080716610e-04,3.424991623646178596e-09,2.261403508896364656e-09,3.888472274411469698e-04,4.957108057368486698e-09
9.747812146088108420e-05,3.424991623646178596e-09,2.261403508896364656e-09,9.695329936221241951e-05,4.957108057368486698e-09
1.948627468664199114e-04,3.424991623646178596e-09,2.261403508896364656e-09,1.947074488271027803e-04,4.957108057368486698e-09
2.575327816884964705e-04,3.424991623646178596e-09,2.261403508896364656e-09,3.457937273196876049e-04,4.957108057368486698e-09
2.818536515292180411e-09,3.424991623646178596e-09,2.261403508896364656e-09,1.953449827851727605e-04,4.957108057368486698e-09
8.892352343536913395e-05,3.424991623646178596e-09,2.261403508896364656e-09,2.359076711755392353e-09,4.957108057368486698e-09
9.025880717672407627e-05,3.424991623646178596e-09,2.261403508896364656e-09,2.359076711755392353e-09,4.957108057368486698e-09
8.988572517409920692e-05,3.424991623646178596e-09,2.261403508896364656e-09,2.359076711755392353e-09,4.957108057368486698e-09
2.897372760344296694e-04,3.424991623646178596e-09,2.261403508896364656e-09,2.930004266090691090e-04,4.957108057368486698e-09
4.860828048549592495e-04,3.424991623646178596e-09,2.261403508896364656e-09,2.912109775934368372e-04,4.957108057368486698e-09
2.834346087183803320e-04,3.424991623646178596e-09,2.261403508896364656e-09,1.986117858905345201e-04,4.957108057368486698e-09
1.926718832692131400e-04,3.424991623646178596e-09,2.261403508896364656e-09,3.891185333486646414e-04,4.957108057368486698e-09
1.799120072973892093e-04,3.424991623646178596e-09,2.261403508896364656e-09,2.359076711755392353e-09,4.957108057368486698e-09
1.798122975742444396e-04,3.424991623646178596e-09,2.261403508896364656e-09,2.359076711755392353e-09,4.957108057368486698e-09
8.918069943320006132e-05,3.424991623646178596e-09,2.261403508896364656e-09,2.359076711755392353e-09,4.957108057368486698e-09
3.902538155671209097e-04,3.424991623646178596e-09,2.261403508896364656e-09,9.627524559618905187e-05,4.957108057368486698e-09
3.875616239383816719e-04,3.424991623646178596e-09,2.261403508896364656e-09,2.908502065110951662e-04,4.957108057368486698e-09
4.878383479081094265e-04,3.424991623646178596e-09,2.261403508896364656e-09,2.895376528613269329e-04,4.957108057368486698e-09
4.864677030127495527e-04,3.424991623646178596e-09,2.261403508896364656e-09,9.858580597210675478e-05,4.957108057368486698e-09
1.804524799808859825e-04,3.424991623646178596e-09,2.261403508896364656e-09,2.359076711755392353e-09,4.957108057368486698e-09
2.895262732636183500e-04,3.424991623646178596e-09,2.261403508896364656e-09,1.001141936285421252e-04,4.957108057368486698e-09
9.447022603126242757e-05,3.424991623646178596e-09,2.261403508896364656e-09,9.684073302196338773e-05,4.957108057368486698e-09
9.023144957609474659e-05,3.424991623646178596e-09,2.261403508896364656e-09,2.359076711755392353e-09,4.957108057368486698e-09
9.101381874643266201e-05,3.424991623646178596e-09,2.261403508896364656e-09,2.359076711755392353e-09,4.957108057368486698e-09
3.882941091433167458e-04,3.424991623646178596e-09,2.261403508896364656e-09,2.927799650933593512e-04,4.957108057368486698e-09
2.913399075623601675e-04,3.424991623646178596e-09,2.261403508896364656e-09,2.917021338362246752e-04,4.957108057368486698e-09
4.867896786890923977e-04,3.424991623646178596e-09,2.261403508896364656e-09,2.915539080277085304e-04,4.957108057368486698e-09
4.856381274294108152e-04,3.424991623646178596e-09,2.261403508896364656e-09,3.891548258252441883e-04,4.957108057368486698e-09
2.856581413652747869e-04,3.424991623646178596e-09,2.261403508896364656e-09,9.943464829120784998e-05,4.957108057368486698e-09
2.832822501659393311e-04,3.424991623646178596e-09,2.261403508896364656e-09,1.002396093099378049e-04,4.957108057368486698e-09
1.941832306329160929e-04,3.424991623646178596e-09,2.261403508896364656e-09,1.954812614712864161e-04,4.957108057368486698e-09
1.949372090166434646e-04,3.424991623646178596e-09,2.261403508896364656e-09,9.779152605915442109e-05,4.957108057368486698e-09
3.893469693139195442e-04,3.424991623646178596e-09,2.261403508896364656e-09,9.665527613833546638e-05,4.957108057368486698e-09
2.910161565523594618e-04,3.424991623646178596e-09,2.261403508896364656e-09,3.897790738847106695e-04,4.957108057368486698e-09
3.903384786099195480e-04,3.424991623646178596e-09,2.261403508896364656e-09,2.908756141550838947e-04,4.957108057368486698e-09
4.850240366067737341e-04,3.424991623646178596e-09,2.261403508896364656e-09,9.797010716283693910e-05,4.957108057368486698e-09
1.793486444512382150e-04,3.424991623646178596e-09,2.261403508896364656e-09,2.359076711755392353e-09,4.957108057368486698e-09
1.810849353205412626e-04,3.424991623646178596e-09,2.261403508896364656e-09,2.359076711755392353e-09,4.957108057368486698e-09
2.818536515292180411e-09,6.498902075691148639e-05,2.261403508896364656e-09,2.359076711755392353e-09,4.957108057368486698e-09
8.951852942118421197e-05,3.424991623646178596e-09,2.261403508896364656e-09,2.359076711755392353e-09,4.957108057368486698e-09
9.722432878334075212e-05,3.424991623646178596e-09,2.261403508896364656e-09,9.833544027060270309e-05,4.957108057368486698e-09
9.606951061869040132e-05,3.424991623646178596e-09,2.261403508896364656e-09,9.691823652246966958e-05,4.957108057368486698e-09
8.949316543294116855e-05,3.424991623646178596e-09,2.261403508896364656e-09,2.359076711755392353e-09,4.957108057368486698e-09
1.922230730997398496e-04,3.424991623646178596e-09,2.261403508896364656e-09,9.667850099503993988e-05,4.957108057368486698e-09
1.787790533853694797e-04,3.424991623646178596e-09,2.261403508896364656e-09,2.359076711755392353e-09,4.957108057368486698e-09
9.021561709232628345e-05,3.424991623646178596e-09,2.261403508896364656e-09,2.359076711755392353e-09,4.957108057368486698e-09
9.085934289032593369e-05,3.424991623646178596e-09,2.261403508896364656e-09,2.359076711755392353e-09,4.957108057368486698e-09
1.938324712682515383e-04,3.424991623646178596e-09,2.261403508896364656e-09,1.937947963597252965e-04,4.957108057368486698e-09
9.652872540755197406e-05,3.424991623646178596e-09,2.261403508896364656e-09,9.689269063528627157e-05,4.957108057368486698e-09
8.948571485234424472e-05,3.424991623646178596e-09,2.261403508896364656e-09,2.359076711755392353e-09,4.957108057368486698e-09
8.368041017092764378e-05,3.424991623646178596e-09,2.261403508896364656e-09,2.359076711755392353e-09,4.957108057368486698e-09
8.340385102201253176e-05,3.424991623646178596e-09,2.261403508896364656e-09,2.359076711755392353e-09,4.957108057368486698e-09
8.988671470433473587e-05,3.424991623646178596e-09,2.261403508896364656e-09,2.359076711755392353e-09,4.957108057368486698e-09
2.818536515292180411e-09,3.183417356922291219e-05,2.261403508896364656e-09,2.935518750746268779e-05,4.957108057368486698e-09
2.818536515292180411e-09,3.424991623646178596e-09,2.261403508896364656e-09,9.042822784977033734e-05,4.957108057368486698e-09
2.818536515292180411e-09,3.424991623646178596e-09,2.261403508896364656e-09,3.286907740402966738e-04,4.957108057368486698e-09
2.818536515292180411e-09,3.192146323272027075e-05,2.261403508896364656e-09,2.934536132670473307e-05,4.957108057368486698e-09
2.818536515292180411e-09,3.424991623646178596e-09,2.261403508896364656e-09,1.945955737028270960e-04,4.957108057368486698e-09
2.818536515292180411e-09,1.281524746445938945e-04,2.261403508896364656e-09,2.359076711755392353e-09,4.957108057368486698e-09
2.818536515292180411e-09,3.239637953811325133e-05,2.261403508896364656e-09,2.875432255677878857e-05,4.957108057368486698e-09
2.818536515292180411e-09,3.424991623646178596e-09,2.261403508896364656e-09,2.329781564185395837e-04,4.957108057368486698e-09
2.818536515292180411e-09,3.424991623646178596e-09,2.261403508896364656e-09,8.986490138340741396e-05,4.957108057368486698e-09
2.818536515292180411e-09,3.424991623646178596e-09,2.261403508896364656e-09,2.907955204136669636e-04,4.957108057368486698e-09
2.818536515292180411e-09,3.424991623646178596e-09,2.261403508896364656e-09,1.332748506683856249e-04,4.957108057368486698e-09
2.818536515292180411e-09,3.220212238375097513e-05,2.261403508896364656e-09,2.903526001318823546e-05,4.957108057368486698e-09
2.818536515292180411e-09,1.090277146431617439e-04,2.261403508896364656e-09,1.325017510680481791e-04,4.957108057368486698e-09
2.818536515292180411e-09,3.424991623646178596e-09,2.261403508896364656e-09,8.983725274447351694e-05,4.957108057368486698e-09
2.818536515292180411e-09,3.182665386702865362e-05,2.261403508896364656e-09,2.917835809057578444e-05,4.957108057368486698e-09
2.818536515292180411e-09,3.424991623646178596e-09,2.261403508896364656e-09,9.660270734457299113e-05,4.957108057368486698e-09
8.918737876228988171e-05,3.424991623646178596e-09,2.261403508896364656e-09,2.359076711755392353e-09,4.957108057368486698e-09
9.769471944309771061e-05,3.424991623646178596e-09,2.261403508896364656e-09,9.844495798461139202e-05,4.957108057368486698e-09
2.818536515292180411e-09,3.424991623646178596e-09,2.261403508896364656e-09,9.062496246770024300e-05,4.957108057368486698e-09
1.333894033450633287e-04,3.424991623646178596e-09,2.261403508896364656e-09,3.543407656252384186e-04,4.957108057368486698e-09
2.818536515292180411e-09,3.217484118067659438e-05,2.261403508896364656e-09,2.916320590884424746e-05,4.957108057368486698e-09
9.714483894640579820e-05,3.424991623646178596e-09,2.261403508896364656e-09,9.672554733697324991e-05,4.957108057368486698e-09
9.684834367362782359e-05,3.424991623646178596e-09,2.261403508896364656e-09,9.640904318075627089e-05,4.957108057368486698e-09
8.933703793445602059e-05,3.424991623646178596e-09,2.261403508896364656e-09,2.359076711755392353e-09,4.957108057368486698e-09
9.829109330894425511e-05,3.424991623646178596e-09,2.261403508896364656e-09,9.680880611995235085e-05,4.957108057368486698e-09
9.578063327353447676e-05,3.424991623646178596e-09,2.261403508896364656e-09,9.724043047754094005e-05,4.957108057368486698e-09
2.818536515292180411e-09,3.424991623646178596e-09,2.261403508896364656e-09,1.991809695027768612e-04,4.957108057368486698e-09
2.818536515292180411e-09,6.478976138168945909e-05,9.005509491544216871e-05,2.359076711755392353e-09,4.957108057368486698e-09
8.903125853976234794e-05,3.424991623646178596e-09,2.261403508896364656e-09,2.359076711755392353e-09,4.957108057368486698e-09
1.940908405231311917e-04,3.424991623646178596e-09,2.261403508896364656e-09,1.946466654771938920e-04,4.957108057368486698e-09
1.788880181265994906e-04,3.424991623646178596e-09,2.261403508896364656e-09,2.359076711755392353e-09,4.957108057368486698e-09
1.790616079233586788e-04,3.424991623646178596e-09,2.261403508896364656e-09,2.359076711755392353e-09,4.957108057368486698e-09
1.931566657731309533e-04,3.424991623646178596e-09,2.261403508896364656e-09,9.709507867228239775e-05,4.957108057368486698e-09
9.349387255497276783e-05,3.424991623646178596e-09,2.261403508896364656e-09,1.937773486133664846e-04,4.957108057368486698e-09
8.933929348131641746e-05,3.424991623646178596e-09,2.261403508896364656e-09,2.359076711755392353e-09,4.957108057368486698e-09
9.047906496562063694e-05,3.424991623646178596e-09,2.261403508896364656e-09,2.359076711755392353e-09,4.957108057368486698e-09
9.744722774485126138e-05,3.424991623646178596e-09,2.261403508896364656e-09,9.842894360190257430e-05,4.957108057368486698e-09
1.951478916453197598e-04,3.424991623646178596e-09,2.261403508896364656e-09,1.946128759300336242e-04,4.957108057368486698e-09
1.797298900783061981e-04,3.424991623646178596e-09,2.261403508896364656e-09,2.359076711755392353e-09,4.957108057368486698e-09
4.881545610260218382e-04,3.424991623646178596e-09,2.261403508896364656e-09,2.917857782449573278e-04,4.957108057368486698e-09
1.945660624187439680e-04,3.424991623646178596e-09,2.261403508896364656e-09,3.893717657774686813e-04,4.957108057368486698e-09
1.943137176567688584e-04,3.424991623646178596e-09,2.261403508896364656e-09,1.952475286088883877e-04,4.957108057368486698e-09
8.991683716885745525e-05,3.424991623646178596e-09,2.261403508896364656e-09,2.359076711755392353e-09,4.957108057368486698e-09
9.762068657437339425e-05,3.424991623646178596e-09,2.261403508896364656e-09,9.696271445136517286e-05,4.957108057368486698e-09
3.860690048895776272e-04,3.424991623646178596e-09,2.261403508896364656e-09,9.605572267901152372e-05,4.957108057368486698e-09
3.895424888469278812e-04,3.424991623646178596e-09,2.261403508896364656e-09,9.769551252247765660e-05,4.957108057368486698e-09
3.885670157615095377e-04,3.424991623646178596e-09,2.261403508896364656e-09,3.868424973916262388e-04,4.957108057368486698e-09
1.808534871088340878e-04,3.424991623646178596e-09,2.261403508896364656e-09,2.359076711755392353e-09,4.957108057368486698e-09
8.969652117229998112e-05,3.424991623646178596e-09,2.261403508896364656e-09,2.359076711755392353e-09,4.957108057368486698e-09
9.020111610880121589e-05,3.424991623646178596e-09,2.261403508896364656e-09,2.359076711755392353e-09,4.957108057368486698e-09
8.971674833446741104e-05,3.424991623646178596e-09,2.261403508896364656e-09,2.359076711755392353e-09,4.957108057368486698e-09
1.793122355593368411e-04,3.424991623646178596e-09,2.261403508896364656e-09,2.359076711755392353e-09,4.957108057368486698e-09
9.767556184669956565e-05,3.424991623646178596e-09,2.261403508896364656e-09,9.617954492568969727e-05,4.957108057368486698e-09
3.893402172252535820e-04,3.424991623646178596e-09,2.261403508896364656e-09,2.927459427155554295e-04,4.957108057368486698e-09
4.482355725485831499e-04,3.424991623646178596e-09,2.261403508896364656e-09,2.359076711755392353e-09,4.957108057368486698e-09
1.804788189474493265e-04,3.424991623646178596e-09,2.261403508896364656e-09,2.359076711755392353e-09,4.957108057368486698e-09
1.814147253753617406e-04,3.424991623646178596e-09,2.261403508896364656e-09,2.359076711755392353e-09,4.957108057368486698e-09
1.801187754608690739e-04,3.424991623646178596e-09,2.261403508896364656e-09,2.359076711755392353e-09,4.957108057368486698e-09
8.916061779018491507e-05,3.424991623646178596e-09,2.261403508896364656e-09,2.359076711755392353e-09,4.957108057368486698e-09
2.818536515292180411e-09,3.424991623646178596e-09,2.261403508896364656e-09,2.359076711755392353e-09,4.957108057368486698e-09
8.980400161817669868e-05,3.424991623646178596e-09,2.261403508896364656e-09,2.359076711755392353e-09,4.957108057368486698e-09
9.775003854883834720e-05,3.424991623646178596e-09,2.261403508896364656e-09,1.947510900208726525e-04,4.957108057368486698e-09
1.813519629649817944e-04,3.424991623646178596e-09,2.261403508896364656e-09,2.359076711755392353e-09,4.957108057368486698e-09
3.891268861480057240e-04,3.424991623646178596e-09,2.261403508896364656e-09,9.697623318061232567e-05,4.957108057368486698e-09
2.919192484114319086e-04,3.424991623646178596e-09,2.261403508896364656e-09,1.947544078575447202e-04,4.957108057368486698e-09
2.915153745561838150e-04,3.424991623646178596e-09,2.261403508896364656e-09,9.651829896029084921e-05,4.957108057368486698e-09
1.798061857698485255e-04,3.424991623646178596e-09,2.261403508896364656e-09,2.359076711755392353e-09,4.957108057368486698e-09
9.099445742322131991e-05,3.424991623646178596e-09,2.261403508896364656e-09,2.359076711755392353e-09,4.957108057368486698e-09
1.935982581926509738e-04,3.424991623646178596e-09,2.261403508896364656e-09,9.634875459596514702e-05,4.957108057368486698e-09
8.998117118608206511e-05,3.424991623646178596e-09,2.261403508896364656e-09,2.359076711755392353e-09,4.957108057368486698e-09
1.790964743122458458e-04,3.424991623646178596e-09,2.261403508896364656e-09,2.359076711755392353e-09,4.957108057368486698e-09
9.038259304361417890e-05,3.424991623646178596e-09,2.261403508896364656e-09,2.359076711755392353e-09,4.957108057368486698e-09
8.944331057136878371e-05,3.424991623646178596e-09,2.261403508896364656e-09,2.359076711755392353e-09,4.957108057368486698e-09
8.952741336543112993e-05,3.424991623646178596e-09,2.261403508896364656e-09,2.359076711755392353e-09,4.957108057368486698e-09
8.904019341571256518e-05,3.424991623646178596e-09,2.261403508896364656e-09,2.359076711755392353e-09,4.957108057368486698e-09
9.046445484273135662e-05,3.424991623646178596e-09,2.261403508896364656e-09,2.359076711755392353e-09,4.957108057368486698e-09
8.989666821435093880e-05,3.424991623646178596e-09,2.261403508896364656e-09,2.359076711755392353e-09,4.957108057368486698e-09
8.990240166895091534e-05,3.424991623646178596e-09,2.261403508896364656e-09,2.359076711755392353e-09,4.957108057368486698e-09
2.818536515292180411e-09,3.424991623646178596e-09,2.261403508896364656e-09,9.779833635548129678e-05,4.957108057368486698e-09
2.818536515292180411e-09,1.278677809750661254e-04,2.261403508896364656e-09,2.359076711755392353e-09,4.957108057368486698e-09
2.818536515292180411e-09,3.424991623646178596e-09,2.261403508896364656e-09,9.141473856288939714e-05,4.957108057368486698e-09
2.818536515292180411e-09,3.205284883733838797e-05,2.261403508896364656e-09,2.925292392319533974e-05,4.957108057368486698e-09
2.818536515292180411e-09,3.191781797795556486e-05,2.261403508896364656e-09,2.946347922261338681e-05,4.957108057368486698e-09
2.818536515292180411e-09,1.275408139917999506e-04,2.261403508896364656e-09,2.359076711755392353e-09,4.957108057368486698e-09
2.818536515292180411e-09,3.424991623646178596e-09,2.261403508896364656e-09,2.343791275052353740e-04,4.957108057368486698e-09
2.818536515292180411e-09,3.424991623646178596e-09,2.261403508896364656e-09,9.040268196258693933e-05,4.957108057368486698e-09
2.818536515292180411e-09,3.213807940483093262e-05,2.261403508896364656e-09,2.909887189161963761e-05,4.957108057368486698e-09
2.818536515292180411e-09,3.424991623646178596e-09,2.261403508896364656e-09,1.934421161422505975e-04,4.957108057368486698e-09
2.818536515292180411e-09,3.424991623646178596e-09,2.261403508896364656e-09,9.720811067381873727e-05,4.957108057368486698e-09
2.818536515292180411e-09,3.251359521527774632e-05,2.261403508896364656e-09,2.897803460655268282e-05,4.957108057368486698e-09
2.818536515292180411e-09,3.424991623646178596e-09,2.261403508896364656e-09,9.610150300431996584e-05,4.957108057368486698e-09
2.818536515292180411e-09,3.424991623646178596e-09,2.261403508896364656e-09,9.733470506034791470e-05,4.957108057368486698e-09
2.818536515292180411e-09,3.424991623646178596e-09,2.261403508896364656e-09,1.945439435075968504e-04,4.957108057368486698e-09
8.994952804641798139e-05,3.424991623646178596e-09,2.261403508896364656e-09,2.359076711755392353e-09,4.957108057368486698e-09
9.095355198951438069e-05,3.424991623646178596e-09,2.261403508896364656e-09,2.359076711755392353e-09,4.957108057368486698e-09
8.897398220142349601e-05,3.424991623646178596e-09,2.261403508896364656e-09,2.359076711755392353e-09,4.957108057368486698e-09
9.005591709865257144e-05,3.424991623646178596e-09,2.261403508896364656e-09,2.359076711755392353e-09,4.957108057368486698e-09
9.099712769966572523e-05,3.424991623646178596e-09,2.261403508896364656e-09,2.359076711755392353e-09,4.957108057368486698e-09
1.789704110706225038e-04,3.424991623646178596e-09,2.261403508896364656e-09,2.359076711755392353e-09,4.957108057368486698e-09
2.818536515292180411e-09,3.424991623646178596e-09,2.261403508896364656e-09,2.359076711755392353e-09,1.025351448333822191e-04
9.071910608327016234e-05,3.424991623646178596e-09,2.261403508896364656e-09,2.359076711755392353e-09,4.957108057368486698e-09
9.681958181317895651e-05,3.424991623646178596e-09,2.261403508896364656e-09,9.767204755917191505e-05,4.957108057368486698e-09
1.798603771021589637e-04,3.424991623646178596e-09,2.261403508896364656e-09,2.359076711755392353e-09,4.957108057368486698e-09
1.801503676688298583e-04,3.424991623646178596e-09,2.261403508896364656e-09,2.359076711755392353e-09,4.957108057368486698e-09
1.942599774338304996e-04,3.424991623646178596e-09,2.261403508896364656e-09,9.752480400493368506e-05,4.957108057368486698e-09
8.937428356148302555e-05,3.424991623646178596e-09,2.261403508896364656e-09,2.359076711755392353e-09,4.957108057368486698e-09
2.818536515292180411e-09,3.424991623646178596e-09,2.261403508896364656e-09,9.720702655613422394e-05,4.957108057368486698e-09
8.962510037235915661e-05,3.424991623646178596e-09,2.261403508896364656e-09,2.359076711755392353e-09,4.957108057368486698e-09
8.993061055662110448e-05,3.424991623646178596e-09,2.261403508896364656e-09,2.359076711755392353e-09,4.957108057368486698e-09
1.930808502947911620e-04,3.424991623646178596e-09,2.261403508896364656e-09,1.947861164808273315e-04,4.957108057368486698e-09
1.787762157618999481e-04,3.424991623646178596e-09,2.261403508896364656e-09,2.359076711755392353e-09,4.957108057368486698e-09
1.799100136850029230e-04,3.424991623646178596e-09,2.261403508896364656e-09,2.359076711755392353e-09,4.957108057368486698e-09
1.792241091607138515e-04,3.424991623646178596e-09,2.261403508896364656e-09,2.359076711755392353e-09,4.957108057368486698e-09
1.936217304319143295e-04,3.424991623646178596e-09,2.261403508896364656e-09,1.932651648530736566e-04,4.957108057368486698e-09
1.795124408090487123e-04,3.424991623646178596e-09,2.261403508896364656e-09,2.359076711755392353e-09,4.957108057368486698e-09
9.803642024053260684e-05,3.424991623646178596e-09,2.261403508896364656e-09,1.943326642503961921e-04,4.957108057368486698e-09
1.790987880667671561e-04,3.424991623646178596e-09,2.261403508896364656e-09,2.359076711755392353e-09,4.957108057368486698e-09
2.921656996477395296e-04,3.424991623646178596e-09,2.261403508896364656e-09,9.719506488181650639e-05,4.957108057368486698e-09
2.919897669926285744e-04,3.424991623646178596e-09,2.261403508896364656e-09,1.933357561938464642e-04,4.957108057368486698e-09
2.689295506570488214e-04,3.424991623646178596e-09,2.261403508896364656e-09,2.359076711755392353e-09,4.957108057368486698e-09
9.018914715852588415e-05,3.424991623646178596e-09,2.261403508896364656e-09,2.359076711755392353e-09,4.957108057368486698e-09
9.082804899662733078e-05,3.424991623646178596e-09,2.261403508896364656e-09,2.359076711755392353e-09,4.957108057368486698e-09
8.920122490962967277e-05,3.424991623646178596e-09,2.261403508896364656e-09,2.359076711755392353e-09,4.957108057368486698e-09
9.735422645462676883e-05,3.424991623646178596e-09,2.261403508896364656e-09,9.823538857745006680e-05,4.957108057368486698e-09
2.702741476241499186e-04,3.424991623646178596e-09,2.261403508896364656e-09,2.359076711755392353e-09,4.957108057368486698e-09
2.702640194911509752e-04,3.424991623646178596e-09,2.261403508896364656e-09,2.359076711755392353e-09,4.957108057368486698e-09
2.689796965569257736e-04,3.424991623646178596e-09,2.261403508896364656e-09,2.359076711755392353e-09,4.957108057368486698e-09
9.054283873410895467e-05,3.424991623646178596e-09,2.261403508896364656e-09,2.359076711755392353e-09,4.957108057368486698e-09
1.948648568941280246e-04,3.424991623646178596e-09,2.261403508896364656e-09,9.721893002279102802e-05,4.957108057368486698e-09
9.113221312873065472e-05,3.424991623646178596e-09,2.261403508896364656e-09,2.359076711755392353e-09,4.957108057368486698e-09
9.686307021183893085e-05,3.424991623646178596e-09,2.261403508896364656e-09,9.763743582880124450e-05,4.957108057368486698e-09
1.814309071050956845e-04,3.424991623646178596e-09,2.261403508896364656e-09,2.359076711755392353e-09,4.957108057368486698e-09
1.799169403966516256e-04,3.424991623646178596e-09,2.261403508896364656e-09,2.359076711755392353e-09,4.957108057368486698e-09
8.931227057473734021e-05,3.424991623646178596e-09,2.261403508896364656e-09,2.359076711755392353e-09,4.957108057368486698e-09
1.943014503922313452e-04,3.424991623646178596e-09,2.261403508896364656e-09,9.756653889780864120e-05,4.957108057368486698e-09
9.058562136488035321e-05,3.424991623646178596e-09,2.261403508896364656e-09,2.359076711755392353e-09,4.957108057368486698e-09
9.038728603627532721e-05,3.424991623646178596e-09,2.261403508896364656e-09,2.359076711755392353e-09,4.957108057368486698e-09
9.003856393974274397e-05,3.424991623646178596e-09,2.261403508896364656e-09,2.359076711755392353e-09,4.957108057368486698e-09
1.809332607081159949e-04,3.424991623646178596e-09,2.261403508896364656e-09,2.359076711755392353e-09,4.957108057368486698e-09
8.935024379752576351e-05,3.424991623646178596e-09,2.261403508896364656e-09,2.359076711755392353e-09,4.957108057368486698e-09
2.818536515292180411e-09,3.424991623646178596e-09,2.261403508896364656e-09,5.881107063032686710e-05,4.957108057368486698e-09
2.818536515292180411e-09,3.424991623646178596e-09,2.261403508896364656e-09,1.944790419656783342e-04,4.957108057368486698e-09
2.818536515292180411e-09,3.424991623646178596e-09,2.261403508896364656e-09,1.337423163931816816e-04,4.957108057368486698e-09
2.818536515292180411e-09,3.424991623646178596e-09,2.261403508896364656e-09,9.069732914213091135e-05,4.957108057368486698e-09
2.818536515292180411e-09,3.224439569748938084e-05,2.261403508896364656e-09,2.917252641054801643e-05,4.957108057368486698e-09
2.818536515292180411e-09,3.191229188814759254e-05,2.261403508896364656e-09,2.891571057261899114e-05,4.957108057368486698e-09
2.818536515292180411e-09,3.216199183952994645e-05,2.261403508896364656e-09,2.935274278570432216e-05,4.957108057368486698e-09
2.818536515292180411e-09,3.195874523953534663e-05,2.261403508896364656e-09,2.884931382141076028e-05,4.957108057368486698e-09
2.818536515292180411e-09,3.424991623646178596e-09,2.261403508896364656e-09,9.793122444534674287e-05,4.957108057368486698e-09
2.818536515292180411e-09,3.424991623646178596e-09,2.261403508896364656e-09,1.010105042951181531e-04,4.957108057368486698e-09
2.818536515292180411e-09,3.424991623646178596e-09,2.261403508896364656e-09,9.796168887987732887e-05,4.957108057368486698e-09
9.038158168550580740e-05,3.424991623646178596e-09,2.261403508896364656e-09,2.359076711755392353e-09,4.957108057368486698e-09
9.014903480419889092e-05,3.424991623646178596e-09,2.261403508896364656e-09,2.359076711755392353e-09,4.957108057368486698e-09
2.818536515292180411e-09,3.424991623646178596e-09,2.261403508896364656e-09,9.817858517635613680e-05,4.957108057368486698e-09
9.006784239318221807e-05,3.424991623646178596e-09,2.261403508896364656e-09,2.359076711755392353e-09,4.957108057368486698e-09
8.937709208112210035e-05,3.424991623646178596e-09,2.261403508896364656e-09,2.359076711755392353e-09,4.957108057368486698e-09
9.009973291540518403e-05,3.424991623646178596e-09,2.261403508896364656e-09,2.359076711755392353e-09,4.957108057368486698e-09
9.022068115882575512e-05,3.424991623646178596e-09,2.261403508896364656e-09,2.359076711755392353e-09,4.957108057368486698e-09
9.021237929118797183e-05,3.424991623646178596e-09,2.261403508896364656e-09,2.359076711755392353e-09,4.957108057368486698e-09
9.053204121300950646e-05,3.424991623646178596e-09,2.261403508896364656e-09,2.359076711755392353e-09,4.957108057368486698e-09
8.980178245110437274e-05,3.424991623646178596e-09,2.261403508896364656e-09,2.359076711755392353e-09,4.957108057368486698e-09
9.081682946998625994e-05,3.424991623646178596e-09,2.261403508896364656e-09,2.359076711755392353e-09,4.957108057368486698e-09
1.942976523423567414e-04,3.424991623646178596e-09,2.261403508896364656e-09,1.929652498802170157e-04,4.957108057368486698e-09
1.933973253471776843e-04,3.424991623646178596e-09,2.261403508896364656e-09,9.741882968228310347e-05,4.957108057368486698e-09
9.027250780491158366e-05,3.424991623646178596e-09,2.261403508896364656e-09,2.359076711755392353e-09,4.957108057368486698e-09
8.758328476687893271e-05,3.424991623646178596e-09,1.121612949646078050e-04,1.895246678031980991e-04,4.957108057368486698e-09
8.996867836685851216e-05,3.424991623646178596e-09,2.261403508896364656e-09,2.359076711755392353e-09,4.957108057368486698e-09
9.017850243253633380e-05,3.424991623646178596e-09,2.261403508896364656e-09,2.359076711755392353e-09,4.957108057368486698e-09
1.788076042430475354e-04,3.424991623646178596e-09,2.261403508896364656e-09,2.359076711755392353e-09,4.957108057368486698e-09
1.802433689590543509e-04,3.424991623646178596e-09,2.261403508896364656e-09,2.359076711755392353e-09,4.957108057368486698e-09
1.794301788322627544e-04,3.424991623646178596e-09,2.261403508896364656e-09,2.359076711755392353e-09,4.957108057368486698e-09
1.803716149879619479e-04,3.424991623646178596e-09,2.261403508896364656e-09,2.359076711755392353e-09,4.957108057368486698e-09
9.345003491034731269e-05,3.424991623646178596e-09,2.261403508896364656e-09,1.944484247360378504e-04,4.957108057368486698e-09
2.545930910855531693e-04,7.524101529270410538e-04,2.118285192409530282e-04,2.492000057827681303e-04,9.232960292138159275e-04
9.082646283786743879e-05,3.424991623646178596e-09,2.261403508896364656e-09,2.359076711755392353e-09,4.957108057368486698e-09
1.809376553865149617e-04,3.424991623646178596e-09,2.261403508896364656e-09,2.359076711755392353e-09,4.957108057368486698e-09
1.796471915440633893e-04,3.424991623646178596e-09,2.261403508896364656e-09,2.359076711755392353e-09,4.957108057368486698e-09
1.935173495439812541e-04,3.424991623646178596e-09,2.261403508896364656e-09,9.749708988238126040e-05,4.957108057368486698e-09
1.949794677784666419e-04,3.424991623646178596e-09,2.261403508896364656e-09,9.748697630129754543e-05,4.957108057368486698e-09
8.987523324321955442e-05,3.424991623646178596e-09,2.261403508896364656e-09,2.359076711755392353e-09,4.957108057368486698e-09
8.992842776933684945e-05,3.424991623646178596e-09,2.261403508896364656e-09,2.359076711755392353e-09,4.957108057368486698e-09
9.037976269610226154e-05,3.424991623646178596e-09,2.261403508896364656e-09,2.359076711755392353e-09,4.957108057368486698e-09
9.683689859230071306e-05,3.424991623646178596e-09,2.261403508896364656e-09,9.732165199238806963e-05,4.957108057368486698e-09
1.943092065630480647e-04,3.424991623646178596e-09,2.261403508896364656e-09,9.776678052730858326e-05,4.957108057368486698e-09
2.698405587580054998e-04,3.424991623646178596e-09,2.261403508896364656e-09,2.359076711755392353e-09,4.957108057368486698e-09
9.068772487808018923e-05,3.424991623646178596e-09,2.261403508896364656e-09,2.359076711755392353e-09,4.957108057368486698e-09
9.082386532099917531e-05,3.424991623646178596e-09,2.261403508896364656e-09,2.359076711755392353e-09,4.957108057368486698e-09
9.007965854834765196e-05,3.424991623646178596e-09,2.261403508896364656e-09,2.359076711755392353e-09,4.957108057368486698e-09
8.926167356548830867e-05,3.424991623646178596e-09,2.261403508896364656e-09,2.359076711755392353e-09,4.957108057368486698e-09
9.037294512381777167e-05,3.424991623646178596e-09,2.261403508896364656e-09,2.359076711755392353e-09,4.957108057368486698e-09
9.006713662529364228e-05,3.424991623646178596e-09,2.261403508896364656e-09,2.359076711755392353e-09,4.957108057368486698e-09
9.085806232178583741e-05,3.424991623646178596e-09,2.261403508896364656e-09,2.359076711755392353e-09,4.957108057368486698e-09
8.979306585388258100e-05,3.424991623646178596e-09,2.261403508896364656e-09,2.359076711755392353e-09,4.957108057368486698e-09
9.008753113448619843e-05,3.424991623646178596e-09,2.261403508896364656e-09,2.359076711755392353e-09,4.957108057368486698e-09
2.818536515292180411e-09,3.424991623646178596e-09,2.261403508896364656e-09,8.998382691061124206e-05,4.957108057368486698e-09
2.818536515292180411e-09,3.424991623646178596e-09,2.261403508896364656e-09,1.002571443677879870e-04,4.957108057368486698e-09
2.818536515292180411e-09,3.424991623646178596e-09,2.261403508896364656e-09,1.951084996107965708e-04,4.957108057368486698e-09
2.818536515292180411e-09,3.424991623646178596e-09,2.261403508896364656e-09,3.305548161733895540e-04,4.957108057368486698e-09
2.818536515292180411e-09,3.424991623646178596e-09,2.261403508896364656e-09,2.307882095919921994e-04,4.957108057368486698e-09
2.818536515292180411e-09,3.424991623646178596e-09,2.261403508896364656e-09,9.984899224946275353e-05,4.957108057368486698e-09
2.818536515292180411e-09,3.424991623646178596e-09,2.261403508896364656e-09,9.018484706757590175e-05,4.957108057368486698e-09
2.818536515292180411e-09,3.424991623646178596e-09,2.261403508896364656e-09,1.004119912977330387e-04,4.957108057368486698e-09
8.952160715125501156e-05,3.424991623646178596e-09,2.261403508896364656e-09,2.359076711755392353e-09,4.957108057368486698e-09
8.969706686912104487e-05,3.424991623646178596e-09,2.261403508896364656e-09,2.359076711755392353e-09,4.957108057368486698e-09
2.818536515292180411e-09,3.424991623646178596e-09,2.261403508896364656e-09,2.359076711755392353e-09,1.025080855470150709e-04
9.816658712225034833e-05,3.424991623646178596e-09,2.261403508896364656e-09,9.632866567699238658e-05,4.957108057368486698e-09
1.800757891032844782e-04,3.424991623646178596e-09,2.261403508896364656e-09,2.359076711755392353e-09,4.957108057368486698e-09
8.909055031836032867e-05,3.424991623646178596e-09,2.261403508896364656e-09,2.359076711755392353e-09,4.957108057368486698e-09
1.793535338947549462e-04,3.424991623646178596e-09,2.261403508896364656e-09,2.359076711755392353e-09,4.957108057368486698e-09
8.907607843866571784e-05,3.424991623646178596e-09,2.261403508896364656e-09,2.359076711755392353e-09,4.957108057368486698e-09
2.926549641415476799e-04,3.424991623646178596e-09,2.261403508896364656e-09,9.820049308473244309e-05,4.957108057368486698e-09
9.039516589837148786e-05,3.424991623646178596e-09,2.261403508896364656e-09,2.359076711755392353e-09,4.957108057368486698e-09
2.818536515292180411e-09,3.424991623646178596e-09,2.261403508896364656e-09,9.762645640876144171e-05,4.957108057368486698e-09
8.986578177427873015e-05,3.424991623646178596e-09,2.261403508896364656e-09,2.359076711755392353e-09,4.957108057368486698e-09
8.975261152954772115e-05,3.424991623646178596e-09,2.261403508896364656e-09,2.359076711755392353e-09,4.957108057368486698e-09
9.036731353262439370e-05,3.424991623646178596e-09,2.261403508896364656e-09,2.359076711755392353e-09,4.957108057368486698e-09
9.025372855830937624e-05,3.424991623646178596e-09,2.261403508896364656e-09,2.359076711755392353e-09,4.957108057368486698e-09
1.794215640984475613e-04,3.424991623646178596e-09,2.261403508896364656e-09,2.359076711755392353e-09,4.957108057368486698e-09
9.054846304934471846e-05,3.424991623646178596e-09,2.261403508896364656e-09,2.359076711755392353e-09,4.957108057368486698e-09
2.818536515292180411e-09,3.424991623646178596e-09,2.261403508896364656e-09,9.722757386043667793e-05,4.957108057368486698e-09
9.051876986632123590e-05,3.424991623646178596e-09,2.261403508896364656e-09,2.359076711755392353e-09,4.957108057368486698e-09
1.802859915187582374e-04,3.424991623646178596e-09,2.261403508896364656e-09,2.359076711755392353e-09,4.957108057368486698e-09
1.807258377084508538e-04,3.424991623646178596e-09,2.261403508896364656e-09,2.359076711755392353e-09,4.957108057368486698e-09
1.797359582269564271e-04,3.424991623646178596e-09,2.261403508896364656e-09,2.359076711755392353e-09,4.957108057368486698e-09
8.938484097598120570e-05,3.424991623646178596e-09,2.261403508896364656e-09,2.359076711755392353e-09,4.957108057368486698e-09
8.974788943305611610e-05,3.424991623646178596e-09,2.261403508896364656e-09,2.359076711755392353e-09,4.957108057368486698e-09
9.090620005736127496e-05,3.424991623646178596e-09,2.261403508896364656e-09,2.359076711755392353e-09,4.957108057368486698e-09
9.077833965420722961e-05,3.424991623646178596e-09,2.261403508896364656e-09,2.359076711755392353e-09,4.957108057368486698e-09
1.801703328965231776e-04,3.424991623646178596e-09,2.261403508896364656e-09,2.359076711755392353e-09,4.957108057368486698e-09
1.795638236217200756e-04,3.424991623646178596e-09,2.261403508896364656e-09,2.359076711755392353e-09,4.957108057368486698e-09
1.947171258507296443e-04,3.424991623646178596e-09,2.261403508896364656e-09,9.641813812777400017e-05,4.957108057368486698e-09
8.900660759536549449e-05,3.424991623646178596e-09,2.261403508896364656e-09,2.359076711755392353e-09,4.957108057368486698e-09
8.989593334263190627e-05,3.424991623646178596e-09,2.261403508896364656e-09,2.359076711755392353e-09,4.957108057368486698e-09
9.043775207828730345e-05,3.424991623646178596e-09,2.261403508896364656e-09,2.359076711755392353e-09,4.957108057368486698e-09
1.790806418284773827e-04,3.424991623646178596e-09,2.261403508896364656e-09,2.359076711755392353e-09,4.957108057368486698e-09
1.787599903764203191e-04,3.424991623646178596e-09,2.261403508896364656e-09,2.359076711755392353e-09,4.957108057368486698e-09
8.937884558690711856e-05,3.424991623646178596e-09,2.261403508896364656e-09,2.359076711755392353e-09,4.957108057368486698e-09
9.003892773762345314e-05,3.424991623646178596e-09,2.261403508896364656e-09,2.359076711755392353e-09,4.957108057368486698e-09
2.818536515292180411e-09,3.424991623646178596e-09,2.261403508896364656e-09,9.113741543842479587e-05,4.957108057368486698e-09
2.818536515292180411e-09,6.366966408677399158e-05,2.261403508896364656e-09,2.359076711755392353e-09,4.957108057368486698e-09
2.818536515292180411e-09,3.424991623646178596e-09,2.261403508896364656e-09,8.950386109063401818e-05,4.957108057368486698e-09
9.642432996770367026e-05,3.424991623646178596e-09,2.261403508896364656e-09,1.937836204888299108e-04,4.957108057368486698e-09
9.098654845729470253e-05,3.424991623646178596e-09,2.261403508896364656e-09,2.359076711755392353e-09,4.957108057368486698e-09
9.037191921379417181e-05,3.424991623646178596e-09,2.261403508896364656e-09,2.359076711755392353e-09,4.957108057368486698e-09
2.818536515292180411e-09,3.424991623646178596e-09,2.261403508896364656e-09,9.911296365316957235e-05,4.957108057368486698e-09
1.802540500648319721e-04,3.424991623646178596e-09,2.261403508896364656e-09,2.359076711755392353e-09,4.957108057368486698e-09
9.741962276166304946e-05,3.424991623646178596e-09,2.261403508896364656e-09,9.648455306887626648e-05,4.957108057368486698e-09
8.972963405540212989e-05,3.424991623646178596e-09,2.261403508896364656e-09,2.359076711755392353e-09,4.957108057368486698e-09
1.930192665895447135e-04,3.424991623646178596e-09,2.261403508896364656e-09,9.730514284456148744e-05,4.957108057368486698e-09
2.685686922632157803e-04,3.424991623646178596e-09,2.261403508896364656e-09,2.359076711755392353e-09,4.957108057368486698e-09
8.952897769631817937e-05,3.424991623646178596e-09,2.261403508896364656e-09,2.359076711755392353e-09,4.957108057368486698e-09
2.818536515292180411e-09,3.424991623646178596e-09,2.261403508896364656e-09,9.811274503590539098e-05,4.957108057368486698e-09
2.818536515292180411e-09,3.424991623646178596e-09,2.261403508896364656e-09,9.802058775676414371e-05,4.957108057368486698e-09
8.949089533416554332e-05,3.424991623646178596e-09,2.261403508896364656e-09,2.359076711755392353e-09,4.957108057368486698e-09
8.945880108512938023e-05,3.424991623646178596e-09,2.261403508896364656e-09,2.359076711755392353e-09,4.957108057368486698e-09
1.795367570593953133e-04,3.424991623646178596e-09,2.261403508896364656e-09,2.359076711755392353e-09,4.957108057368486698e-09
9.033637616084888577e-05,3.424991623646178596e-09,2.261403508896364656e-09,2.359076711755392353e-09,4.957108057368486698e-09
9.053633402800187469e-05,3.424991623646178596e-09,2.261403508896364656e-09,2.359076711755392353e-09,4.957108057368486698e-09
1.797350123524665833e-04,3.424991623646178596e-09,2.261403508896364656e-09,2.359076711755392353e-09,4.957108057368486698e-09
1.798943703761324286e-04,3.424991623646178596e-09,2.261403508896364656e-09,2.359076711755392353e-09,4.957108057368486698e-09
8.914868521969765425e-05,3.424991623646178596e-09,2.261403508896364656e-09,2.359076711755392353e-09,4.957108057368486698e-09
9.039249562192708254e-05,3.424991623646178596e-09,2.261403508896364656e-09,2.359076711755392353e-09,4.957108057368486698e-09
9.833522926783189178e-05,3.424991623646178596e-09,2.261403508896364656e-09,9.725433483254164457e-05,4.957108057368486698e-09
9.001116995932534337e-05,3.424991623646178596e-09,2.261403508896364656e-09,2.359076711755392353e-09,4.957108057368486698e-09
9.025202598422765732e-05,3.424991623646178596e-09,2.261403508896364656e-09,2.359076711755392353e-09,4.957108057368486698e-09
8.908560266718268394e-05,3.424991623646178596e-09,2.261403508896364656e-09,2.359076711755392353e-09,4.957108057368486698e-09
1.936513581313192844e-04,3.424991623646178596e-09,2.261403508896364656e-09,9.628418774809688330e-05,4.957108057368486698e-09
2.818536515292180411e-09,3.424991623646178596e-09,2.261403508896364656e-09,9.761993715073913336e-05,4.957108057368486698e-09
2.818536515292180411e-09,3.424991623646178596e-09,2.261403508896364656e-09,9.691001469036564231e-05,4.957108057368486698e-09
9.692361345514655113e-05,3.424991623646178596e-09,2.261403508896364656e-09,1.942233066074550152e-04,4.957108057368486698e-09
9.036857227329164743e-05,3.424991623646178596e-09,2.261403508896364656e-09,2.359076711755392353e-09,4.957108057368486698e-09
2.818536515292180411e-09,3.424991623646178596e-09,2.261403508896364656e-09,9.755154314916580915e-05,4.957108057368486698e-09
2.818536515292180411e-09,3.424991623646178596e-09,2.261403508896364656e-09,9.610177221475169063e-05,4.957108057368486698e-09
9.057255374500527978e-05,3.424991623646178596e-09,2.261403508896364656e-09,2.359076711755392353e-09,4.957108057368486698e-09
8.982206782093271613e-05,3.424991623646178596e-09,2.261403508896364656e-09,2.359076711755392353e-09,4.957108057368486698e-09
9.036441042553633451e-05,3.424991623646178596e-09,2.261403508896364656e-09,2.359076711755392353e-09,4.957108057368486698e-09
8.912077464628964663e-05,3.424991623646178596e-09,2.261403508896364656e-09,2.359076711755392353e-09,4.957108057368486698e-09
8.927791350288316607e-05,3.424991623646178596e-09,2.261403508896364656e-09,2.359076711755392353e-09,4.957108057368486698e-09
9.030486398842185736e-05,3.424991623646178596e-09,2.261403508896364656e-09,2.359076711755392353e-09,4.957108057368486698e-09
8.969203918240964413e-05,3.424991623646178596e-09,2.261403508896364656e-09,2.359076711755392353e-09,4.957108057368486698e-09
8.956298552220687270e-05,3.424991623646178596e-09,2.261403508896364656e-09,2.359076711755392353e-09,4.957108057368486698e-09
9.076958667719736695e-05,3.424991623646178596e-09,2.261403508896364656e-09,2.359076711755392353e-09,4.957108057368486698e-09
8.961294952314347029e-05,3.424991623646178596e-09,2.261403508896364656e-09,2.359076711755392353e-09,4.957108057368486698e-09
1.796461583580821753e-04,3.424991623646178596e-09,2.261403508896364656e-09,2.359076711755392353e-09,4.957108057368486698e-09
1.817123702494427562e-04,3.424991623646178596e-09,2.261403508896364656e-09,2.359076711755392353e-09,4.957108057368486698e-09
9.072609100257977843e-05,3.424991623646178596e-09,2.261403508896364656e-09,2.359076711755392353e-09,4.957108057368486698e-09
9.070347005035728216e-05,3.424991623646178596e-09,2.261403508896364656e-09,2.359076711755392353e-09,4.957108057368486698e-09
9.011894871946424246e-05,3.424991623646178596e-09,2.261403508896364656e-09,2.359076711755392353e-09,4.957108057368486698e-09
1.792849943740293384e-04,3.424991623646178596e-09,2.261403508896364656e-09,2.359076711755392353e-09,4.957108057368486698e-09
1.805287029128521681e-04,3.424991623646178596e-09,2.261403508896364656e-09,2.359076711755392353e-09,4.957108057368486698e-09
1.787409855751320720e-04,3.424991623646178596e-09,2.261403508896364656e-09,2.359076711755392353e-09,4.957108057368486698e-09
1.934249739861115813e-04,3.424991623646178596e-09,2.261403508896364656e-09,9.737098298501223326e-05,4.957108057368486698e-09
1.803728227969259024e-04,3.424991623646178596e-09,2.261403508896364656e-09,2.359076711755392353e-09,4.957108057368486698e-09
8.985581371234729886e-05,3.424991623646178596e-09,2.261403508896364656e-09,2.359076711755392353e-09,4.957108057368486698e-09
9.631754073780030012e-05,3.424991623646178596e-09,2.261403508896364656e-09,9.676373156253248453e-05,4.957108057368486698e-09
9.052593668457120657e-05,3.424991623646178596e-09,2.261403508896364656e-09,2.359076711755392353e-09,4.957108057368486698e-09
8.961120329331606627e-05,3.424991623646178596e-09,2.261403508896364656e-09,2.359076711755392353e-09,4.957108057368486698e-09
8.996247925097122788e-05,3.424991623646178596e-09,2.261403508896364656e-09,2.359076711755392353e-09,4.957108057368486698e-09
9.006381878862157464e-05,3.424991623646178596e-09,2.261403508896364656e-09,2.359076711755392353e-09,4.957108057368486698e-09
1.804152270779013634e-04,3.424991623646178596e-09,2.261403508896364656e-09,2.359076711755392353e-09,4.957108057368486698e-09
8.905497088562697172e-05,3.424991623646178596e-09,2.261403508896364656e-09,2.359076711755392353e-09,4.957108057368486698e-09
9.029416105477139354e-05,3.424991623646178596e-09,2.261403508896364656e-09,2.359076711755392353e-09,4.957108057368486698e-09
9.076193236978724599e-05,3.424991623646178596e-09,2.261403508896364656e-09,2.359076711755392353e-09,4.957108057368486698e-09
9.003698505694046617e-05,3.424991623646178596e-09,2.261403508896364656e-09,2.359076711755392353e-09,4.957108057368486698e-09
8.960290870163589716e-05,3.424991623646178596e-09,2.261403508896364656e-09,2.359076711755392353e-09,4.957108057368486698e-09
8.987534965854138136e-05,3.424991623646178596e-09,2.261403508896364656e-09,2.359076711755392353e-09,4.957108057368486698e-09
9.024290193337947130e-05,3.424991623646178596e-09,2.261403508896364656e-09,2.359076711755392353e-09,4.957108057368486698e-09
9.697028872324153781e-05,3.424991623646178596e-09,2.261403508896364656e-09,9.852737275650724769e-05,4.957108057368486698e-09
8.968317706603556871e-05,3.424991623646178596e-09,2.261403508896364656e-09,2.359076711755392353e-09,4.957108057368486698e-09
9.085946658160537481e-05,3.424991623646178596e-09,2.261403508896364656e-09,2.359076711755392353e-09,4.957108057368486698e-09
8.968735346570611000e-05,3.424991623646178596e-09,2.261403508896364656e-09,2.359076711755392353e-09,4.957108057368486698e-09
9.017344564199447632e-05,3.424991623646178596e-09,2.261403508896364656e-09,2.359076711755392353e-09,4.957108057368486698e-09
9.061847958946600556e-05,3.424991623646178596e-09,2.261403508896364656e-09,2.359076711755392353e-09,4.957108057368486698e-09
8.910089673008769751e-05,3.424991623646178596e-09,2.261403508896364656e-09,2.359076711755392353e-09,4.957108057368486698e-09
8.948264439823105931e-05,3.424991623646178596e-09,2.261403508896364656e-09,2.359076711755392353e-09,4.957108057368486698e-09
2.818536515292180411e-09,3.196721445419825613e-05,2.261403508896364656e-09,2.889833194785751402e-05,4.957108057368486698e-09
2.818536515292180411e-09,7.328436186071485281e-05,2.261403508896364656e-09,7.755460683256387711e-05,4.957108057368486698e-09
8.929497562348842621e-05,3.424991623646178596e-09,2.261403508896364656e-09,2.359076711755392353e-09,4.957108057368486698e-09
8.951532799983397126e-05,3.424991623646178596e-09,2.261403508896364656e-09,2.359076711755392353e-09,4.957108057368486698e-09
9.022553422255441546e-05,3.424991623646178596e-09,2.261403508896364656e-09,2.359076711755392353e-09,4.957108057368486698e-09
9.120545291807502508e-05,3.424991623646178596e-09,2.261403508896364656e-09,2.359076711755392353e-09,4.957108057368486698e-09
9.084377961698919535e-05,3.424991623646178596e-09,2.261403508896364656e-09,2.359076711755392353e-09,4.957108057368486698e-09
2.818536515292180411e-09,3.424991623646178596e-09,2.261403508896364656e-09,1.951779704540967941e-04,4.957108057368486698e-09
2.818536515292180411e-09,3.230585934943519533e-05,2.261403508896364656e-09,2.947995926660951227e-05,4.957108057368486698e-09
2.818536515292180411e-09,3.424991623646178596e-09,2.261403508896364656e-09,3.358981630299240351e-04,4.957108057368486698e-09
2.818536515292180411e-09,3.424991623646178596e-09,2.261403508896364656e-09,1.011720160022377968e-04,4.957108057368486698e-09
8.963757863966748118e-05,3.424991623646178596e-09,2.261403508896364656e-09,2.359076711755392353e-09,4.957108057368486698e-09
9.038601274369284511e-05,3.424991623646178596e-09,2.261403508896364656e-09,2.359076711755392353e-09,4.957108057368486698e-09
2.818536515292180411e-09,3.424991623646178596e-09,2.261403508896364656e-09,3.333734348416328430e-04,4.957108057368486698e-09
2.818536515292180411e-09,3.424991623646178596e-09,2.261403508896364656e-09,1.595055073266848922e-04,4.957108057368486698e-09
2.818536515292180411e-09,3.424991623646178596e-09,2.261403508896364656e-09,3.179051273036748171e-04,4.957108057368486698e-09
2.818536515292180411e-09,7.245376036735251546e-05,2.261403508896364656e-09,1.014559602481313050e-04,4.957108057368486698e-09
2.818536515292180411e-09,3.424991623646178596e-09,2.261403508896364656e-09,2.404360420769080520e-04,4.957108057368486698e-09
2.818536515292180411e-09,3.424991623646178596e-09,2.261403508896364656e-09,3.016091068275272846e-04,4.957108057368486698e-09
2.818536515292180411e-09,3.424991623646178596e-09,2.261403508896364656e-09,9.709653386380523443e-05,4.957108057368486698e-09
9.050508379004895687e-05,3.424991623646178596e-09,2.261403508896364656e-09,2.359076711755392353e-09,4.957108057368486698e-09
2.818536515292180411e-09,3.424991623646178596e-09,1.679615670582279563e-04,4.561208697850815952e-06,4.957108057368486698e-09
2.818536515292180411e-09,3.424991623646178596e-09,2.261403508896364656e-09,9.779927495401352644e-05,4.957108057368486698e-09
2.818536515292180411e-09,3.424991623646178596e-09,2.261403508896364656e-09,2.394488838035613298e-04,4.957108057368486698e-09
2.818536515292180411e-09,3.424991623646178596e-09,2.261403508896364656e-09,2.005856222240254283e-04,4.957108057368486698e-09
2.818536515292180411e-09,3.424991623646178596e-09,2.261403508896364656e-09,9.981427865568548441e-05,4.957108057368486698e-09
2.818536515292180411e-09,3.424991623646178596e-09,2.261403508896364656e-09,1.693306112429127097e-04,4.957108057368486698e-09
2.818536515292180411e-09,3.424991623646178596e-09,2.261403508896364656e-09,2.570924407336860895e-04,4.957108057368486698e-09
2.818536515292180411e-09,3.424991623646178596e-09,2.261403508896364656e-09,3.268623549956828356e-04,4.957108057368486698e-09
2.818536515292180411e-09,3.424991623646178596e-09,2.261403508896364656e-09,1.949535508174449205e-04,4.957108057368486698e-09
2.818536515292180411e-09,9.395003144163638353e-05,2.261403508896364656e-09,2.464079298079013824e-04,4.957108057368486698e-09
2.818536515292180411e-09,3.424991623646178596e-09,2.261403508896364656e-09,9.087914077099412680e-05,4.957108057368486698e-09
2.818536515292180411e-09,7.283020386239513755e-05,2.261403508896364656e-09,1.017969043459743261e-04,4.957108057368486698e-09
2.818536515292180411e-09,3.424991623646178596e-09,2.261403508896364656e-09,3.010987420566380024e-04,4.957108057368486698e-09
2.818536515292180411e-09,3.424991623646178596e-09,2.261403508896364656e-09,1.689994387561455369e-04,4.957108057368486698e-09
2.818536515292180411e-09,3.424991623646178596e-09,2.261403508896364656e-09,9.743389091454446316e-05,4.957108057368486698e-09
8.983580482890829444e-05,3.424991623646178596e-09,2.261403508896364656e-09,2.359076711755392353e-09,4.957108057368486698e-09
2.818536515292180411e-09,3.424991623646178596e-09,2.261403508896364656e-09,9.035979019245132804e-05,4.957108057368486698e-09
2.818536515292180411e-09,2.747044345596805215e-05,2.261403508896364656e-09,2.359076711755392353e-09,5.033595516579225659e-05
2.818536515292180411e-09,3.424991623646178596e-09,2.261403508896364656e-09,1.599317765794694424e-04,4.957108057368486698e-09
2.818536515292180411e-09,3.424991623646178596e-09,2.261403508896364656e-09,1.713932433631271124e-04,4.957108057368486698e-09
2.818536515292180411e-09,3.424991623646178596e-09,2.261403508896364656e-09,1.012896391330286860e-04,4.957108057368486698e-09
2.818536515292180411e-09,8.530243940185755491e-05,2.261403508896364656e-09,3.527936642058193684e-04,4.957108057368486698e-09
2.818536515292180411e-09,1.277959381695836782e-04,2.261403508896364656e-09,2.359076711755392353e-09,4.957108057368486698e-09
2.818536515292180411e-09,3.225999171263538301e-05,2.261403508896364656e-09,2.932844654424116015e-05,4.957108057368486698e-09
2.818536515292180411e-09,3.424991623646178596e-09,2.261403508896364656e-09,9.609934204490855336e-05,4.957108057368486698e-09
2.818536515292180411e-09,3.424991623646178596e-09,2.261403508896364656e-09,2.392294700257480145e-04,4.957108057368486698e-09
2.818536515292180411e-09,3.206657856935635209e-05,2.261403508896364656e-09,2.892148768296465278e-05,4.957108057368486698e-09
2.818536515292180411e-09,3.424991623646178596e-09,2.261403508896364656e-09,2.006839495152235031e-04,4.957108057368486698e-09
2.818536515292180411e-09,3.424991623646178596e-09,2.261403508896364656e-09,2.011310425586998463e-04,4.957108057368486698e-09
2.818536515292180411e-09,3.424991623646178596e-09,9.097212750930339098e-05,2.359076711755392353e-09,4.957108057368486698e-09
2.818536515292180411e-09,3.424991623646178596e-09,2.261403508896364656e-09,1.001606942736543715e-04,4.957108057368486698e-09
9.771659097168594599e-05,3.424991623646178596e-09,2.261403508896364656e-09,2.925481530837714672e-04,4.957108057368486698e-09
9.619865886634215713e-05,3.424991623646178596e-09,2.261403508896364656e-09,9.767550363903865218e-05,4.957108057368486698e-09
2.818536515292180411e-09,3.424991623646178596e-09,9.009851783048361540e-05,9.768755990080535412e-05,4.957108057368486698e-09
2.818536515292180411e-09,3.424991623646178596e-09,2.261403508896364656e-09,9.667660197010263801e-05,4.957108057368486698e-09
2.818536515292180411e-09,3.424991623646178596e-09,2.261403508896364656e-09,1.338121219305321574e-04,4.957108057368486698e-09
2.818536515292180411e-09,3.424991623646178596e-09,2.261403508896364656e-09,1.002469434752129018e-04,4.957108057368486698e-09
2.818536515292180411e-09,3.424991623646178596e-09,2.261403508896364656e-09,2.023322740569710732e-04,4.957108057368486698e-09
2.818536515292180411e-09,3.424991623646178596e-09,2.261403508896364656e-09,2.017284423345699906e-04,4.957108057368486698e-09
9.673849126556888223e-05,3.424991623646178596e-09,2.261403508896364656e-09,1.957974600372835994e-04,4.957108057368486698e-09
2.818536515292180411e-09,3.424991623646178596e-09,2.261403508896364656e-09,9.684350516181439161e-05,4.957108057368486698e-09
2.818536515292180411e-09,3.424991623646178596e-09,2.261403508896364656e-09,9.966119250748306513e-05,4.957108057368486698e-09
2.818536515292180411e-09,3.424991623646178596e-09,2.261403508896364656e-09,1.006094316835515201e-04,4.957108057368486698e-09
2.818536515292180411e-09,3.424991623646178596e-09,2.261403508896364656e-09,9.818954276852309704e-05,4.957108057368486698e-09
2.818536515292180411e-09,3.424991623646178596e-09,2.261403508896364656e-09,1.592188345966860652e-04,4.957108057368486698e-09
2.818536515292180411e-09,3.424991623646178596e-09,2.261403508896364656e-09,1.012937500490806997e-04,4.957108057368486698e-09
2.818536515292180411e-09,3.424991623646178596e-09,2.261403508896364656e-09,3.292997425887733698e-04,4.957108057368486698e-09
2.818536515292180411e-09,9.261637751478701830e-05,2.261403508896364656e-09,2.433361078146845102e-04,4.957108057368486698e-09
2.818536515292180411e-09,3.424991623646178596e-09,2.261403508896364656e-09,8.985679596662521362e-05,4.957108057368486698e-09
2.818536515292180411e-09,3.202562947990372777e-05,2.261403508896364656e-09,2.943911567854229361e-05,4.957108057368486698e-09
2.818536515292180411e-09,3.424991623646178596e-09,2.261403508896364656e-09,9.718696674099192023e-05,4.957108057368486698e-09
2.818536515292180411e-09,3.424991623646178596e-09,2.261403508896364656e-09,9.676324407337233424e-05,4.957108057368486698e-09
2.818536515292180411e-09,3.225005639251321554e-05,2.261403508896364656e-09,2.950717498606536537e-05,4.957108057368486698e-09
2.818536515292180411e-09,3.424991623646178596e-09,2.261403508896364656e-09,9.893781680148094893e-05,4.957108057368486698e-09
2.818536515292180411e-09,3.424991623646178596e-09,2.261403508896364656e-09,1.007920945994555950e-04,4.957108057368486698e-09
9.734725608723238111e-05,3.424991623646178596e-09,2.261403508896364656e-09,1.947583368746563792e-04,4.957108057368486698e-09
2.818536515292180411e-09,3.424991623646178596e-09,2.261403508896364656e-09,2.008713927352800965e-04,4.957108057368486698e-09
9.196870087180286646e-05,3.424991623646178596e-09,2.261403508896364656e-09,2.908626047428697348e-04,4.957108057368486698e-09
9.293336188420653343e-05,3.424991623646178596e-09,2.261403508896364656e-09,9.625640814192593098e-05,4.957108057368486698e-09
2.818536515292180411e-09,3.424991623646178596e-09,2.261403508896364656e-09,9.675711771706119180e-05,4.957108057368486698e-09
1.692072692094370723e-04,3.424991623646178596e-09,2.261403508896364656e-09,2.217987348558381200e-04,4.957108057368486698e-09
2.818536515292180411e-09,3.424991623646178596e-09,2.261403508896364656e-09,1.931412552949041128e-04,4.957108057368486698e-09
2.856351784430444241e-04,3.424991623646178596e-09,2.261403508896364656e-09,1.982526591746136546e-04,4.957108057368486698e-09
9.058875730261206627e-05,3.424991623646178596e-09,2.261403508896364656e-09,2.359076711755392353e-09,4.957108057368486698e-09
2.818536515292180411e-09,3.424991623646178596e-09,2.261403508896364656e-09,5.832946408190764487e-05,4.957108057368486698e-09
2.818536515292180411e-09,3.424991623646178596e-09,2.261403508896364656e-09,9.696448250906541944e-05,4.957108057368486698e-09
2.818536515292180411e-09,3.424991623646178596e-09,2.261403508896364656e-09,9.038416465045884252e-05,4.957108057368486698e-09
2.818536515292180411e-09,3.424991623646178596e-09,2.261403508896364656e-09,9.974464046536013484e-05,4.957108057368486698e-09
2.818536515292180411e-09,3.424991623646178596e-09,9.077456343220546842e-05,2.359076711755392353e-09,4.957108057368486698e-09
2.818536515292180411e-09,3.424991623646178596e-09,2.261403508896364656e-09,9.914139809552580118e-05,4.957108057368486698e-09
2.818536515292180411e-09,3.424991623646178596e-09,2.261403508896364656e-09,1.333228137809783220e-04,4.957108057368486698e-09
2.818536515292180411e-09,3.424991623646178596e-09,2.261403508896364656e-09,9.664046228863298893e-05,4.957108057368486698e-09
2.818536515292180411e-09,3.207831105100922287e-05,2.261403508896364656e-09,2.904286884586326778e-05,4.957108057368486698e-09
2.818536515292180411e-09,3.424991623646178596e-09,2.261403508896364656e-09,2.309980482095852494e-04,4.957108057368486698e-09
2.818536515292180411e-09,3.424991623646178596e-09,2.261403508896364656e-09,2.241107431473210454e-04,4.957108057368486698e-09
2.818536515292180411e-09,3.424991623646178596e-09,2.261403508896364656e-09,2.316606260137632489e-04,4.957108057368486698e-09
2.818536515292180411e-09,3.424991623646178596e-09,2.261403508896364656e-09,1.936598127940669656e-04,4.957108057368486698e-09
2.818536515292180411e-09,3.424991623646178596e-09,2.261403508896364656e-09,9.771418262971565127e-05,4.957108057368486698e-09
2.818536515292180411e-09,3.424991623646178596e-09,2.261403508896364656e-09,9.074384433915838599e-05,4.957108057368486698e-09
2.818536515292180411e-09,3.424991623646178596e-09,2.261403508896364656e-09,1.949635770870372653e-04,4.957108057368486698e-09
2.818536515292180411e-09,3.424991623646178596e-09,2.261403508896364656e-09,1.010324194794520736e-04,4.957108057368486698e-09
2.818536515292180411e-09,3.424991623646178596e-09,2.261403508896364656e-09,2.025451249210163951e-04,4.957108057368486698e-09
9.664447861723601818e-05,3.424991623646178596e-09,2.261403508896364656e-09,1.947124692378565669e-04,4.957108057368486698e-09
9.769078315002843738e-05,3.424991623646178596e-09,2.261403508896364656e-09,9.716854401631280780e-05,4.957108057368486698e-09
9.686032717581838369e-05,3.424991623646178596e-09,2.261403508896364656e-09,9.655796020524576306e-05,4.957108057368486698e-09
2.818536515292180411e-09,3.424991623646178596e-09,2.261403508896364656e-09,9.099522867472842336e-05,4.957108057368486698e-09
8.981895371107384562e-05,3.424991623646178596e-09,2.261403508896364656e-09,2.359076711755392353e-09,4.957108057368486698e-09
9.009087807498872280e-05,3.424991623646178596e-09,2.261403508896364656e-09,2.359076711755392353e-09,4.957108057368486698e-09
2.818536515292180411e-09,3.424991623646178596e-09,2.261403508896364656e-09,1.949959405465051532e-04,4.957108057368486698e-09
1.945494004758074880e-04,3.424991623646178596e-09,2.261403508896364656e-09,1.957356289494782686e-04,4.957108057368486698e-09
2.818536515292180411e-09,3.424991623646178596e-09,2.261403508896364656e-09,2.001220855163410306e-04,4.957108057368486698e-09
2.818536515292180411e-09,3.424991623646178596e-09,2.261403508896364656e-09,1.013460350804962218e-04,4.957108057368486698e-09
2.818536515292180411e-09,3.424991623646178596e-09,2.261403508896364656e-09,9.998294262913987041e-05,4.957108057368486698e-09
2.818536515292180411e-09,3.424991623646178596e-09,2.261403508896364656e-09,9.077743015950545669e-05,4.957108057368486698e-09
2.818536515292180411e-09,3.424991623646178596e-09,2.261403508896364656e-09,2.020081446971744299e-04,4.957108057368486698e-09
2.818536515292180411e-09,3.424991623646178596e-09,2.261403508896364656e-09,9.988166857510805130e-05,4.957108057368486698e-09
2.818536515292180411e-09,3.424991623646178596e-09,2.261403508896364656e-09,1.006218517431989312e-04,4.957108057368486698e-09
9.725517884362488985e-05,3.424991623646178596e-09,2.261403508896364656e-09,1.948530989466235042e-04,4.957108057368486698e-09
2.818536515292180411e-09,3.424991623646178596e-09,2.261403508896364656e-09,1.953217288246378303e-04,4.957108057368486698e-09
1.946332922670990229e-04,3.424991623646178596e-09,2.261403508896364656e-09,1.928339479491114616e-04,4.957108057368486698e-09
2.818536515292180411e-09,3.424991623646178596e-09,2.261403508896364656e-09,1.961653761100023985e-04,4.957108057368486698e-09
2.818536515292180411e-09,3.424991623646178596e-09,2.261403508896364656e-09,1.010140404105186462e-04,4.957108057368486698e-09
9.828264592215418816e-05,3.424991623646178596e-09,2.261403508896364656e-09,2.922688436228781939e-04,4.957108057368486698e-09
9.027108171721920371e-05,3.424991623646178596e-09,2.261403508896364656e-09,2.359076711755392353e-09,4.957108057368486698e-09
8.946298476075753570e-05,3.424991623646178596e-09,2.261403508896364656e-09,2.359076711755392353e-09,4.957108057368486698e-09
1.948236313182860613e-04,3.424991623646178596e-09,2.261403508896364656e-09,9.595441224519163370e-05,4.957108057368486698e-09
9.088512888411059976e-05,3.424991623646178596e-09,2.261403508896364656e-09,2.359076711755392353e-09,4.957108057368486698e-09
1.943721144925802946e-04,3.424991623646178596e-09,2.261403508896364656e-09,9.771251643542200327e-05,4.957108057368486698e-09
2.818536515292180411e-09,3.424991623646178596e-09,2.261403508896364656e-09,9.799502004170790315e-05,4.957108057368486698e-09
4.501829971559345722e-04,3.424991623646178596e-09,2.261403508896364656e-09,2.359076711755392353e-09,4.957108057368486698e-09
2.818536515292180411e-09,3.424991623646178596e-09,2.261403508896364656e-09,9.007419430417940021e-05,4.957108057368486698e-09
2.818536515292180411e-09,3.201279105269350111e-05,2.261403508896364656e-09,2.919207508966792375e-05,4.957108057368486698e-09
2.818536515292180411e-09,3.205605025868862867e-05,2.261403508896364656e-09,2.937429417215753347e-05,4.957108057368486698e-09
2.818536515292180411e-09,3.424991623646178596e-09,2.261403508896364656e-09,9.740753012010827661e-05,4.957108057368486698e-09
2.818536515292180411e-09,3.424991623646178596e-09,2.261403508896364656e-09,9.678494825493544340e-05,4.957108057368486698e-09
2.818536515292180411e-09,3.424991623646178596e-09,2.261403508896364656e-09,9.968936501536518335e-05,4.957108057368486698e-09
2.818536515292180411e-09,3.424991623646178596e-09,2.261403508896364656e-09,9.939500887412577868e-05,4.957108057368486698e-09
9.721628885017707944e-05,3.424991623646178596e-09,2.261403508896364656e-09,1.945090189110487700e-04,4.957108057368486698e-09
9.730597957968711853e-05,3.424991623646178596e-09,2.261403508896364656e-09,1.932736777234822512e-04,4.957108057368486698e-09
9.779729589354246855e-05,3.424991623646178596e-09,2.261403508896364656e-09,1.937222114065662026e-04,4.957108057368486698e-09
1.803393242880702019e-04,3.424991623646178596e-09,2.261403508896364656e-09,2.359076711755392353e-09,4.957108057368486698e-09
2.818536515292180411e-09,3.424991623646178596e-09,2.261403508896364656e-09,9.018993296194821596e-05,4.957108057368486698e-09
9.703962859930470586e-05,3.424991623646178596e-09,2.261403508896364656e-09,9.788277384359389544e-05,4.957108057368486698e-09
9.717567445477470756e-05,3.424991623646178596e-09,2.261403508896364656e-09,9.723860421217978001e-05,4.957108057368486698e-09
9.040327131515368819e-05,3.424991623646178596e-09,2.261403508896364656e-09,2.359076711755392353e-09,4.957108057368486698e-09
9.037608833750709891e-05,3.424991623646178596e-09,2.261403508896364656e-09,2.359076711755392353e-09,4.957108057368486698e-09
9.061766468221321702e-05,3.424991623646178596e-09,2.261403508896364656e-09,2.359076711755392353e-09,4.957108057368486698e-09
8.906982839107513428e-05,3.424991623646178596e-09,2.261403508896364656e-09,2.359076711755392353e-09,4.957108057368486698e-09
1.790170063031837344e-04,3.424991623646178596e-09,2.261403508896364656e-09,2.359076711755392353e-09,4.957108057368486698e-09
1.796205178834497929e-04,3.424991623646178596e-09,2.261403508896364656e-09,2.359076711755392353e-09,4.957108057368486698e-09
9.030487126437947154e-05,3.424991623646178596e-09,2.261403508896364656e-09,2.359076711755392353e-09,4.957108057368486698e-09
2.818536515292180411e-09,3.424991623646178596e-09,2.261403508896364656e-09,9.978641173802316189e-05,4.957108057368486698e-09
2.818536515292180411e-09,3.424991623646178596e-09,2.261403508896364656e-09,1.001222990453243256e-04,4.957108057368486698e-09
2.818536515292180411e-09,3.424991623646178596e-09,2.261403508896364656e-09,1.006272286758758128e-04,4.957108057368486698e-09
1.801619218895211816e-04,3.424991623646178596e-09,2.261403508896364656e-09,2.359076711755392353e-09,4.957108057368486698e-09
9.027188207255676389e-05,3.424991623646178596e-09,2.261403508896364656e-09,2.359076711755392353e-09,4.957108057368486698e-09
9.717135981190949678e-05,3.424991623646178596e-09,2.261403508896364656e-09,9.683381358627229929e-05,4.957108057368486698e-09
1.785766799002885818e-04,3.424991623646178596e-09,2.261403508896364656e-09,2.359076711755392353e-09,4.957108057368486698e-09
1.791599934222176671e-04,3.424991623646178596e-09,2.261403508896364656e-09,2.359076711755392353e-09,4.957108057368486698e-09
9.052498353412374854e-05,3.424991623646178596e-09,2.261403508896364656e-09,2.359076711755392353e-09,4.957108057368486698e-09
8.914298814488574862e-05,3.424991623646178596e-09,2.261403508896364656e-09,2.359076711755392353e-09,4.957108057368486698e-09
9.087189391721040010e-05,3.424991623646178596e-09,2.261403508896364656e-09,2.359076711755392353e-09,4.957108057368486698e-09
8.976992830866947770e-05,3.424991623646178596e-09,2.261403508896364656e-09,2.359076711755392353e-09,4.957108057368486698e-09
2.818536515292180411e-09,3.424991623646178596e-09,2.261403508896364656e-09,9.966841753339394927e-05,4.957108057368486698e-09
9.067558130482211709e-05,3.424991623646178596e-09,2.261403508896364656e-09,2.359076711755392353e-09,4.957108057368486698e-09
2.818536515292180411e-09,3.424991623646178596e-09,2.261403508896364656e-09,9.992307604989036918e-05,4.957108057368486698e-09
9.069786756299436092e-05,3.424991623646178596e-09,2.261403508896364656e-09,2.359076711755392353e-09,4.957108057368486698e-09
9.712931205285713077e-05,3.424991623646178596e-09,2.261403508896364656e-09,9.719589434098452330e-05,4.957108057368486698e-09
9.039349242812022567e-05,3.424991623646178596e-09,2.261403508896364656e-09,2.359076711755392353e-09,4.957108057368486698e-09
9.020970901474356651e-05,3.424991623646178596e-09,2.261403508896364656e-09,2.359076711755392353e-09,4.957108057368486698e-09
9.049101936398074031e-05,3.424991623646178596e-09,2.261403508896364656e-09,2.359076711755392353e-09,4.957108057368486698e-09
2.818536515292180411e-09,3.424991623646178596e-09,2.261403508896364656e-09,9.677019261289387941e-05,4.957108057368486698e-09
8.926050213631242514e-05,3.424991623646178596e-09,2.261403508896364656e-09,2.359076711755392353e-09,4.957108057368486698e-09
8.955560770118609071e-05,3.424991623646178596e-09,2.261403508896364656e-09,2.359076711755392353e-09,4.957108057368486698e-09
9.633314039092510939e-05,3.424991623646178596e-09,2.261403508896364656e-09,9.676440822659060359e-05,4.957108057368486698e-09
2.677363518159836531e-04,3.424991623646178596e-09,2.261403508896364656e-09,2.359076711755392353e-09,4.957108057368486698e-09
9.039191354531794786e-05,3.424991623646178596e-09,2.261403508896364656e-09,2.359076711755392353e-09,4.957108057368486698e-09
9.054206748260185122e-05,3.424991623646178596e-09,2.261403508896364656e-09,2.359076711755392353e-09,4.957108057368486698e-09
8.979537233244627714e-05,3.424991623646178596e-09,2.261403508896364656e-09,2.359076711755392353e-09,4.957108057368486698e-09
8.956108649726957083e-05,3.424991623646178596e-09,2.261403508896364656e-09,2.359076711755392353e-09,4.957108057368486698e-09
9.013681847136467695e-05,3.424991623646178596e-09,2.261403508896364656e-09,2.359076711755392353e-09,4.957108057368486698e-09
8.888501906767487526e-05,3.424991623646178596e-09,2.261403508896364656e-09,2.359076711755392353e-09,4.957108057368486698e-09
9.072446118807420135e-05,3.424991623646178596e-09,2.261403508896364656e-09,2.359076711755392353e-09,4.957108057368486698e-09
8.978213008958846331e-05,3.424991623646178596e-09,2.261403508896364656e-09,2.359076711755392353e-09,4.957108057368486698e-09
1.803394115995615721e-04,3.424991623646178596e-09,2.261403508896364656e-09,2.359076711755392353e-09,4.957108057368486698e-09
9.081009920919314027e-05,3.424991623646178596e-09,2.261403508896364656e-09,2.359076711755392353e-09,4.957108057368486698e-09
9.013082308229058981e-05,3.424991623646178596e-09,2.261403508896364656e-09,2.359076711755392353e-09,4.957108057368486698e-09
9.048735228134319186e-05,3.424991623646178596e-09,2.261403508896364656e-09,2.359076711755392353e-09,4.957108057368486698e-09
8.999127021525055170e-05,3.424991623646178596e-09,2.261403508896364656e-09,2.359076711755392353e-09,4.957108057368486698e-09
9.047045023180544376e-05,3.424991623646178596e-09,2.261403508896364656e-09,2.359076711755392353e-09,4.957108057368486698e-09
8.911504846764728427e-05,3.424991623646178596e-09,2.261403508896364656e-09,2.359076711755392353e-09,4.957108057368486698e-09
8.980355778476223350e-05,3.424991623646178596e-09,2.261403508896364656e-09,2.359076711755392353e-09,4.957108057368486698e-09
8.991224603960290551e-05,3.424991623646178596e-09,2.261403508896364656e-09,2.359076711755392353e-09,4.957108057368486698e-09
9.086399222724139690e-05,3.424991623646178596e-09,2.261403508896364656e-09,2.359076711755392353e-09,4.957108057368486698e-09
8.987721957964822650e-05,3.424991623646178596e-09,2.261403508896364656e-09,2.359076711755392353e-09,4.957108057368486698e-09
9.042322199093177915e-05,3.424991623646178596e-09,2.261403508896364656e-09,2.359076711755392353e-09,4.957108057368486698e-09
9.047574712894856930e-05,3.424991623646178596e-09,2.261403508896364656e-09,2.359076711755392353e-09,4.957108057368486698e-09
9.051451343111693859e-05,3.424991623646178596e-09,2.261403508896364656e-09,2.359076711755392353e-09,4.957108057368486698e-09
2.818536515292180411e-09,3.424991623646178596e-09,2.261403508896364656e-09,8.987363980850204825e-05,4.957108057368486698e-09
9.041310840984806418e-05,3.424991623646178596e-09,2.261403508896364656e-09,2.359076711755392353e-09,4.957108057368486698e-09
9.048863284988328815e-05,3.424991623646178596e-09,2.261403508896364656e-09,2.359076711755392353e-09,4.957108057368486698e-09
2.818536515292180411e-09,3.424991623646178596e-09,2.716738963499665260e-04,2.359076711755392353e-09,4.957108057368486698e-09
9.745186980580911040e-05,3.424991623646178596e-09,2.261403508896364656e-09,9.733026672620326281e-05,4.957108057368486698e-09
1.108453143388032913e-04,3.424991623646178596e-09,2.992528025060892105e-04,1.486222172388806939e-04,1.253664959222078323e-04
2.818536515292180411e-09,3.424991623646178596e-09,1.147878865594975650e-04,1.537802745588123798e-04,4.957108057368486698e-09
1.367492805002257228e-04,1.499603094998747110e-04,2.503599389456212521e-04,1.372000988340005279e-04,4.957108057368486698e-09
2.818536515292180411e-09,2.235302526969462633e-04,2.261403508896364656e-09,4.447085666470229626e-05,4.957108057368486698e-09
2.818536515292180411e-09,3.424991623646178596e-09,2.261403508896364656e-09,9.746207069838419557e-05,1.065945980371907353e-04
2.818536515292180411e-09,3.996471932623535395e-04,3.894159162882715464e-04,4.794031847268342972e-04,3.611008869484066963e-04
2.818536515292180411e-09,3.424991623646178596e-09,1.812547270674258471e-04,2.359076711755392353e-09,4.957108057368486698e-09
2.818536515292180411e-09,3.424991623646178596e-09,4.299378488212823868e-04,1.765027700457721949e-04,4.957108057368486698e-09
2.818536515292180411e-09,3.424991623646178596e-09,1.134423582698218524e-04,1.549686130601912737e-04,4.957108057368486698e-09
2.818536515292180411e-09,3.424991623646178596e-09,9.076738206204026937e-05,2.359076711755392353e-09,4.957108057368486698e-09
2.818536515292180411e-09,9.867148764897137880e-05,3.379805712029337883e-04,1.645260927034541965e-04,1.142951659858226776e-04
2.818536515292180411e-09,3.424991623646178596e-09,2.261403508896364656e-09,9.090494859265163541e-05,4.957108057368486698e-09
2.818536515292180411e-09,3.424991623646178596e-09,2.261403508896364656e-09,2.359076711755392353e-09,4.957108057368486698e-09
5.488943425007164478e-04,3.424991623646178596e-09,3.383932053111493587e-04,5.166628398001194000e-04,1.482706284150481224e-04
9.732066246215254068e-05,3.424991623646178596e-09,1.817400916479527950e-04,9.706240234663709998e-05,4.957108057368486698e-09
2.400963712716475129e-04,3.424991623646178596e-09,2.261403508896364656e-09,2.359076711755392353e-09,1.273058005608618259e-04
9.702266106614843011e-05,3.424991623646178596e-09,1.814261631807312369e-04,9.717622015159577131e-05,4.957108057368486698e-09
2.818536515292180411e-09,3.424991623646178596e-09,1.144987327279523015e-04,1.551613095216453075e-04,4.957108057368486698e-09
2.818536515292180411e-09,3.424991623646178596e-09,8.795932080829516053e-05,2.359076711755392353e-09,1.099848668673075736e-04
2.818536515292180411e-09,1.363906631013378501e-04,2.261403508896364656e-09,1.841040648287162185e-04,4.957108057368486698e-09
2.818536515292180411e-09,3.424991623646178596e-09,9.099747694563120604e-05,9.640235657570883632e-05,4.957108057368486698e-09
2.818536515292180411e-09,3.424991623646178596e-09,9.087433136301115155e-05,2.359076711755392353e-09,4.957108057368486698e-09
2.818536515292180411e-09,3.424991623646178596e-09,9.071484237210825086e-05,2.359076711755392353e-09,4.957108057368486698e-09
2.818536515292180411e-09,3.424991623646178596e-09,1.811920810723677278e-04,2.359076711755392353e-09,4.957108057368486698e-09
5.404701805673539639e-04,9.492366225458681583e-04,3.656984772533178329e-04,4.503198433667421341e-04,5.359816132113337517e-04
1.923795061884447932e-04,9.774939389899373055e-04,3.830943605862557888e-04,4.509435093495994806e-04,3.879007417708635330e-04
2.818536515292180411e-09,3.424991623646178596e-09,2.667985681910067797e-04,3.744804998859763145e-04,4.957108057368486698e-09
2.818536515292180411e-09,6.818219844717532396e-05,1.150543976109474897e-04,1.559241936774924397e-04,4.957108057368486698e-09
2.818536515292180411e-09,3.424991623646178596e-09,2.717738389037549496e-04,2.359076711755392353e-09,4.957108057368486698e-09
2.818536515292180411e-09,3.424991623646178596e-09,2.722467179410159588e-04,2.359076711755392353e-09,4.957108057368486698e-09
2.818536515292180411e-09,3.424991623646178596e-09,3.193854354321956635e-04,2.359076711755392353e-09,4.957108057368486698e-09
2.818536515292180411e-09,3.424991623646178596e-09,9.096076973946765065e-05,2.359076711755392353e-09,4.957108057368486698e-09
4.437408351805061102e-04,9.813391370698809624e-04,3.898401337210088968e-04,4.545843694359064102e-04,3.329048049636185169e-04
1.401073677698150277e-04,3.424991623646178596e-09,1.057617482729256153e-04,3.103287308476865292e-04,4.957108057368486698e-09
2.818536515292180411e-09,3.424991623646178596e-09,1.822268823161721230e-04,2.359076711755392353e-09,4.957108057368486698e-09
2.818536515292180411e-09,3.424991623646178596e-09,2.720364718697965145e-04,2.359076711755392353e-09,4.957108057368486698e-09
2.818536515292180411e-09,3.424991623646178596e-09,9.072462853509932756e-05,2.359076711755392353e-09,4.957108057368486698e-09
2.818536515292180411e-09,3.424991623646178596e-09,2.261403508896364656e-09,8.135369716910645366e-05,4.957108057368486698e-09
2.818536515292180411e-09,3.424991623646178596e-09,2.261403508896364656e-09,9.713396866573020816e-05,4.957108057368486698e-09
2.818536515292180411e-09,3.424991623646178596e-09,2.261403508896364656e-09,2.359076711755392353e-09,1.022294527501799166e-04
2.818536515292180411e-09,3.424991623646178596e-09,1.143516419688239694e-04,1.551076566101983190e-04,4.957108057368486698e-09
2.818536515292180411e-09,3.424991623646178596e-09,2.261403508896364656e-09,9.801617125049233437e-05,4.957108057368486698e-09
2.818536515292180411e-09,3.424991623646178596e-09,2.261403508896364656e-09,2.359076711755392353e-09,1.028578335535712540e-04
2.818536515292180411e-09,3.424991623646178596e-09,2.261403508896364656e-09,9.658262570155784488e-05,4.957108057368486698e-09
2.818536515292180411e-09,3.424991623646178596e-09,2.261403508896364656e-09,9.797021630220115185e-05,4.957108057368486698e-09
2.818536515292180411e-09,3.424991623646178596e-09,2.261403508896364656e-09,9.842832514550536871e-05,4.957108057368486698e-09
2.818536515292180411e-09,3.424991623646178596e-09,2.261403508896364656e-09,9.023403981700539589e-05,4.957108057368486698e-09
2.818536515292180411e-09,3.424991623646178596e-09,2.261403508896364656e-09,1.003378711175173521e-04,4.957108057368486698e-09
2.818536515292180411e-09,3.424991623646178596e-09,2.261403508896364656e-09,9.796677477424964309e-05,4.957108057368486698e-09
2.818536515292180411e-09,3.424991623646178596e-09,2.261403508896364656e-09,9.696828783489763737e-05,4.957108057368486698e-09
2.818536515292180411e-09,3.424991623646178596e-09,2.261403508896364656e-09,9.668908023741096258e-05,4.957108057368486698e-09
2.818536515292180411e-09,3.424991623646178596e-09,9.130321996053680778e-05,9.693881293060258031e-05,4.957108057368486698e-09
2.818536515292180411e-09,3.424991623646178596e-09,2.261403508896364656e-09,9.738104563439264894e-05,4.957108057368486698e-09
2.818536515292180411e-09,3.424991623646178596e-09,2.261403508896364656e-09,9.779031097423285246e-05,4.957108057368486698e-09
2.818536515292180411e-09,3.424991623646178596e-09,9.100048191612586379e-05,2.359076711755392353e-09,4.957108057368486698e-09
2.818536515292180411e-09,3.424991623646178596e-09,2.261403508896364656e-09,9.783709538169205189e-05,4.957108057368486698e-09
2.818536515292180411e-09,3.424991623646178596e-09,2.261403508896364656e-09,9.806529851630330086e-05,4.957108057368486698e-09
2.818536515292180411e-09,3.424991623646178596e-09,2.261403508896364656e-09,2.359076711755392353e-09,1.019417177303694189e-04
2.818536515292180411e-09,1.259861455764621496e-04,2.261403508896364656e-09,1.131660683313384652e-04,4.957108057368486698e-09
2.818536515292180411e-09,3.424991623646178596e-09,2.261403508896364656e-09,9.675676847109571099e-05,4.957108057368486698e-09
2.818536515292180411e-09,3.424991623646178596e-09,2.261403508896364656e-09,9.717891225591301918e-05,4.957108057368486698e-09
2.818536515292180411e-09,3.424991623646178596e-09,2.261403508896364656e-09,8.190593507606536150e-05,4.957108057368486698e-09
2.818536515292180411e-09,3.424991623646178596e-09,2.261403508896364656e-09,1.702032604953274131e-04,4.957108057368486698e-09
2.818536515292180411e-09,3.424991623646178596e-09,2.261403508896364656e-09,2.359076711755392353e-09,4.957108057368486698e-09
2.818536515292180411e-09,2.564122769399546087e-05,2.261403508896364656e-09,2.359076711755392353e-09,1.686265750322490931e-04
2.818536515292180411e-09,3.424991623646178596e-09,2.261403508896364656e-09,9.762839908944442868e-05,4.957108057368486698e-09
2.818536515292180411e-09,3.424991623646178596e-09,2.261403508896364656e-09,9.989698446588590741e-05,4.957108057368486698e-09
2.818536515292180411e-09,3.424991623646178596e-09,2.261403508896364656e-09,2.359076711755392353e-09,1.015506059047766030e-04
2.818536515292180411e-09,3.424991623646178596e-09,8.940336556406691670e-05,2.359076711755392353e-09,4.957108057368486698e-09
3.005724865943193436e-04,1.935901091201230884e-04,3.845644823741167784e-04,5.217189900577068329e-04,7.987221470102667809e-04
2.818536515292180411e-09,3.424991623646178596e-09,2.261403508896364656e-09,9.664659592090174556e-05,4.957108057368486698e-09
2.818536515292180411e-09,3.424991623646178596e-09,2.261403508896364656e-09,2.359076711755392353e-09,1.036015819408930838e-04
2.818536515292180411e-09,3.424991623646178596e-09,2.261403508896364656e-09,9.699496877146884799e-05,4.957108057368486698e-09
2.818536515292180411e-09,6.363492138916626573e-05,2.261403508896364656e-09,1.131014359998516738e-04,4.957108057368486698e-09
2.818536515292180411e-09,3.424991623646178596e-09,2.261403508896364656e-09,9.723356924951076508e-05,4.957108057368486698e-09
2.818536515292180411e-09,3.424991623646178596e-09,2.261403508896364656e-09,9.737668733578175306e-05,4.957108057368486698e-09
2.818536515292180411e-09,2.790132020891178399e-05,2.261403508896364656e-09,2.359076711755392353e-09,5.012727706343866885e-05
2.818536515292180411e-09,3.424991623646178596e-09,2.261403508896364656e-09,9.680377115728333592e-05,4.957108057368486698e-09
2.818536515292180411e-09,3.424991623646178596e-09,2.261403508896364656e-09,9.756914369063451886e-05,4.957108057368486698e-09
8.734222501516342163e-05,3.424991623646178596e-09,2.261403508896364656e-09,2.359076711755392353e-09,4.957108057368486698e-09
2.818536515292180411e-09,3.424991623646178596e-09,2.261403508896364656e-09,8.230498497141525149e-05,4.957108057368486698e-09
2.818536515292180411e-09,3.424991623646178596e-09,2.261403508896364656e-09,9.678302740212529898e-05,4.957108057368486698e-09
2.818536515292180411e-09,6.278443470364436507e-05,2.261403508896364656e-09,2.359076711755392353e-09,4.957108057368486698e-09
2.818536515292180411e-09,3.424991623646178596e-09,9.111598046729341149e-05,2.359076711755392353e-09,4.957108057368486698e-09
2.818536515292180411e-09,3.424991623646178596e-09,2.261403508896364656e-09,1.007674800348468125e-04,4.957108057368486698e-09
2.818536515292180411e-09,3.424991623646178596e-09,9.110321116168051958e-05,2.359076711755392353e-09,4.957108057368486698e-09
2.225124480901286006e-04,3.585838712751865387e-04,3.509830276016145945e-04,4.232749051880091429e-04,1.422936446033418179e-03
2.818536515292180411e-09,3.424991623646178596e-09,2.261403508896364656e-09,1.004381701932288706e-04,4.957108057368486698e-09
2.818536515292180411e-09,3.424991623646178596e-09,5.937626337981782854e-05,5.577275805990211666e-05,2.445819554850459099e-04
8.820374932838603854e-05,3.424991623646178596e-09,2.261403508896364656e-09,2.359076711755392353e-09,4.957108057368486698e-09
2.818536515292180411e-09,3.424991623646178596e-09,2.261403508896364656e-09,1.013757355394773185e-04,4.957108057368486698e-09
2.818536515292180411e-09,3.424991623646178596e-09,2.261403508896364656e-09,9.990251419367268682e-05,4.957108057368486698e-09
2.818536515292180411e-09,3.424991623646178596e-09,9.050571679836139083e-05,2.359076711755392353e-09,4.957108057368486698e-09
2.818536515292180411e-09,3.424991623646178596e-09,8.908510062610730529e-05,2.359076711755392353e-09,4.957108057368486698e-09
2.818536515292180411e-09,3.424991623646178596e-09,2.261403508896364656e-09,9.701304952614009380e-05,4.957108057368486698e-09
2.818536515292180411e-09,3.424991623646178596e-09,2.261403508896364656e-09,9.588380635250359774e-05,4.957108057368486698e-09
2.818536515292180411e-09,3.424991623646178596e-09,2.261403508896364656e-09,9.983340714825317264e-05,4.957108057368486698e-09
2.818536515292180411e-09,3.424991623646178596e-09,1.817186275729909539e-04,2.359076711755392353e-09,4.957108057368486698e-09
2.818536515292180411e-09,3.424991623646178596e-09,2.261403508896364656e-09,9.727437281981110573e-05,4.957108057368486698e-09
2.818536515292180411e-09,3.424991623646178596e-09,2.261403508896364656e-09,1.934724859893321991e-04,1.030305429594591260e-04
2.818536515292180411e-09,3.424991623646178596e-09,2.261403508896364656e-09,9.607699757907539606e-05,4.957108057368486698e-09
2.818536515292180411e-09,3.424991623646178596e-09,2.261403508896364656e-09,9.643239172874018550e-05,4.957108057368486698e-09
2.818536515292180411e-09,3.424991623646178596e-09,2.261403508896364656e-09,9.637422044761478901e-05,4.957108057368486698e-09
2.818536515292180411e-09,3.424991623646178596e-09,2.261403508896364656e-09,2.359076711755392353e-09,2.062595303868874907e-04
2.818536515292180411e-09,3.424991623646178596e-09,2.261403508896364656e-09,8.142065053107216954e-05,4.957108057368486698e-09
2.818536515292180411e-09,1.385954092256724834e-04,2.261403508896364656e-09,1.917364279506728053e-04,4.957108057368486698e-09
2.818536515292180411e-09,8.675141725689172745e-05,2.261403508896364656e-09,2.247986849397420883e-04,4.957108057368486698e-09
2.818536515292180411e-09,3.424991623646178596e-09,2.261403508896364656e-09,9.843368752626702189e-05,4.957108057368486698e-09
2.818536515292180411e-09,3.424991623646178596e-09,2.261403508896364656e-09,9.985831275116652250e-05,4.957108057368486698e-09
2.818536515292180411e-09,3.424991623646178596e-09,2.261403508896364656e-09,1.003096840577200055e-04,4.957108057368486698e-09
2.818536515292180411e-09,3.424991623646178596e-09,2.261403508896364656e-09,1.001105556497350335e-04,4.957108057368486698e-09
2.818536515292180411e-09,3.424991623646178596e-09,2.261403508896364656e-09,1.008926119538955390e-04,4.957108057368486698e-09
2.818536515292180411e-09,3.424991623646178596e-09,2.261403508896364656e-09,1.012180655379779637e-04,4.957108057368486698e-09
2.818536515292180411e-09,3.424991623646178596e-09,2.261403508896364656e-09,9.944238263415172696e-05,4.957108057368486698e-09
2.818536515292180411e-09,3.424991623646178596e-09,2.261403508896364656e-09,9.946107456926256418e-05,4.957108057368486698e-09
2.818536515292180411e-09,3.424991623646178596e-09,2.261403508896364656e-09,2.359076711755392353e-09,1.020397612592205405e-04
2.818536515292180411e-09,3.424991623646178596e-09,9.020936704473569989e-05,2.359076711755392353e-09,4.957108057368486698e-09
2.818536515292180411e-09,3.424991623646178596e-09,9.058173600351437926e-05,2.359076711755392353e-09,4.957108057368486698e-09
2.818536515292180411e-09,3.424991623646178596e-09,1.813487324398010969e-04,2.359076711755392353e-09,4.957108057368486698e-09
2.818536515292180411e-09,3.424991623646178596e-09,2.261403508896364656e-09,1.000942575046792626e-04,4.957108057368486698e-09
2.818536515292180411e-09,3.424991623646178596e-09,2.261403508896364656e-09,9.816585952648892999e-05,4.957108057368486698e-09
2.818536515292180411e-09,3.424991623646178596e-09,2.261403508896364656e-09,9.638527262723073363e-05,1.029389750328846276e-04
2.818536515292180411e-09,3.424991623646178596e-09,1.812116825021803379e-04,2.359076711755392353e-09,4.957108057368486698e-09
2.818536515292180411e-09,3.424991623646178596e-09,2.261403508896364656e-09,9.689743455965071917e-05,4.957108057368486698e-09
2.818536515292180411e-09,3.424991623646178596e-09,2.261403508896364656e-09,9.770711039891466498e-05,4.957108057368486698e-09
1.944758696481585503e-04,3.424991623646178596e-09,2.261403508896364656e-09,9.632815635995939374e-05,2.072487986879423261e-04
2.818536515292180411e-09,3.424991623646178596e-09,2.261403508896364656e-09,1.690521748969331384e-04,4.957108057368486698e-09
2.818536515292180411e-09,3.424991623646178596e-09,2.261403508896364656e-09,1.959017390618100762e-04,4.957108057368486698e-09
2.818536515292180411e-09,3.424991623646178596e-09,2.261403508896364656e-09,9.835432865656912327e-05,4.957108057368486698e-09
2.818536515292180411e-09,3.424991623646178596e-09,2.261403508896364656e-09,8.199957665055990219e-05,4.957108057368486698e-09
9.003958984976634383e-05,3.424991623646178596e-09,2.261403508896364656e-09,8.635869016870856285e-05,4.957108057368486698e-09
2.818536515292180411e-09,2.762039730441756546e-05,2.261403508896364656e-09,2.359076711755392353e-09,4.987164720660075545e-05
2.818536515292180411e-09,3.424991623646178596e-09,2.261403508896364656e-09,1.001705095404759049e-04,4.957108057368486698e-09
2.818536515292180411e-09,3.424991623646178596e-09,2.261403508896364656e-09,1.017876929836347699e-04,4.957108057368486698e-09
2.818536515292180411e-09,3.424991623646178596e-09,2.261403508896364656e-09,1.004401929094456136e-04,4.957108057368486698e-09
2.818536515292180411e-09,3.424991623646178596e-09,2.261403508896364656e-09,1.007235550787299871e-04,4.957108057368486698e-09
2.818536515292180411e-09,3.424991623646178596e-09,8.845376578392460942e-05,2.359076711755392353e-09,4.957108057368486698e-09
1.968246360775083303e-04,2.878053928725421429e-04,3.403845475986599922e-04,4.188227467238903046e-04,2.653102390468120575e-03
2.818536515292180411e-09,3.424991623646178596e-09,2.261403508896364656e-09,9.999352187151089311e-05,4.957108057368486698e-09
2.818536515292180411e-09,3.424991623646178596e-09,2.261403508896364656e-09,9.959927410818636417e-05,4.957108057368486698e-09
2.818536515292180411e-09,3.424991623646178596e-09,2.261403508896364656e-09,1.006916936603374779e-04,4.957108057368486698e-09
2.818536515292180411e-09,3.424991623646178596e-09,2.261403508896364656e-09,1.010797714116051793e-04,4.957108057368486698e-09
2.818536515292180411e-09,3.424991623646178596e-09,2.261403508896364656e-09,1.016695023281499743e-04,4.957108057368486698e-09
2.818536515292180411e-09,3.424991623646178596e-09,2.261403508896364656e-09,1.005001104203984141e-04,4.957108057368486698e-09
2.818536515292180411e-09,3.424991623646178596e-09,2.261403508896364656e-09,1.936863845912739635e-04,4.957108057368486698e-09
2.818536515292180411e-09,3.424991623646178596e-09,2.261403508896364656e-09,1.005317753879353404e-04,4.957108057368486698e-09
2.818536515292180411e-09,2.793267958622891456e-05,2.261403508896364656e-09,2.359076711755392353e-09,4.993478796677663922e-05
2.818536515292180411e-09,3.424991623646178596e-09,2.261403508896364656e-09,2.359076711755392353e-09,2.036829973803833127e-04
2.818536515292180411e-09,3.424991623646178596e-09,2.261403508896364656e-09,9.955850691767409444e-05,4.957108057368486698e-09
2.818536515292180411e-09,3.424991623646178596e-09,8.949332550400868058e-05,2.359076711755392353e-09,4.957108057368486698e-09
2.818536515292180411e-09,6.351133197313174605e-05,2.261403508896364656e-09,2.359076711755392353e-09,4.957108057368486698e-09
2.818536515292180411e-09,3.424991623646178596e-09,2.261403508896364656e-09,8.190441440092399716e-05,4.957108057368486698e-09
2.818536515292180411e-09,1.262563746422529221e-04,2.261403508896364656e-09,2.359076711755392353e-09,4.957108057368486698e-09
2.818536515292180411e-09,3.424991623646178596e-09,2.261403508896364656e-09,2.359076711755392353e-09,1.019781193463131785e-04
2.818536515292180411e-09,3.424991623646178596e-09,9.137207234743982553e-05,2.359076711755392353e-09,4.957108057368486698e-09
2.818536515292180411e-09,3.424991623646178596e-09,8.950236224336549640e-05,2.359076711755392353e-09,4.957108057368486698e-09
2.818536515292180411e-09,3.424991623646178596e-09,8.985246677184477448e-05,2.359076711755392353e-09,4.957108057368486698e-09
2.818536515292180411e-09,3.424991623646178596e-09,2.261403508896364656e-09,1.006251040962524712e-04,4.957108057368486698e-09
2.818536515292180411e-09,3.424991623646178596e-09,2.261403508896364656e-09,1.007149840006604791e-04,4.957108057368486698e-09
2.818536515292180411e-09,3.424991623646178596e-09,2.261403508896364656e-09,1.010902851703576744e-04,4.957108057368486698e-09
2.818536515292180411e-09,3.424991623646178596e-09,2.261403508896364656e-09,1.010804262477904558e-04,4.957108057368486698e-09
2.818536515292180411e-09,3.424991623646178596e-09,2.261403508896364656e-09,1.000197444227524102e-04,4.957108057368486698e-09
2.818536515292180411e-09,3.424991623646178596e-09,2.261403508896364656e-09,1.007598330033943057e-04,4.957108057368486698e-09
2.818536515292180411e-09,3.424991623646178596e-09,2.261403508896364656e-09,9.917491843225434422e-05,4.957108057368486698e-09
2.818536515292180411e-09,3.424991623646178596e-09,2.261403508896364656e-09,9.637323091737926006e-05,4.957108057368486698e-09
2.818536515292180411e-09,3.424991623646178596e-09,2.261403508896364656e-09,9.954249253496527672e-05,4.957108057368486698e-09
2.818536515292180411e-09,3.424991623646178596e-09,2.261403508896364656e-09,9.958794544218108058e-05,4.957108057368486698e-09
2.818536515292180411e-09,3.424991623646178596e-09,2.261403508896364656e-09,1.001249547698535025e-04,4.957108057368486698e-09
2.818536515292180411e-09,3.424991623646178596e-09,2.261403508896364656e-09,9.732942271512001753e-05,4.957108057368486698e-09
2.818536515292180411e-09,3.424991623646178596e-09,2.261403508896364656e-09,8.173788228305056691e-05,4.957108057368486698e-09
2.818536515292180411e-09,3.424991623646178596e-09,2.261403508896364656e-09,9.691502782516181469e-05,4.957108057368486698e-09
2.818536515292180411e-09,3.424991623646178596e-09,8.985897875390946865e-05,2.359076711755392353e-09,4.957108057368486698e-09
2.818536515292180411e-09,3.424991623646178596e-09,2.261403508896364656e-09,8.182598685380071402e-05,4.957108057368486698e-09
2.818536515292180411e-09,3.424991623646178596e-09,2.261403508896364656e-09,9.653300367062911391e-05,4.957108057368486698e-09
2.818536515292180411e-09,3.424991623646178596e-09,2.261403508896364656e-09,2.359076711755392353e-09,1.029039849527180195e-04
2.818536515292180411e-09,3.424991623646178596e-09,2.261403508896364656e-09,9.758939995663240552e-05,4.957108057368486698e-09
2.818536515292180411e-09,3.424991623646178596e-09,2.261403508896364656e-09,9.820669220061972737e-05,2.012768236454576254e-04
2.818536515292180411e-09,3.424991623646178596e-09,1.814374409150332212e-04,2.359076711755392353e-09,4.957108057368486698e-09
2.818536515292180411e-09,3.424991623646178596e-09,9.060417505679652095e-05,2.359076711755392353e-09,4.957108057368486698e-09
2.818536515292180411e-09,3.424991623646178596e-09,9.474949911236763000e-05,1.329438159558549160e-08,6.169248954392969608e-04
2.818536515292180411e-09,3.424991623646178596e-09,2.261403508896364656e-09,1.017177492030896246e-04,4.957108057368486698e-09
2.818536515292180411e-09,6.945271161384880543e-05,2.261403508896364656e-09,1.745881745591759682e-04,4.957108057368486698e-09
2.818536515292180411e-09,3.424991623646178596e-09,2.261403508896364656e-09,9.736519859870895743e-05,4.957108057368486698e-09
2.818536515292180411e-09,3.424991623646178596e-09,2.261403508896364656e-09,1.000148913590237498e-04,4.957108057368486698e-09
2.818536515292180411e-09,3.424991623646178596e-09,2.261403508896364656e-09,1.002895951387472451e-04,4.957108057368486698e-09
2.818536515292180411e-09,3.424991623646178596e-09,2.261403508896364656e-09,9.992522973334416747e-05,4.957108057368486698e-09
2.818536515292180411e-09,3.424991623646178596e-09,2.261403508896364656e-09,1.007603423204272985e-04,4.957108057368486698e-09
2.818536515292180411e-09,3.424991623646178596e-09,2.261403508896364656e-09,9.982836490962654352e-05,4.957108057368486698e-09
2.818536515292180411e-09,3.424991623646178596e-09,2.261403508896364656e-09,1.004639270831830800e-04,4.957108057368486698e-09
2.818536515292180411e-09,3.424991623646178596e-09,2.261403508896364656e-09,9.742956171976402402e-05,4.957108057368486698e-09
8.939631516113877296e-05,3.424991623646178596e-09,2.261403508896364656e-09,2.359076711755392353e-09,4.957108057368486698e-09
2.818536515292180411e-09,3.424991623646178596e-09,2.261403508896364656e-09,2.359076711755392353e-09,1.022131036734208465e-04
2.818536515292180411e-09,3.424991623646178596e-09,2.261403508896364656e-09,2.359076711755392353e-09,4.957108057368486698e-09
2.818536515292180411e-09,3.424991623646178596e-09,2.261403508896364656e-09,2.359076711755392353e-09,1.011874337564222515e-04
9.689110447652637959e-05,3.424991623646178596e-09,2.261403508896364656e-09,9.758224041434004903e-05,4.957108057368486698e-09
2.818536515292180411e-09,3.424991623646178596e-09,2.261403508896364656e-09,9.143632632913067937e-05,4.957108057368486698e-09
1.998486259253695607e-04,3.505733329802751541e-04,3.460980951786041260e-04,4.331829550210386515e-04,1.900368719361722469e-03
9.051676897797733545e-05,3.424991623646178596e-09,2.261403508896364656e-09,2.359076711755392353e-09,4.957108057368486698e-09
2.818536515292180411e-09,3.424991623646178596e-09,9.089711238630115986e-05,2.359076711755392353e-09,4.957108057368486698e-09
2.818536515292180411e-09,3.424991623646178596e-09,9.030065848492085934e-05,2.359076711755392353e-09,4.957108057368486698e-09
2.818536515292180411e-09,3.424991623646178596e-09,8.902856643544510007e-05,2.359076711755392353e-09,4.957108057368486698e-09
2.818536515292180411e-09,3.424991623646178596e-09,2.261403508896364656e-09,9.961306932382285595e-05,4.957108057368486698e-09
2.818536515292180411e-09,3.424991623646178596e-09,2.261403508896364656e-09,9.976660658139735460e-05,4.957108057368486698e-09
2.818536515292180411e-09,3.424991623646178596e-09,8.939913823269307613e-05,2.359076711755392353e-09,4.957108057368486698e-09
2.818536515292180411e-09,3.424991623646178596e-09,2.261403508896364656e-09,9.931759268511086702e-05,4.957108057368486698e-09
2.818536515292180411e-09,3.424991623646178596e-09,2.261403508896364656e-09,1.013672954286448658e-04,4.957108057368486698e-09
2.818536515292180411e-09,3.424991623646178596e-09,2.261403508896364656e-09,9.959442104445770383e-05,4.957108057368486698e-09
2.818536515292180411e-09,3.424991623646178596e-09,2.261403508896364656e-09,2.359076711755392353e-09,1.022712167468853295e-04
2.818536515292180411e-09,3.424991623646178596e-09,2.261403508896364656e-09,9.994841093430295587e-05,4.957108057368486698e-09
2.818536515292180411e-09,3.424991623646178596e-09,2.261403508896364656e-09,1.010922351269982755e-04,4.957108057368486698e-09
2.818536515292180411e-09,3.424991623646178596e-09,2.261403508896364656e-09,9.985242650145664811e-05,4.957108057368486698e-09
2.818536515292180411e-09,3.424991623646178596e-09,2.261403508896364656e-09,9.755731298355385661e-05,4.957108057368486698e-09
2.818536515292180411e-09,1.653110521147027612e-04,2.261403508896364656e-09,1.357924484182149172e-04,4.957108057368486698e-09
2.818536515292180411e-09,3.424991623646178596e-09,2.261403508896364656e-09,2.359076711755392353e-09,1.025779783958569169e-04
2.818536515292180411e-09,3.424991623646178596e-09,2.261403508896364656e-09,2.359076711755392353e-09,1.025863894028589129e-04
2.818536515292180411e-09,3.424991623646178596e-09,2.261403508896364656e-09,9.718274668557569385e-05,4.957108057368486698e-09
2.818536515292180411e-09,1.416772192897042260e-05,8.857133798301219940e-05,9.848352055996656418e-05,4.843092465307563543e-04
2.818536515292180411e-09,3.424991623646178596e-09,2.261403508896364656e-09,8.169930515578016639e-05,4.957108057368486698e-09
2.818536515292180411e-09,3.424991623646178596e-09,2.261403508896364656e-09,2.359076711755392353e-09,1.019086703308857977e-04
2.818536515292180411e-09,3.424991623646178596e-09,2.261403508896364656e-09,1.704993919702246785e-04,4.957108057368486698e-09
2.818536515292180411e-09,3.424991623646178596e-09,9.027924534166231751e-05,2.359076711755392353e-09,4.957108057368486698e-09
8.782914665061980486e-05,3.424991623646178596e-09,2.261403508896364656e-09,2.359076711755392353e-09,4.957108057368486698e-09
9.595359006198123097e-05,3.424991623646178596e-09,2.261403508896364656e-09,6.326744187390431762e-05,4.957108057368486698e-09
2.818536515292180411e-09,3.424991623646178596e-09,8.987122419057413936e-05,2.359076711755392353e-09,4.957108057368486698e-09
2.818536515292180411e-09,3.424991623646178596e-09,2.261403508896364656e-09,8.129131310852244496e-05,4.957108057368486698e-09
2.818536515292180411e-09,3.424991623646178596e-09,2.261403508896364656e-09,8.194025576813146472e-05,4.957108057368486698e-09
2.818536515292180411e-09,3.424991623646178596e-09,2.261403508896364656e-09,9.976623550755903125e-05,4.957108057368486698e-09
2.818536515292180411e-09,3.424991623646178596e-09,9.046783816302195191e-05,2.359076711755392353e-09,4.957108057368486698e-09
8.894349593902006745e-05,3.424991623646178596e-09,2.261403508896364656e-09,2.359076711755392353e-09,4.957108057368486698e-09
2.818536515292180411e-09,3.424991623646178596e-09,2.261403508896364656e-09,1.001733908196911216e-04,4.957108057368486698e-09
2.818536515292180411e-09,3.424991623646178596e-09,2.261403508896364656e-09,1.009287661872804165e-04,4.957108057368486698e-09
2.818536515292180411e-09,3.424991623646178596e-09,2.261403508896364656e-09,1.010395790217444301e-04,4.957108057368486698e-09
2.818536515292180411e-09,3.424991623646178596e-09,2.261403508896364656e-09,9.960723400581628084e-05,4.957108057368486698e-09
2.818536515292180411e-09,3.424991623646178596e-09,2.261403508896364656e-09,9.989491081796586514e-05,4.957108057368486698e-09
2.818536515292180411e-09,3.424991623646178596e-09,2.261403508896364656e-09,1.011396743706427515e-04,4.957108057368486698e-09
2.818536515292180411e-09,3.424991623646178596e-09,2.261403508896364656e-09,9.726973803481087089e-05,4.957108057368486698e-09
2.818536515292180411e-09,3.424991623646178596e-09,2.261403508896364656e-09,2.359076711755392353e-09,1.024515804601833224e-04
2.818536515292180411e-09,3.424991623646178596e-09,2.261403508896364656e-09,8.124102896545082331e-05,4.957108057368486698e-09
2.818536515292180411e-09,3.424991623646178596e-09,2.261403508896364656e-09,2.359076711755392353e-09,4.957108057368486698e-09
2.818536515292180411e-09,2.730761661950964481e-05,2.261403508896364656e-09,2.359076711755392353e-09,4.987746069673448801e-05
2.818536515292180411e-09,3.424991623646178596e-09,9.058103751158341765e-05,2.359076711755392353e-09,4.957108057368486698e-09
2.818536515292180411e-09,3.424991623646178596e-09,2.261403508896364656e-09,2.359076711755392353e-09,4.957108057368486698e-09
2.818536515292180411e-09,3.424991623646178596e-09,9.112594852922484279e-05,2.359076711755392353e-09,4.957108057368486698e-09
9.800052794162184000e-05,3.424991623646178596e-09,2.261403508896364656e-09,6.218431371962651610e-05,4.957108057368486698e-09
9.653031884226948023e-05,3.424991623646178596e-09,2.261403508896364656e-09,6.293610931606963277e-05,4.957108057368486698e-09
2.818536515292180411e-09,6.435839168261736631e-05,2.261403508896364656e-09,2.359076711755392353e-09,4.957108057368486698e-09
9.745470015332102776e-05,3.424991623646178596e-09,2.261403508896364656e-09,9.758473606780171394e-05,4.957108057368486698e-09
2.818536515292180411e-09,3.424991623646178596e-09,2.261403508896364656e-09,9.721404057927429676e-05,4.957108057368486698e-09
2.818536515292180411e-09,1.265374448848888278e-04,2.261403508896364656e-09,1.113719335990026593e-04,4.957108057368486698e-09
2.818536515292180411e-09,3.424991623646178596e-09,2.261403508896364656e-09,9.843165753409266472e-05,4.957108057368486698e-09
2.818536515292180411e-09,3.424991623646178596e-09,2.261403508896364656e-09,9.570304973749443889e-05,1.028066835715435445e-04
2.818536515292180411e-09,3.424991623646178596e-09,2.261403508896364656e-09,9.693211177363991737e-05,4.957108057368486698e-09
2.818536515292180411e-09,3.424991623646178596e-09,2.261403508896364656e-09,9.908335050567984581e-05,4.957108057368486698e-09
2.818536515292180411e-09,3.424991623646178596e-09,2.261403508896364656e-09,9.709828009363263845e-05,4.957108057368486698e-09
2.818536515292180411e-09,3.424991623646178596e-09,2.261403508896364656e-09,1.004917794489301741e-04,4.957108057368486698e-09
2.818536515292180411e-09,3.424991623646178596e-09,2.261403508896364656e-09,2.359076711755392353e-09,1.013906148727983236e-04
2.818536515292180411e-09,3.424991623646178596e-09,2.261403508896364656e-09,2.359076711755392353e-09,8.158779237419366837e-04
2.818536515292180411e-09,3.424991623646178596e-09,2.261403508896364656e-09,2.359076711755392353e-09,1.028177503030747175e-04
2.818536515292180411e-09,3.424991623646178596e-09,2.261403508896364656e-09,2.359076711755392353e-09,2.044165303232148290e-04
2.818536515292180411e-09,6.487913196906447411e-05,2.261403508896364656e-09,2.359076711755392353e-09,4.957108057368486698e-09
2.446256694383919239e-04,3.424991623646178596e-09,2.249429235234856606e-04,1.750392111716791987e-04,3.428254567552357912e-04
2.818536515292180411e-09,3.424991623646178596e-09,2.261403508896364656e-09,2.359076711755392353e-09,1.018384355120360851e-04
2.818536515292180411e-09,3.424991623646178596e-09,8.899113890947774053e-05,2.359076711755392353e-09,4.957108057368486698e-09
2.818536515292180411e-09,3.424991623646178596e-09,2.261403508896364656e-09,1.005550293484702706e-04,4.957108057368486698e-09
2.818536515292180411e-09,3.424991623646178596e-09,9.037366544362157583e-05,2.359076711755392353e-09,4.957108057368486698e-09
2.818536515292180411e-09,3.424991623646178596e-09,2.261403508896364656e-09,2.359076711755392353e-09,4.957108057368486698e-09
2.818536515292180411e-09,3.424991623646178596e-09,2.261403508896364656e-09,1.594825735082849860e-04,4.957108057368486698e-09
2.818536515292180411e-09,3.424991623646178596e-09,2.261403508896364656e-09,9.723779658088460565e-05,4.957108057368486698e-09
2.818536515292180411e-09,3.424991623646178596e-09,1.799491146812215447e-04,2.359076711755392353e-09,4.957108057368486698e-09
2.818536515292180411e-09,3.424991623646178596e-09,9.099407907342538238e-05,2.359076711755392353e-09,4.957108057368486698e-09
2.818536515292180411e-09,3.424991623646178596e-09,9.144730574917048216e-05,2.359076711755392353e-09,4.957108057368486698e-09
2.818536515292180411e-09,3.424991623646178596e-09,2.261403508896364656e-09,9.742773545440286398e-05,4.957108057368486698e-09
2.818536515292180411e-09,3.424991623646178596e-09,2.261403508896364656e-09,2.359076711755392353e-09,4.957108057368486698e-09
2.818536515292180411e-09,3.424991623646178596e-09,2.261403508896364656e-09,9.938817674992606044e-05,4.957108057368486698e-09
2.818536515292180411e-09,3.424991623646178596e-09,2.261403508896364656e-09,2.404909319011494517e-04,9.278921643272042274e-04
2.818536515292180411e-09,3.424991623646178596e-09,2.261403508896364656e-09,2.411162568023428321e-04,4.957108057368486698e-09
2.818536515292180411e-09,2.963206497952342033e-06,6.895363912917673588e-05,3.613875887822359800e-04,1.714274636469781399e-03
2.818536515292180411e-09,3.424991623646178596e-09,2.261403508896364656e-09,2.359076711755392353e-09,1.024015728035010397e-04
2.818536515292180411e-09,1.604989083716645837e-04,2.261403508896364656e-09,6.118500459706410766e-05,1.884802477434277534e-04
9.033528476720675826e-05,3.424991623646178596e-09,2.261403508896364656e-09,2.359076711755392353e-09,4.957108057368486698e-09
2.818536515292180411e-09,3.424991623646178596e-09,2.261403508896364656e-09,9.691648301668465137e-05,4.957108057368486698e-09
2.818536515292180411e-09,3.424991623646178596e-09,2.261403508896364656e-09,2.359076711755392353e-09,4.957108057368486698e-09
2.818536515292180411e-09,3.424991623646178596e-09,1.808028464438393712e-04,2.359076711755392353e-09,4.957108057368486698e-09
2.818536515292180411e-09,3.424991623646178596e-09,9.041718294611200690e-05,2.359076711755392353e-09,4.957108057368486698e-09
2.818536515292180411e-09,3.424991623646178596e-09,9.012402006192132831e-05,2.359076711755392353e-09,4.957108057368486698e-09
2.818536515292180411e-09,3.424991623646178596e-09,9.088723163586109877e-05,2.359076711755392353e-09,4.957108057368486698e-09
2.818536515292180411e-09,3.424991623646178596e-09,9.117554145632311702e-05,2.359076711755392353e-09,4.957108057368486698e-09
2.818536515292180411e-09,3.424991623646178596e-09,9.096704889088869095e-05,2.359076711755392353e-09,4.957108057368486698e-09
2.818536515292180411e-09,3.424991623646178596e-09,1.825606013881042600e-04,2.359076711755392353e-09,4.957108057368486698e-09
8.697395969647914171e-05,3.424991623646178596e-09,2.261403508896364656e-09,2.359076711755392353e-09,4.957108057368486698e-09
9.018312266562134027e-05,3.424991623646178596e-09,2.261403508896364656e-09,2.359076711755392353e-09,4.957108057368486698e-09
2.818536515292180411e-09,3.424991623646178596e-09,9.035529365064576268e-05,2.359076711755392353e-09,4.957108057368486698e-09
2.818536515292180411e-09,3.424991623646178596e-09,2.261403508896364656e-09,2.359076711755392353e-09,1.036618486978113651e-04
2.818536515292180411e-09,3.424991623646178596e-09,2.261403508896364656e-09,2.359076711755392353e-09,1.020882555167190731e-04
2.818536515292180411e-09,3.424991623646178596e-09,2.261403508896364656e-09,2.359076711755392353e-09,1.040221832226961851e-04
2.818536515292180411e-09,6.330609903670847416e-05,2.261403508896364656e-09,1.118046639021486044e-04,4.957108057368486698e-09
2.818536515292180411e-09,3.424991623646178596e-09,2.261403508896364656e-09,9.699010115582495928e-05,4.957108057368486698e-09
2.818536515292180411e-09,3.424991623646178596e-09,2.261403508896364656e-09,2.359076711755392353e-09,4.957108057368486698e-09
2.818536515292180411e-09,3.424991623646178596e-09,9.114296699408441782e-05,2.359076711755392353e-09,4.957108057368486698e-09
2.818536515292180411e-09,3.424991623646178596e-09,9.071482782019302249e-05,2.359076711755392353e-09,4.957108057368486698e-09
2.818536515292180411e-09,3.424991623646178596e-09,9.073305409401655197e-05,2.359076711755392353e-09,4.957108057368486698e-09
2.818536515292180411e-09,3.424991623646178596e-09,9.022683661896735430e-05,2.359076711755392353e-09,4.957108057368486698e-09
2.818536515292180411e-09,3.424991623646178596e-09,9.084500197786837816e-05,2.359076711755392353e-09,4.957108057368486698e-09
8.667285874253138900e-05,3.424991623646178596e-09,2.261403508896364656e-09,2.359076711755392353e-09,4.957108057368486698e-09
2.818536515292180411e-09,3.424991623646178596e-09,9.100118040805682540e-05,2.359076711755392353e-09,4.957108057368486698e-09
2.818536515292180411e-09,3.424991623646178596e-09,2.261403508896364656e-09,2.359076711755392353e-09,4.957108057368486698e-09
8.988600166048854589e-05,3.424991623646178596e-09,2.261403508896364656e-09,2.359076711755392353e-09,4.957108057368486698e-09
2.818536515292180411e-09,6.437167758122086525e-05,2.261403508896364656e-09,7.452554564224556088e-05,4.957108057368486698e-09
8.980088750831782818e-05,3.424991623646178596e-09,2.261403508896364656e-09,2.359076711755392353e-09,4.957108057368486698e-09
2.818536515292180411e-09,3.424991623646178596e-09,9.125951328314840794e-05,2.359076711755392353e-09,4.957108057368486698e-09
2.818536515292180411e-09,3.424991623646178596e-09,2.717404277063906193e-04,2.359076711755392353e-09,4.957108057368486698e-09
2.818536515292180411e-09,3.424991623646178596e-09,1.813292037695646286e-04,2.359076711755392353e-09,4.957108057368486698e-09
2.818536515292180411e-09,3.424991623646178596e-09,2.261403508896364656e-09,9.056325507117435336e-05,4.957108057368486698e-09
2.818536515292180411e-09,3.424991623646178596e-09,1.811579422792419791e-04,2.359076711755392353e-09,4.957108057368486698e-09
2.818536515292180411e-09,3.424991623646178596e-09,2.261403508896364656e-09,8.168104977812618017e-05,4.957108057368486698e-09
2.818536515292180411e-09,3.424991623646178596e-09,2.261403508896364656e-09,2.359076711755392353e-09,4.957108057368486698e-09
2.818536515292180411e-09,3.424991623646178596e-09,2.261403508896364656e-09,9.912993118632584810e-05,4.957108057368486698e-09
2.818536515292180411e-09,3.424991623646178596e-09,2.261403508896364656e-09,9.780218533705919981e-05,4.957108057368486698e-09
2.818536515292180411e-09,3.424991623646178596e-09,9.043621685123071074e-05,2.359076711755392353e-09,4.957108057368486698e-09
2.818536515292180411e-09,3.424991623646178596e-09,2.727459359448403120e-04,2.359076711755392353e-09,4.957108057368486698e-09
2.818536515292180411e-09,3.424991623646178596e-09,2.261403508896364656e-09,2.359076711755392353e-09,1.027815960696898401e-04
2.818536515292180411e-09,6.445200415328145027e-05,2.261403508896364656e-09,2.359076711755392353e-09,4.957108057368486698e-09
2.818536515292180411e-09,6.377272802637889981e-05,2.261403508896364656e-09,2.359076711755392353e-09,4.957108057368486698e-09
2.818536515292180411e-09,3.424991623646178596e-09,2.261403508896364656e-09,9.753543417900800705e-05,4.957108057368486698e-09
2.818536515292180411e-09,3.424991623646178596e-09,2.261403508896364656e-09,2.359076711755392353e-09,1.033798544085584581e-04
2.818536515292180411e-09,3.424991623646178596e-09,2.261403508896364656e-09,2.359076711755392353e-09,1.019368355628103018e-04
2.818536515292180411e-09,3.424991623646178596e-09,2.261403508896364656e-09,2.359076711755392353e-09,4.957108057368486698e-09
2.818536515292180411e-09,3.424991623646178596e-09,9.130181570071727037e-05,2.359076711755392353e-09,4.957108057368486698e-09
2.818536515292180411e-09,3.424991623646178596e-09,9.056064300239086151e-05,2.359076711755392353e-09,4.957108057368486698e-09
2.818536515292180411e-09,3.424991623646178596e-09,9.054743713932111859e-05,2.359076711755392353e-09,4.957108057368486698e-09
2.818536515292180411e-09,3.424991623646178596e-09,2.261403508896364656e-09,9.148227400146424770e-05,4.957108057368486698e-09
2.818536515292180411e-09,3.424991623646178596e-09,2.261403508896364656e-09,1.007423707051202655e-04,4.957108057368486698e-09
2.818536515292180411e-09,3.424991623646178596e-09,2.261403508896364656e-09,2.359076711755392353e-09,4.957108057368486698e-09
2.818536515292180411e-09,3.424991623646178596e-09,2.261403508896364656e-09,2.359076711755392353e-09,4.957108057368486698e-09
2.818536515292180411e-09,3.424991623646178596e-09,2.261403508896364656e-09,2.359076711755392353e-09,4.957108057368486698e-09
2.818536515292180411e-09,3.424991623646178596e-09,2.261403508896364656e-09,2.359076711755392353e-09,1.025249366648495197e-04
2.818536515292180411e-09,3.424991623646178596e-09,2.261403508896364656e-09,2.359076711755392353e-09,1.022085343720391393e-04
2.818536515292180411e-09,3.424991623646178596e-09,2.261403508896364656e-09,1.001952914521098137e-04,4.957108057368486698e-09
2.818536515292180411e-09,6.349692557705566287e-05,2.261403508896364656e-09,2.359076711755392353e-09,4.957108057368486698e-09
2.818536515292180411e-09,4.577329661969997687e-07,2.261403508896364656e-09,1.063155868905596435e-04,9.638954070396721363e-04
2.818536515292180411e-09,3.424991623646178596e-09,2.261403508896364656e-09,2.359076711755392353e-09,1.009422354400157928e-03
2.818536515292180411e-09,3.424991623646178596e-09,9.031143417814746499e-05,2.359076711755392353e-09,4.957108057368486698e-09
2.818536515292180411e-09,3.424991623646178596e-09,9.148196113528683782e-05,2.359076711755392353e-09,4.957108057368486698e-09
2.818536515292180411e-09,3.424991623646178596e-09,9.099412272917106748e-05,2.359076711755392353e-09,4.957108057368486698e-09
2.818536515292180411e-09,3.424991623646178596e-09,1.797808654373511672e-04,2.359076711755392353e-09,4.957108057368486698e-09
2.818536515292180411e-09,3.424991623646178596e-09,1.812238333513960242e-04,2.359076711755392353e-09,4.957108057368486698e-09
2.818536515292180411e-09,3.424991623646178596e-09,2.261403508896364656e-09,2.359076711755392353e-09,4.957108057368486698e-09
2.818536515292180411e-09,3.424991623646178596e-09,2.261403508896364656e-09,2.359076711755392353e-09,4.957108057368486698e-09
2.818536515292180411e-09,3.424991623646178596e-09,2.261403508896364656e-09,2.359076711755392353e-09,4.957108057368486698e-09
2.818536515292180411e-09,3.424991623646178596e-09,2.261403508896364656e-09,2.359076711755392353e-09,4.957108057368486698e-09
2.818536515292180411e-09,3.424991623646178596e-09,2.261403508896364656e-09,2.359076711755392353e-09,4.957108057368486698e-09
2.818536515292180411e-09,3.424991623646178596e-09,2.261403508896364656e-09,1.003837242024019361e-04,4.957108057368486698e-09
8.962797437561675906e-05,3.424991623646178596e-09,2.261403508896364656e-09,2.359076711755392353e-09,4.957108057368486698e-09
2.818536515292180411e-09,3.424991623646178596e-09,9.044229955179616809e-05,2.359076711755392353e-09,4.957108057368486698e-09
2.818536515292180411e-09,3.424991623646178596e-09,9.103823686018586159e-05,2.359076711755392353e-09,4.957108057368486698e-09
2.818536515292180411e-09,3.424991623646178596e-09,9.073817636817693710e-05,2.359076711755392353e-09,4.957108057368486698e-09
2.818536515292180411e-09,3.424991623646178596e-09,2.261403508896364656e-09,2.359076711755392353e-09,4.957108057368486698e-09
2.818536515292180411e-09,3.424991623646178596e-09,2.261403508896364656e-09,2.359076711755392353e-09,4.957108057368486698e-09
2.818536515292180411e-09,3.424991623646178596e-09,2.261403508896364656e-09,2.359076711755392353e-09,4.957108057368486698e-09
2.818536515292180411e-09,3.424991623646178596e-09,2.261403508896364656e-09,2.359076711755392353e-09,4.957108057368486698e-09
2.818536515292180411e-09,3.424991623646178596e-09,2.261403508896364656e-09,2.359076711755392353e-09,4.957108057368486698e-09
2.818536515292180411e-09,3.424991623646178596e-09,2.261403508896364656e-09,2.359076711755392353e-09,4.957108057368486698e-09
2.818536515292180411e-09,3.424991623646178596e-09,9.128984675044193864e-05,2.359076711755392353e-09,4.957108057368486698e-09
2.818536515292180411e-09,3.424991623646178596e-09,2.261403508896364656e-09,9.009933273773640394e-05,4.957108057368486698e-09
2.818536515292180411e-09,3.424991623646178596e-09,2.261403508896364656e-09,2.359076711755392353e-09,4.957108057368486698e-09
2.818536515292180411e-09,3.424991623646178596e-09,2.261403508896364656e-09,2.359076711755392353e-09,4.957108057368486698e-09
2.818536515292180411e-09,3.424991623646178596e-09,2.261403508896364656e-09,2.359076711755392353e-09,4.957108057368486698e-09
2.818536515292180411e-09,3.424991623646178596e-09,2.261403508896364656e-09,2.359076711755392353e-09,4.957108057368486698e-09
2.818536515292180411e-09,3.424991623646178596e-09,2.261403508896364656e-09,2.359076711755392353e-09,4.957108057368486698e-09
2.818536515292180411e-09,3.424991623646178596e-09,2.261403508896364656e-09,2.359076711755392353e-09,4.957108057368486698e-09
2.818536515292180411e-09,3.424991623646178596e-09,9.073511319002136588e-05,2.359076711755392353e-09,4.957108057368486698e-09
2.818536515292180411e-09,3.424991623646178596e-09,2.261403508896364656e-09,2.359076711755392353e-09,4.957108057368486698e-09
2.818536515292180411e-09,3.424991623646178596e-09,2.261403508896364656e-09,2.359076711755392353e-09,4.957108057368486698e-09
2.818536515292180411e-09,3.424991623646178596e-09,2.261403508896364656e-09,2.359076711755392353e-09,4.957108057368486698e-09
2.818536515292180411e-09,3.424991623646178596e-09,2.261403508896364656e-09,2.359076711755392353e-09,4.957108057368486698e-09
9.005773608805611730e-05,3.424991623646178596e-09,2.261403508896364656e-09,2.359076711755392353e-09,4.957108057368486698e-09
2.818536515292180411e-09,3.424991623646178596e-09,2.261403508896364656e-09,1.590608153492212296e-04,4.957108057368486698e-09
2.818536515292180411e-09,3.424991623646178596e-09,2.261403508896364656e-09,9.928544750437140465e-05,4.957108057368486698e-09
2.818536515292180411e-09,1.288788917008787394e-04,2.261403508896364656e-09,2.359076711755392353e-09,4.957108057368486698e-09
2.818536515292180411e-09,3.424991623646178596e-09,2.261403508896364656e-09,2.359076711755392353e-09,4.957108057368486698e-09
2.818536515292180411e-09,3.424991623646178596e-09,2.261403508896364656e-09,2.359076711755392353e-09,4.957108057368486698e-09
2.818536515292180411e-09,3.424991623646178596e-09,2.261403508896364656e-09,2.359076711755392353e-09,4.957108057368486698e-09
8.999491547001525760e-05,3.424991623646178596e-09,2.261403508896364656e-09,2.359076711755392353e-09,4.957108057368486698e-09
9.030248475028201938e-05,3.424991623646178596e-09,2.261403508896364656e-09,2.359076711755392353e-09,4.957108057368486698e-09
8.907242590794339776e-05,3.424991623646178596e-09,2.261403508896364656e-09,2.359076711755392353e-09,4.957108057368486698e-09
2.818536515292180411e-09,3.424991623646178596e-09,2.261403508896364656e-09,2.359076711755392353e-09,3.060772723983973265e-04
2.818536515292180411e-09,3.424991623646178596e-09,2.261403508896364656e-09,1.598221133463084698e-04,4.957108057368486698e-09
2.818536515292180411e-09,3.424991623646178596e-09,2.261403508896364656e-09,1.007702448987402022e-04,4.957108057368486698e-09
2.818536515292180411e-09,3.424991623646178596e-09,2.261403508896364656e-09,8.232814434450119734e-05,4.957108057368486698e-09
2.818536515292180411e-09,3.424991623646178596e-09,2.261403508896364656e-09,1.011132771964184940e-04,4.957108057368486698e-09
2.818536515292180411e-09,3.424991623646178596e-09,2.261403508896364656e-09,9.882274753181263804e-05,4.957108057368486698e-09
2.818536515292180411e-09,3.424991623646178596e-09,2.261403508896364656e-09,2.359076711755392353e-09,4.957108057368486698e-09
2.818536515292180411e-09,3.424991623646178596e-09,2.261403508896364656e-09,1.002196877379901707e-04,4.957108057368486698e-09
2.818536515292180411e-09,3.424991623646178596e-09,2.261403508896364656e-09,9.829628106672316790e-05,4.957108057368486698e-09
2.818536515292180411e-09,3.424991623646178596e-09,2.261403508896364656e-09,9.997523011406883597e-05,4.957108057368486698e-09
2.818536515292180411e-09,3.424991623646178596e-09,2.261403508896364656e-09,9.688924183137714863e-05,4.957108057368486698e-09
2.818536515292180411e-09,3.424991623646178596e-09,2.261403508896364656e-09,9.953839617082849145e-05,4.957108057368486698e-09
2.818536515292180411e-09,3.424991623646178596e-09,2.261403508896364656e-09,1.004768928396515548e-04,4.957108057368486698e-09
2.818536515292180411e-09,3.424991623646178596e-09,8.918638923205435276e-05,2.359076711755392353e-09,4.957108057368486698e-09
9.638696064939722419e-05,3.424991623646178596e-09,2.261403508896364656e-09,9.730859892442822456e-05,4.957108057368486698e-09
1.718070270726457238e-04,3.424991623646178596e-09,2.261403508896364656e-09,2.359076711755392353e-09,4.957108057368486698e-09
2.818536515292180411e-09,3.424991623646178596e-09,2.261403508896364656e-09,9.071479871636256576e-05,4.957108057368486698e-09
2.818536515292180411e-09,3.424991623646178596e-09,2.261403508896364656e-09,1.004192527034319937e-04,4.957108057368486698e-09
8.983864972833544016e-05,3.424991623646178596e-09,2.261403508896364656e-09,2.359076711755392353e-09,4.957108057368486698e-09
8.907555456971749663e-05,3.424991623646178596e-09,2.261403508896364656e-09,2.359076711755392353e-09,4.957108057368486698e-09
2.818536515292180411e-09,3.424991623646178596e-09,2.261403508896364656e-09,1.002975550363771617e-04,4.957108057368486698e-09
2.818536515292180411e-09,3.424991623646178596e-09,2.261403508896364656e-09,1.007308819680474699e-04,4.957108057368486698e-09
2.818536515292180411e-09,3.424991623646178596e-09,2.261403508896364656e-09,8.969972259365022182e-05,4.957108057368486698e-09
2.818536515292180411e-09,3.424991623646178596e-09,2.261403508896364656e-09,1.006024394882842898e-04,4.957108057368486698e-09
2.818536515292180411e-09,3.424991623646178596e-09,2.261403508896364656e-09,9.831687202677130699e-05,4.957108057368486698e-09
2.818536515292180411e-09,3.424991623646178596e-09,2.261403508896364656e-09,9.724727715365588665e-05,4.957108057368486698e-09
2.818536515292180411e-09,3.424991623646178596e-09,2.261403508896364656e-09,8.166698535205796361e-05,4.957108057368486698e-09
2.818536515292180411e-09,3.424991623646178596e-09,8.985577005660161376e-05,2.000123786274343729e-04,4.957108057368486698e-09
2.818536515292180411e-09,3.424991623646178596e-09,2.261403508896364656e-09,8.168614294845610857e-05,4.957108057368486698e-09
2.818536515292180411e-09,3.424991623646178596e-09,2.261403508896364656e-09,1.001927303150296211e-04,4.957108057368486698e-09
2.818536515292180411e-09,3.424991623646178596e-09,2.261403508896364656e-09,1.014561203191988170e-04,4.957108057368486698e-09
2.818536515292180411e-09,3.424991623646178596e-09,2.261403508896364656e-09,8.948816685006022453e-05,4.957108057368486698e-09
4.894138692179694772e-05,9.463992319069802761e-05,2.261403508896364656e-09,2.359076711755392353e-09,4.957108057368486698e-09
9.002340084407478571e-05,3.424991623646178596e-09,2.261403508896364656e-09,2.359076711755392353e-09,4.957108057368486698e-09
2.818536515292180411e-09,3.424991623646178596e-09,2.261403508896364656e-09,1.994778722291812301e-04,4.957108057368486698e-09
9.021432197187095881e-05,3.424991623646178596e-09,2.261403508896364656e-09,2.359076711755392353e-09,4.957108057368486698e-09
8.921339031076058745e-05,3.424991623646178596e-09,2.261403508896364656e-09,2.359076711755392353e-09,4.957108057368486698e-09
2.818536515292180411e-09,3.424991623646178596e-09,2.261403508896364656e-09,8.148854249157011509e-05,4.957108057368486698e-09
2.818536515292180411e-09,3.424991623646178596e-09,2.261403508896364656e-09,2.359076711755392353e-09,1.004115765681490302e-04
2.818536515292180411e-09,3.424991623646178596e-09,9.048911306308582425e-05,2.359076711755392353e-09,4.957108057368486698e-09
2.818536515292180411e-09,1.681448452472977806e-06,1.159358944278210402e-04,2.359076711755392353e-09,1.298262359341606498e-04
2.818536515292180411e-09,3.424991623646178596e-09,2.261403508896364656e-09,9.808267350308597088e-05,4.957108057368486698e-09
2.818536515292180411e-09,3.424991623646178596e-09,2.261403508896364656e-09,9.721131209516897798e-05,1.073929743142798543e-04
2.818536515292180411e-09,3.424991623646178596e-09,1.817256124923005700e-04,2.359076711755392353e-09,4.957108057368486698e-09
2.818536515292180411e-09,3.424991623646178596e-09,2.261403508896364656e-09,8.202177559724077582e-05,4.957108057368486698e-09
2.818536515292180411e-09,3.424991623646178596e-09,9.031144145410507917e-05,2.359076711755392353e-09,4.957108057368486698e-09
