,mean_fit_time,std_fit_time,mean_score_time,std_score_time,param_ccp_alpha,param_criterion,param_loss,param_max_depth,param_max_features,param_min_samples_split,param_n_estimators,params,split0_test_score,split1_test_score,split2_test_score,split3_test_score,split4_test_score,mean_test_score,std_test_score,rank_test_score,split0_train_score,split1_train_score,split2_train_score,split3_train_score,split4_train_score,mean_train_score,std_train_score
0,0.0005795001983642578,0.00017853986717885755,0.0,0.0,0.07958745081631101,squared_error,squared_error,13,9,5,409,"{'ccp_alpha': 0.07958745081631101, 'criterion': 'squared_error', 'loss': 'squared_error', 'max_depth': 13, 'max_features': 9, 'min_samples_split': 5, 'n_estimators': 409}",,,,,,,,500,,,,,,,
1,0.3958732128143311,0.03381997523196781,0.0003647327423095703,3.5557283603350655e-05,0.05510484910954993,squared_error,huber,46,5,8,522,"{'ccp_alpha': 0.05510484910954993, 'criterion': 'squared_error', 'loss': 'huber', 'max_depth': 46, 'max_features': 5, 'min_samples_split': 8, 'n_estimators': 522}",-1.1389866340200754,-1.306950228156059,-1.113925090401538,-1.2534579557435228,-1.013787011674152,-1.1654213839990695,0.10404277853271361,159,-0.8366511448839374,-0.8165942037356416,-0.7643958992994894,-0.7925724385565971,-0.8504646460922882,-0.8121356665135908,0.03082791971958356
2,0.09807443618774414,0.001649149173890449,0.00028285980224609377,3.974088008120467e-06,0.3314912182053814,friedman_mse,absolute_error,48,5,9,224,"{'ccp_alpha': 0.3314912182053814, 'criterion': 'friedman_mse', 'loss': 'absolute_error', 'max_depth': 48, 'max_features': 5, 'min_samples_split': 9, 'n_estimators': 224}",-1.2539626903611685,-1.2216810587040765,-1.0119938426268313,-1.2886088543731116,-1.1360698739124377,-1.182463263995525,0.09912543570063467,233,-1.1196517532116452,-1.1285386583432964,-1.1805349773828955,-1.1124453385818294,-1.21947457599238,-1.1521290607024093,0.04129986663123328
3,0.483476448059082,0.01664083652210902,0.0003957271575927734,1.4072271632203826e-05,0.08394328467388229,squared_error,absolute_error,23,6,3,966,"{'ccp_alpha': 0.08394328467388229, 'criterion': 'squared_error', 'loss': 'absolute_error', 'max_depth': 23, 'max_features': 6, 'min_samples_split': 3, 'n_estimators': 966}",-1.2932788356929679,-1.305994667916864,-1.0820293684003157,-1.215258632074113,-0.9610483003084909,-1.1715219608785503,0.1320065360596138,195,-0.7482686162453102,-0.7492256964621182,-0.6783146675431285,-0.8804023720975844,-0.7381348270444515,-0.7588692358785186,0.0661734514404756
4,0.3973873138427734,0.018652217078119145,0.0003471851348876953,1.1210643396544736e-05,0.002042558668422495,squared_error,absolute_error,25,auto,4,149,"{'ccp_alpha': 0.002042558668422495, 'criterion': 'squared_error', 'loss': 'absolute_error', 'max_depth': 25, 'max_features': 'auto', 'min_samples_split': 4, 'n_estimators': 149}",-1.167957901153154,-1.2647336108224305,-1.1216933515953114,-1.091005585093484,-0.8076248794511361,-1.0906030656231034,0.15319832838789746,16,-0.12288395064778873,-0.09396213859229376,-0.05424584656064146,-0.37794562817586996,-0.08798005833592484,-0.14740352446250377,0.11731696730390898
5,0.1934969425201416,0.0007138685284656518,0.0003112316131591797,3.557473650664232e-06,0.1605239558950146,squared_error,absolute_error,29,1,8,473,"{'ccp_alpha': 0.1605239558950146, 'criterion': 'squared_error', 'loss': 'absolute_error', 'max_depth': 29, 'max_features': 1, 'min_samples_split': 8, 'n_estimators': 473}",-1.34783255070922,-1.2759722982318555,-1.0263581520840073,-1.2886088543732925,-1.1360698739132118,-1.2149683458623175,0.11712905506410873,305,-1.0764458111023187,-1.0050476543134756,-1.1343320655957754,-1.1124453385818207,-1.2194745759926189,-1.1095490891172017,0.07031724360391894
6,0.0004551410675048828,1.2342623811287674e-06,0.0,0.0,0.1021431886392073,squared_error,absolute_error,42,8,6,201,"{'ccp_alpha': 0.1021431886392073, 'criterion': 'squared_error', 'loss': 'absolute_error', 'max_depth': 42, 'max_features': 8, 'min_samples_split': 6, 'n_estimators': 201}",,,,,,,,383,,,,,,,
7,0.13437285423278808,0.000978748668017997,0.00027956962585449217,1.0293499538861704e-06,0.030728035309045377,squared_error,huber,38,log2,2,178,"{'ccp_alpha': 0.030728035309045377, 'criterion': 'squared_error', 'loss': 'huber', 'max_depth': 38, 'max_features': 'log2', 'min_samples_split': 2, 'n_estimators': 178}",-1.2178347590579621,-1.3441221475433955,-1.1270939574682353,-1.1953573824370247,-1.0899967078772597,-1.1948809908767757,0.08763083930269987,263,-0.6820670682832087,-0.630259583094078,-0.6496521044940382,-0.6664930474508556,-0.6646908837431681,-0.6586325374130697,0.01751194522383999
8,0.2665158748626709,0.004760250757182238,0.0003144264221191406,7.8893136530265e-06,0.0391770816107467,squared_error,huber,50,2,3,385,"{'ccp_alpha': 0.0391770816107467, 'criterion': 'squared_error', 'loss': 'huber', 'max_depth': 50, 'max_features': 2, 'min_samples_split': 3, 'n_estimators': 385}",-1.2148385401531536,-1.380047489890217,-1.1295852505109005,-1.2519821377773184,-1.0999852415160265,-1.2152877319695232,0.09912823881609614,307,-0.7440216736639816,-0.7301757648616259,-0.6930252552692947,-0.7205770007002416,-0.7516478115824733,-0.7278895012155234,0.02048862909051616
9,0.2650890350341797,0.005147754710060008,0.0003073692321777344,9.604925563185639e-06,0.23289134168073106,friedman_mse,huber,41,6,3,371,"{'ccp_alpha': 0.23289134168073106, 'criterion': 'friedman_mse', 'loss': 'huber', 'max_depth': 41, 'max_features': 6, 'min_samples_split': 3, 'n_estimators': 371}",-1.258989761109406,-1.2459192874514757,-1.0410156257530723,-1.3016484947433535,-1.0040721894877527,-1.170329071709012,0.12262357654052597,194,-1.1188574060517307,-1.0468759935439964,-1.1481582137649722,-1.0892580425150595,-1.1929453160794932,-1.1192189943910502,0.049808328786818665
10,0.6500963687896728,0.005555015692019372,0.00038418769836425783,9.356949688128654e-06,0.010456122446390511,squared_error,huber,21,log2,5,946,"{'ccp_alpha': 0.010456122446390511, 'criterion': 'squared_error', 'loss': 'huber', 'max_depth': 21, 'max_features': 'log2', 'min_samples_split': 5, 'n_estimators': 946}",-1.1487481441038891,-1.439254999257073,-1.2160610507763003,-1.2441171399753572,-1.0928873232674667,-1.2282137314760173,0.11795510933549759,331,-0.4647033859165037,-0.41035769901949914,-0.37798629084329854,-0.41012411946117666,-0.40110041883416697,-0.41285438281492903,0.028481384789316118
11,0.07104148864746093,0.0006699856076288755,0.00029354095458984376,8.44957597096889e-07,0.037896196613647556,squared_error,squared_error,52,2,5,374,"{'ccp_alpha': 0.037896196613647556, 'criterion': 'squared_error', 'loss': 'squared_error', 'max_depth': 52, 'max_features': 2, 'min_samples_split': 5, 'n_estimators': 374}",-1.180364726477351,-1.3407311226547498,-1.2175894705632884,-1.1973300768014008,-1.0574421091945334,-1.1986915011382646,0.09035651852423952,269,-0.6844188123632532,-0.6856684442592089,-0.6200057181197768,-0.6513048721425629,-0.676431146412858,-0.6635657986595319,0.02504676917900186
12,0.00037364959716796876,4.91257996490079e-06,0.0,0.0,0.3192946626543764,squared_error,squared_error,13,10,6,230,"{'ccp_alpha': 0.3192946626543764, 'criterion': 'squared_error', 'loss': 'squared_error', 'max_depth': 13, 'max_features': 10, 'min_samples_split': 6, 'n_estimators': 230}",,,,,,,,405,,,,,,,
13,0.0003695964813232422,3.9620548396760914e-06,0.0,0.0,0.02920805349072697,squared_error,squared_error,45,8,9,769,"{'ccp_alpha': 0.02920805349072697, 'criterion': 'squared_error', 'loss': 'squared_error', 'max_depth': 45, 'max_features': 8, 'min_samples_split': 9, 'n_estimators': 769}",,,,,,,,404,,,,,,,
14,0.1540168285369873,0.0013609944074067977,0.000342559814453125,2.8665806513193386e-06,0.011695541204115216,squared_error,squared_error,59,3,3,725,"{'ccp_alpha': 0.011695541204115216, 'criterion': 'squared_error', 'loss': 'squared_error', 'max_depth': 59, 'max_features': 3, 'min_samples_split': 3, 'n_estimators': 725}",-1.0264929787016581,-1.3851821847759447,-1.1823059255092665,-1.1642783970570183,-1.1510817436658756,-1.1818682459419527,0.11552959314719201,216,-0.3938676666043459,-0.4054809021750792,-0.3814520464517556,-0.35681014004349587,-0.4054952073291366,-0.38862119252076266,0.01822002958702849
15,0.23150782585144042,0.0016201737193501109,0.00030074119567871096,3.982660869182797e-06,0.046001396555972004,squared_error,huber,10,sqrt,4,342,"{'ccp_alpha': 0.046001396555972004, 'criterion': 'squared_error', 'loss': 'huber', 'max_depth': 10, 'max_features': 'sqrt', 'min_samples_split': 4, 'n_estimators': 342}",-1.1859357220730442,-1.3127805428464812,-1.1447103089770747,-1.2371857776182555,-1.1242415067729625,-1.2009707716575637,0.06795825785997456,276,-0.8170879454591017,-0.7350338333135928,-0.701873302419361,-0.7744670655595796,-0.7654136952344467,-0.7587751683972164,0.03870958275958721
16,0.7038115978240966,0.01945193815163386,0.00037980079650878906,1.0186920313435808e-05,0.010103478280523638,squared_error,huber,52,auto,9,967,"{'ccp_alpha': 0.010103478280523638, 'criterion': 'squared_error', 'loss': 'huber', 'max_depth': 52, 'max_features': 'auto', 'min_samples_split': 9, 'n_estimators': 967}",-1.1103130955922988,-1.4799251649167355,-1.180917616509171,-1.512139613817704,-1.3097458185362698,-1.3186082618744357,0.15868311845415453,369,-0.4357527953894265,-0.40908624517258546,-0.43274607013797667,-0.5028390168021765,-0.4157043022423608,-0.4392256859489052,0.03335369135170164
17,0.0006560802459716797,6.892565251567003e-06,0.0,0.0,0.13442452646867184,friedman_mse,huber,60,9,4,433,"{'ccp_alpha': 0.13442452646867184, 'criterion': 'friedman_mse', 'loss': 'huber', 'max_depth': 60, 'max_features': 9, 'min_samples_split': 4, 'n_estimators': 433}",,,,,,,,401,,,,,,,
18,0.2740830898284912,0.009884284499649685,0.00033888816833496096,8.780280086408535e-06,0.03511760868635276,friedman_mse,absolute_error,44,1,8,173,"{'ccp_alpha': 0.03511760868635276, 'criterion': 'friedman_mse', 'loss': 'absolute_error', 'max_depth': 44, 'max_features': 1, 'min_samples_split': 8, 'n_estimators': 173}",-1.0066276636717821,-1.3585045743664106,-1.1698108994625342,-1.2230077120520366,-1.0544436196207811,-1.162478893834709,0.12498383094385103,140,-0.459477868051963,-0.2704173949752499,-0.2711681595887545,-0.4142665706323497,-0.49455660015277114,-0.3819773186802176,0.09428394548070465
19,0.16312642097473146,0.0035101783678020224,0.00035920143127441404,1.098962244339755e-05,0.024439545377760302,friedman_mse,squared_error,27,log2,5,832,"{'ccp_alpha': 0.024439545377760302, 'criterion': 'friedman_mse', 'loss': 'squared_error', 'max_depth': 27, 'max_features': 'log2', 'min_samples_split': 5, 'n_estimators': 832}",-1.1783853830622766,-1.4217107608564883,-1.211510536489103,-1.1669399597423578,-1.0375919036242958,-1.2032277087549044,0.12423575258868033,278,-0.529305540130651,-0.5494830503621104,-0.5342857655304453,-0.5522416201873038,-0.5679685722944797,-0.546656909700998,0.01376574196188509
20,0.19413232803344727,0.003351435280003974,0.0003676414489746094,2.7557722619628694e-06,0.009865031368025051,squared_error,squared_error,20,4,5,922,"{'ccp_alpha': 0.009865031368025051, 'criterion': 'squared_error', 'loss': 'squared_error', 'max_depth': 20, 'max_features': 4, 'min_samples_split': 5, 'n_estimators': 922}",-1.0613321307232269,-1.4048738791859983,-1.1562960457995477,-1.357257696527167,-1.0916454036919292,-1.2142810311855738,0.14040162559937358,302,-0.350601653675903,-0.37512016443733653,-0.34878935651001947,-0.34360908864824596,-0.3838493660355332,-0.3603939258614076,0.015995656666831046
21,0.2027881145477295,0.002432726134163157,0.00035414695739746096,2.2294368224260255e-06,0.11008459212601614,squared_error,squared_error,42,4,2,856,"{'ccp_alpha': 0.11008459212601614, 'criterion': 'squared_error', 'loss': 'squared_error', 'max_depth': 42, 'max_features': 4, 'min_samples_split': 2, 'n_estimators': 856}",-1.2001922521571806,-1.280624817373703,-1.0892119254875896,-1.2902242731521607,-0.9770758635997522,-1.1674658263540771,0.11942999905645064,183,-0.9840679231276593,-0.9656924398952267,-0.9686810118571765,-0.9839756183775674,-1.0455141036143718,-0.9895862193744003,0.02897515857319742
22,0.18653569221496583,0.007046816793979415,0.00035204887390136717,9.841808052325389e-07,0.0202350436780055,friedman_mse,squared_error,50,6,7,820,"{'ccp_alpha': 0.0202350436780055, 'criterion': 'friedman_mse', 'loss': 'squared_error', 'max_depth': 50, 'max_features': 6, 'min_samples_split': 7, 'n_estimators': 820}",-1.030462961151724,-1.3639629505924455,-1.254816721258792,-1.372564621574189,-1.0925845010690456,-1.2228783511292391,0.13952137679628293,321,-0.4967978574473077,-0.5190420336911452,-0.48732989904963564,-0.5173569216723423,-0.5459920583026465,-0.5133037540326155,0.020322239158946515
23,0.1953110694885254,0.010390197429472989,0.0003005027770996094,7.226246487789679e-06,0.031472166708039546,friedman_mse,absolute_error,58,6,2,69,"{'ccp_alpha': 0.031472166708039546, 'criterion': 'friedman_mse', 'loss': 'absolute_error', 'max_depth': 58, 'max_features': 6, 'min_samples_split': 2, 'n_estimators': 69}",-1.1924169943887815,-1.2408994736972587,-1.1018238645500917,-1.0408052885604948,-0.8555487877974274,-1.0862988817988108,0.13469869697351666,13,-0.18072915216821367,-0.1764545518407323,-0.14516654161694884,-0.2099611401916271,-0.16440848171171,-0.17534397350584635,0.021254854217346845
24,0.5709410667419433,0.0054711312064410905,0.00037217140197753906,8.248042415786611e-06,0.05043438019402219,friedman_mse,huber,62,1,6,879,"{'ccp_alpha': 0.05043438019402219, 'criterion': 'friedman_mse', 'loss': 'huber', 'max_depth': 62, 'max_features': 1, 'min_samples_split': 6, 'n_estimators': 879}",-1.2743623894644636,-1.3012008092305871,-1.1765657045443962,-1.310889738435276,-0.9556545160396641,-1.2037346315428774,0.1328548435078979,280,-0.8435731814711714,-0.7673562705350413,-0.7247744803220068,-0.7971465739757015,-0.8314795230189629,-0.7928660058645768,0.043284517037115
25,0.0004563331604003906,4.475669872382093e-06,0.0,0.0,0.059262402760984705,friedman_mse,absolute_error,21,10,8,511,"{'ccp_alpha': 0.059262402760984705, 'criterion': 'friedman_mse', 'loss': 'absolute_error', 'max_depth': 21, 'max_features': 10, 'min_samples_split': 8, 'n_estimators': 511}",,,,,,,,400,,,,,,,
26,0.04441590309143066,0.0016286991870180264,0.00027546882629394533,3.576596563834987e-06,0.053072249174291986,squared_error,squared_error,26,6,7,199,"{'ccp_alpha': 0.053072249174291986, 'criterion': 'squared_error', 'loss': 'squared_error', 'max_depth': 26, 'max_features': 6, 'min_samples_split': 7, 'n_estimators': 199}",-1.0915904869375757,-1.3191575430767561,-1.1433072759385516,-1.3567678746662961,-1.0336344193379636,-1.1888915199914287,0.12712347452137107,246,-0.8167385188801319,-0.721047846942613,-0.7410010810396116,-0.7667907924722559,-0.7675808068331548,-0.7626318092335534,0.03214479761832189
27,0.20766677856445312,0.0010862645667689122,0.0003753185272216797,9.344548481185104e-06,0.3364370507994036,friedman_mse,squared_error,29,sqrt,2,978,"{'ccp_alpha': 0.3364370507994036, 'criterion': 'friedman_mse', 'loss': 'squared_error', 'max_depth': 29, 'max_features': 'sqrt', 'min_samples_split': 2, 'n_estimators': 978}",-1.2606890264114046,-1.2386347737051284,-1.0554558763797457,-1.2942939354132765,-0.9783612464736502,-1.165486971676641,0.1250025160061591,160,-1.1188116852236054,-1.095675262185224,-1.173288207029995,-1.112309760379158,-1.192021111783219,-1.1384212053202403,0.03736900927480322
28,0.2604531288146973,0.004816591140001197,0.0003445148468017578,6.822271715728537e-06,0.0964453574902958,squared_error,absolute_error,16,3,9,575,"{'ccp_alpha': 0.0964453574902958, 'criterion': 'squared_error', 'loss': 'absolute_error', 'max_depth': 16, 'max_features': 3, 'min_samples_split': 9, 'n_estimators': 575}",-1.2299712924730013,-1.3697566541840098,-1.0452323932654153,-1.2075665109557414,-0.8487081939849667,-1.140247008972627,0.17848232264533273,63,-0.9087111600258174,-0.8793214299012878,-0.9178372911072307,-0.9127975846237486,-1.0600663285443925,-0.9357467588404955,0.06358853731962637
29,0.472322416305542,0.011355970060546016,0.00039157867431640627,9.21246427922197e-06,0.033966473332873844,friedman_mse,absolute_error,28,6,8,257,"{'ccp_alpha': 0.033966473332873844, 'criterion': 'friedman_mse', 'loss': 'absolute_error', 'max_depth': 28, 'max_features': 6, 'min_samples_split': 8, 'n_estimators': 257}",-1.1202395393792093,-1.223941450435278,-1.0800375225263061,-1.071693336984289,-0.8532866895563588,-1.069839707776288,0.12107033590704026,7,-0.17938954686151912,-0.1434764181066069,-0.1488580972526354,-0.28690452365765956,-0.24815004807919513,-0.20135572679152322,0.05673946367702249
30,0.5281732559204102,0.010411472618944023,0.0004115581512451172,2.268863154100479e-06,0.03542241295764082,squared_error,absolute_error,11,4,6,266,"{'ccp_alpha': 0.03542241295764082, 'criterion': 'squared_error', 'loss': 'absolute_error', 'max_depth': 11, 'max_features': 4, 'min_samples_split': 6, 'n_estimators': 266}",-1.066417323544713,-1.2341720380269312,-1.2506005180209492,-1.0926854856521457,-0.8611843526980363,-1.101011943588555,0.1406355170941166,24,-0.1834312557243796,-0.1175378666287643,-0.17689278872664826,-0.21390895750869066,-0.2443293203594901,-0.18722003778959456,0.04230929096984159
31,0.5024552345275879,0.010712563701660188,0.0003575801849365234,7.283911959100258e-06,0.10558495961259273,squared_error,huber,57,1,4,766,"{'ccp_alpha': 0.10558495961259273, 'criterion': 'squared_error', 'loss': 'huber', 'max_depth': 57, 'max_features': 1, 'min_samples_split': 4, 'n_estimators': 766}",-1.2732711392998577,-1.2659255956362256,-1.0753811446392778,-1.3121458509854875,-0.8839927714652717,-1.162143300405224,0.16156504262006713,137,-0.9903844294942284,-0.9417550027847561,-0.9959603849556935,-0.9696381761811529,-1.0526165389042614,-0.9900709064640184,0.036602358957041115
32,0.06270337104797363,0.0007582979126175229,0.0002704143524169922,4.5497361915117505e-06,0.05724615619483569,friedman_mse,huber,15,5,5,82,"{'ccp_alpha': 0.05724615619483569, 'criterion': 'friedman_mse', 'loss': 'huber', 'max_depth': 15, 'max_features': 5, 'min_samples_split': 5, 'n_estimators': 82}",-1.1643909297688888,-1.299695613917269,-1.0741892766061334,-1.2462405156697638,-1.0995063512313914,-1.1768045374386893,0.08553662461544961,206,-0.8653622813595188,-0.8154889779858355,-0.7899711644199819,-0.7859646626251469,-0.8527810194127058,-0.8219136211606377,0.032231992027388696
33,0.5177167415618896,0.008506822494514833,0.0003643035888671875,9.314815862331223e-06,0.010488184036425006,friedman_mse,huber,53,3,7,718,"{'ccp_alpha': 0.010488184036425006, 'criterion': 'friedman_mse', 'loss': 'huber', 'max_depth': 53, 'max_features': 3, 'min_samples_split': 7, 'n_estimators': 718}",-1.023940697298755,-1.3503311696211913,-1.3209482422303995,-1.310026099956452,-1.0334125852534963,-1.2077317588720589,0.14682167746843097,296,-0.4513581138235893,-0.43562933387579894,-0.40833581705814376,-0.4240226770415804,-0.40871620214945886,-0.4256124287897142,0.016429666969175836
34,0.10070691108703614,0.0005702371469941962,0.0002959728240966797,2.758246395870127e-06,0.20259087927419728,friedman_mse,absolute_error,33,3,5,224,"{'ccp_alpha': 0.20259087927419728, 'criterion': 'friedman_mse', 'loss': 'absolute_error', 'max_depth': 33, 'max_features': 3, 'min_samples_split': 5, 'n_estimators': 224}",-1.2539626903611685,-1.2431892531097204,-1.0119938426268313,-1.2886088543731116,-1.1360698739124377,-1.1867649028766538,0.10117939499817183,243,-1.1196517532116452,-1.0627034003109355,-1.1805349773828955,-1.1124453385818294,-1.21947457599238,-1.1389620090959371,0.05495813012055112
35,0.4463585376739502,0.03911713266566727,0.0003909587860107422,3.590409653329856e-05,0.16467190930672435,squared_error,absolute_error,19,7,9,949,"{'ccp_alpha': 0.16467190930672435, 'criterion': 'squared_error', 'loss': 'absolute_error', 'max_depth': 19, 'max_features': 7, 'min_samples_split': 9, 'n_estimators': 949}",-1.3701651669140777,-1.2759722982318555,-1.032163756732549,-1.2886088543732925,-1.1360698739132118,-1.2205959900329975,0.12059402535057888,317,-1.069650997394789,-1.0050476543134756,-1.1290289861672234,-1.1124453385818207,-1.2194745759926189,-1.1071295104899854,0.07064644804984795
36,0.14876160621643067,0.005840401459800483,0.00034584999084472654,3.440504838475694e-06,0.05448571318004798,friedman_mse,squared_error,13,7,4,589,"{'ccp_alpha': 0.05448571318004798, 'criterion': 'friedman_mse', 'loss': 'squared_error', 'max_depth': 13, 'max_features': 7, 'min_samples_split': 4, 'n_estimators': 589}",-1.0941029762888423,-1.3345338190624043,-1.1363043558984485,-1.3871308154914899,-1.0798248222087972,-1.2063793577899964,0.1285513108564063,290,-0.8272421771342693,-0.7526498375866536,-0.793005359090289,-0.7916282362744373,-0.8516307199677238,-0.8032312660106745,0.03381334461168975
37,2.1715508937835692,0.05503449718912161,0.0007779121398925782,3.1533829291142306e-05,0.0011783234622319222,squared_error,absolute_error,31,sqrt,6,852,"{'ccp_alpha': 0.0011783234622319222, 'criterion': 'squared_error', 'loss': 'absolute_error', 'max_depth': 31, 'max_features': 'sqrt', 'min_samples_split': 6, 'n_estimators': 852}",-1.0989383192800668,-1.4223066547066614,-1.080859232985042,-1.3264263024370322,-0.848367999239571,-1.1553797017296747,0.2017434277589906,106,-0.09593650638045949,-0.07105528743632625,-0.014511992054666068,-0.07123332895049758,-0.015366593276845347,-0.05362074161975895,0.03285624666812269
38,0.27609953880310056,0.0194284880323809,0.0004084587097167969,9.475348261517222e-05,0.07361311066295992,squared_error,absolute_error,50,2,2,509,"{'ccp_alpha': 0.07361311066295992, 'criterion': 'squared_error', 'loss': 'absolute_error', 'max_depth': 50, 'max_features': 2, 'min_samples_split': 2, 'n_estimators': 509}",-1.1131783293563244,-1.198675437511416,-1.0519632851571554,-1.1600896526196833,-0.8585276847430665,-1.0764868778775292,0.11947664803914848,10,-0.6911922484363568,-0.5821353816971133,-0.5708127290657576,-0.6457605390748683,-0.6550818064310033,-0.6289965409410199,0.04563135533814174
39,0.2116175651550293,0.007553015768653825,0.0003299236297607422,5.272016510423757e-06,0.0622597346219984,friedman_mse,absolute_error,26,6,7,179,"{'ccp_alpha': 0.0622597346219984, 'criterion': 'friedman_mse', 'loss': 'absolute_error', 'max_depth': 26, 'max_features': 6, 'min_samples_split': 7, 'n_estimators': 179}",-1.1107144358196241,-1.2643986726631977,-1.076825460652844,-1.1529660619916002,-0.9050719791153339,-1.1019953220485201,0.11701385600075855,27,-0.5104315605652483,-0.38199039738074597,-0.4974452890086681,-0.5437545706674949,-0.5204063098278477,-0.49080562549000095,0.056479744398087076
40,0.19702625274658203,0.007030349533530996,0.0003765106201171875,4.633915181448494e-06,0.1530831213644369,squared_error,squared_error,37,6,6,854,"{'ccp_alpha': 0.1530831213644369, 'criterion': 'squared_error', 'loss': 'squared_error', 'max_depth': 37, 'max_features': 6, 'min_samples_split': 6, 'n_estimators': 854}",-1.2023223758732766,-1.2707596181476972,-1.035147039403862,-1.3131529847866055,-0.9281715964914082,-1.1499107229405698,0.14583443773394703,86,-1.0647609478229147,-1.0000685249517274,-1.0824520174243815,-1.0378894234337428,-1.1482611486679275,-1.0666864124601387,0.049343507808824856
41,0.014928340911865234,6.228431555034305e-05,0.00025348663330078126,1.37706080228745e-06,0.48791333134689724,squared_error,squared_error,45,log2,8,79,"{'ccp_alpha': 0.48791333134689724, 'criterion': 'squared_error', 'loss': 'squared_error', 'max_depth': 45, 'max_features': 'log2', 'min_samples_split': 8, 'n_estimators': 79}",-1.2606890264114046,-1.2371289533846603,-1.0554558763797457,-1.2942939354132765,-0.9783612464736502,-1.1651858076125474,0.12482761244359057,155,-1.1188116852236054,-1.1266665417509898,-1.173288207029995,-1.112309760379158,-1.192021111783219,-1.1446194612333935,0.03194081667772809
42,0.24570069313049317,0.004590401957247219,0.00034513473510742185,2.6830301087637327e-06,0.13097853833222187,friedman_mse,absolute_error,39,2,7,564,"{'ccp_alpha': 0.13097853833222187, 'criterion': 'friedman_mse', 'loss': 'absolute_error', 'max_depth': 39, 'max_features': 2, 'min_samples_split': 7, 'n_estimators': 564}",-1.30638501803463,-1.2759722982318553,-1.047813089260262,-1.2646285190022282,-1.1360698739132118,-1.2061737596884374,0.09830945825077526,289,-1.0319062466122055,-1.0050476543134759,-1.0434190020981462,-1.0904922877435295,-1.2194745759926189,-1.078067953351995,0.07591259984415913
43,0.0003962516784667969,5.284078665617015e-06,0.0,0.0,0.02060320490552345,friedman_mse,squared_error,12,9,7,473,"{'ccp_alpha': 0.02060320490552345, 'criterion': 'friedman_mse', 'loss': 'squared_error', 'max_depth': 12, 'max_features': 9, 'min_samples_split': 7, 'n_estimators': 473}",,,,,,,,474,,,,,,,
44,0.246382999420166,0.002101352753070148,0.0003118038177490234,9.639189734263059e-06,0.008915428868611115,friedman_mse,huber,27,4,9,324,"{'ccp_alpha': 0.008915428868611115, 'criterion': 'friedman_mse', 'loss': 'huber', 'max_depth': 27, 'max_features': 4, 'min_samples_split': 9, 'n_estimators': 324}",-1.0902685714540772,-1.4133891574016777,-1.1919174681556333,-1.3740576425114142,-1.1970049128317404,-1.2533275504709087,0.12143075516192953,349,-0.4289132361324577,-0.43968936704904193,-0.4082538544338096,-0.42953678193862305,-0.39830939568621393,-0.42094052704802926,0.015245317041037158
45,0.4000150203704834,0.014366989031308796,0.0003949642181396484,1.5046158104041323e-05,0.37466944568135707,squared_error,absolute_error,51,3,3,907,"{'ccp_alpha': 0.37466944568135707, 'criterion': 'squared_error', 'loss': 'absolute_error', 'max_depth': 51, 'max_features': 3, 'min_samples_split': 3, 'n_estimators': 907}",-1.2539626903607535,-1.221681058703438,-1.011993842626455,-1.2886088543732925,-1.1360698739132118,-1.18246326399543,0.09912543570062,217,-1.1196517532117614,-1.1285386583434693,-1.1805349773830467,-1.1124453385818207,-1.2194745759926189,-1.1521290607025434,0.04129986663129564
46,0.0004881381988525391,3.945377272307893e-06,0.0,0.0,0.06512307303628603,squared_error,absolute_error,38,9,3,667,"{'ccp_alpha': 0.06512307303628603, 'criterion': 'squared_error', 'loss': 'absolute_error', 'max_depth': 38, 'max_features': 9, 'min_samples_split': 3, 'n_estimators': 667}",,,,,,,,471,,,,,,,
47,0.11391773223876953,0.0023747752751655106,0.0003529071807861328,5.950729048908962e-06,0.06339300110292297,friedman_mse,squared_error,52,2,8,586,"{'ccp_alpha': 0.06339300110292297, 'criterion': 'friedman_mse', 'loss': 'squared_error', 'max_depth': 52, 'max_features': 2, 'min_samples_split': 8, 'n_estimators': 586}",-1.1860458007851464,-1.295581135271898,-1.1462541198232177,-1.2414271260910479,-0.9964260872763576,-1.1731468538495335,0.10175674931762994,197,-0.8514019569891411,-0.7995436838443372,-0.779790464907782,-0.8099437054022316,-0.8800917048832692,-0.8241543032053522,0.03646149027932246
48,0.00038652420043945314,2.7861330333693586e-06,0.0,0.0,0.14203834634971735,squared_error,squared_error,37,9,8,137,"{'ccp_alpha': 0.14203834634971735, 'criterion': 'squared_error', 'loss': 'squared_error', 'max_depth': 37, 'max_features': 9, 'min_samples_split': 8, 'n_estimators': 137}",,,,,,,,463,,,,,,,
49,2.0472875118255613,0.0707985567718634,0.0007544517517089844,2.3712570599243245e-05,5.535839725637018e-06,friedman_mse,absolute_error,27,6,6,882,"{'ccp_alpha': 5.535839725637018e-06, 'criterion': 'friedman_mse', 'loss': 'absolute_error', 'max_depth': 27, 'max_features': 6, 'min_samples_split': 6, 'n_estimators': 882}",-1.1188050125554345,-1.2982873856604649,-1.1465773901549308,-1.1508264336751892,-1.0455377831023525,-1.1520068010296742,0.08230053674887028,92,-0.021320544111186758,-0.07291603040767079,-0.004339400295707284,-0.08019819516502742,-0.0005283562338800962,-0.035860505242694476,0.03403613953804672
50,0.00046091079711914064,8.507769145939405e-06,0.0,0.0,0.06605030778995945,friedman_mse,absolute_error,42,8,8,520,"{'ccp_alpha': 0.06605030778995945, 'criterion': 'friedman_mse', 'loss': 'absolute_error', 'max_depth': 42, 'max_features': 8, 'min_samples_split': 8, 'n_estimators': 520}",,,,,,,,462,,,,,,,
51,0.11711244583129883,0.003018783913580391,0.00035223960876464846,3.4206211918756396e-06,0.03764293443381195,friedman_mse,squared_error,32,1,4,645,"{'ccp_alpha': 0.03764293443381195, 'criterion': 'friedman_mse', 'loss': 'squared_error', 'max_depth': 32, 'max_features': 1, 'min_samples_split': 4, 'n_estimators': 645}",-1.17484499665685,-1.377751711803275,-1.1825246845046624,-1.2900888601562048,-0.8564860673736426,-1.176339264098927,0.17655169464472334,204,-0.6431541723847838,-0.647547983737168,-0.6220903245725574,-0.6683386569468016,-0.7343162696401877,-0.6630894814562998,0.038524524040228936
52,0.7555513858795166,0.031456238867614415,0.0004172325134277344,4.541232471774721e-06,0.016687464304571752,squared_error,absolute_error,15,auto,2,257,"{'ccp_alpha': 0.016687464304571752, 'criterion': 'squared_error', 'loss': 'absolute_error', 'max_depth': 15, 'max_features': 'auto', 'min_samples_split': 2, 'n_estimators': 257}",-1.133724868365205,-1.3184958354538243,-1.160911044236056,-1.1338585921218798,-1.0009703474051364,-1.1495921375164202,0.10123668110239424,84,-0.010562318768784778,-0.005359755803598984,-0.04725166245922114,-0.03762597774893438,-0.04054742055479067,-0.028269427067065988,0.016952959310500063
53,0.0003691673278808594,4.590037556117584e-06,0.0,0.0,0.02063579946859253,squared_error,squared_error,49,10,7,332,"{'ccp_alpha': 0.02063579946859253, 'criterion': 'squared_error', 'loss': 'squared_error', 'max_depth': 49, 'max_features': 10, 'min_samples_split': 7, 'n_estimators': 332}",,,,,,,,461,,,,,,,
54,1.8025959014892579,0.0888676681535645,0.0007406234741210938,1.993818043849361e-05,0.032419911162738804,friedman_mse,absolute_error,37,1,5,923,"{'ccp_alpha': 0.032419911162738804, 'criterion': 'friedman_mse', 'loss': 'absolute_error', 'max_depth': 37, 'max_features': 1, 'min_samples_split': 5, 'n_estimators': 923}",-1.0977394843898092,-1.3461676876508895,-1.1808414735910149,-1.2878977976774726,-1.008585858322237,-1.1842464603262843,0.12273042125712916,236,-0.11257350817791528,-0.09181980054574415,-0.08200677971718749,-0.1429537761197142,-0.10586765128604095,-0.10704430316932041,0.020881139461283928
55,0.5770704269409179,0.010103351505319883,0.0003861904144287109,8.27473918761038e-06,0.18352633852332995,friedman_mse,huber,53,5,6,836,"{'ccp_alpha': 0.18352633852332995, 'criterion': 'friedman_mse', 'loss': 'huber', 'max_depth': 53, 'max_features': 5, 'min_samples_split': 6, 'n_estimators': 836}",-1.2176729330468805,-1.2623897735813119,-1.032008143978161,-1.2628158802667109,-1.0040721894877527,-1.1557917840721634,0.11400683318807069,108,-1.0793077912332842,-1.0286001194853063,-1.1101293875233336,-1.053447622677054,-1.1929453160794932,-1.0928860473996942,0.056888714065785675
56,0.10457587242126465,0.0007939422022751561,0.0002871036529541016,3.984943850665317e-06,0.1374343024503891,squared_error,huber,52,3,2,144,"{'ccp_alpha': 0.1374343024503891, 'criterion': 'squared_error', 'loss': 'huber', 'max_depth': 52, 'max_features': 3, 'min_samples_split': 2, 'n_estimators': 144}",-1.207223697772653,-1.2851177889267773,-1.0349880231659427,-1.2610754828519808,-0.9166836081994392,-1.1410177201833585,0.14221815503417704,65,-1.0372938135527972,-1.000442513927549,-1.0680897567901184,-1.022876687574032,-1.1476368752477046,-1.0552679294184402,0.051136110497146836
57,0.00038652420043945314,3.0658812342984216e-06,0.0,0.0,0.13156262510970929,friedman_mse,squared_error,45,8,3,156,"{'ccp_alpha': 0.13156262510970929, 'criterion': 'friedman_mse', 'loss': 'squared_error', 'max_depth': 45, 'max_features': 8, 'min_samples_split': 3, 'n_estimators': 156}",,,,,,,,458,,,,,,,
58,0.31446409225463867,0.004945959890743362,0.00037169456481933594,5.3673312436123694e-06,0.11309184750112028,squared_error,absolute_error,16,4,9,698,"{'ccp_alpha': 0.11309184750112028, 'criterion': 'squared_error', 'loss': 'absolute_error', 'max_depth': 16, 'max_features': 4, 'min_samples_split': 9, 'n_estimators': 698}",-1.2007330565870238,-1.326842695866118,-1.0091519486159661,-1.205871345114259,-1.0805456743470556,-1.1646289441060844,0.11005529175739352,149,-0.945532073678337,-0.9143608943454553,-0.9048188761772233,-0.9637803767116088,-1.1517505734666533,-0.9760485588758556,0.09036813348327324
59,0.18824100494384766,0.007288832475385308,0.00037360191345214844,8.705380291821216e-06,0.17899896213894623,squared_error,squared_error,32,6,9,826,"{'ccp_alpha': 0.17899896213894623, 'criterion': 'squared_error', 'loss': 'squared_error', 'max_depth': 32, 'max_features': 6, 'min_samples_split': 9, 'n_estimators': 826}",-1.2179833048973048,-1.2645689919926968,-1.0372082091260293,-1.3020886633598956,-0.9519638715997203,-1.1547626081951292,0.13616580279189794,101,-1.0794053000203228,-1.0303371723662909,-1.1113028919895744,-1.0526813921700868,-1.1757958059386375,-1.0899045124969824,0.05075286611362077
60,0.09018187522888184,0.0014799952114778986,0.000330352783203125,6.168732310789577e-06,0.08685657471596764,squared_error,squared_error,35,log2,6,450,"{'ccp_alpha': 0.08685657471596764, 'criterion': 'squared_error', 'loss': 'squared_error', 'max_depth': 35, 'max_features': 'log2', 'min_samples_split': 6, 'n_estimators': 450}",-1.2204295423073332,-1.2847069856036757,-1.0934505017756608,-1.2420000969822518,-0.9454207033812665,-1.1572015660100377,0.1235811731893242,119,-0.9416919028821162,-0.8910157234906988,-0.9006429120748738,-0.8969608979170458,-0.9664018535071812,-0.9193426579743832,0.029553664846693174
61,0.07161750793457031,0.0005415946502252835,0.0003246307373046875,4.9591064453125e-06,0.026357711408489318,squared_error,squared_error,14,2,6,355,"{'ccp_alpha': 0.026357711408489318, 'criterion': 'squared_error', 'loss': 'squared_error', 'max_depth': 14, 'max_features': 2, 'min_samples_split': 6, 'n_estimators': 355}",-1.121926884550555,-1.3766036303379616,-1.1801035733893304,-1.2424940176884165,-1.0825246169704184,-1.2007305445873364,0.10323144877088906,274,-0.5441024193249706,-0.5746555272946243,-0.5536099651201432,-0.5672308802576315,-0.5846089110613167,-0.5648415406117373,0.014484692974425308
62,0.3341821193695068,0.003451213133759126,0.00038008689880371095,8.71764746248355e-06,0.12328804670068741,friedman_mse,absolute_error,30,sqrt,7,747,"{'ccp_alpha': 0.12328804670068741, 'criterion': 'friedman_mse', 'loss': 'absolute_error', 'max_depth': 30, 'max_features': 'sqrt', 'min_samples_split': 7, 'n_estimators': 747}",-1.320139265382287,-1.3244284498651984,-1.0196998177041021,-1.218354983728372,-1.1360698739132118,-1.2037384781186344,0.11556653781636765,281,-1.0151378186326458,-0.9462121918502263,-0.999931103597917,-0.9406117974706323,-1.2194745759926189,-1.024273497508808,0.1018551140645225
63,0.42635197639465333,0.004739190129085661,0.0004040718078613281,5.764407075257084e-06,0.1484242459460465,squared_error,absolute_error,61,3,9,997,"{'ccp_alpha': 0.1484242459460465, 'criterion': 'squared_error', 'loss': 'absolute_error', 'max_depth': 61, 'max_features': 3, 'min_samples_split': 9, 'n_estimators': 997}",-1.3701651669139192,-1.2759722982318555,-1.01087904518587,-1.2886088543732925,-1.1360698739132118,-1.21633904772363,0.12735656824170863,308,-1.069650997394839,-1.0050476543134756,-1.0996246566902292,-1.1124453385818207,-1.2194745759926189,-1.1012486445945968,0.06979744406139185
64,0.4316220760345459,0.0119130158323791,0.0003996372222900391,1.1276367068115205e-05,0.4201859322147839,squared_error,absolute_error,59,7,8,946,"{'ccp_alpha': 0.4201859322147839, 'criterion': 'squared_error', 'loss': 'absolute_error', 'max_depth': 59, 'max_features': 7, 'min_samples_split': 8, 'n_estimators': 946}",-1.2539626903607535,-1.221681058703438,-1.011993842626455,-1.2886088543732925,-1.1360698739132118,-1.18246326399543,0.09912543570062,217,-1.1196517532117614,-1.1285386583434693,-1.1805349773830467,-1.1124453385818207,-1.2194745759926189,-1.1521290607025434,0.04129986663129564
65,0.452926778793335,0.028151943776348262,0.00040760040283203123,1.2908643297625317e-05,0.0528467222527836,friedman_mse,absolute_error,30,3,2,309,"{'ccp_alpha': 0.0528467222527836, 'criterion': 'friedman_mse', 'loss': 'absolute_error', 'max_depth': 30, 'max_features': 3, 'min_samples_split': 2, 'n_estimators': 309}",-1.0153592893149397,-1.241071887482121,-1.1072725777456944,-1.2748944010732415,-0.8036115538620511,-1.0884419418956095,0.17022598904116892,14,-0.41722310846628385,-0.10533346970342544,-0.3449755089437732,-0.33080141144110764,-0.29229018517021454,-0.2981247367449609,0.10454635020989707
66,0.036302804946899414,0.0003272892640297021,0.0002933502197265625,2.7910252812694354e-06,0.012858023123350612,squared_error,squared_error,46,2,2,162,"{'ccp_alpha': 0.012858023123350612, 'criterion': 'squared_error', 'loss': 'squared_error', 'max_depth': 46, 'max_features': 2, 'min_samples_split': 2, 'n_estimators': 162}",-1.0839100021673198,-1.4416951359716756,-1.2346269133675036,-1.175367510815759,-1.0102475624606568,-1.189169424956583,0.14772859559015494,247,-0.410153054462557,-0.41350714016557083,-0.385004163271304,-0.4173800245975651,-0.44000749595479877,-0.4132103756903591,0.017552762333882286
67,0.0003882408142089844,2.999150313094404e-06,0.0,0.0,0.042099330363452474,squared_error,squared_error,40,9,5,113,"{'ccp_alpha': 0.042099330363452474, 'criterion': 'squared_error', 'loss': 'squared_error', 'max_depth': 40, 'max_features': 9, 'min_samples_split': 5, 'n_estimators': 113}",,,,,,,,479,,,,,,,
68,0.8613536834716797,0.09905210458090159,0.0005663394927978516,2.0387562903171012e-05,0.050999082283608534,friedman_mse,absolute_error,37,1,5,894,"{'ccp_alpha': 0.050999082283608534, 'criterion': 'friedman_mse', 'loss': 'absolute_error', 'max_depth': 37, 'max_features': 1, 'min_samples_split': 5, 'n_estimators': 894}",-1.1162745088608788,-1.3370529195914276,-1.0976614678542953,-1.1514843382510878,-1.0612952611840056,-1.152753699148339,0.09664196301905151,97,-0.5138770431020925,-0.149934916277301,-0.2414921987435265,-0.3581494585090343,-0.4097896413005879,-0.33464865158650847,0.1273723371102622
69,0.0006873607635498047,5.392688855217718e-06,0.0,0.0,0.30548598047903774,friedman_mse,huber,43,9,5,958,"{'ccp_alpha': 0.30548598047903774, 'criterion': 'friedman_mse', 'loss': 'huber', 'max_depth': 43, 'max_features': 9, 'min_samples_split': 5, 'n_estimators': 958}",,,,,,,,498,,,,,,,
70,0.3534275531768799,0.006530487557044904,0.00038051605224609375,4.603392939051503e-06,0.21443854616207486,squared_error,absolute_error,10,5,2,748,"{'ccp_alpha': 0.21443854616207486, 'criterion': 'squared_error', 'loss': 'absolute_error', 'max_depth': 10, 'max_features': 5, 'min_samples_split': 2, 'n_estimators': 748}",-1.2539626903607535,-1.221681058703438,-1.011993842626455,-1.2886088543732925,-1.1360698739132118,-1.18246326399543,0.09912543570062,217,-1.1196517532117614,-1.1285386583434693,-1.1805349773830467,-1.1124453385818207,-1.2194745759926189,-1.1521290607025434,0.04129986663129564
71,0.4939100742340088,0.006592256489087969,0.00038743019104003906,1.4925079223633437e-05,0.05658945455125191,squared_error,huber,13,log2,3,730,"{'ccp_alpha': 0.05658945455125191, 'criterion': 'squared_error', 'loss': 'huber', 'max_depth': 13, 'max_features': 'log2', 'min_samples_split': 3, 'n_estimators': 730}",-1.2299987710546398,-1.3386698588189532,-1.1795849941414274,-1.2651370912362712,-1.060705424312459,-1.2148192279127499,0.09283727738888825,303,-0.8836201989749516,-0.8002007302823547,-0.785996092597669,-0.8298545176702655,-0.8155516083573561,-0.8230446295765195,0.03366409772448872
72,0.11782598495483398,0.006921484731297906,0.0003173828125,3.527950537318022e-06,0.01015340789548439,friedman_mse,squared_error,36,auto,2,415,"{'ccp_alpha': 0.01015340789548439, 'criterion': 'friedman_mse', 'loss': 'squared_error', 'max_depth': 36, 'max_features': 'auto', 'min_samples_split': 2, 'n_estimators': 415}",-1.0651644321656295,-1.487370819648505,-1.390492836085874,-1.5869592432361292,-1.2560865546097832,-1.3572147771491843,0.1824011325086805,373,-0.38733836833527563,-0.38117033447246673,-0.37775894152982925,-0.39304840004735414,-0.41193025340712774,-0.3902492595584107,0.012040007430472484
73,0.597718334197998,0.083677256280766,0.00047240257263183596,3.419843387394129e-05,0.06693028671607879,squared_error,absolute_error,43,5,7,656,"{'ccp_alpha': 0.06693028671607879, 'criterion': 'squared_error', 'loss': 'absolute_error', 'max_depth': 43, 'max_features': 5, 'min_samples_split': 7, 'n_estimators': 656}",-1.1820964805396017,-1.2194581104852127,-1.1053726091243639,-1.1434886832556985,-0.970267538932202,-1.1241366844674157,0.08584616071451762,50,-0.605973305091921,-0.38195983802782807,-0.42315631265985676,-0.5175733760891571,-0.5521033145811477,-0.49615322928998207,0.08248437940311777
74,0.0004766941070556641,5.7825230402205655e-06,0.0,0.0,0.1914842259337315,friedman_mse,absolute_error,37,10,5,152,"{'ccp_alpha': 0.1914842259337315, 'criterion': 'friedman_mse', 'loss': 'absolute_error', 'max_depth': 37, 'max_features': 10, 'min_samples_split': 5, 'n_estimators': 152}",,,,,,,,492,,,,,,,
75,0.000394439697265625,6.3396033686142935e-06,0.0,0.0,0.10789269100774937,squared_error,squared_error,15,9,5,976,"{'ccp_alpha': 0.10789269100774937, 'criterion': 'squared_error', 'loss': 'squared_error', 'max_depth': 15, 'max_features': 9, 'min_samples_split': 5, 'n_estimators': 976}",,,,,,,,491,,,,,,,
76,0.0004749774932861328,3.1572237696164796e-06,0.0,0.0,0.04681064507196353,squared_error,absolute_error,47,10,2,733,"{'ccp_alpha': 0.04681064507196353, 'criterion': 'squared_error', 'loss': 'absolute_error', 'max_depth': 47, 'max_features': 10, 'min_samples_split': 2, 'n_estimators': 733}",,,,,,,,489,,,,,,,
77,0.0006844997406005859,3.191604715477278e-06,0.0,0.0,0.021946816406439685,friedman_mse,huber,35,8,5,788,"{'ccp_alpha': 0.021946816406439685, 'criterion': 'friedman_mse', 'loss': 'huber', 'max_depth': 35, 'max_features': 8, 'min_samples_split': 5, 'n_estimators': 788}",,,,,,,,487,,,,,,,
78,0.3640769004821777,0.004695938163970622,0.00042333602905273435,0.00017678788925219982,0.06339321219282681,friedman_mse,huber,24,auto,5,504,"{'ccp_alpha': 0.06339321219282681, 'criterion': 'friedman_mse', 'loss': 'huber', 'max_depth': 24, 'max_features': 'auto', 'min_samples_split': 5, 'n_estimators': 504}",-1.1920459258694454,-1.303683984035226,-1.044326054332876,-1.386482269166398,-1.101720236570022,-1.2056516939947937,0.1259546375394804,287,-0.9025769029418306,-0.8166540829601128,-0.938021525037523,-0.8562888151456346,-0.901831856844352,-0.8830746365858907,0.042143807207092016
79,0.22811832427978515,0.0030932439742622797,0.0003342628479003906,9.670511501973478e-06,0.10372451034370936,squared_error,absolute_error,60,7,6,491,"{'ccp_alpha': 0.10372451034370936, 'criterion': 'squared_error', 'loss': 'absolute_error', 'max_depth': 60, 'max_features': 7, 'min_samples_split': 6, 'n_estimators': 491}",-1.2549240970199045,-1.3519177164862692,-1.0725844884983522,-1.1793315966218814,-0.902740441757274,-1.1522996680767361,0.15475411537273862,95,-0.9306855001187208,-0.9401521550991198,-0.8479670109889844,-0.926028923110722,-1.1143468457767018,-0.9518360870188498,0.08769082388443675
80,0.31401491165161133,0.012890713312537013,0.0003237724304199219,7.92898614326281e-06,0.015528558354816003,squared_error,huber,30,7,9,425,"{'ccp_alpha': 0.015528558354816003, 'criterion': 'squared_error', 'loss': 'huber', 'max_depth': 30, 'max_features': 7, 'min_samples_split': 9, 'n_estimators': 425}",-1.0487188994200496,-1.419568337259752,-1.1791973629526407,-1.5050358076343902,-1.2149580918821616,-1.2734956998297988,0.16600691239365778,359,-0.5299066128438614,-0.5342805491035288,-0.5014470472177064,-0.5403681431892747,-0.5313333848177102,-0.5274671474344163,0.013496685015566057
81,0.09176044464111328,0.0005525328097045691,0.000335693359375,3.4418263306843927e-06,0.01741987171340926,friedman_mse,squared_error,59,log2,7,464,"{'ccp_alpha': 0.01741987171340926, 'criterion': 'friedman_mse', 'loss': 'squared_error', 'max_depth': 59, 'max_features': 'log2', 'min_samples_split': 7, 'n_estimators': 464}",-1.2141106888609963,-1.3992504856802923,-1.2165700162204525,-1.2569397483956355,-0.9961327835202655,-1.2166007445355285,0.1293062151084735,311,-0.5054254124246716,-0.47374078427363403,-0.44478230086992193,-0.49164921829439145,-0.5069691373024718,-0.48451337063301814,0.023182328579526016
82,0.19691109657287598,0.0019264146537919381,0.00033197402954101565,3.9106461627602915e-06,0.24140164701358333,friedman_mse,absolute_error,36,5,4,424,"{'ccp_alpha': 0.24140164701358333, 'criterion': 'friedman_mse', 'loss': 'absolute_error', 'max_depth': 36, 'max_features': 5, 'min_samples_split': 4, 'n_estimators': 424}",-1.2539626903607535,-1.221681058703438,-1.011993842626455,-1.2886088543732925,-1.1360698739132118,-1.18246326399543,0.09912543570062,217,-1.1196517532117614,-1.1285386583434693,-1.1805349773830467,-1.1124453385818207,-1.2194745759926189,-1.1521290607025434,0.04129986663129564
83,0.5564123153686523,0.009318087236068097,0.00039463043212890626,2.115480945209356e-05,0.23438696205178433,squared_error,huber,36,1,8,864,"{'ccp_alpha': 0.23438696205178433, 'criterion': 'squared_error', 'loss': 'huber', 'max_depth': 36, 'max_features': 1, 'min_samples_split': 8, 'n_estimators': 864}",-1.258989761109406,-1.238950881264643,-1.0410034484923028,-1.3016450051784567,-1.0040721894877527,-1.1689322571065122,0.12179512077727025,186,-1.1188574060517307,-1.0686933409483226,-1.1481036672584697,-1.0892661185624744,-1.1929453160794932,-1.1235731697800981,0.04387538670397446
84,0.6876411437988281,0.013595858582219221,0.0004024028778076172,1.0939646261776051e-05,0.14137833150521611,friedman_mse,huber,50,auto,4,959,"{'ccp_alpha': 0.14137833150521611, 'criterion': 'friedman_mse', 'loss': 'huber', 'max_depth': 50, 'max_features': 'auto', 'min_samples_split': 4, 'n_estimators': 959}",-1.2072236974042916,-1.2702466449224457,-1.0305570149667556,-1.2966306283328748,-0.9166989634713171,-1.144271389819537,0.1468102610657903,69,-1.0372938135526801,-1.0131858068321382,-1.0805964581496015,-1.0207099019480361,-1.1476518071485275,-1.0598875575261968,0.0497148701256126
85,0.15987033843994142,0.0009644180162319392,0.0003113746643066406,7.141422505489852e-06,0.3198254979345598,friedman_mse,absolute_error,40,7,8,359,"{'ccp_alpha': 0.3198254979345598, 'criterion': 'friedman_mse', 'loss': 'absolute_error', 'max_depth': 40, 'max_features': 7, 'min_samples_split': 8, 'n_estimators': 359}",-1.2539626903607535,-1.221681058703438,-1.011993842626455,-1.2886088543732925,-1.1360698739132118,-1.18246326399543,0.09912543570062,217,-1.1196517532117614,-1.1285386583434693,-1.1805349773830467,-1.1124453385818207,-1.2194745759926189,-1.1521290607025434,0.04129986663129564
86,0.04141411781311035,0.0007349066291078537,0.00027294158935546874,2.886342229923545e-06,0.30339426154251986,squared_error,squared_error,11,7,4,164,"{'ccp_alpha': 0.30339426154251986, 'criterion': 'squared_error', 'loss': 'squared_error', 'max_depth': 11, 'max_features': 7, 'min_samples_split': 4, 'n_estimators': 164}",-1.2606890264114046,-1.2386347737051284,-1.0554558763797457,-1.2942939354132765,-0.9783612464736502,-1.165486971676641,0.1250025160061591,160,-1.1188116852236054,-1.095675262185224,-1.173288207029995,-1.112309760379158,-1.192021111783219,-1.1384212053202403,0.03736900927480322
87,0.14547348022460938,0.0009489018833130988,0.000289154052734375,3.416630576643535e-06,0.1690234922852184,squared_error,huber,46,log2,6,224,"{'ccp_alpha': 0.1690234922852184, 'criterion': 'squared_error', 'loss': 'huber', 'max_depth': 46, 'max_features': 'log2', 'min_samples_split': 6, 'n_estimators': 224}",-1.2176729330469473,-1.26239290190857,-1.035209837778361,-1.2969757403353837,-0.9696300259193908,-1.1563762877977306,0.12986183594578707,110,-1.0793077912332838,-1.0285921406661052,-1.0943962187550043,-1.050717658779019,-1.175555219138091,-1.0857138057143005,0.050349807947834
88,0.03317804336547851,0.0006628283729333311,0.00026950836181640627,3.719941113441865e-06,0.059308158859452446,squared_error,squared_error,42,7,2,116,"{'ccp_alpha': 0.059308158859452446, 'criterion': 'squared_error', 'loss': 'squared_error', 'max_depth': 42, 'max_features': 7, 'min_samples_split': 2, 'n_estimators': 116}",-1.1755188114248385,-1.3299068401347287,-1.1351090011544156,-1.3499935139647041,-1.0794401287623439,-1.2139936590882061,0.10746123184661123,301,-0.831761329123687,-0.8449823102208615,-0.8092802915248566,-0.8069596472399017,-0.8511472937172329,-0.8288261743653079,0.018044693252590324
89,0.0006603717803955079,9.59782115217152e-06,0.0,0.0,0.012757357468904272,squared_error,huber,58,8,5,746,"{'ccp_alpha': 0.012757357468904272, 'criterion': 'squared_error', 'loss': 'huber', 'max_depth': 58, 'max_features': 8, 'min_samples_split': 5, 'n_estimators': 746}",,,,,,,,457,,,,,,,
90,0.023403167724609375,0.00047455659530272574,0.00027031898498535155,8.965806668459914e-06,0.18666404533785916,friedman_mse,absolute_error,34,log2,9,53,"{'ccp_alpha': 0.18666404533785916, 'criterion': 'friedman_mse', 'loss': 'absolute_error', 'max_depth': 34, 'max_features': 'log2', 'min_samples_split': 9, 'n_estimators': 53}",-1.2539904546104859,-1.275706513191676,-1.0120190523575232,-1.2885966776009026,-1.136018101281221,-1.1932661598083618,0.10554583234993005,257,-1.1196439968495615,-1.0050332390422978,-1.1805248550611203,-1.1124459308755266,-1.2194585989251843,-1.127421324150738,0.07287583624667991
91,0.16227083206176757,0.0010218141271316895,0.00039691925048828124,4.410163738163705e-06,0.010367083659647544,squared_error,squared_error,16,2,8,846,"{'ccp_alpha': 0.010367083659647544, 'criterion': 'squared_error', 'loss': 'squared_error', 'max_depth': 16, 'max_features': 2, 'min_samples_split': 8, 'n_estimators': 846}",-1.1611959316697624,-1.3992460510333782,-1.1677061862499851,-1.2291998410848721,-1.186234575634699,-1.2287165171345393,0.08850600072711576,332,-0.38544097370794395,-0.3709906153969133,-0.36914195597967714,-0.3644149544320552,-0.39001130800643213,-0.3759999615046043,0.009917547270323188
92,0.09220590591430664,0.0015159074712068174,0.00032477378845214845,2.9137832865623834e-06,0.1829542129829432,friedman_mse,squared_error,38,4,7,429,"{'ccp_alpha': 0.1829542129829432, 'criterion': 'friedman_mse', 'loss': 'squared_error', 'max_depth': 38, 'max_features': 4, 'min_samples_split': 7, 'n_estimators': 429}",-1.2179833048973048,-1.2645689919926968,-1.0372082091260293,-1.2663926823917906,-0.9519638715997203,-1.1476234120015083,0.1290016244650396,76,-1.0794053000203228,-1.0303371723662909,-1.1113028919895744,-1.0554209450854752,-1.1757958059386375,-1.0904524230800603,0.05036133794539965
93,0.15170159339904785,0.001897943576001173,0.0003708839416503906,3.689253069664898e-06,0.07865590934571948,squared_error,squared_error,23,3,5,721,"{'ccp_alpha': 0.07865590934571948, 'criterion': 'squared_error', 'loss': 'squared_error', 'max_depth': 23, 'max_features': 3, 'min_samples_split': 5, 'n_estimators': 721}",-1.1596687768129068,-1.3044715602833254,-1.145843821176818,-1.247947986995182,-0.9501673352977246,-1.1616198961131914,0.12068472489411962,133,-0.9114338308234805,-0.8607347490582357,-0.8113885378603233,-0.8664704369852456,-0.9267788166968334,-0.8753612742848237,0.04081785451651175
94,0.4147772312164307,0.00867262403472925,0.0003653049468994141,1.7670275211938947e-05,0.0012109244758244809,squared_error,huber,18,7,7,479,"{'ccp_alpha': 0.0012109244758244809, 'criterion': 'squared_error', 'loss': 'huber', 'max_depth': 18, 'max_features': 7, 'min_samples_split': 7, 'n_estimators': 479}",-1.134623618995745,-1.531243641299493,-1.3611511429253316,-1.64619481535293,-1.3262820505679762,-1.3998990538282952,0.17618451855764813,377,-0.1771310997949551,-0.1747493688094212,-0.16841285555821905,-0.16615239862329426,-0.19525643123778988,-0.17634043080473588,0.010272430648367548
95,1.2826035499572754,0.07723641374798398,0.0006651878356933594,1.9229607598006994e-05,0.05260307976994564,friedman_mse,absolute_error,56,5,7,945,"{'ccp_alpha': 0.05260307976994564, 'criterion': 'friedman_mse', 'loss': 'absolute_error', 'max_depth': 56, 'max_features': 5, 'min_samples_split': 7, 'n_estimators': 945}",-1.0712242958695186,-1.326281697122337,-1.1075741327084945,-1.2152085467695668,-0.8651555704281136,-1.117088848579606,0.1543072173994934,42,-0.25644918882447576,-0.10660166368813932,-0.20495601017958395,-0.295035211964738,-0.3071119516778081,-0.234030805266949,0.07300480169343883
96,0.00038800239562988283,6.518208725817418e-06,0.0,0.0,0.454782408884695,friedman_mse,squared_error,36,8,5,128,"{'ccp_alpha': 0.454782408884695, 'criterion': 'friedman_mse', 'loss': 'squared_error', 'max_depth': 36, 'max_features': 8, 'min_samples_split': 5, 'n_estimators': 128}",,,,,,,,430,,,,,,,
97,0.00047483444213867185,5.827566573124767e-06,0.0,0.0,0.1150662586454439,squared_error,absolute_error,15,9,4,501,"{'ccp_alpha': 0.1150662586454439, 'criterion': 'squared_error', 'loss': 'absolute_error', 'max_depth': 15, 'max_features': 9, 'min_samples_split': 4, 'n_estimators': 501}",,,,,,,,427,,,,,,,
98,0.7798412799835205,0.0935122041897499,0.0005298137664794921,1.666025631737312e-05,0.05518021240338825,squared_error,absolute_error,13,log2,7,748,"{'ccp_alpha': 0.05518021240338825, 'criterion': 'squared_error', 'loss': 'absolute_error', 'max_depth': 13, 'max_features': 'log2', 'min_samples_split': 7, 'n_estimators': 748}",-1.0140435608273075,-1.3115637059949663,-1.108111486035303,-1.1942295659513242,-1.007905127182483,-1.127170689198277,0.11478933075541214,54,-0.491844506345743,-0.2284655208890886,-0.329789533267344,-0.4340710171051196,-0.5321020518611451,-0.40325452589368804,0.11076807042383731
99,0.31104068756103515,0.0027807298834274003,0.00033431053161621095,1.0134780912517332e-05,0.3470645249125948,squared_error,huber,34,1,7,474,"{'ccp_alpha': 0.3470645249125948, 'criterion': 'squared_error', 'loss': 'huber', 'max_depth': 34, 'max_features': 1, 'min_samples_split': 7, 'n_estimators': 474}",-1.258989761109406,-1.2317491642262988,-1.0465281749608721,-1.2936026313167548,-1.0040721894877527,-1.166988384220217,0.11810311432408314,172,-1.1188574060517307,-1.126864777468536,-1.1735256339643245,-1.112311702124022,-1.1929453160794932,-1.1449009671376214,0.03222813187924005
100,0.10373578071594239,0.0005576991797631006,0.00032672882080078127,9.303336137871227e-06,0.042850761346942816,squared_error,squared_error,43,log2,3,512,"{'ccp_alpha': 0.042850761346942816, 'criterion': 'squared_error', 'loss': 'squared_error', 'max_depth': 43, 'max_features': 'log2', 'min_samples_split': 3, 'n_estimators': 512}",-1.176401800965439,-1.3546297200427135,-1.1493926550194655,-1.2688146030200962,-1.0798802366898665,-1.2058238031475164,0.09594055700811037,288,-0.6702015588873564,-0.7221297157556713,-0.6777426713614538,-0.6957691860554862,-0.714619016919797,-0.696092429795953,0.02014115194387532
101,0.6320466518402099,0.0061492393302230285,0.00040078163146972656,9.144836675852706e-06,0.22737071496993444,squared_error,huber,58,2,9,979,"{'ccp_alpha': 0.22737071496993444, 'criterion': 'squared_error', 'loss': 'huber', 'max_depth': 58, 'max_features': 2, 'min_samples_split': 9, 'n_estimators': 979}",-1.258989761109406,-1.2459229220929877,-1.0363637155366672,-1.2796381981554175,-1.0040721894877527,-1.1649973572764463,0.1191382095145542,154,-1.1188574060517307,-1.0468666202625727,-1.1272052809964421,-1.0907788848736426,-1.1929453160794932,-1.1153307016527763,0.04789069596252516
102,0.6160523414611816,0.0028970342906234296,0.000395965576171875,3.3764650282097774e-06,0.30149683269135397,friedman_mse,huber,56,4,2,852,"{'ccp_alpha': 0.30149683269135397, 'criterion': 'friedman_mse', 'loss': 'huber', 'max_depth': 56, 'max_features': 4, 'min_samples_split': 2, 'n_estimators': 852}",-1.258989761109406,-1.2339657233856058,-1.0465281749608721,-1.2936026313167548,-1.0040721894877527,-1.1674316960520783,0.11834927188032492,180,-1.1188574060517307,-1.0951009923509714,-1.1735256339643245,-1.112311702124022,-1.1929453160794932,-1.1385482101141082,0.03780531223016478
103,0.27643547058105467,0.00261495232311429,0.00035877227783203124,3.6731939644948493e-06,0.13119630678062497,friedman_mse,absolute_error,56,log2,5,614,"{'ccp_alpha': 0.13119630678062497, 'criterion': 'friedman_mse', 'loss': 'absolute_error', 'max_depth': 56, 'max_features': 'log2', 'min_samples_split': 5, 'n_estimators': 614}",-1.3063850180346275,-1.2759722982318553,-1.0443499381028714,-1.2646285190022282,-1.1360698739132118,-1.205481129456959,0.09942856382218569,286,-1.0319062466122069,-1.0050476543134759,-1.0502248886695575,-1.0904922877435295,-1.2194745759926189,-1.0794291306662778,0.07533795389444982
104,0.16701927185058593,0.0027739170125113096,0.00039372444152832033,1.0160772169070318e-05,0.04688781561417263,friedman_mse,squared_error,19,log2,6,825,"{'ccp_alpha': 0.04688781561417263, 'criterion': 'friedman_mse', 'loss': 'squared_error', 'max_depth': 19, 'max_features': 'log2', 'min_samples_split': 6, 'n_estimators': 825}",-1.1892011306310597,-1.3252555200651959,-1.1733111963330423,-1.2847275539660326,-1.063196316312647,-1.2071383434615954,0.09182274191314624,293,-0.7507610291256368,-0.6993241963143554,-0.7168612360606916,-0.7630224690202564,-0.7542195509230291,-0.7368376962887938,0.024445662332555778
105,0.4563817024230957,0.002683446906218794,0.00040545463562011717,4.733914812465995e-06,0.03513212837730758,friedman_mse,absolute_error,62,auto,7,229,"{'ccp_alpha': 0.03513212837730758, 'criterion': 'friedman_mse', 'loss': 'absolute_error', 'max_depth': 62, 'max_features': 'auto', 'min_samples_split': 7, 'n_estimators': 229}",-1.0900103299947954,-1.238108788327666,-1.2197855131538127,-1.1057861089994259,-0.9547783451218987,-1.1216938171195197,0.10226641646061811,49,-0.1919439590810964,-0.16162168763321605,-0.17411831129995545,-0.3696240932935156,-0.22043856254520913,-0.22354932277059855,0.07566355967725555
106,1.7710455894470214,0.05582060899436844,0.0006610870361328125,2.333161827490026e-05,0.0225042494820734,friedman_mse,absolute_error,56,1,4,646,"{'ccp_alpha': 0.0225042494820734, 'criterion': 'friedman_mse', 'loss': 'absolute_error', 'max_depth': 56, 'max_features': 1, 'min_samples_split': 4, 'n_estimators': 646}",-1.1022038949253976,-1.3573452165600708,-1.1553630564256552,-1.3285893948421001,-0.8847230861325112,-1.165644929777147,0.17108329123987367,162,-0.01071817150130318,-0.016646822473054126,-7.923416448546559e-05,-0.000986459464340392,-0.013615190382106778,-0.008409175597057988,0.006704886533545083
107,0.0003684520721435547,3.077724373455987e-06,0.0,0.0,0.12025573406499726,squared_error,squared_error,26,8,4,78,"{'ccp_alpha': 0.12025573406499726, 'criterion': 'squared_error', 'loss': 'squared_error', 'max_depth': 26, 'max_features': 8, 'min_samples_split': 4, 'n_estimators': 78}",,,,,,,,423,,,,,,,
108,0.06869869232177735,0.0009865367203056668,0.0003048419952392578,2.0653159930904117e-06,0.007350637580901313,friedman_mse,squared_error,12,4,3,308,"{'ccp_alpha': 0.007350637580901313, 'criterion': 'friedman_mse', 'loss': 'squared_error', 'max_depth': 12, 'max_features': 4, 'min_samples_split': 3, 'n_estimators': 308}",-1.0076791824651798,-1.4908707081119432,-1.2295019137212755,-1.359015743847358,-1.1735316878574984,-1.252119847200651,0.16423618029285014,348,-0.32879951290416864,-0.34268354275025165,-0.3128836580608899,-0.2969724630742411,-0.3297060826459813,-0.32220905188710647,0.01576510582042269
109,0.0004520416259765625,3.015782985847835e-06,0.0,0.0,0.014074515331290383,squared_error,absolute_error,46,8,6,667,"{'ccp_alpha': 0.014074515331290383, 'criterion': 'squared_error', 'loss': 'absolute_error', 'max_depth': 46, 'max_features': 8, 'min_samples_split': 6, 'n_estimators': 667}",,,,,,,,422,,,,,,,
110,0.2421189308166504,0.02957808665529041,0.0003397941589355469,1.1682413061865498e-05,0.07916091055720595,friedman_mse,absolute_error,47,5,2,428,"{'ccp_alpha': 0.07916091055720595, 'criterion': 'friedman_mse', 'loss': 'absolute_error', 'max_depth': 47, 'max_features': 5, 'min_samples_split': 2, 'n_estimators': 428}",-1.2587524916871344,-1.3479825779649774,-1.1277535797717846,-1.1519243323657269,-0.9589977069211508,-1.169082137742155,0.13128903073080286,189,-0.8251808865410347,-0.637639014764274,-0.5751367677620658,-0.8133452978822238,-0.6164136202491204,-0.6935431174397436,0.1046664763614002
111,1.3141331672668457,0.12132303328663055,0.0006577014923095703,2.769295171980516e-05,0.052211131130133884,squared_error,absolute_error,60,6,4,838,"{'ccp_alpha': 0.052211131130133884, 'criterion': 'squared_error', 'loss': 'absolute_error', 'max_depth': 60, 'max_features': 6, 'min_samples_split': 4, 'n_estimators': 838}",-1.1005052986580313,-1.2772637196719168,-1.0914976305229207,-1.1507666239393302,-1.005131212500862,-1.125032897058612,0.08937458161849046,52,-0.16479113340072366,-0.07182810122323151,-0.21245856067832913,-0.08502287110541165,-0.2754323583776362,-0.1619066049570664,0.07678172020369611
112,0.2098069190979004,0.0035017636031169958,0.0003094673156738281,1.8953902162887374e-06,0.051368560190673734,friedman_mse,huber,35,6,9,284,"{'ccp_alpha': 0.051368560190673734, 'criterion': 'friedman_mse', 'loss': 'huber', 'max_depth': 35, 'max_features': 6, 'min_samples_split': 9, 'n_estimators': 284}",-1.1473348340252394,-1.3253789029264507,-1.0851631868525384,-1.3171829076239703,-1.0872703739103096,-1.1924660410677017,0.1075518316084073,255,-0.8584054418485514,-0.7756720113555862,-0.8203930412850673,-0.8223070985937286,-0.8156655664979614,-0.8184886319161789,0.026278477400999953
113,0.0006853103637695313,4.910728257347294e-06,0.0,0.0,0.04668643441707057,friedman_mse,huber,13,10,5,351,"{'ccp_alpha': 0.04668643441707057, 'criterion': 'friedman_mse', 'loss': 'huber', 'max_depth': 13, 'max_features': 10, 'min_samples_split': 5, 'n_estimators': 351}",,,,,,,,420,,,,,,,
114,0.6441823482513428,0.005636747476695531,0.0004482746124267578,6.563337413560509e-05,0.2579113158255738,friedman_mse,huber,37,1,3,965,"{'ccp_alpha': 0.2579113158255738, 'criterion': 'friedman_mse', 'loss': 'huber', 'max_depth': 37, 'max_features': 1, 'min_samples_split': 3, 'n_estimators': 965}",-1.258989761109406,-1.238950881264643,-1.0410034484923028,-1.2936026313167548,-1.0040721894877527,-1.1673237823341718,0.12007276958178109,178,-1.1188574060517307,-1.0686933409483226,-1.1481036672584697,-1.112311702124022,-1.1929453160794932,-1.1281822864924078,0.04115549756301878
115,0.0006829738616943359,1.2314590800088245e-05,0.0,0.0,0.011051588034614979,friedman_mse,huber,30,9,8,178,"{'ccp_alpha': 0.011051588034614979, 'criterion': 'friedman_mse', 'loss': 'huber', 'max_depth': 30, 'max_features': 9, 'min_samples_split': 8, 'n_estimators': 178}",,,,,,,,418,,,,,,,
116,0.0006630420684814453,3.0383171695850356e-06,0.0,0.0,0.09738786076532245,squared_error,huber,43,10,9,168,"{'ccp_alpha': 0.09738786076532245, 'criterion': 'squared_error', 'loss': 'huber', 'max_depth': 43, 'max_features': 10, 'min_samples_split': 9, 'n_estimators': 168}",,,,,,,,416,,,,,,,
117,0.026453733444213867,0.0011429837608303523,0.00026192665100097654,4.314256491190919e-06,0.11277604454733939,friedman_mse,absolute_error,48,sqrt,4,56,"{'ccp_alpha': 0.11277604454733939, 'criterion': 'friedman_mse', 'loss': 'absolute_error', 'max_depth': 48, 'max_features': 'sqrt', 'min_samples_split': 4, 'n_estimators': 56}",-1.2249155341218008,-1.3193519742087991,-1.032551741122758,-1.2057637532419618,-1.1360321313988386,-1.1837230268188317,0.09560858410649078,235,-0.9811327759279368,-0.950167035059427,-1.0247590584602286,-0.9440231437408716,-1.2194629282665397,-1.0239089882910009,0.10187393604771953
118,0.3420412063598633,0.008020135544569432,0.0003373146057128906,6.219755392289274e-06,0.003070177092762817,friedman_mse,huber,21,log2,7,432,"{'ccp_alpha': 0.003070177092762817, 'criterion': 'friedman_mse', 'loss': 'huber', 'max_depth': 21, 'max_features': 'log2', 'min_samples_split': 7, 'n_estimators': 432}",-1.1972061981419027,-1.4215330078854151,-1.2272895156436225,-1.2353056356547722,-1.1893928230461839,-1.2541454360743791,0.08547485647737452,350,-0.26994031936953417,-0.2578242508705034,-0.24874932403927483,-0.37296655306625204,-0.2823853116732014,-0.28637315180375317,0.04475477662344822
119,0.32231736183166504,0.0049520270774255646,0.0003328800201416016,2.7861330333693586e-06,0.07561662477198725,squared_error,huber,22,7,5,439,"{'ccp_alpha': 0.07561662477198725, 'criterion': 'squared_error', 'loss': 'huber', 'max_depth': 22, 'max_features': 7, 'min_samples_split': 5, 'n_estimators': 439}",-1.192100880703437,-1.310666378031219,-1.037279818670128,-1.3236198029227433,-1.0678617212572579,-1.1863057203169571,0.11882088589789419,242,-0.9481676762580602,-0.871691367220021,-0.9758452064189002,-0.9286215627412495,-0.9646484466325169,-0.9377948518541496,0.03668885507906093
120,0.00045447349548339845,3.396607173635125e-06,0.0,0.0,0.041947932665581895,squared_error,absolute_error,53,10,9,638,"{'ccp_alpha': 0.041947932665581895, 'criterion': 'squared_error', 'loss': 'absolute_error', 'max_depth': 53, 'max_features': 10, 'min_samples_split': 9, 'n_estimators': 638}",,,,,,,,421,,,,,,,
121,0.0004542350769042969,4.512099167703099e-06,0.0,0.0,0.08607147010568145,friedman_mse,absolute_error,23,10,6,155,"{'ccp_alpha': 0.08607147010568145, 'criterion': 'friedman_mse', 'loss': 'absolute_error', 'max_depth': 23, 'max_features': 10, 'min_samples_split': 6, 'n_estimators': 155}",,,,,,,,432,,,,,,,
122,0.0003677845001220703,3.855015360147044e-06,0.0,0.0,0.02575848662539398,friedman_mse,squared_error,50,8,8,439,"{'ccp_alpha': 0.02575848662539398, 'criterion': 'friedman_mse', 'loss': 'squared_error', 'max_depth': 50, 'max_features': 8, 'min_samples_split': 8, 'n_estimators': 439}",,,,,,,,434,,,,,,,
123,0.1170842170715332,0.0010162686996350954,0.0002954959869384766,1.7623633015228586e-06,0.2462644229894301,squared_error,absolute_error,59,auto,2,258,"{'ccp_alpha': 0.2462644229894301, 'criterion': 'squared_error', 'loss': 'absolute_error', 'max_depth': 59, 'max_features': 'auto', 'min_samples_split': 2, 'n_estimators': 258}",-1.2539626903607644,-1.221681058703455,-1.0119938426264643,-1.2886088543732888,-1.1360698739131918,-1.1824632639954327,0.09912543570062081,232,-1.1196517532117582,-1.1285386583434647,-1.180534977383043,-1.112445338581821,-1.2194745759926127,-1.1521290607025398,0.04129986663129407
124,0.09897027015686036,0.007202387970630035,0.0003180503845214844,2.951001824715767e-06,0.002953181723278195,friedman_mse,squared_error,39,auto,7,396,"{'ccp_alpha': 0.002953181723278195, 'criterion': 'friedman_mse', 'loss': 'squared_error', 'max_depth': 39, 'max_features': 'auto', 'min_samples_split': 7, 'n_estimators': 396}",-1.012535183618665,-1.5739354818369933,-1.356007118117071,-1.5878208844628063,-1.2959810681332176,-1.3652559472337504,0.21089276243893798,374,-0.24344683506829837,-0.2202449414058836,-0.22421657221404873,-0.23564366550325122,-0.23583994815490825,-0.23187839246927805,0.008458613856955266
125,0.4870408535003662,0.026898527661315556,0.0004453182220458984,1.5480986688973812e-05,0.04830530300025952,squared_error,absolute_error,46,1,9,534,"{'ccp_alpha': 0.04830530300025952, 'criterion': 'squared_error', 'loss': 'absolute_error', 'max_depth': 46, 'max_features': 1, 'min_samples_split': 9, 'n_estimators': 534}",-1.1947691970635084,-1.3152264044765851,-1.1005710054590288,-1.3267058338970394,-0.9904625601190844,-1.1855470002030493,0.12814559811646256,241,-0.5174479069291514,-0.3023781626261257,-0.32938896389049027,-0.4510047320239481,-0.5459961407046487,-0.4292431812348728,0.09792904568161227
126,0.1214597225189209,0.00119039788858406,0.0002839088439941406,6.306881224665565e-06,0.07746137439063687,friedman_mse,huber,59,1,6,185,"{'ccp_alpha': 0.07746137439063687, 'criterion': 'friedman_mse', 'loss': 'huber', 'max_depth': 59, 'max_features': 1, 'min_samples_split': 6, 'n_estimators': 185}",-1.295543542593008,-1.2561468838302217,-1.1072385685803847,-1.3048245424264167,-0.9383084086542409,-1.1804123892168545,0.14031252648933787,211,-0.9491213817150251,-0.8696555967609222,-0.8889511637178339,-0.9035375737201456,-0.9630110737568999,-0.9148553579341654,0.03559570558306484
127,0.0003757476806640625,4.9737567178364935e-06,0.0,0.0,0.39414586537984836,squared_error,squared_error,33,8,6,693,"{'ccp_alpha': 0.39414586537984836, 'criterion': 'squared_error', 'loss': 'squared_error', 'max_depth': 33, 'max_features': 8, 'min_samples_split': 6, 'n_estimators': 693}",,,,,,,,449,,,,,,,
128,0.1506793975830078,0.0034559013675748026,0.0003811359405517578,1.1793022611765286e-05,0.012887864618636266,friedman_mse,squared_error,19,2,6,791,"{'ccp_alpha': 0.012887864618636266, 'criterion': 'friedman_mse', 'loss': 'squared_error', 'max_depth': 19, 'max_features': 2, 'min_samples_split': 6, 'n_estimators': 791}",-1.1785291230785255,-1.4083218818658605,-1.1777123793421085,-1.2872890162767237,-1.061344282147398,-1.2226393365421233,0.11716469239061882,320,-0.3971244056215591,-0.4262412026841205,-0.4000613418296417,-0.399446810669206,-0.4275552569923578,-0.410085803559377,0.013768475320944981
129,0.10771384239196777,0.0005131128894055514,0.00033841133117675783,3.1543417756159264e-06,0.012340946364526718,friedman_mse,squared_error,58,sqrt,7,571,"{'ccp_alpha': 0.012340946364526718, 'criterion': 'friedman_mse', 'loss': 'squared_error', 'max_depth': 58, 'max_features': 'sqrt', 'min_samples_split': 7, 'n_estimators': 571}",-1.1760877050874288,-1.413323855178081,-1.2508884475494542,-1.2115468036854637,-1.1047204763774727,-1.23131345757558,0.102934301668993,334,-0.40890678445519285,-0.40483349324506995,-0.3964678898233199,-0.39566247345537353,-0.4534390310665133,-0.41186193440909397,0.02138310551256057
130,0.6448936939239502,0.011920751195917408,0.000411224365234375,1.0159429424465763e-05,0.03567162583292023,squared_error,huber,24,sqrt,6,962,"{'ccp_alpha': 0.03567162583292023, 'criterion': 'squared_error', 'loss': 'huber', 'max_depth': 24, 'max_features': 'sqrt', 'min_samples_split': 6, 'n_estimators': 962}",-1.1874180755039283,-1.3685048148838603,-1.1493153698405134,-1.312834008177016,-1.076554675779138,-1.2189253888368912,0.10705187430177937,315,-0.7612574789794271,-0.6671937935965204,-0.6735602974593694,-0.7112067732052877,-0.7164240460894654,-0.705928477866014,0.03390395430189296
131,0.14633703231811523,0.00039840205422183737,0.0002941608428955078,6.563053334840871e-06,0.23846153801007866,friedman_mse,huber,17,4,4,208,"{'ccp_alpha': 0.23846153801007866, 'criterion': 'friedman_mse', 'loss': 'huber', 'max_depth': 17, 'max_features': 4, 'min_samples_split': 4, 'n_estimators': 208}",-1.258989761110411,-1.2389468743429541,-1.0410156257087817,-1.30164722470254,-1.004072189491834,-1.1689343350713042,0.12179258576667286,187,-1.1188574060516752,-1.0687089428623868,-1.148158213767146,-1.0892609816933665,-1.1929453160797778,-1.1235861720908704,0.0438783917182216
132,0.5808215618133545,0.007683065685020668,0.00038743019104003906,1.0474149053806685e-05,0.2419051357318218,squared_error,huber,21,5,8,848,"{'ccp_alpha': 0.2419051357318218, 'criterion': 'squared_error', 'loss': 'huber', 'max_depth': 21, 'max_features': 5, 'min_samples_split': 8, 'n_estimators': 848}",-1.258989761109406,-1.2389468743429437,-1.0410156257530723,-1.3016472247033906,-1.0040721894877527,-1.168934335079313,0.1217925857585097,188,-1.1188574060517307,-1.0687089428623873,-1.1481582137649722,-1.089260981693348,-1.1929453160794932,-1.1235861720903864,0.043878391717889716
133,0.39215731620788574,0.005145740604918503,0.0003921985626220703,8.70146159691556e-06,0.13466272777165608,friedman_mse,absolute_error,45,5,7,877,"{'ccp_alpha': 0.13466272777165608, 'criterion': 'friedman_mse', 'loss': 'absolute_error', 'max_depth': 45, 'max_features': 5, 'min_samples_split': 7, 'n_estimators': 877}",-1.3107489931070364,-1.2759722982318555,-0.998461613192991,-1.2646285190022282,-1.1360698739132118,-1.1971762594894646,0.11565369848574995,266,-1.0454476210828803,-1.0050476543134756,-1.0362323369080775,-1.0904922877435295,-1.2194745759926189,-1.0793388952081164,0.07521753718110835
134,1.8117708206176757,0.0829349821609902,0.0007507801055908203,4.586940489818838e-05,0.03630471524718563,friedman_mse,absolute_error,23,3,5,925,"{'ccp_alpha': 0.03630471524718563, 'criterion': 'friedman_mse', 'loss': 'absolute_error', 'max_depth': 23, 'max_features': 3, 'min_samples_split': 5, 'n_estimators': 925}",-1.0010753984733676,-1.3134072145724964,-1.1966735480576463,-1.0985907319886887,-0.864688545293979,-1.0948870876772356,0.15486590864547217,20,-0.10205642277661545,-0.05389332975788857,-0.04305139801976751,-0.09153151349739727,-0.123574988315301,-0.08282153047339395,0.030083860936663726
135,0.27585453987121583,0.010071432846546982,0.0003600597381591797,8.803297310557631e-06,0.047520943585179415,squared_error,absolute_error,46,sqrt,7,207,"{'ccp_alpha': 0.047520943585179415, 'criterion': 'squared_error', 'loss': 'absolute_error', 'max_depth': 46, 'max_features': 'sqrt', 'min_samples_split': 7, 'n_estimators': 207}",-1.0381369560205798,-1.3289639820546344,-0.9983129750117378,-1.1121758178669208,-1.0292620329146382,-1.1013703527737022,0.11977855695754085,26,-0.38465339458766606,-0.2789835215053245,-0.39157514281336303,-0.38811177489548543,-0.5695584015779991,-0.4025764470759676,0.09360520885901026
136,0.06192898750305176,0.0017756185222646834,0.0002963542938232422,2.912222191734785e-06,0.022359905746788027,friedman_mse,squared_error,50,4,8,305,"{'ccp_alpha': 0.022359905746788027, 'criterion': 'friedman_mse', 'loss': 'squared_error', 'max_depth': 50, 'max_features': 4, 'min_samples_split': 8, 'n_estimators': 305}",-1.0736032590661526,-1.34580503523489,-1.1876047363374018,-1.3192045671017132,-1.1298751272235266,-1.211218544992737,0.10572306732294906,299,-0.5175746320086189,-0.5321302677241692,-0.5120252545468358,-0.5284107132745379,-0.5356932753566778,-0.5251668285821679,0.008946069206258823
137,0.0006533622741699219,4.0533963274676155e-06,0.0,0.0,0.10025624011132522,friedman_mse,huber,20,9,5,264,"{'ccp_alpha': 0.10025624011132522, 'criterion': 'friedman_mse', 'loss': 'huber', 'max_depth': 20, 'max_features': 9, 'min_samples_split': 5, 'n_estimators': 264}",,,,,,,,446,,,,,,,
138,0.1263108253479004,0.003239115776282743,0.0003016471862792969,1.3442579916881813e-05,0.08966858267677355,friedman_mse,absolute_error,51,6,6,259,"{'ccp_alpha': 0.08966858267677355, 'criterion': 'friedman_mse', 'loss': 'absolute_error', 'max_depth': 51, 'max_features': 6, 'min_samples_split': 6, 'n_estimators': 259}",-1.221432322550408,-1.3808686812796678,-1.046956469537128,-1.2153053965794112,-0.7269950987933825,-1.1183115937479995,0.2223502011171865,46,-0.8893606981684966,-0.8527010890845552,-0.8229613971981269,-0.9170523329007948,-0.9613609753338447,-0.8886872985371637,0.04837642673504878
139,0.18656082153320314,0.0005893584862767992,0.0002964973449707031,3.6050907461997605e-06,0.10700824841894337,squared_error,huber,40,sqrt,8,288,"{'ccp_alpha': 0.10700824841894337, 'criterion': 'squared_error', 'loss': 'huber', 'max_depth': 40, 'max_features': 'sqrt', 'min_samples_split': 8, 'n_estimators': 288}",-1.223063740205637,-1.293795560174198,-1.0691539439177913,-1.2821705530916339,-0.9510156447030763,-1.1638398884184673,0.13315980943437736,145,-0.9954982686995906,-0.9533950841620212,-1.0082203885906935,-0.9782654897587706,-1.0819349419180126,-1.0034628346258176,0.04332580311512662
140,0.12021713256835938,0.0014293170106500681,0.00033016204833984374,3.3324060839950844e-06,0.7233477001061303,friedman_mse,squared_error,45,5,7,558,"{'ccp_alpha': 0.7233477001061303, 'criterion': 'friedman_mse', 'loss': 'squared_error', 'max_depth': 45, 'max_features': 5, 'min_samples_split': 7, 'n_estimators': 558}",-1.2606890264114046,-1.2371289533846603,-1.0554558763797457,-1.2942939354132765,-0.9783612464736502,-1.1651858076125474,0.12482761244359057,155,-1.1188116852236054,-1.1266665417509898,-1.173288207029995,-1.112309760379158,-1.192021111783219,-1.1446194612333935,0.03194081667772809
141,0.09470839500427246,0.001464300132378996,0.00031652450561523435,2.3727141007661304e-06,0.16769347423751546,friedman_mse,squared_error,33,3,9,497,"{'ccp_alpha': 0.16769347423751546, 'criterion': 'friedman_mse', 'loss': 'squared_error', 'max_depth': 33, 'max_features': 3, 'min_samples_split': 9, 'n_estimators': 497}",-1.2179833048973048,-1.2645689919926968,-1.039655717365413,-1.2760363505813492,-0.925546404777423,-1.1447581539228373,0.13860074870349437,71,-1.0794053000203228,-1.0303371723662909,-1.095934981638031,-1.039140208848169,-1.1616015098866463,-1.081283834551892,0.04699098115471575
142,0.10339727401733398,0.0014268308703369499,0.0002749919891357422,3.988365872636125e-06,0.11981513745045125,squared_error,huber,34,5,9,151,"{'ccp_alpha': 0.11981513745045125, 'criterion': 'squared_error', 'loss': 'huber', 'max_depth': 34, 'max_features': 5, 'min_samples_split': 9, 'n_estimators': 151}",-1.2041571222451604,-1.2851192461478556,-1.0310430012351617,-1.263462102701986,-0.9242051895364883,-1.1415973323733304,0.14060219997579518,67,-1.0269869996863537,-1.0004403908724324,-1.0606062002992576,-0.9997264480511049,-1.0967693052562208,-1.036905868833074,0.037298153063457795
143,0.1896958827972412,0.004804391530823702,0.00039801597595214846,9.80315039478822e-06,0.02769422239127562,friedman_mse,squared_error,53,3,8,965,"{'ccp_alpha': 0.02769422239127562, 'criterion': 'friedman_mse', 'loss': 'squared_error', 'max_depth': 53, 'max_features': 3, 'min_samples_split': 8, 'n_estimators': 965}",-1.0493538515544554,-1.3631658860578173,-1.166726484692401,-1.2579116208143752,-1.152441574370743,-1.1979198834979585,0.10584745673449686,267,-0.5907559283046014,-0.5832049227910228,-0.5401843679349919,-0.5727862353711434,-0.6200595102069308,-0.581398192921738,0.025916304217360894
144,0.8446942806243897,0.05575181743737884,0.0005452156066894532,2.4766813666481705e-05,0.05678876884992291,squared_error,absolute_error,17,5,4,610,"{'ccp_alpha': 0.05678876884992291, 'criterion': 'squared_error', 'loss': 'absolute_error', 'max_depth': 17, 'max_features': 5, 'min_samples_split': 4, 'n_estimators': 610}",-1.0899312413206468,-1.2310540223987951,-1.1474900343271541,-1.1455545806695788,-0.860968317312657,-1.0949996392057664,0.12539392900503796,21,-0.28807520931772407,-0.10200695454990161,-0.22901415898315514,-0.25881503732269745,-0.3574170263315388,-0.24706567730100343,0.08410129579235923
145,0.08475909233093262,0.0010055961567572204,0.0003284931182861328,6.463562417578982e-06,0.005393696205680663,friedman_mse,squared_error,46,log2,9,455,"{'ccp_alpha': 0.005393696205680663, 'criterion': 'friedman_mse', 'loss': 'squared_error', 'max_depth': 46, 'max_features': 'log2', 'min_samples_split': 9, 'n_estimators': 455}",-1.1475617058216088,-1.5181787032510596,-1.1745079874474245,-1.330447716421332,-1.153975587563148,-1.2649343401009145,0.14331072202793307,356,-0.28445581233592415,-0.2808712629648129,-0.28905952773592913,-0.274198542566303,-0.30440918343962303,-0.28659886580851845,0.010143257861997735
146,0.45628938674926756,0.005071722058579093,0.0003585338592529297,5.795876707624404e-06,0.02376658636443037,friedman_mse,huber,15,4,8,662,"{'ccp_alpha': 0.02376658636443037, 'criterion': 'friedman_mse', 'loss': 'huber', 'max_depth': 15, 'max_features': 4, 'min_samples_split': 8, 'n_estimators': 662}",-1.0634689019883816,-1.3738618963695137,-1.1803643914228341,-1.3405076699046838,-1.1271797545518918,-1.2170765228474612,0.12069914013283141,312,-0.6335777352212998,-0.5960642466279631,-0.5960854029837634,-0.5818594766597108,-0.5929533237814119,-0.6001080370548297,0.017532566268289734
147,0.1392580509185791,0.0010412874011474745,0.0003752708435058594,3.6408632600443027e-06,0.0008971387830246111,squared_error,squared_error,15,3,8,725,"{'ccp_alpha': 0.0008971387830246111, 'criterion': 'squared_error', 'loss': 'squared_error', 'max_depth': 15, 'max_features': 3, 'min_samples_split': 8, 'n_estimators': 725}",-1.0276124836617255,-1.4740917275193537,-1.1976625864764747,-1.257231468862967,-1.296698875545016,-1.2506594284131074,0.14466749428255948,345,-0.12251949146152932,-0.1171281366637162,-0.12249890603320758,-0.11715743809747173,-0.12667891205666987,-0.12119657686251895,0.0036433229640170095
148,0.04218997955322266,0.003840854901676038,0.00027909278869628904,1.9752803017814616e-06,0.010154876578974157,squared_error,squared_error,60,7,9,182,"{'ccp_alpha': 0.010154876578974157, 'criterion': 'squared_error', 'loss': 'squared_error', 'max_depth': 60, 'max_features': 7, 'min_samples_split': 9, 'n_estimators': 182}",-1.0444793017570584,-1.5151465725386755,-1.300311292264938,-1.494176735121839,-1.3115168342351988,-1.3331261471835423,0.169664083179572,370,-0.42096111335816383,-0.40669347435154524,-0.4336683915416543,-0.39801610318408953,-0.43350859404020464,-0.4185695352951315,0.014285341975972931
149,0.21257319450378417,0.0038327850034111585,0.00031337738037109377,7.725056301207821e-06,0.06409154173208796,friedman_mse,huber,29,1,7,317,"{'ccp_alpha': 0.06409154173208796, 'criterion': 'friedman_mse', 'loss': 'huber', 'max_depth': 29, 'max_features': 1, 'min_samples_split': 7, 'n_estimators': 317}",-1.2593877512580152,-1.2728437512806405,-1.1216899007490229,-1.3341105433473184,-0.9151992558337163,-1.1806462404937426,0.14979309091161,212,-0.8681590969551065,-0.8311965153403035,-0.810469971517876,-0.8546085777095336,-0.9128699279492233,-0.8554608178944084,0.03484454378474715
150,0.6709281444549561,0.01349254312079614,0.0004187107086181641,1.2666647557256905e-05,0.010531442293439006,squared_error,huber,16,log2,7,966,"{'ccp_alpha': 0.010531442293439006, 'criterion': 'squared_error', 'loss': 'huber', 'max_depth': 16, 'max_features': 'log2', 'min_samples_split': 7, 'n_estimators': 966}",-1.2089300664982203,-1.4174494755053872,-1.1782834623665501,-1.2288540192830855,-1.102693490338752,-1.227242102798399,0.10433223750966544,329,-0.4281368041415641,-0.42480487243212844,-0.39133581973589754,-0.5056314044200892,-0.4231518204792603,-0.43461214424178796,0.03791049250409825
151,0.7657755851745606,0.03773785991305267,0.0004978656768798828,1.0782636746229666e-05,0.05105125727871133,squared_error,absolute_error,47,7,6,519,"{'ccp_alpha': 0.05105125727871133, 'criterion': 'squared_error', 'loss': 'absolute_error', 'max_depth': 47, 'max_features': 7, 'min_samples_split': 6, 'n_estimators': 519}",-1.124288899419414,-1.2469528275182236,-1.104338224744412,-1.1613566678743796,-0.9648767150831901,-1.1203626669279239,0.09181901343600758,47,-0.2823345074798909,-0.08015474615871794,-0.25240005943069255,-0.2854947465283418,-0.3351061170185638,-0.2470980353232414,0.08758939673477657
152,0.1968045711517334,0.004261775735218249,0.00030117034912109376,5.64886020465219e-06,0.10193951811019658,friedman_mse,huber,21,log2,3,288,"{'ccp_alpha': 0.10193951811019658, 'criterion': 'friedman_mse', 'loss': 'huber', 'max_depth': 21, 'max_features': 'log2', 'min_samples_split': 3, 'n_estimators': 288}",-1.226960688760135,-1.293795560174198,-1.0845957759715803,-1.2632654454699639,-0.9660445942338711,-1.1669324129219496,0.12337985465407139,169,-0.9750754128206817,-0.9533950841620212,-0.9784814923703612,-0.9544432801041981,-1.0385919690936598,-0.9799974477101845,0.031050100523469668
153,0.16271548271179198,0.005000500728212576,0.0003243923187255859,9.269056964059485e-06,0.09817849101470714,squared_error,absolute_error,35,sqrt,9,351,"{'ccp_alpha': 0.09817849101470714, 'criterion': 'squared_error', 'loss': 'absolute_error', 'max_depth': 35, 'max_features': 'sqrt', 'min_samples_split': 9, 'n_estimators': 351}",-1.1708166159055338,-1.3689077148042244,-1.0206068447052312,-1.1910924034897037,-0.835880591204772,-1.1174608340218928,0.17897603735102222,43,-0.9167245706262579,-0.8711878690531966,-0.8596470373282357,-0.9051941134223599,-1.0418727532226517,-0.9189252687305404,0.06496497469763407
154,1.9035608291625976,0.1746179811565417,0.0008736610412597656,0.0002481448201347324,0.03801190304992,friedman_mse,absolute_error,48,1,2,969,"{'ccp_alpha': 0.03801190304992, 'criterion': 'friedman_mse', 'loss': 'absolute_error', 'max_depth': 48, 'max_features': 1, 'min_samples_split': 2, 'n_estimators': 969}",-1.060811881959112,-1.3396631746313372,-1.1045359320720576,-1.166326799026224,-0.8784705489960137,-1.109961667336949,0.14964831332176934,36,-0.15249184262962687,-0.1137906984919368,-0.14583585849518935,-0.11540174259210147,-0.1560555798483672,-0.13671514441144433,0.018362654452905244
155,0.2800412654876709,0.004705016997964434,0.00032434463500976565,1.1451639229762634e-05,0.12515089365696494,friedman_mse,huber,39,log2,7,427,"{'ccp_alpha': 0.12515089365696494, 'criterion': 'friedman_mse', 'loss': 'huber', 'max_depth': 39, 'max_features': 'log2', 'min_samples_split': 7, 'n_estimators': 427}",-1.235992108683979,-1.2808868777037001,-1.0648141697041402,-1.301864470838589,-0.9336706829379143,-1.1634456619736646,0.14194358385514888,143,-1.006028533749777,-0.9908838683196505,-1.0212359901765942,-1.009876942395546,-1.0965632490584172,-1.024917716739997,0.037115943681645204
156,0.1515352725982666,0.00669484303020171,0.0003600597381591797,8.23618008130795e-06,0.12147557197877917,friedman_mse,squared_error,49,4,9,741,"{'ccp_alpha': 0.12147557197877917, 'criterion': 'friedman_mse', 'loss': 'squared_error', 'max_depth': 49, 'max_features': 4, 'min_samples_split': 9, 'n_estimators': 741}",-1.2022039806658338,-1.2819563479442142,-1.0840487657857123,-1.2692280875970152,-0.9421042732166555,-1.155908291041886,0.12786612469779438,109,-1.013704001170331,-0.9684772453136937,-0.9774229345570355,-0.9579614199670723,-1.0668647090788195,-0.9968860620173905,0.039701022852535475
157,0.0004567146301269531,4.585081245897529e-06,0.0,0.0,0.22192955109210277,squared_error,absolute_error,59,9,5,767,"{'ccp_alpha': 0.22192955109210277, 'criterion': 'squared_error', 'loss': 'absolute_error', 'max_depth': 59, 'max_features': 9, 'min_samples_split': 5, 'n_estimators': 767}",,,,,,,,440,,,,,,,
158,0.10434560775756836,0.0012215925902586745,0.0003365993499755859,1.274984452930248e-05,0.04542875791689738,friedman_mse,squared_error,14,3,5,520,"{'ccp_alpha': 0.04542875791689738, 'criterion': 'friedman_mse', 'loss': 'squared_error', 'max_depth': 14, 'max_features': 3, 'min_samples_split': 5, 'n_estimators': 520}",-1.0898403547382054,-1.3059104244201882,-1.1177455976011317,-1.223724033050965,-0.996628685657911,-1.1467698190936804,0.10758569849556979,74,-0.7413190745808917,-0.7129597219379301,-0.6677610978861077,-0.7313924536218057,-0.73455223081319,-0.717596915767985,0.02662950507341908
159,0.044844198226928714,0.00024970908030743657,0.00026564598083496095,8.141776301196188e-06,0.04671532247030176,friedman_mse,huber,28,7,6,53,"{'ccp_alpha': 0.04671532247030176, 'criterion': 'friedman_mse', 'loss': 'huber', 'max_depth': 28, 'max_features': 7, 'min_samples_split': 6, 'n_estimators': 53}",-1.1791221937656782,-1.3272882913477433,-1.0950969490803957,-1.4236775874698102,-1.1706484657320166,-1.2391666974791287,0.11905113753569783,341,-0.8524494174178984,-0.7478017466080062,-0.8412281826216594,-0.7668636345983505,-0.8105179354671379,-0.8037721833426105,0.040774651266706874
160,0.6671334743499756,0.013535761750523779,0.0004062652587890625,1.4867840706232705e-05,0.0008727895884196041,squared_error,huber,21,7,5,834,"{'ccp_alpha': 0.0008727895884196041, 'criterion': 'squared_error', 'loss': 'huber', 'max_depth': 21, 'max_features': 7, 'min_samples_split': 5, 'n_estimators': 834}",-1.182471699510469,-1.4907693731505656,-1.2384350578060754,-1.6909827555750552,-1.4709850986341078,-1.4147287969352544,0.18454594665637228,378,-0.14481457471374692,-0.16539084845194507,-0.1554900911965674,-0.13724981224718796,-0.13553927708550476,-0.1476969207389904,0.011305457773535607
161,1.1168283462524413,0.024443571813139248,0.0005649566650390625,1.1107952048691257e-05,0.02518747845144964,squared_error,absolute_error,28,3,6,498,"{'ccp_alpha': 0.02518747845144964, 'criterion': 'squared_error', 'loss': 'absolute_error', 'max_depth': 28, 'max_features': 3, 'min_samples_split': 6, 'n_estimators': 498}",-1.0806913628613266,-1.288680436435808,-1.1378359700295988,-1.16716562011812,-1.0589388168931875,-1.146662441267608,0.08088883155115854,73,-0.10883075649775918,-0.06879633824993504,-0.0228097191704122,-0.07198098704332401,-0.04590663380220074,-0.06366488695272624,0.028705209890786655
162,0.00037393569946289065,6.3342212440609235e-06,0.0,0.0,0.22757199465990113,squared_error,squared_error,28,9,6,423,"{'ccp_alpha': 0.22757199465990113, 'criterion': 'squared_error', 'loss': 'squared_error', 'max_depth': 28, 'max_features': 9, 'min_samples_split': 6, 'n_estimators': 423}",,,,,,,,438,,,,,,,
163,0.5890589237213135,0.0054899623049323555,0.0003909587860107422,5.69695694496342e-06,0.03590956802167275,squared_error,huber,34,3,6,876,"{'ccp_alpha': 0.03590956802167275, 'criterion': 'squared_error', 'loss': 'huber', 'max_depth': 34, 'max_features': 3, 'min_samples_split': 6, 'n_estimators': 876}",-1.0694067126875406,-1.3032141649957716,-1.0367306264873488,-1.1998161653412265,-0.9089724876378182,-1.1036280314299411,0.1361057853220223,28,-0.7319040660088012,-0.6943669016512487,-0.6776945968917465,-0.6882905729369075,-0.7321031825597055,-0.7048718640096819,0.022786759096834405
164,0.00047626495361328123,3.257185241305936e-06,0.0,0.0,0.043110182996161664,squared_error,absolute_error,22,9,3,409,"{'ccp_alpha': 0.043110182996161664, 'criterion': 'squared_error', 'loss': 'absolute_error', 'max_depth': 22, 'max_features': 9, 'min_samples_split': 3, 'n_estimators': 409}",,,,,,,,437,,,,,,,
165,0.4421581268310547,0.0041932194327577435,0.00035262107849121094,9.710399744928545e-06,0.021408220060302754,squared_error,huber,11,auto,3,578,"{'ccp_alpha': 0.021408220060302754, 'criterion': 'squared_error', 'loss': 'huber', 'max_depth': 11, 'max_features': 'auto', 'min_samples_split': 3, 'n_estimators': 578}",-1.1281330338327984,-1.3485559408359122,-1.2234781740781102,-1.475954984371256,-1.2464702247508634,-1.284518471573788,0.11864124750157731,362,-0.5972394573608233,-0.5675781852924117,-0.5363618833008732,-0.5639493735392507,-0.5569524774526237,-0.5644162753891965,0.019648583365726013
166,0.11704378128051758,0.0017333948761712851,0.00028285980224609377,4.784081329797366e-06,0.047222875130565035,friedman_mse,huber,50,6,7,156,"{'ccp_alpha': 0.047222875130565035, 'criterion': 'friedman_mse', 'loss': 'huber', 'max_depth': 50, 'max_features': 6, 'min_samples_split': 7, 'n_estimators': 156}",-1.1676538224294177,-1.3287081087991643,-1.0697491009707185,-1.336614031227549,-1.158253566437086,-1.2121957259727871,0.10415356811503788,300,-0.8100890993267704,-0.7936354980133553,-0.7997477370211288,-0.7590565585487303,-0.7671738395576656,-0.7859405464935302,0.019534285193630374
167,0.19365358352661133,0.005276696996077143,0.00037479400634765625,9.630458047948413e-06,0.11448864476033732,friedman_mse,squared_error,41,4,2,791,"{'ccp_alpha': 0.11448864476033732, 'criterion': 'friedman_mse', 'loss': 'squared_error', 'max_depth': 41, 'max_features': 4, 'min_samples_split': 2, 'n_estimators': 791}",-1.2028576319592208,-1.2845405567805035,-1.0892119254875896,-1.2596422306831796,-0.9770758635997522,-1.162665641702049,0.11464062454331128,141,-0.9931672474435852,-0.9743549158672593,-0.9686810118571765,-0.9494691463314389,-1.0455141036143718,-0.9862372850227665,0.03275080166509917
168,0.0004549503326416016,6.263469802032677e-06,0.0,0.0,0.02653699488183039,squared_error,absolute_error,22,8,6,667,"{'ccp_alpha': 0.02653699488183039, 'criterion': 'squared_error', 'loss': 'absolute_error', 'max_depth': 22, 'max_features': 8, 'min_samples_split': 6, 'n_estimators': 667}",,,,,,,,435,,,,,,,
169,0.17222213745117188,0.0015301484857983044,0.0002984046936035156,7.134414550944031e-06,0.00848714125513176,squared_error,huber,13,auto,2,179,"{'ccp_alpha': 0.00848714125513176, 'criterion': 'squared_error', 'loss': 'huber', 'max_depth': 13, 'max_features': 'auto', 'min_samples_split': 2, 'n_estimators': 179}",-1.099606761804239,-1.4051861516065987,-1.278457107791596,-1.5509689659477406,-1.3439538624651255,-1.33563456992306,0.14849506633930054,371,-0.37456991370015474,-0.3591136654026259,-0.3577841882373697,-0.37669804488515235,-0.37938596299010324,-0.36951035504308116,0.009169337978597873
170,0.6016533851623536,0.006383995169923608,0.0003905773162841797,7.687880930055676e-06,0.07085360790746335,squared_error,huber,28,7,8,833,"{'ccp_alpha': 0.07085360790746335, 'criterion': 'squared_error', 'loss': 'huber', 'max_depth': 28, 'max_features': 7, 'min_samples_split': 8, 'n_estimators': 833}",-1.196398995268364,-1.3052565018962214,-1.0362144707010532,-1.2863153009080153,-1.022411220390821,-1.169319297832895,0.12016586571970296,191,-0.9344557175792593,-0.8632216140909517,-0.9683244391670509,-0.8692412562737851,-0.8953171875518929,-0.9061120429325878,0.03997328816962327
171,0.0003771781921386719,4.808731931869014e-06,0.0,0.0,0.27585612992236486,squared_error,squared_error,34,10,7,964,"{'ccp_alpha': 0.27585612992236486, 'criterion': 'squared_error', 'loss': 'squared_error', 'max_depth': 34, 'max_features': 10, 'min_samples_split': 7, 'n_estimators': 964}",,,,,,,,410,,,,,,,
172,0.019196033477783203,0.0001733668038354587,0.0002655506134033203,3.24249267578125e-06,0.03830680685897829,friedman_mse,squared_error,53,3,5,94,"{'ccp_alpha': 0.03830680685897829, 'criterion': 'friedman_mse', 'loss': 'squared_error', 'max_depth': 53, 'max_features': 3, 'min_samples_split': 5, 'n_estimators': 94}",-1.0862219749191324,-1.3394240868142824,-1.10782836056493,-1.2194519527669607,-1.0069818974757707,-1.1519816545082153,0.11574600203990423,91,-0.6794421396802317,-0.6796812138372524,-0.631778264077541,-0.6749194484234908,-0.715800679398244,-0.6763243490833519,0.02670467093795184
173,0.2545640468597412,0.004338813621403768,0.0003475189208984375,8.887098508622547e-06,0.21259305890459654,squared_error,absolute_error,39,log2,6,590,"{'ccp_alpha': 0.21259305890459654, 'criterion': 'squared_error', 'loss': 'absolute_error', 'max_depth': 39, 'max_features': 'log2', 'min_samples_split': 6, 'n_estimators': 590}",-1.2539626903607535,-1.221681058703438,-1.011993842626455,-1.2886088543732925,-1.1360698739132118,-1.18246326399543,0.09912543570062,217,-1.1196517532117614,-1.1285386583434693,-1.1805349773830467,-1.1124453385818207,-1.2194745759926189,-1.1521290607025434,0.04129986663129564
174,0.3749107360839844,0.011007404339993001,0.0003772258758544922,5.893136277670767e-06,0.11260528022887971,squared_error,absolute_error,26,7,4,802,"{'ccp_alpha': 0.11260528022887971, 'criterion': 'squared_error', 'loss': 'absolute_error', 'max_depth': 26, 'max_features': 7, 'min_samples_split': 4, 'n_estimators': 802}",-1.2557239729582397,-1.312369732636428,-1.0785566731597458,-1.1865287258301493,-1.1360698739132118,-1.1938497956995548,0.08313845174599732,261,-0.9506504083271471,-0.9263788297578539,-0.8995602954552514,-0.9231209978676324,-1.2194745759926189,-0.9838370214801007,0.11892590488028382
175,0.06734614372253418,0.003944441449345308,0.0002923011779785156,2.880822652243274e-06,0.12780863000823192,squared_error,squared_error,48,auto,8,286,"{'ccp_alpha': 0.12780863000823192, 'criterion': 'squared_error', 'loss': 'squared_error', 'max_depth': 48, 'max_features': 'auto', 'min_samples_split': 8, 'n_estimators': 286}",-1.2053741426886766,-1.2845405567805035,-1.037052435186484,-1.3081652832898734,-0.949648027932291,-1.1569560891755657,0.14059860821580777,118,-1.023923923525178,-0.9743549158672593,-1.0574981641485033,-1.0045197108302892,-1.1013682336796362,-1.0323329896101732,0.04382898318949018
176,0.47916507720947266,0.002513572843649986,0.00036258697509765624,6.0773826470774915e-06,0.0766725384641501,friedman_mse,huber,50,4,8,711,"{'ccp_alpha': 0.0766725384641501, 'criterion': 'friedman_mse', 'loss': 'huber', 'max_depth': 50, 'max_features': 4, 'min_samples_split': 8, 'n_estimators': 711}",-1.2017047851226128,-1.287059346626131,-1.0738695355899095,-1.269968087258941,-0.9912799720475666,-1.1647763453290323,0.11467099392682495,151,-0.9475815426974744,-0.8679777870721569,-0.8881268249945132,-0.8933494198912675,-0.9186726499997004,-0.9031416449310224,0.02747342723582008
177,0.5709995269775391,0.00625237837124207,0.00039215087890625,5.596288953900681e-06,0.008226257158311627,friedman_mse,huber,54,1,3,811,"{'ccp_alpha': 0.008226257158311627, 'criterion': 'friedman_mse', 'loss': 'huber', 'max_depth': 54, 'max_features': 1, 'min_samples_split': 3, 'n_estimators': 811}",-1.125879445182261,-1.3609288091392258,-1.1514580792804159,-1.1876736652079016,-0.8910085758739338,-1.1433897149367476,0.15056711006242574,68,-0.38582670195190816,-0.3681926689142686,-0.3536231057569925,-0.37556517577995324,-0.3999364558347878,-0.37662882164758205,0.015680623664939813
178,0.16574482917785643,0.002521913582767981,0.00038208961486816404,5.756907757868412e-06,0.00783497996249561,squared_error,squared_error,20,2,3,821,"{'ccp_alpha': 0.00783497996249561, 'criterion': 'squared_error', 'loss': 'squared_error', 'max_depth': 20, 'max_features': 2, 'min_samples_split': 3, 'n_estimators': 821}",-1.1408207486883566,-1.4510981436966857,-1.2473619798707947,-1.362794478589355,-1.1098934809573238,-1.262393766360503,0.12957772595699657,354,-0.32594502646254253,-0.32047823550422955,-0.31471860835865995,-0.3212573107088903,-0.3278433642006841,-0.3220485090470013,0.004595266959211095
179,0.00045490264892578125,6.905089408577253e-06,0.0,0.0,0.03341954195419736,squared_error,absolute_error,48,9,8,253,"{'ccp_alpha': 0.03341954195419736, 'criterion': 'squared_error', 'loss': 'absolute_error', 'max_depth': 48, 'max_features': 9, 'min_samples_split': 8, 'n_estimators': 253}",,,,,,,,436,,,,,,,
180,0.11403570175170899,0.0033575695848281307,0.0003437042236328125,8.685245567342737e-06,0.00026806607961855385,friedman_mse,squared_error,19,5,2,451,"{'ccp_alpha': 0.00026806607961855385, 'criterion': 'friedman_mse', 'loss': 'squared_error', 'max_depth': 19, 'max_features': 5, 'min_samples_split': 2, 'n_estimators': 451}",-1.0127481464477406,-1.439456723618509,-1.3599719859618349,-1.511640391383711,-1.1618914483989267,-1.2971417391621443,0.18405609104136436,365,-0.062002248189697094,-0.06390852266761184,-0.06203756436791477,-0.058838870936407016,-0.06454692157712669,-0.06226682554775148,0.0019883381010755343
181,0.23437876701354982,0.004730547464219998,0.0003099918365478516,1.0096569399960497e-05,0.1020832433060752,squared_error,huber,36,auto,3,316,"{'ccp_alpha': 0.1020832433060752, 'criterion': 'squared_error', 'loss': 'huber', 'max_depth': 36, 'max_features': 'auto', 'min_samples_split': 3, 'n_estimators': 316}",-1.2024675221306014,-1.301799582629968,-1.0375925478100976,-1.2949406497658484,-0.9978138970061476,-1.1669228398685327,0.12741105040451134,168,-1.0084536016141854,-0.9619401949163844,-1.029378676872789,-0.9629406062146577,-1.0692332118911427,-1.006389258301832,0.04085496784067568
182,0.2314073085784912,0.008618213368370105,0.0003449440002441406,8.281605850358765e-06,0.07705373275774781,squared_error,absolute_error,39,1,9,514,"{'ccp_alpha': 0.07705373275774781, 'criterion': 'squared_error', 'loss': 'absolute_error', 'max_depth': 39, 'max_features': 1, 'min_samples_split': 9, 'n_estimators': 514}",-1.1924506631117973,-1.2725197800719257,-1.014771612103759,-1.158920138529623,-0.7342779468555327,-1.0745880281345275,0.1895095981945851,9,-0.8302869977718457,-0.7359322431761598,-0.8087976757859453,-0.8283673163894182,-1.0307412512256093,-0.8468250968697957,0.0981658392412284
183,0.10044479370117188,0.000994898613922288,0.0002755641937255859,4.1961669921874995e-06,0.046687218096725845,squared_error,huber,46,4,2,131,"{'ccp_alpha': 0.046687218096725845, 'criterion': 'squared_error', 'loss': 'huber', 'max_depth': 46, 'max_features': 4, 'min_samples_split': 2, 'n_estimators': 131}",-1.1180143718193236,-1.3453376954584977,-1.107840426362315,-1.3105508257849399,-1.0698884881078885,-1.1903263615065929,0.11403567000068408,252,-0.8124209470641421,-0.7537685281771495,-0.7274575028292887,-0.7706482844704581,-0.754737286476702,-0.763806509803548,0.0279801200342525
184,1.2701079845428467,0.019495749952895425,0.0006274700164794922,8.781315863230163e-06,0.02654950367567185,squared_error,absolute_error,37,1,8,648,"{'ccp_alpha': 0.02654950367567185, 'criterion': 'squared_error', 'loss': 'absolute_error', 'max_depth': 37, 'max_features': 1, 'min_samples_split': 8, 'n_estimators': 648}",-0.9755412060122098,-1.5022164635603787,-1.2721472664236404,-1.2857836097558413,-1.1368387552964778,-1.2345054602097094,0.17453756369997844,337,-0.08166162706208727,-0.09279909171555678,-0.1348150772902514,-0.14348445916968297,-0.13331550847071424,-0.11721515274165854,0.02497699935222806
185,0.4114041805267334,0.0070370752002421886,0.0004042148590087891,1.4062735436376008e-05,0.1295456651901678,friedman_mse,absolute_error,38,log2,4,945,"{'ccp_alpha': 0.1295456651901678, 'criterion': 'friedman_mse', 'loss': 'absolute_error', 'max_depth': 38, 'max_features': 'log2', 'min_samples_split': 4, 'n_estimators': 945}",-1.3063850180346102,-1.2759722982318553,-1.0592684290936496,-1.2183080143718272,-1.1360698739132118,-1.199200726729031,0.09089993116997028,271,-1.031906246612216,-1.0050476543134759,-1.0484602806610543,-1.0179551450043416,-1.2194745759926189,-1.0645687805167412,0.07878797603805704
186,0.0003757476806640625,5.021527716408069e-06,0.0,0.0,0.006566317982102852,friedman_mse,squared_error,18,9,9,57,"{'ccp_alpha': 0.006566317982102852, 'criterion': 'friedman_mse', 'loss': 'squared_error', 'max_depth': 18, 'max_features': 9, 'min_samples_split': 9, 'n_estimators': 57}",,,,,,,,439,,,,,,,
187,0.07229833602905274,0.0002957799560270699,0.0002804279327392578,4.392081809871466e-06,0.16240104355631296,friedman_mse,absolute_error,50,auto,6,159,"{'ccp_alpha': 0.16240104355631296, 'criterion': 'friedman_mse', 'loss': 'absolute_error', 'max_depth': 50, 'max_features': 'auto', 'min_samples_split': 6, 'n_estimators': 159}",-1.3701651669578376,-1.2759722969280667,-1.0321637607222143,-1.288608854201402,-1.1360698731823813,-1.2205959903983805,0.12059402407795876,318,-1.0696509973923616,-1.0050476542406694,-1.12902898255449,-1.1124453385901723,-1.2194745757670582,-1.1071295097089502,0.0706464477755524
188,0.23886008262634278,0.0025030424114858923,0.0003445148468017578,8.48582600651649e-06,0.10146267476800269,squared_error,absolute_error,49,log2,6,544,"{'ccp_alpha': 0.10146267476800269, 'criterion': 'squared_error', 'loss': 'absolute_error', 'max_depth': 49, 'max_features': 'log2', 'min_samples_split': 6, 'n_estimators': 544}",-1.2325739124793056,-1.3797207871650397,-0.974578708275617,-1.2080111565864888,-0.7951023715442141,-1.117997387210133,0.20715187931238707,45,-0.9142666289645829,-0.8603652343521858,-0.8523308614081596,-0.9076863892153333,-1.0151632654792029,-0.9099624758838928,0.058089933362632684
189,0.30675153732299804,0.016803108059829194,0.00037250518798828127,2.0815239152544112e-05,0.07280228817271449,squared_error,absolute_error,58,2,3,598,"{'ccp_alpha': 0.07280228817271449, 'criterion': 'squared_error', 'loss': 'absolute_error', 'max_depth': 58, 'max_features': 2, 'min_samples_split': 3, 'n_estimators': 598}",-1.095546781686614,-1.2883506312767425,-1.009114983669498,-1.1692623093201246,-0.6826645773308049,-1.048987856656757,0.2047978546340582,2,-0.7471407847078646,-0.6120270666801451,-0.6595587561315621,-0.7247105469771242,-0.6433336145630942,-0.677354153811958,0.050704049952503216
190,0.45409703254699707,0.007022615665693249,0.0003652095794677734,1.2666647557256903e-05,0.1741814004758785,squared_error,huber,56,1,2,690,"{'ccp_alpha': 0.1741814004758785, 'criterion': 'squared_error', 'loss': 'huber', 'max_depth': 56, 'max_features': 1, 'min_samples_split': 2, 'n_estimators': 690}",-1.217672933046879,-1.261561874668928,-1.0352171968288315,-1.2975818959685415,-0.9701085232036952,-1.156428484743375,0.1297193139141508,115,-1.0793077912332842,-1.0232790845426785,-1.0944216802345539,-1.0505821256060741,-1.175789785005838,-1.0846760933244857,0.05168653841283249
191,0.43062844276428225,0.017110811657837444,0.00035338401794433595,1.2797015902202882e-05,0.13215901074044445,squared_error,huber,43,auto,3,574,"{'ccp_alpha': 0.13215901074044445, 'criterion': 'squared_error', 'loss': 'huber', 'max_depth': 43, 'max_features': 'auto', 'min_samples_split': 3, 'n_estimators': 574}",-1.2072236974042916,-1.2851192469476513,-1.0347797193819674,-1.2890510835110283,-0.9587605489121659,-1.154986859231421,0.13460376158117832,104,-1.0372938135526801,-1.0004403908371162,-1.067934159440465,-1.0109698363754027,-1.1369513504196207,-1.0507179101250568,0.04903172472362783
192,0.07183184623718261,0.00126244527047979,0.00030465126037597655,8.247215364720897e-06,0.21987653424129042,squared_error,squared_error,45,4,6,336,"{'ccp_alpha': 0.21987653424129042, 'criterion': 'squared_error', 'loss': 'squared_error', 'max_depth': 45, 'max_features': 4, 'min_samples_split': 6, 'n_estimators': 336}",-1.2371996965209797,-1.2487113191651862,-1.042447917159892,-1.2908373952839494,-0.9783612464736502,-1.1595115149207316,0.12470593503914532,124,-1.0972151758366715,-1.048584406705999,-1.1281265051194185,-1.0706647607941764,-1.192021111783219,-1.1073223920478967,0.05000554552486052
193,0.06770930290222169,0.0004345706814710117,0.00030260086059570314,5.516492791740253e-06,0.25195901100433454,friedman_mse,squared_error,45,1,6,387,"{'ccp_alpha': 0.25195901100433454, 'criterion': 'friedman_mse', 'loss': 'squared_error', 'max_depth': 45, 'max_features': 1, 'min_samples_split': 6, 'n_estimators': 387}",-1.2606890264114046,-1.242766115813737,-1.0484855808834872,-1.3040297705301882,-0.9783612464736502,-1.1668663480224934,0.1287831149982151,167,-1.1188116852236054,-1.0699144709247155,-1.1485565375542404,-1.089412558117084,-1.192021111783219,-1.1237432727205727,0.04330824365400764
194,0.13161778450012207,0.0023744034161359015,0.00030627250671386717,1.1578996565413438e-05,0.09714679701688768,squared_error,absolute_error,61,4,5,278,"{'ccp_alpha': 0.09714679701688768, 'criterion': 'squared_error', 'loss': 'absolute_error', 'max_depth': 61, 'max_features': 4, 'min_samples_split': 5, 'n_estimators': 278}",-1.2145098010573325,-1.3736591020956814,-1.0056413039449166,-1.1636541565031815,-0.8106453452404012,-1.1136219417683026,0.1917057868728553,40,-0.9133518999104164,-0.8834592939803825,-0.8014022324024161,-0.8989121962227977,-1.028949590386068,-0.9052150425804161,0.07302956222556312
195,0.4100011348724365,0.006048674242485875,0.0003531455993652344,9.620300455412666e-06,0.06480703627201163,squared_error,huber,20,sqrt,7,620,"{'ccp_alpha': 0.06480703627201163, 'criterion': 'squared_error', 'loss': 'huber', 'max_depth': 20, 'max_features': 'sqrt', 'min_samples_split': 7, 'n_estimators': 620}",-1.2209686395750219,-1.3203570479952318,-1.1445973541546337,-1.228384641181521,-1.0353145422518866,-1.1899244450316588,0.0953041025596798,251,-0.8883069017652839,-0.8353020917128574,-0.8115452435557076,-0.8777322109580068,-0.903807952255357,-0.8633388800494425,0.034458549504380806
196,0.01265702247619629,0.00016327189783915924,0.00026397705078125,1.4293506999080446e-05,0.14302193528962923,friedman_mse,squared_error,46,log2,5,63,"{'ccp_alpha': 0.14302193528962923, 'criterion': 'friedman_mse', 'loss': 'squared_error', 'max_depth': 46, 'max_features': 'log2', 'min_samples_split': 5, 'n_estimators': 63}",-1.2364316360174752,-1.265190056632831,-1.0447381091887507,-1.3002449022188576,-0.901796657125764,-1.1496802722367356,0.15231359849755907,85,-1.0170541212926996,-0.9873637443013492,-1.0625480430382417,-1.0263581707739473,-1.1150471206280315,-1.041674240006854,0.04383983902722872
197,0.33906140327453616,0.005448480351323189,0.00033550262451171876,1.0707516150139364e-05,0.16585933980690515,friedman_mse,huber,29,2,4,510,"{'ccp_alpha': 0.16585933980690515, 'criterion': 'friedman_mse', 'loss': 'huber', 'max_depth': 29, 'max_features': 2, 'min_samples_split': 4, 'n_estimators': 510}",-1.217672933046881,-1.2623929019088052,-1.0352098377790482,-1.2969757403355233,-0.9696300259185836,-1.1563762877977681,0.12986183594595338,111,-1.0793077912332845,-1.0285921406660947,-1.0943962187549776,-1.050717658779015,-1.1755552191380407,-1.0857138057142826,0.050349807947818084
198,0.00045504570007324217,2.3582960164791563e-06,0.0,0.0,0.03541986138467017,squared_error,absolute_error,59,8,5,190,"{'ccp_alpha': 0.03541986138467017, 'criterion': 'squared_error', 'loss': 'absolute_error', 'max_depth': 59, 'max_features': 8, 'min_samples_split': 5, 'n_estimators': 190}",,,,,,,,441,,,,,,,
199,0.00037112236022949217,5.265975071822557e-06,0.0,0.0,0.07357933277345688,squared_error,squared_error,20,8,2,560,"{'ccp_alpha': 0.07357933277345688, 'criterion': 'squared_error', 'loss': 'squared_error', 'max_depth': 20, 'max_features': 8, 'min_samples_split': 2, 'n_estimators': 560}",,,,,,,,442,,,,,,,
200,0.10824437141418457,0.0006378106950792567,0.000341033935546875,3.018043975533802e-06,0.11063530626151437,friedman_mse,squared_error,11,1,9,643,"{'ccp_alpha': 0.11063530626151437, 'criterion': 'friedman_mse', 'loss': 'squared_error', 'max_depth': 11, 'max_features': 1, 'min_samples_split': 9, 'n_estimators': 643}",-1.2714059996847247,-1.2875930998199199,-1.0762292509665912,-1.3176803255342893,-0.91996032594604,-1.1745738003903132,0.15305488307955065,201,-0.9779335089394323,-0.9290303498980672,-0.9998277016550305,-0.9733466952273254,-1.0279165862153254,-0.9816109683870362,0.032626991810298496
201,0.4868763446807861,0.0028656169668530252,0.0004048347473144531,6.892350824597377e-05,0.05821810520730715,squared_error,huber,19,log2,7,743,"{'ccp_alpha': 0.05821810520730715, 'criterion': 'squared_error', 'loss': 'huber', 'max_depth': 19, 'max_features': 'log2', 'min_samples_split': 7, 'n_estimators': 743}",-1.206885470590091,-1.3313888815471848,-1.1012197181032253,-1.258956935026955,-1.064216806091746,-1.1925335622718405,0.09869371759644086,256,-0.8752843885040955,-0.7838257157098628,-0.799022333362995,-0.8480295747928606,-0.8687593395766513,-0.834984270389293,0.03700133353605322
202,0.6622795581817627,0.013790890187004875,0.00040378570556640623,7.504089848893792e-06,0.008891435927643654,friedman_mse,huber,39,sqrt,5,938,"{'ccp_alpha': 0.008891435927643654, 'criterion': 'friedman_mse', 'loss': 'huber', 'max_depth': 39, 'max_features': 'sqrt', 'min_samples_split': 5, 'n_estimators': 938}",-1.1652707203133146,-1.4530593546924153,-1.2274083221077015,-1.266053572112068,-1.047556520414776,-1.231869697928055,0.13305643660668548,335,-0.4096960816911254,-0.3785348791943676,-0.3546777767537709,-0.38685164256603344,-0.38207365225735085,-0.3823668064925297,0.017598039729382665
203,0.1967036247253418,0.0060546118967892545,0.00039691925048828124,4.163703184343818e-05,0.037321972643908984,squared_error,squared_error,45,6,4,838,"{'ccp_alpha': 0.037321972643908984, 'criterion': 'squared_error', 'loss': 'squared_error', 'max_depth': 45, 'max_features': 6, 'min_samples_split': 4, 'n_estimators': 838}",-1.098829888721234,-1.346396111517061,-1.179132360669641,-1.3413338330258617,-1.1172630097062812,-1.2165910407280158,0.10728189037591321,310,-0.6909638120978131,-0.6411977582828534,-0.6275970667463159,-0.6692690623476655,-0.6624680336729262,-0.6582991466295148,0.02208970001035571
204,0.0006941318511962891,4.946058788451472e-05,0.0,0.0,0.0061219435939437,friedman_mse,huber,52,8,7,412,"{'ccp_alpha': 0.0061219435939437, 'criterion': 'friedman_mse', 'loss': 'huber', 'max_depth': 52, 'max_features': 8, 'min_samples_split': 7, 'n_estimators': 412}",,,,,,,,443,,,,,,,
205,0.17445287704467774,0.0037904518548424583,0.0003909587860107422,1.3120735673928072e-05,0.040717718512013314,squared_error,squared_error,61,4,7,853,"{'ccp_alpha': 0.040717718512013314, 'criterion': 'squared_error', 'loss': 'squared_error', 'max_depth': 61, 'max_features': 4, 'min_samples_split': 7, 'n_estimators': 853}",-1.1119956648433555,-1.3318617020825592,-1.1293801495402862,-1.2714646882319622,-1.1227379590619482,-1.1934880327520223,0.09053621464169574,259,-0.692189232447791,-0.6780784733188678,-0.6624993581596168,-0.6709603265938703,-0.6869242754993807,-0.6781303332039054,0.010683867596677452
206,0.0003703117370605469,4.440990048170109e-06,0.0,0.0,0.005855884484564197,friedman_mse,squared_error,57,8,5,895,"{'ccp_alpha': 0.005855884484564197, 'criterion': 'friedman_mse', 'loss': 'squared_error', 'max_depth': 57, 'max_features': 8, 'min_samples_split': 5, 'n_estimators': 895}",,,,,,,,444,,,,,,,
207,0.0006630420684814453,1.247728959253495e-05,0.0,0.0,0.08632485468997678,squared_error,huber,17,10,2,210,"{'ccp_alpha': 0.08632485468997678, 'criterion': 'squared_error', 'loss': 'huber', 'max_depth': 17, 'max_features': 10, 'min_samples_split': 2, 'n_estimators': 210}",,,,,,,,445,,,,,,,
208,0.012927627563476563,0.00026415008010471485,0.0002560615539550781,5.341853261568088e-06,0.10709550503911801,friedman_mse,squared_error,57,2,6,66,"{'ccp_alpha': 0.10709550503911801, 'criterion': 'friedman_mse', 'loss': 'squared_error', 'max_depth': 57, 'max_features': 2, 'min_samples_split': 6, 'n_estimators': 66}",-1.2190437404727195,-1.285942933227878,-1.0772113209036411,-1.2805483116167131,-0.9555420503054981,-1.1636576713052897,0.1284288183669097,144,-0.975499722013297,-0.9389358538986334,-0.9892320775419832,-0.9517454013885782,-1.03384109788405,-0.9778508305453084,0.0330630892992796
209,0.22837085723876954,0.043083262944691156,0.0003987789154052734,2.4158097093535124e-05,0.17536640219222213,friedman_mse,squared_error,56,auto,8,902,"{'ccp_alpha': 0.17536640219222213, 'criterion': 'friedman_mse', 'loss': 'squared_error', 'max_depth': 56, 'max_features': 'auto', 'min_samples_split': 8, 'n_estimators': 902}",-1.2179833048973048,-1.2645689919926968,-1.039655717365413,-1.30288374721299,-0.9519638715997203,-1.1554111266136249,0.13591835140159567,107,-1.0794053000203228,-1.0303371723662909,-1.095934981638031,-1.0526812189235812,-1.1757958059386375,-1.0868308957773727,0.04982071919547826
210,0.5367706775665283,0.00605970907862012,0.0003917217254638672,1.0810646103624949e-05,0.024445688802351442,friedman_mse,huber,37,log2,3,777,"{'ccp_alpha': 0.024445688802351442, 'criterion': 'friedman_mse', 'loss': 'huber', 'max_depth': 37, 'max_features': 'log2', 'min_samples_split': 3, 'n_estimators': 777}",-1.18323207345503,-1.370954420024507,-1.1836504209771828,-1.3156720351897249,-1.0774801564602134,-1.2261978212213316,0.1046263718409263,324,-0.6132188974437083,-0.5881886643304833,-0.5348647703730702,-0.5816600239599139,-0.6209939325258075,-0.5877852577265966,0.030291732596531677
211,0.547607135772705,0.00598055788708192,0.000372314453125,3.919357793433097e-06,0.1714923079581444,friedman_mse,huber,15,7,9,787,"{'ccp_alpha': 0.1714923079581444, 'criterion': 'friedman_mse', 'loss': 'huber', 'max_depth': 15, 'max_features': 7, 'min_samples_split': 9, 'n_estimators': 787}",-1.2176729330468805,-1.2623897735813119,-1.034815986449065,-1.297611112646279,-0.9696288570979708,-1.1564237325643014,0.13007298883219107,113,-1.0793077912332842,-1.0286001194853063,-1.0942994665733976,-1.050601741782616,-1.175554646420117,-1.0856727530989443,0.05036059772136722
212,0.09300098419189454,0.0006541832289028305,0.0003276348114013672,5.495845616998256e-06,0.07192967662959242,friedman_mse,squared_error,11,2,7,506,"{'ccp_alpha': 0.07192967662959242, 'criterion': 'friedman_mse', 'loss': 'squared_error', 'max_depth': 11, 'max_features': 2, 'min_samples_split': 7, 'n_estimators': 506}",-1.207553658540725,-1.2893447675396321,-1.1804792339426107,-1.2018965999891793,-0.9471612711664736,-1.1652871062357242,0.11517525817097266,158,-0.9029802462241785,-0.8599248691613373,-0.793475134081269,-0.8310044696176194,-0.8921331189614905,-0.8559035676091791,0.040155296836968044
213,0.44954910278320315,0.008637138703849405,0.00036363601684570314,1.0714945808463317e-05,0.13132863420548946,squared_error,huber,45,auto,5,631,"{'ccp_alpha': 0.13132863420548946, 'criterion': 'squared_error', 'loss': 'huber', 'max_depth': 45, 'max_features': 'auto', 'min_samples_split': 5, 'n_estimators': 631}",-1.2072236974042916,-1.2851192469476513,-1.0347863441448588,-1.2890510835110283,-0.9587605489121659,-1.1549881841839993,0.13460257836053868,105,-1.0372938135526801,-1.0004403908371162,-1.067918112242855,-1.0109698363754027,-1.1369513504196207,-1.0507147006855349,0.04903059821737521
214,0.06862735748291016,0.0006497103749345252,0.00027985572814941405,6.4194396124063175e-06,0.13011126587506658,squared_error,absolute_error,11,5,3,150,"{'ccp_alpha': 0.13011126587506658, 'criterion': 'squared_error', 'loss': 'absolute_error', 'max_depth': 11, 'max_features': 5, 'min_samples_split': 3, 'n_estimators': 150}",-1.3107489931722947,-1.2759722948972867,-1.0180629681536704,-1.2353154242228115,-1.136069872026808,-1.1952339104945744,0.10616861593006365,264,-1.045447621069871,-1.0050476541272662,-1.0657329088223182,-0.9758866719771733,-1.2194745754104066,-1.062317886281407,0.0845514369627685
215,0.06512460708618165,0.0014302074156914211,0.0003178119659423828,9.774580217137006e-06,0.01771644152331804,friedman_mse,squared_error,53,1,4,351,"{'ccp_alpha': 0.01771644152331804, 'criterion': 'friedman_mse', 'loss': 'squared_error', 'max_depth': 53, 'max_features': 1, 'min_samples_split': 4, 'n_estimators': 351}",-1.124885975203238,-1.3527705898007965,-1.1915397929917293,-1.2812349332429416,-0.8722884844865872,-1.1645439551450585,0.1653849093038294,148,-0.49800168246432897,-0.48595626537108577,-0.46386385317708173,-0.5095180875165465,-0.513603540639236,-0.49418868583365577,0.01796571350492075
216,0.174102258682251,0.0030959069102689664,0.0003040313720703125,8.358127065508074e-06,0.10935193859781292,friedman_mse,huber,53,1,2,261,"{'ccp_alpha': 0.10935193859781292, 'criterion': 'friedman_mse', 'loss': 'huber', 'max_depth': 53, 'max_features': 1, 'min_samples_split': 2, 'n_estimators': 261}",-1.273271139299839,-1.2966104715315832,-1.0775656692918316,-1.3333858199754536,-0.8875740890778516,-1.1736814378353118,0.16830377394092141,199,-0.9903844294942276,-0.9549671565928486,-0.9929038673811728,-0.9621957350976134,-1.0703891511062114,-0.9941680679344147,0.040949991843230824
217,0.08543086051940918,0.0012782340864616072,0.00032052993774414065,1.5487741366822732e-05,0.09752290492947918,friedman_mse,squared_error,42,log2,5,439,"{'ccp_alpha': 0.09752290492947918, 'criterion': 'friedman_mse', 'loss': 'squared_error', 'max_depth': 42, 'max_features': 'log2', 'min_samples_split': 5, 'n_estimators': 439}",-1.2226657245223758,-1.3115193576604172,-1.1363135863237814,-1.2574919439955983,-0.9061638294387114,-1.1668308883881768,0.14223243681873868,166,-0.9546811316618247,-0.9206300135031407,-0.8870260779848694,-0.9120650280531825,-0.9936978557939079,-0.933620021399385,0.037033147738848145
218,0.00045404434204101565,5.731177990128146e-06,0.0,0.0,0.03805297134604341,friedman_mse,absolute_error,17,10,5,293,"{'ccp_alpha': 0.03805297134604341, 'criterion': 'friedman_mse', 'loss': 'absolute_error', 'max_depth': 17, 'max_features': 10, 'min_samples_split': 5, 'n_estimators': 293}",,,,,,,,447,,,,,,,
219,0.1921213150024414,0.0019230110495981458,0.0003258228302001953,7.63624598897726e-06,0.23287258764591426,squared_error,absolute_error,26,log2,4,448,"{'ccp_alpha': 0.23287258764591426, 'criterion': 'squared_error', 'loss': 'absolute_error', 'max_depth': 26, 'max_features': 'log2', 'min_samples_split': 4, 'n_estimators': 448}",-1.2539626903607535,-1.221681058703438,-1.011993842626455,-1.2886088543732925,-1.1360698739132118,-1.18246326399543,0.09912543570062,217,-1.1196517532117614,-1.1285386583434693,-1.1805349773830467,-1.1124453385818207,-1.2194745759926189,-1.1521290607025434,0.04129986663129564
220,0.0004530429840087891,4.3972556623071686e-06,0.0,0.0,0.0457357915495679,squared_error,absolute_error,43,8,4,589,"{'ccp_alpha': 0.0457357915495679, 'criterion': 'squared_error', 'loss': 'absolute_error', 'max_depth': 43, 'max_features': 8, 'min_samples_split': 4, 'n_estimators': 589}",,,,,,,,448,,,,,,,
221,0.0645214557647705,0.000230737238941379,0.00030388832092285154,3.215028349120631e-06,0.17651617819327328,squared_error,squared_error,39,1,3,354,"{'ccp_alpha': 0.17651617819327328, 'criterion': 'squared_error', 'loss': 'squared_error', 'max_depth': 39, 'max_features': 1, 'min_samples_split': 3, 'n_estimators': 354}",-1.2425230296336658,-1.2645689919926968,-1.066444081336386,-1.3109031706355885,-0.9519638715997203,-1.1672806290396116,0.1358552128222317,177,-1.0657327384394415,-1.0303371723662909,-1.0649851838394782,-1.0404945070147553,-1.1757958059386375,-1.0754690815197205,0.05201974664569753
222,0.11098880767822265,0.00040117371412590007,0.00034332275390625,1.0926752352608764e-05,0.12447620795145267,friedman_mse,squared_error,15,1,4,623,"{'ccp_alpha': 0.12447620795145267, 'criterion': 'friedman_mse', 'loss': 'squared_error', 'max_depth': 15, 'max_features': 1, 'min_samples_split': 4, 'n_estimators': 623}",-1.250666428319565,-1.285886839434184,-1.0752260942564482,-1.3074128062552142,-0.9223060823399036,-1.168299650121063,0.1477423606430824,185,-1.004202337060285,-0.9598639258383659,-1.0038580324321977,-0.9837047618071444,-1.0911766536436118,-1.008561142156321,0.04439752173810989
223,0.9202198505401611,0.06796281438509234,0.0005617618560791015,2.1842785493831863e-05,0.05706227567017469,squared_error,absolute_error,42,4,3,664,"{'ccp_alpha': 0.05706227567017469, 'criterion': 'squared_error', 'loss': 'absolute_error', 'max_depth': 42, 'max_features': 4, 'min_samples_split': 3, 'n_estimators': 664}",-1.0569440900558495,-1.2829779583900158,-1.0912564853814795,-1.0772184033542527,-0.8332254350802426,-1.0683244744523681,0.14288608660457,6,-0.3335986789385153,-0.07852271422287878,-0.21385279975517524,-0.21105570343147845,-0.2631177866396074,-0.22002953659753102,0.08354329407204204
224,1.1257501602172852,0.045894826463689455,0.0005319118499755859,4.134400899622079e-05,0.026080316172224272,friedman_mse,absolute_error,52,5,2,365,"{'ccp_alpha': 0.026080316172224272, 'criterion': 'friedman_mse', 'loss': 'absolute_error', 'max_depth': 52, 'max_features': 5, 'min_samples_split': 2, 'n_estimators': 365}",-1.2397196583013363,-1.2802424019992151,-1.1298461964354425,-1.125362093394544,-0.895971353041647,-1.1342283406344371,0.13365083604978042,58,-0.018909983577019864,-0.0029148604128026623,-0.0023718591354490834,-0.009172459765976653,-0.001745308486449338,-0.007022894275539521,0.006515896035266403
225,0.37310380935668946,0.0645007808028553,0.00039472579956054685,2.5406785897399892e-05,0.07234459925309049,friedman_mse,absolute_error,24,3,3,591,"{'ccp_alpha': 0.07234459925309049, 'criterion': 'friedman_mse', 'loss': 'absolute_error', 'max_depth': 24, 'max_features': 3, 'min_samples_split': 3, 'n_estimators': 591}",-1.159759077285419,-1.2750361738565867,-1.0610552353234999,-1.0554834029146223,-0.9539350682973451,-1.1010537915354948,0.1086615327320829,25,-0.8029254893077622,-0.4151815069161726,-0.5345039390680993,-0.552356570468273,-0.5531734636777823,-0.5716281938876179,0.12654184095804383
226,1.4072811126708984,0.033257259751557085,0.0006272315979003907,3.45275543973712e-05,0.00101146769699056,friedman_mse,absolute_error,46,2,6,548,"{'ccp_alpha': 0.00101146769699056, 'criterion': 'friedman_mse', 'loss': 'absolute_error', 'max_depth': 46, 'max_features': 2, 'min_samples_split': 6, 'n_estimators': 548}",-1.099091811107926,-1.4209224129892364,-1.0898956112608318,-1.324044981355301,-0.8618893295249688,-1.1591688292476527,0.19620510285390977,123,-0.10674937702115002,-0.0895171886597084,-0.0341036267102297,-0.09820468772184122,-0.008791109360428736,-0.06747319789467163,0.038807463298690184
227,0.000662994384765625,8.584923014108468e-06,0.0,0.0,0.01967884657357495,squared_error,huber,53,9,8,877,"{'ccp_alpha': 0.01967884657357495, 'criterion': 'squared_error', 'loss': 'huber', 'max_depth': 53, 'max_features': 9, 'min_samples_split': 8, 'n_estimators': 877}",,,,,,,,450,,,,,,,
228,0.04237918853759766,0.0009433931416571366,0.00028533935546875,7.110152107940323e-06,0.025269037830730215,friedman_mse,squared_error,11,6,9,193,"{'ccp_alpha': 0.025269037830730215, 'criterion': 'friedman_mse', 'loss': 'squared_error', 'max_depth': 11, 'max_features': 6, 'min_samples_split': 9, 'n_estimators': 193}",-1.0514014065804502,-1.3912857365836728,-1.2189266825585212,-1.34284257490331,-1.1107698628406228,-1.2230452526933153,0.13018494115933157,322,-0.5731573400798419,-0.5887950409466357,-0.5771072700737283,-0.5870629675453739,-0.6046903022388714,-0.5861625841768903,0.010974078029336403
229,0.019353628158569336,0.00028076251239768097,0.00027065277099609376,1.1279391222823424e-05,0.05303746563634143,friedman_mse,squared_error,33,log2,7,101,"{'ccp_alpha': 0.05303746563634143, 'criterion': 'friedman_mse', 'loss': 'squared_error', 'max_depth': 33, 'max_features': 'log2', 'min_samples_split': 7, 'n_estimators': 101}",-1.1806441581275566,-1.3168913827304916,-1.1429396464536388,-1.232944083598487,-1.075809483108753,-1.1898457508037854,0.08159311388130511,250,-0.82910228369797,-0.7548606058462323,-0.7361948756072948,-0.8079258425285767,-0.7903794079195222,-0.7836926031199193,0.03400388367971905
230,0.0793619155883789,0.00044678588292945833,0.0003123283386230469,3.2794473388766095e-06,0.0673560782493578,friedman_mse,squared_error,36,2,7,428,"{'ccp_alpha': 0.0673560782493578, 'criterion': 'friedman_mse', 'loss': 'squared_error', 'max_depth': 36, 'max_features': 2, 'min_samples_split': 7, 'n_estimators': 428}",-1.1559524224658824,-1.2832141385096674,-1.1690544971348653,-1.2516028820002036,-1.0614358780369624,-1.1842519636295163,0.07803239860543872,237,-0.8085205292053957,-0.807355322205364,-0.7878751574273261,-0.8261713247936489,-0.9047313521179111,-0.8269307371499292,0.040745510993984414
231,0.12755908966064453,0.0011158735156616413,0.0003431797027587891,3.0554808318330372e-06,0.1506322668347049,friedman_mse,squared_error,42,sqrt,3,634,"{'ccp_alpha': 0.1506322668347049, 'criterion': 'friedman_mse', 'loss': 'squared_error', 'max_depth': 42, 'max_features': 'sqrt', 'min_samples_split': 3, 'n_estimators': 634}",-1.2219182468085998,-1.2689579325256768,-1.070201049333887,-1.3002449022188576,-0.899112647479308,-1.152086955673266,0.14912230808293178,94,-1.037849912373148,-0.9943749202180998,-1.0316342596551107,-1.0263581707739473,-1.1262266873934197,-1.043288790082745,0.04409833741958875
232,0.0006548404693603515,3.3670241248912294e-06,0.0,0.0,0.5476318579793245,squared_error,huber,19,10,2,789,"{'ccp_alpha': 0.5476318579793245, 'criterion': 'squared_error', 'loss': 'huber', 'max_depth': 19, 'max_features': 10, 'min_samples_split': 2, 'n_estimators': 789}",,,,,,,,451,,,,,,,
233,0.00037946701049804685,3.4668389757716246e-06,0.0,0.0,0.28797438668513803,squared_error,squared_error,38,9,3,228,"{'ccp_alpha': 0.28797438668513803, 'criterion': 'squared_error', 'loss': 'squared_error', 'max_depth': 38, 'max_features': 9, 'min_samples_split': 3, 'n_estimators': 228}",,,,,,,,452,,,,,,,
234,1.331256628036499,0.02533246587298256,0.0006777286529541015,3.3312664300364285e-05,0.030829755139274925,friedman_mse,absolute_error,12,sqrt,9,757,"{'ccp_alpha': 0.030829755139274925, 'criterion': 'friedman_mse', 'loss': 'absolute_error', 'max_depth': 12, 'max_features': 'sqrt', 'min_samples_split': 9, 'n_estimators': 757}",-0.9980321379538314,-1.3144703246726932,-1.103022299691135,-1.2168343399849613,-0.8946023412418643,-1.105392288708897,0.14973121029788314,30,-0.13422691828783176,-0.10412670217376128,-0.1265571589360696,-0.22354181529152078,-0.16032728520695314,-0.14975597597922732,0.04103040344624112
235,0.30534634590148924,0.017316497249366763,0.0003638744354248047,1.2765884541902381e-05,0.06028139039757074,friedman_mse,absolute_error,47,6,8,260,"{'ccp_alpha': 0.06028139039757074, 'criterion': 'friedman_mse', 'loss': 'absolute_error', 'max_depth': 47, 'max_features': 6, 'min_samples_split': 8, 'n_estimators': 260}",-1.0874677590461557,-1.3264238787377713,-1.0745074334131528,-1.2489096498255257,-0.7971913482837036,-1.106900013861262,0.18204604543144626,33,-0.5766910524154588,-0.2574754832315571,-0.4558262603418408,-0.5090110264583279,-0.555601734871063,-0.47092111146364957,0.11453891980955766
236,0.5454854011535645,0.003629599364511774,0.0003785610198974609,4.665699913939498e-06,0.022255564101305032,squared_error,huber,14,7,4,750,"{'ccp_alpha': 0.022255564101305032, 'criterion': 'squared_error', 'loss': 'huber', 'max_depth': 14, 'max_features': 7, 'min_samples_split': 4, 'n_estimators': 750}",-1.1037057529440386,-1.3552845299161544,-1.220983270004415,-1.5491757537825197,-1.2425241119108452,-1.2943346837115945,0.15037487106295236,364,-0.5806596344517417,-0.5917328591234943,-0.581308039338168,-0.5567377006992746,-0.5683771335364758,-0.575763073429831,0.012052169327654674
237,0.3866554260253906,0.00980950505357834,0.0003414630889892578,1.2011564927841354e-05,0.001396206387086994,squared_error,huber,28,7,2,397,"{'ccp_alpha': 0.001396206387086994, 'criterion': 'squared_error', 'loss': 'huber', 'max_depth': 28, 'max_features': 7, 'min_samples_split': 2, 'n_estimators': 397}",-1.3355170754798578,-1.4836148773315998,-1.3226829058573737,-1.6703436484487364,-1.531438069154043,-1.468719315254322,0.12952016147836676,380,-0.16822226004848878,-0.1680348686041132,-0.17383022708649945,-0.1455568277947017,-0.15567552768229964,-0.16226394224322055,0.010248111697573828
238,0.019309568405151366,0.0002605535448140077,0.0002624988555908203,2.5186753551949037e-06,0.0602208295516421,friedman_mse,squared_error,13,log2,7,101,"{'ccp_alpha': 0.0602208295516421, 'criterion': 'friedman_mse', 'loss': 'squared_error', 'max_depth': 13, 'max_features': 'log2', 'min_samples_split': 7, 'n_estimators': 101}",-1.1927926611123265,-1.2893430609756928,-1.103887767798274,-1.2017516437834679,-1.0628250542770514,-1.1701200375893626,0.07953321655620267,193,-0.8695526753490611,-0.7932787266928141,-0.7869122784704079,-0.8285684859383453,-0.8733244947783535,-0.8303273322457964,0.0364635246115719
239,0.0006639957427978516,1.066240299940009e-05,0.0,0.0,0.08165613236627414,squared_error,huber,22,9,9,916,"{'ccp_alpha': 0.08165613236627414, 'criterion': 'squared_error', 'loss': 'huber', 'max_depth': 22, 'max_features': 9, 'min_samples_split': 9, 'n_estimators': 916}",,,,,,,,453,,,,,,,
240,0.0932589054107666,0.0015919531097217687,0.00031108856201171874,8.513112551280864e-06,0.07986288352799537,squared_error,squared_error,11,6,2,351,"{'ccp_alpha': 0.07986288352799537, 'criterion': 'squared_error', 'loss': 'squared_error', 'max_depth': 11, 'max_features': 6, 'min_samples_split': 2, 'n_estimators': 351}",-1.1783589908347256,-1.299682873418669,-1.0535441580159992,-1.3019236908917466,-0.9741901458117372,-1.1615399717945754,0.13102441173128543,132,-0.8940647033531373,-0.881977426325304,-0.9258112950349965,-0.9000180268146308,-0.9056648125794863,-0.9015072528215109,0.014470627012792007
241,0.040573644638061526,0.00035437347409574915,0.0002644062042236328,8.923354814206362e-06,0.10533356111966573,squared_error,huber,34,auto,6,54,"{'ccp_alpha': 0.10533356111966573, 'criterion': 'squared_error', 'loss': 'huber', 'max_depth': 34, 'max_features': 'auto', 'min_samples_split': 6, 'n_estimators': 54}",-1.202473778027775,-1.3017715187241299,-1.0374500786232168,-1.3281530293534127,-0.9985155917486571,-1.1736727992954383,0.1344169608025,198,-1.008453583597284,-0.9619400843641313,-1.0293828614297131,-0.9808812203025549,-1.0692857967679346,-1.0099887092923236,0.03755143300567278
242,0.09205789566040039,0.001898813339285701,0.00033106803894042967,5.568184119031906e-06,0.00283809470795042,friedman_mse,squared_error,24,sqrt,4,461,"{'ccp_alpha': 0.00283809470795042, 'criterion': 'friedman_mse', 'loss': 'squared_error', 'max_depth': 24, 'max_features': 'sqrt', 'min_samples_split': 4, 'n_estimators': 461}",-1.1690383739082082,-1.4221966519714668,-1.2456043311036813,-1.2441497577337244,-1.112344226314552,-1.2386666682063265,0.10446713269774527,340,-0.20550234576100498,-0.19816527283744037,-0.19953609325211163,-0.20582387590338225,-0.2307765120577025,-0.20796081996232835,0.01181605005675159
243,0.00038051605224609375,9.5367431640625e-07,0.0,0.0,0.0507478161866795,squared_error,squared_error,32,8,3,253,"{'ccp_alpha': 0.0507478161866795, 'criterion': 'squared_error', 'loss': 'squared_error', 'max_depth': 32, 'max_features': 8, 'min_samples_split': 3, 'n_estimators': 253}",,,,,,,,433,,,,,,,
244,0.5207895278930664,0.0012259468741094802,0.0003766059875488281,3.3670241248912294e-06,0.14894393545681126,friedman_mse,huber,53,2,9,815,"{'ccp_alpha': 0.14894393545681126, 'criterion': 'friedman_mse', 'loss': 'huber', 'max_depth': 53, 'max_features': 2, 'min_samples_split': 9, 'n_estimators': 815}",-1.2435871989387874,-1.2692678920891847,-1.0420987483421984,-1.3038445618909142,-0.942533946876643,-1.1602664696275453,0.14199252404746537,129,-1.0531942070876092,-1.007624348390235,-1.0737775948319446,-1.038397289047023,-1.1604030844046902,-1.0666793047523004,0.05158244030033818
245,0.16535367965698242,0.002645788130684618,0.00036525726318359375,1.8344291745826097e-06,0.09614371219033134,squared_error,squared_error,10,6,8,760,"{'ccp_alpha': 0.09614371219033134, 'criterion': 'squared_error', 'loss': 'squared_error', 'max_depth': 10, 'max_features': 6, 'min_samples_split': 8, 'n_estimators': 760}",-1.188807865267607,-1.3000138225623497,-1.058252171509089,-1.2716405406814126,-0.9689047063797671,-1.157523821280045,0.12628281630894125,120,-0.9767911859574722,-0.9527516242234705,-0.9665340189209948,-0.9207827575944671,-1.028572133628463,-0.9690863440649735,0.03522640387673661
246,0.0006530284881591797,2.0342568404866737e-06,0.0,0.0,0.01718373529443813,friedman_mse,huber,35,10,8,343,"{'ccp_alpha': 0.01718373529443813, 'criterion': 'friedman_mse', 'loss': 'huber', 'max_depth': 35, 'max_features': 10, 'min_samples_split': 8, 'n_estimators': 343}",,,,,,,,413,,,,,,,
247,0.11376113891601562,0.002838837466264627,0.00031876564025878906,5.170990643206009e-06,0.14228942593804847,squared_error,squared_error,29,6,2,427,"{'ccp_alpha': 0.14228942593804847, 'criterion': 'squared_error', 'loss': 'squared_error', 'max_depth': 29, 'max_features': 6, 'min_samples_split': 2, 'n_estimators': 427}",-1.2053741426886766,-1.2707596181476972,-1.0328975160564051,-1.3033100701828106,-0.9114232508386285,-1.1447529195828436,0.14943048979026283,70,-1.023923923525178,-1.0000685249517274,-1.0697194427605132,-1.0240711065057972,-1.1240453999306905,-1.0483656795347813,0.04405370390651992
248,0.000368499755859375,1.2936267820597208e-06,0.0,0.0,0.035090566625626755,squared_error,squared_error,62,8,4,774,"{'ccp_alpha': 0.035090566625626755, 'criterion': 'squared_error', 'loss': 'squared_error', 'max_depth': 62, 'max_features': 8, 'min_samples_split': 4, 'n_estimators': 774}",,,,,,,,414,,,,,,,
249,0.17815394401550294,0.001340084212546979,0.0003043174743652344,9.777603774793767e-06,0.4206976741600952,squared_error,huber,44,sqrt,2,264,"{'ccp_alpha': 0.4206976741600952, 'criterion': 'squared_error', 'loss': 'huber', 'max_depth': 44, 'max_features': 'sqrt', 'min_samples_split': 2, 'n_estimators': 264}",-1.2589897611094085,-1.231749164226306,-1.0465281749606636,-1.2936026313167492,-1.0040721894877567,-1.166988384220177,0.11810311432412456,171,-1.1188574060517305,-1.1268647774685356,-1.173525633964336,-1.112311702124022,-1.1929453160794934,-1.1449009671376236,0.032228131879242256
250,0.0006798744201660156,2.471286491365421e-06,0.0,0.0,0.06394429941345625,squared_error,huber,49,10,3,391,"{'ccp_alpha': 0.06394429941345625, 'criterion': 'squared_error', 'loss': 'huber', 'max_depth': 49, 'max_features': 10, 'min_samples_split': 3, 'n_estimators': 391}",,,,,,,,415,,,,,,,
251,0.349089241027832,0.005049487926507334,0.00037302970886230467,7.338763983493224e-05,0.04705644774154133,friedman_mse,huber,48,1,7,534,"{'ccp_alpha': 0.04705644774154133, 'criterion': 'friedman_mse', 'loss': 'huber', 'max_depth': 48, 'max_features': 1, 'min_samples_split': 7, 'n_estimators': 534}",-1.2239952744174818,-1.301804772558133,-1.2100628509216405,-1.3001454046236305,-0.9873490323967377,-1.2046714669835246,0.1150492667943592,284,-0.8238889276297331,-0.7409478551083326,-0.7333024077964571,-0.7909540894036472,-0.8374262400327239,-0.7853039039941787,0.04221156532941634
252,0.09008555412292481,0.0012179648935642974,0.00027790069580078123,1.2658746837873496e-05,0.38237253405336985,friedman_mse,huber,48,7,8,129,"{'ccp_alpha': 0.38237253405336985, 'criterion': 'friedman_mse', 'loss': 'huber', 'max_depth': 48, 'max_features': 7, 'min_samples_split': 8, 'n_estimators': 129}",-1.2589897652517446,-1.2317491702676744,-1.0465280720950605,-1.2936026208157976,-1.0040722301517258,-1.1669883717164005,0.11810312314552249,170,-1.1188574058235234,-1.126864777008857,-1.1735256395785785,-1.11231170218314,-1.1929453189169674,-1.1449009687022131,0.03222813379891905
253,0.18520503044128417,0.0007529950759375269,0.00032167434692382814,3.2319570928250392e-06,0.4184650467313884,squared_error,absolute_error,19,1,3,445,"{'ccp_alpha': 0.4184650467313884, 'criterion': 'squared_error', 'loss': 'absolute_error', 'max_depth': 19, 'max_features': 1, 'min_samples_split': 3, 'n_estimators': 445}",-1.2539626903607535,-1.221681058703438,-1.011993842626455,-1.2886088543732925,-1.1360698739132118,-1.18246326399543,0.09912543570062,217,-1.1196517532117614,-1.1285386583434693,-1.1805349773830467,-1.1124453385818207,-1.2194745759926189,-1.1521290607025434,0.04129986663129564
254,0.15429773330688476,0.004651616963605761,0.0003131866455078125,3.0368200927907293e-06,0.007784821367069216,squared_error,absolute_error,46,2,8,69,"{'ccp_alpha': 0.007784821367069216, 'criterion': 'squared_error', 'loss': 'absolute_error', 'max_depth': 46, 'max_features': 2, 'min_samples_split': 8, 'n_estimators': 69}",-1.117102097058899,-1.2806875183503796,-1.0497475903916882,-1.179393210897458,-1.0362607805041566,-1.1326382394405163,0.09000606907596567,57,-0.385145456389514,-0.22787305923709888,-0.3450692384057728,-0.36115291976064406,-0.3486093996737325,-0.3335700146933524,0.05468291228053422
255,0.3307350635528564,0.007933148573654871,0.000366973876953125,8.748889878219388e-06,0.14331205673379455,friedman_mse,absolute_error,14,7,2,706,"{'ccp_alpha': 0.14331205673379455, 'criterion': 'friedman_mse', 'loss': 'absolute_error', 'max_depth': 14, 'max_features': 7, 'min_samples_split': 2, 'n_estimators': 706}",-1.3343444320820854,-1.2759722982318555,-1.0147428674656773,-1.2886088543732925,-1.1360698739132118,-1.2099476652132244,0.11796968387155717,298,-1.0490653737201086,-1.0050476543134756,-1.0389149131647126,-1.1124453385818207,-1.2194745759926189,-1.0849895711545474,0.0756890584295118
256,0.6311797618865966,0.010870698312118265,0.0004097461700439453,2.6436137601072605e-05,0.10171892884959483,friedman_mse,huber,13,6,8,910,"{'ccp_alpha': 0.10171892884959483, 'criterion': 'friedman_mse', 'loss': 'huber', 'max_depth': 13, 'max_features': 6, 'min_samples_split': 8, 'n_estimators': 910}",-1.2132030920288541,-1.301799582629968,-1.0378115216467703,-1.2695405004948856,-0.9612979205277472,-1.156730523465645,0.1336382468674036,116,-1.0103173237400564,-0.9619401949163844,-1.0258834876625553,-0.9806728058203839,-1.0626413674158266,-1.0082910359110415,0.0351531672255229
257,0.00038270950317382814,7.352266154042167e-06,0.0,0.0,0.03999570417674334,friedman_mse,squared_error,41,10,5,980,"{'ccp_alpha': 0.03999570417674334, 'criterion': 'friedman_mse', 'loss': 'squared_error', 'max_depth': 41, 'max_features': 10, 'min_samples_split': 5, 'n_estimators': 980}",,,,,,,,417,,,,,,,
258,0.1555017948150635,0.0012750746459645025,0.00028967857360839844,8.086573381691007e-06,0.025002428224650975,squared_error,huber,15,7,2,190,"{'ccp_alpha': 0.025002428224650975, 'criterion': 'squared_error', 'loss': 'huber', 'max_depth': 15, 'max_features': 7, 'min_samples_split': 2, 'n_estimators': 190}",-1.108701720839353,-1.3564546581168715,-1.2068832331955808,-1.444179422035948,-1.2133738431911254,-1.265918575475776,0.11911084886534898,357,-0.5841540683268368,-0.6324860280521977,-0.5929178112750214,-0.5812143727528001,-0.6069085413526054,-0.5995361643518923,0.0187411044684355
259,0.4936269760131836,0.0018145501760753373,0.00037183761596679685,4.207530673686176e-06,0.02491388961250461,squared_error,huber,55,2,8,742,"{'ccp_alpha': 0.02491388961250461, 'criterion': 'squared_error', 'loss': 'huber', 'max_depth': 55, 'max_features': 2, 'min_samples_split': 8, 'n_estimators': 742}",-1.1981546240349474,-1.4181384121367655,-1.1388550609781785,-1.2977144337989261,-1.085435942393733,-1.22765969466851,0.11846874368546734,330,-0.6466810612444551,-0.5830228994557463,-0.600633049571466,-0.6024821612117729,-0.6207375177015907,-0.6107113378370062,0.021588358654473103
260,0.1857450485229492,0.0026551799544732467,0.000389862060546875,1.0029915700697766e-05,0.02621069741714442,squared_error,squared_error,15,5,9,897,"{'ccp_alpha': 0.02621069741714442, 'criterion': 'squared_error', 'loss': 'squared_error', 'max_depth': 15, 'max_features': 5, 'min_samples_split': 9, 'n_estimators': 897}",-1.0645447228948732,-1.4094850220444477,-1.2511944532942065,-1.3034516249178458,-1.1039415524386635,-1.2265234751180072,0.12748722994013245,326,-0.5964598061498335,-0.57030561766173,-0.5656480180433622,-0.5662907318442038,-0.593619349649227,-0.5784647046696714,0.013656725178263631
261,1.225177812576294,0.07594208249816292,0.0006833553314208984,9.82128751306952e-05,0.03806020856877679,friedman_mse,absolute_error,35,1,8,847,"{'ccp_alpha': 0.03806020856877679, 'criterion': 'friedman_mse', 'loss': 'absolute_error', 'max_depth': 35, 'max_features': 1, 'min_samples_split': 8, 'n_estimators': 847}",-1.0344376930791606,-1.4095222721749487,-1.1900647836620537,-1.2167045872910154,-1.0576765848896956,-1.1816811842193748,0.13436239890771978,213,-0.15819292960068687,-0.09574655258807346,-0.16666143703209518,-0.2856296144673229,-0.32250098851265846,-0.20574630444016737,0.08473711725119613
262,0.20556168556213378,0.0007622147843821052,0.0002999305725097656,3.9292076252847035e-06,0.13904321079391144,squared_error,huber,49,log2,2,305,"{'ccp_alpha': 0.13904321079391144, 'criterion': 'squared_error', 'loss': 'huber', 'max_depth': 49, 'max_features': 'log2', 'min_samples_split': 2, 'n_estimators': 305}",-1.2235242351181912,-1.2692678920891847,-1.0420987483421984,-1.2931510108848598,-0.9262232394421052,-1.150853025175308,0.14271505566395357,88,-1.0376501562763079,-1.007624348390235,-1.0737775948319446,-1.0228970103709696,-1.1482972246524032,-1.0580492669043722,0.05017280426296936
263,2.114173173904419,0.08932210456601802,0.0007444381713867188,1.3470628620232457e-05,0.0018262099883609838,friedman_mse,absolute_error,56,5,4,764,"{'ccp_alpha': 0.0018262099883609838, 'criterion': 'friedman_mse', 'loss': 'absolute_error', 'max_depth': 56, 'max_features': 5, 'min_samples_split': 4, 'n_estimators': 764}",-1.1545881104661448,-1.3108461411380183,-1.129556098010823,-1.024036547207105,-0.9202760832053015,-1.1078605960054786,0.13120343558544642,34,-0.00038437157281777444,-7.45927283394686e-05,-0.001697665397970391,-0.0006223313050608669,-0.0004841768271331129,-0.0006526275662643228,0.0005527174932148405
264,0.20135316848754883,0.0007534017230884511,0.0003292560577392578,9.585494366312573e-06,0.25698835070346043,squared_error,absolute_error,24,5,7,457,"{'ccp_alpha': 0.25698835070346043, 'criterion': 'squared_error', 'loss': 'absolute_error', 'max_depth': 24, 'max_features': 5, 'min_samples_split': 7, 'n_estimators': 457}",-1.2539626903607535,-1.221681058703438,-1.011993842626455,-1.2886088543732925,-1.1360698739132118,-1.18246326399543,0.09912543570062,217,-1.1196517532117614,-1.1285386583434693,-1.1805349773830467,-1.1124453385818207,-1.2194745759926189,-1.1521290607025434,0.04129986663129564
265,0.00045785903930664065,1.3641710244806832e-05,0.0,0.0,0.41260723894223583,squared_error,absolute_error,48,9,7,477,"{'ccp_alpha': 0.41260723894223583, 'criterion': 'squared_error', 'loss': 'absolute_error', 'max_depth': 48, 'max_features': 9, 'min_samples_split': 7, 'n_estimators': 477}",,,,,,,,419,,,,,,,
266,0.24283595085144044,0.00513512685334483,0.0003166675567626953,1.035779875365102e-05,0.13355451168825028,squared_error,huber,28,7,7,343,"{'ccp_alpha': 0.13355451168825028, 'criterion': 'squared_error', 'loss': 'huber', 'max_depth': 28, 'max_features': 7, 'min_samples_split': 7, 'n_estimators': 343}",-1.2072236974042916,-1.2851192469476513,-1.0347662197769703,-1.2890510835110283,-0.9587653287680964,-1.1549851152816075,0.13460477924629458,103,-1.0372938135526801,-1.0004403908371162,-1.067966890364243,-1.0109698363754027,-1.1369565602258367,-1.0507254982710559,0.049035857255560346
267,0.2632594108581543,0.005080595060149816,0.00031919479370117186,9.676857676670701e-06,0.05500073672998741,squared_error,huber,41,5,5,362,"{'ccp_alpha': 0.05500073672998741, 'criterion': 'squared_error', 'loss': 'huber', 'max_depth': 41, 'max_features': 5, 'min_samples_split': 5, 'n_estimators': 362}",-1.164392240762947,-1.2985601995779428,-1.1111863409756289,-1.2244439373161924,-1.1370318361174458,-1.1871229109500314,0.06723583882168666,244,-0.8653624813251113,-0.8056673507486878,-0.7594840534494527,-0.764893753605437,-0.7956078217716234,-0.7982030921800624,0.03789857551758327
268,0.2054075241088867,0.010235827317152226,0.0003856658935546875,6.507735457749985e-06,0.10484922211417176,friedman_mse,squared_error,11,7,7,883,"{'ccp_alpha': 0.10484922211417176, 'criterion': 'friedman_mse', 'loss': 'squared_error', 'max_depth': 11, 'max_features': 7, 'min_samples_split': 7, 'n_estimators': 883}",-1.193773720570721,-1.3000138225623497,-1.0362368670420141,-1.3039337087966738,-1.038364378386792,-1.1744644994717102,0.11876689440887815,200,-0.9729741330537373,-0.9527516242234705,-1.0293859465558204,-0.9721784140557835,-1.0303861586579481,-0.9915352553093519,0.03214168670666466
269,0.185783052444458,0.002678799668998429,0.00039539337158203127,1.046828623111826e-05,0.24241978001862582,squared_error,squared_error,18,log2,6,970,"{'ccp_alpha': 0.24241978001862582, 'criterion': 'squared_error', 'loss': 'squared_error', 'max_depth': 18, 'max_features': 'log2', 'min_samples_split': 6, 'n_estimators': 970}",-1.2371996965209797,-1.242766115813737,-1.042447917159892,-1.3040297705301882,-0.9783612464736502,-1.1609609492996893,0.12677626726929123,130,-1.0972151758366715,-1.0699144709247155,-1.1281265051194185,-1.089412558117084,-1.192021111783219,-1.1153379643562216,0.04267952151107903
270,0.06233015060424805,0.0022759992145964104,0.0002921581268310547,5.224795065235998e-06,0.0822005142032406,friedman_mse,squared_error,38,6,8,277,"{'ccp_alpha': 0.0822005142032406, 'criterion': 'friedman_mse', 'loss': 'squared_error', 'max_depth': 38, 'max_features': 6, 'min_samples_split': 8, 'n_estimators': 277}",-1.1883472659644938,-1.299682873418669,-1.0759831079127007,-1.2500482127901458,-1.0211413322946823,-1.1670405584761385,0.1044186512798189,176,-0.9437881352483365,-0.881977426325304,-0.9366985484268753,-0.9073569383748643,-0.9650352990345225,-0.9269712694819805,0.02910486276359815
271,0.9945065975189209,0.05260649572455468,0.0005495071411132813,2.7932809780444007e-05,0.03689325618898517,squared_error,absolute_error,22,5,4,481,"{'ccp_alpha': 0.03689325618898517, 'criterion': 'squared_error', 'loss': 'absolute_error', 'max_depth': 22, 'max_features': 5, 'min_samples_split': 4, 'n_estimators': 481}",-1.109900327014179,-1.283128629670763,-1.1372437330746903,-1.0136126512077666,-1.0873395637511978,-1.1262449809437194,0.08854408245286403,53,-0.1246520423198699,-0.0380842721545355,-0.05338321488531201,-0.09387059477275919,-0.13816579468115922,-0.08963118376272716,0.03891282806704171
272,0.6747352123260498,0.012497465303239776,0.00042643547058105467,1.1190546255081317e-05,0.061787162025013935,friedman_mse,huber,55,log2,3,989,"{'ccp_alpha': 0.061787162025013935, 'criterion': 'friedman_mse', 'loss': 'huber', 'max_depth': 55, 'max_features': 'log2', 'min_samples_split': 3, 'n_estimators': 989}",-1.2225812169778483,-1.3222457207602019,-1.1593509688504302,-1.2710333629011823,-1.0598840523615192,-1.2070190643702363,0.0911462039168868,291,-0.879087369235614,-0.811342311579566,-0.8037187592440136,-0.8306678349102719,-0.8858851315465963,-0.8421402813032124,0.034161512121636935
273,1.9399006366729736,0.08562037686124424,0.0007690906524658204,8.781372827410852e-05,0.0042051699597844576,squared_error,absolute_error,47,6,2,634,"{'ccp_alpha': 0.0042051699597844576, 'criterion': 'squared_error', 'loss': 'absolute_error', 'max_depth': 47, 'max_features': 6, 'min_samples_split': 2, 'n_estimators': 634}",-1.1684559551582183,-1.2993974373052033,-1.0841015756400858,-1.1812191117709014,-1.004003174703702,-1.1474354509156224,0.09925687912040611,75,-0.000818112295598589,-0.0014179702455559987,-0.0012099728726812139,-7.268088568384715e-05,-0.0014706523520860036,-0.0009978777303211305,0.0005163879794499076
274,0.2182474136352539,0.006820959427036482,0.0003976345062255859,1.6834715442188567e-05,0.09866078140139878,friedman_mse,squared_error,21,6,6,944,"{'ccp_alpha': 0.09866078140139878, 'criterion': 'friedman_mse', 'loss': 'squared_error', 'max_depth': 21, 'max_features': 6, 'min_samples_split': 6, 'n_estimators': 944}",-1.188807865267607,-1.3000138225623497,-1.058252171509089,-1.323434985121537,-1.024823045423791,-1.1790663779768746,0.12161624379728542,209,-0.9767911859574722,-0.9527516242234705,-0.9665340189209948,-0.966265556573031,-1.0080789742588334,-0.9740842719867604,0.01863431060427142
275,0.000664520263671875,1.2458505761308937e-05,0.0,0.0,0.005760945107159083,squared_error,huber,58,8,5,655,"{'ccp_alpha': 0.005760945107159083, 'criterion': 'squared_error', 'loss': 'huber', 'max_depth': 58, 'max_features': 8, 'min_samples_split': 5, 'n_estimators': 655}",,,,,,,,431,,,,,,,
276,2.118356466293335,0.08302377655013889,0.0007946491241455078,7.835408148512621e-05,0.012626133322546388,friedman_mse,absolute_error,49,auto,4,820,"{'ccp_alpha': 0.012626133322546388, 'criterion': 'friedman_mse', 'loss': 'absolute_error', 'max_depth': 49, 'max_features': 'auto', 'min_samples_split': 4, 'n_estimators': 820}",-1.0792830867301804,-1.2727428709231192,-1.1335547665896966,-1.0965266825280457,-0.8080278164651155,-1.0780270446472313,0.15115619627973917,12,-0.0009115252839814147,-0.0020317644098293776,-0.00117376921174522,-0.06852591277514881,-0.0020975163065382117,-0.014948097597448607,0.026792942602603696
277,0.09374008178710938,0.0003196174628607181,0.0002774715423583984,4.311093159597666e-06,0.1416368306010139,squared_error,huber,61,2,3,141,"{'ccp_alpha': 0.1416368306010139, 'criterion': 'squared_error', 'loss': 'huber', 'max_depth': 61, 'max_features': 2, 'min_samples_split': 3, 'n_estimators': 141}",-1.223524235041593,-1.2692678893094718,-1.0420987424511805,-1.2931510138011453,-0.9262281952972422,-1.1508540151801265,0.1427134966021013,89,-1.0376501562736848,-1.0076243484726057,-1.0737775950621593,-1.0228970102525092,-1.148302439770669,-1.0580503099663257,0.05017468041696838
278,0.11902394294738769,0.0019380559544428888,0.0003354072570800781,4.089139284995717e-06,0.0326185655219898,squared_error,squared_error,23,4,6,565,"{'ccp_alpha': 0.0326185655219898, 'criterion': 'squared_error', 'loss': 'squared_error', 'max_depth': 23, 'max_features': 4, 'min_samples_split': 6, 'n_estimators': 565}",-1.0820764398250995,-1.3012954232568317,-1.1394206112584098,-1.2926765592815603,-1.1585253744248787,-1.1947988816093562,0.08718993313646521,262,-0.6350213401600658,-0.613210836714062,-0.5766670131082139,-0.5884356715747293,-0.6280177849437313,-0.6082705293001605,0.022459610153079443
279,0.19223690032958984,0.0018686268066044045,0.0002960681915283203,5.022433230384667e-06,0.003623026341103554,friedman_mse,huber,17,6,5,200,"{'ccp_alpha': 0.003623026341103554, 'criterion': 'friedman_mse', 'loss': 'huber', 'max_depth': 17, 'max_features': 6, 'min_samples_split': 5, 'n_estimators': 200}",-1.0953897309578617,-1.424238671955479,-1.2703902329761612,-1.416776714573844,-1.2271087470824054,-1.2867808195091501,0.12349376523879475,363,-0.2493536989816718,-0.24588309113251203,-0.2713316276585039,-0.2542072217086695,-0.2694711433694097,-0.2580493565701534,0.010442896292132665
280,0.1394721031188965,0.005287483560933879,0.00033969879150390624,2.002716064453125e-06,0.09989077578348196,friedman_mse,squared_error,18,7,8,614,"{'ccp_alpha': 0.09989077578348196, 'criterion': 'friedman_mse', 'loss': 'squared_error', 'max_depth': 18, 'max_features': 7, 'min_samples_split': 8, 'n_estimators': 614}",-1.188807865267607,-1.3000138225623497,-1.0359470442686107,-1.2814814176740041,-1.0029338170836348,-1.1618367933712412,0.12266503254151243,134,-0.9767911859574722,-0.9527516242234705,-1.0146009732155232,-0.9306809832134384,-1.0413669637053082,-0.9832383460630425,0.04023886937417971
281,1.76732497215271,0.025268594466820362,0.0006924152374267578,1.2698917496045004e-05,0.022433245966640432,squared_error,absolute_error,14,1,5,727,"{'ccp_alpha': 0.022433245966640432, 'criterion': 'squared_error', 'loss': 'absolute_error', 'max_depth': 14, 'max_features': 1, 'min_samples_split': 5, 'n_estimators': 727}",-1.1720267807184417,-1.4879464886736402,-1.256195193509783,-1.2836337418179558,-1.1562754705747889,-1.2712155350589218,0.11866065580919472,358,-0.01251429719964277,-0.07969690323798492,-0.022566495235936707,-0.07112826718017766,-0.05285295915279322,-0.047751784401307056,0.026339900694863225
282,0.6451253890991211,0.007978763690287867,0.0004047870635986328,1.623446710407422e-05,0.3567124799837975,friedman_mse,huber,41,4,3,933,"{'ccp_alpha': 0.3567124799837975, 'criterion': 'friedman_mse', 'loss': 'huber', 'max_depth': 41, 'max_features': 4, 'min_samples_split': 3, 'n_estimators': 933}",-1.258989761109406,-1.2317491642262988,-1.0465281749608721,-1.2936026313167548,-1.0040721894877527,-1.166988384220217,0.11810311432408314,172,-1.1188574060517307,-1.126864777468536,-1.1735256339643245,-1.112311702124022,-1.1929453160794932,-1.1449009671376214,0.03222813187924005
283,0.18780674934387206,0.001650103033818094,0.00032215118408203126,1.1333688023097315e-05,0.4512785561624937,squared_error,absolute_error,15,7,7,417,"{'ccp_alpha': 0.4512785561624937, 'criterion': 'squared_error', 'loss': 'absolute_error', 'max_depth': 15, 'max_features': 7, 'min_samples_split': 7, 'n_estimators': 417}",-1.2539626903607535,-1.221681058703438,-1.011993842626455,-1.2886088543732925,-1.1360698739132118,-1.18246326399543,0.09912543570062,217,-1.1196517532117614,-1.1285386583434693,-1.1805349773830467,-1.1124453385818207,-1.2194745759926189,-1.1521290607025434,0.04129986663129564
284,0.2244865894317627,0.005019917916108929,0.00040106773376464845,6.876051343006804e-06,0.13308221360883962,squared_error,squared_error,36,6,7,989,"{'ccp_alpha': 0.13308221360883962, 'criterion': 'squared_error', 'loss': 'squared_error', 'max_depth': 36, 'max_features': 6, 'min_samples_split': 7, 'n_estimators': 989}",-1.2053741426886766,-1.2854186543373238,-1.0368877924212796,-1.3033100701828106,-0.9291965509351022,-1.1520374421130386,0.1459015174773466,93,-1.023923923525178,-0.9870397425399893,-1.0574597040215739,-1.0240711065057972,-1.0998847514235168,-1.038475845603211,0.03793776018021019
285,0.4113157749176025,0.0039783639959629705,0.0003547191619873047,8.660076968953318e-06,0.4945787357577078,friedman_mse,huber,17,auto,7,563,"{'ccp_alpha': 0.4945787357577078, 'criterion': 'friedman_mse', 'loss': 'huber', 'max_depth': 17, 'max_features': 'auto', 'min_samples_split': 7, 'n_estimators': 563}",-1.258989761109406,-1.2317491642262988,-1.0465281749608721,-1.2936026313167548,-1.0040721894877527,-1.166988384220217,0.11810311432408314,172,-1.1188574060517307,-1.126864777468536,-1.1735256339643245,-1.112311702124022,-1.1929453160794932,-1.1449009671376214,0.03222813187924005
286,0.0004802703857421875,7.928412597300668e-06,0.0,0.0,0.26653986210227587,friedman_mse,absolute_error,53,8,9,886,"{'ccp_alpha': 0.26653986210227587, 'criterion': 'friedman_mse', 'loss': 'absolute_error', 'max_depth': 53, 'max_features': 8, 'min_samples_split': 9, 'n_estimators': 886}",,,,,,,,424,,,,,,,
287,0.4666877269744873,0.010766748379962396,0.00035748481750488283,6.152123374435887e-06,0.05621132698724982,squared_error,huber,53,4,2,643,"{'ccp_alpha': 0.05621132698724982, 'criterion': 'squared_error', 'loss': 'huber', 'max_depth': 53, 'max_features': 4, 'min_samples_split': 2, 'n_estimators': 643}",-1.1662210139241564,-1.3327479162454785,-1.0676741973456256,-1.3088940729950853,-1.0466509822302956,-1.1844376365481284,0.11868955456930853,239,-0.8787357895910691,-0.7949855395046281,-0.7507641308276277,-0.7878654564322676,-0.8150327293259547,-0.8054767291363095,0.04212338419018544
288,0.29987645149230957,0.0017908502819015501,0.00032639503479003906,1.4323381840627871e-05,0.019592934335398868,squared_error,huber,57,4,9,422,"{'ccp_alpha': 0.019592934335398868, 'criterion': 'squared_error', 'loss': 'huber', 'max_depth': 57, 'max_features': 4, 'min_samples_split': 9, 'n_estimators': 422}",-1.0777174056513177,-1.365451579691658,-1.158475252099615,-1.391308107692239,-1.2059844825306474,-1.2397873655330955,0.12064078631285866,342,-0.6129264389004988,-0.5306024208136285,-0.5276692327479461,-0.5614060421871673,-0.5505741797246066,-0.5566356628747695,0.030805627177023308
289,0.1342306137084961,0.0007459835484228369,0.0003671169281005859,6.408804937901093e-06,0.025860327370502534,friedman_mse,squared_error,46,1,6,771,"{'ccp_alpha': 0.025860327370502534, 'criterion': 'friedman_mse', 'loss': 'squared_error', 'max_depth': 46, 'max_features': 1, 'min_samples_split': 6, 'n_estimators': 771}",-1.1369419898354876,-1.2596479191268715,-1.1639471688016605,-1.2140745236891644,-0.9681810472751712,-1.148558529745671,0.09953992996719227,79,-0.5768016583481369,-0.5630675202436317,-0.5566428634310546,-0.5790738228900089,-0.6408059855224165,-0.5832783700870496,0.029956572620963556
290,0.11290016174316406,0.0019571489564747437,0.0002789020538330078,3.892580343620024e-06,0.013445886200161053,friedman_mse,huber,58,7,6,127,"{'ccp_alpha': 0.013445886200161053, 'criterion': 'friedman_mse', 'loss': 'huber', 'max_depth': 58, 'max_features': 7, 'min_samples_split': 6, 'n_estimators': 127}",-1.1127642281453307,-1.3686878838297838,-1.2764359341841622,-1.5074266346867373,-1.2549305339576384,-1.3040490429607305,0.1306182350570703,367,-0.501708308990359,-0.4926009870688424,-0.4726663909157788,-0.5223374891176494,-0.4827722842614115,-0.4944170920708082,0.01699825404241597
291,0.24662532806396484,0.004671693429757292,0.0003224849700927734,4.025251310425812e-06,0.04313785040609746,squared_error,huber,19,6,6,334,"{'ccp_alpha': 0.04313785040609746, 'criterion': 'squared_error', 'loss': 'huber', 'max_depth': 19, 'max_features': 6, 'min_samples_split': 6, 'n_estimators': 334}",-1.1469985723526588,-1.3311452983246268,-1.1003404003448791,-1.3408173801447936,-1.1239908284657965,-1.208658495926551,0.10504509256346958,297,-0.790086530783767,-0.768503307107956,-0.737651885381744,-0.7536810651254641,-0.7394642788916455,-0.7578774134581152,0.019575810096214553
292,0.0003819465637207031,9.655216565759937e-07,0.0,0.0,0.04825041874624851,friedman_mse,squared_error,23,9,4,471,"{'ccp_alpha': 0.04825041874624851, 'criterion': 'friedman_mse', 'loss': 'squared_error', 'max_depth': 23, 'max_features': 9, 'min_samples_split': 4, 'n_estimators': 471}",,,,,,,,425,,,,,,,
293,2.627098798751831,0.07392532104440609,0.000805807113647461,4.242762951266004e-05,0.016530455121399168,friedman_mse,absolute_error,13,log2,2,805,"{'ccp_alpha': 0.016530455121399168, 'criterion': 'friedman_mse', 'loss': 'absolute_error', 'max_depth': 13, 'max_features': 'log2', 'min_samples_split': 2, 'n_estimators': 805}",-1.1200856240476353,-1.40304302036627,-1.203276838487182,-1.2938344626332727,-0.6823254582104031,-1.1405130807489525,0.2476779695728409,64,-0.00010115112000905759,-8.014649075763807e-05,-3.530677994740441e-05,-2.2414489361269338e-08,-8.020124185541356e-07,-4.3485763524403094e-05,4.110270879135021e-05
294,0.0006931304931640625,1.2569340660709907e-05,0.0,0.0,0.3761964485056681,squared_error,huber,28,10,5,359,"{'ccp_alpha': 0.3761964485056681, 'criterion': 'squared_error', 'loss': 'huber', 'max_depth': 28, 'max_features': 10, 'min_samples_split': 5, 'n_estimators': 359}",,,,,,,,426,,,,,,,
295,0.12694616317749025,0.0009645875617731686,0.00029439926147460936,3.2001422377705606e-06,0.0713391115391984,squared_error,huber,56,3,6,177,"{'ccp_alpha': 0.0713391115391984, 'criterion': 'squared_error', 'loss': 'huber', 'max_depth': 56, 'max_features': 3, 'min_samples_split': 6, 'n_estimators': 177}",-1.2141257709649274,-1.2981163788103143,-1.0986107924141348,-1.243863470737221,-0.9938784796098669,-1.169718978507293,0.1094819770838456,192,-0.9217998102485079,-0.8416327778650965,-0.8314845781107809,-0.8911961771422123,-0.9406719313637627,-0.885357054946072,0.042978975050091565
296,0.6102735042572022,0.012572334786703006,0.0003824710845947266,9.446191041416746e-06,0.004355064417148414,friedman_mse,huber,20,7,5,789,"{'ccp_alpha': 0.004355064417148414, 'criterion': 'friedman_mse', 'loss': 'huber', 'max_depth': 20, 'max_features': 7, 'min_samples_split': 5, 'n_estimators': 789}",-1.1592357340908641,-1.4389307852557185,-1.2169069236426842,-1.547441930767396,-1.3510364021968782,-1.342710355190708,0.14193812189524505,372,-0.3026579880075747,-0.31509046767950366,-0.2895867907214515,-0.28975355602438196,-0.295001962276303,-0.29841815294184293,0.009598758640255327
297,0.5669242382049561,0.011245530122823783,0.0003804206848144531,8.253002981689428e-06,0.031976121528137995,friedman_mse,huber,37,7,7,787,"{'ccp_alpha': 0.031976121528137995, 'criterion': 'friedman_mse', 'loss': 'huber', 'max_depth': 37, 'max_features': 7, 'min_samples_split': 7, 'n_estimators': 787}",-1.126907162833923,-1.3409074699233028,-1.1856127510567387,-1.39347427615138,-1.2555796631475635,-1.2604962646225817,0.0975980278272041,353,-0.7100921194850963,-0.6755340930039504,-0.7106681340454443,-0.6868060006621248,-0.6585503156716185,-0.6883301325736468,0.02012694455479725
298,0.14767017364501953,0.002839822940042211,0.0003072261810302734,8.490647651153071e-06,0.5155617694964877,squared_error,absolute_error,33,6,6,329,"{'ccp_alpha': 0.5155617694964877, 'criterion': 'squared_error', 'loss': 'absolute_error', 'max_depth': 33, 'max_features': 6, 'min_samples_split': 6, 'n_estimators': 329}",-1.2539626903607535,-1.221681058703438,-1.011993842626455,-1.2886088543732925,-1.1360698739132118,-1.18246326399543,0.09912543570062,217,-1.1196517532117614,-1.1285386583434693,-1.1805349773830467,-1.1124453385818207,-1.2194745759926189,-1.1521290607025434,0.04129986663129564
299,0.8082996845245362,0.07195840763316555,0.0005786418914794922,4.284137072439809e-05,0.05531289912705748,squared_error,absolute_error,57,2,3,656,"{'ccp_alpha': 0.05531289912705748, 'criterion': 'squared_error', 'loss': 'absolute_error', 'max_depth': 57, 'max_features': 2, 'min_samples_split': 3, 'n_estimators': 656}",-1.0355065703651034,-1.3029681921569702,-1.1446195112703494,-1.2445837412504308,-0.921318645250369,-1.1297993320586444,0.1383747622169398,56,-0.37286118360894593,-0.14411979881273365,-0.2655092557683568,-0.3134594250008528,-0.43039240369816034,-0.3052684133778099,0.09781774358742074
300,0.025633478164672853,0.00035221255123498964,0.0002788543701171875,3.601935857395412e-06,0.15519457792134095,friedman_mse,squared_error,29,4,7,117,"{'ccp_alpha': 0.15519457792134095, 'criterion': 'friedman_mse', 'loss': 'squared_error', 'max_depth': 29, 'max_features': 4, 'min_samples_split': 7, 'n_estimators': 117}",-1.2023223758732766,-1.2707596181476972,-1.064736900177078,-1.2760363505813492,-0.9281715964914082,-1.1484053682541617,0.13391833377295795,78,-1.0647609478229147,-1.0000685249517274,-1.039346954780759,-1.039140208848169,-1.1482611486679275,-1.0583155570142995,0.04950145677186053
301,0.2389812469482422,0.002700523945863823,0.00032224655151367185,1.3029613520993002e-05,0.025016762390617026,friedman_mse,huber,16,7,7,317,"{'ccp_alpha': 0.025016762390617026, 'criterion': 'friedman_mse', 'loss': 'huber', 'max_depth': 16, 'max_features': 7, 'min_samples_split': 7, 'n_estimators': 317}",-1.1360206920390965,-1.3609881234029273,-1.2071166169243337,-1.4416907648682498,-1.2525785863866212,-1.2796789567242457,0.10908384555569525,361,-0.6583244857096424,-0.6297018502252159,-0.6127945730951223,-0.6498719069724368,-0.6050391625322648,-0.6311463957069364,0.020541456020499116
302,0.07000498771667481,0.0020374379841283934,0.00029821395874023436,4.284641239974072e-06,0.07000696416258902,squared_error,squared_error,37,5,6,320,"{'ccp_alpha': 0.07000696416258902, 'criterion': 'squared_error', 'loss': 'squared_error', 'max_depth': 37, 'max_features': 5, 'min_samples_split': 6, 'n_estimators': 320}",-1.1740699775901084,-1.3082073991187992,-1.0903458026149009,-1.2622640461051495,-1.1252748167903595,-1.1920324084438634,0.08191276110286397,254,-0.8637789617410153,-0.8294852213563346,-0.8192608896133614,-0.8434549957728353,-0.8622085702241207,-0.8436377277415336,0.01757897927991003
303,0.00045800209045410156,2.132480599880018e-06,0.0,0.0,0.15195645031299698,squared_error,absolute_error,48,9,5,408,"{'ccp_alpha': 0.15195645031299698, 'criterion': 'squared_error', 'loss': 'absolute_error', 'max_depth': 48, 'max_features': 9, 'min_samples_split': 5, 'n_estimators': 408}",,,,,,,,428,,,,,,,
304,0.6135979652404785,0.00391865854570508,0.00047121047973632815,0.00014378333268828757,0.0014891252314907575,squared_error,huber,42,sqrt,8,839,"{'ccp_alpha': 0.0014891252314907575, 'criterion': 'squared_error', 'loss': 'huber', 'max_depth': 42, 'max_features': 'sqrt', 'min_samples_split': 8, 'n_estimators': 839}",-1.1690568499903908,-1.4312899524672074,-1.1865691698989849,-1.2731792119621304,-1.2619039818359212,-1.264399833230927,0.09282619810343093,355,-0.1842310944539767,-0.19498326837103616,-0.19201714191389455,-0.29567862162459974,-0.26643020757496144,-0.2266680667876937,0.0454950418948058
305,0.07147831916809082,0.002359045718785801,0.0002936840057373047,1.1018962868014662e-06,0.08617790857936744,squared_error,squared_error,49,6,8,323,"{'ccp_alpha': 0.08617790857936744, 'criterion': 'squared_error', 'loss': 'squared_error', 'max_depth': 49, 'max_features': 6, 'min_samples_split': 8, 'n_estimators': 323}",-1.1883472659644938,-1.3002675535542647,-1.0782091441021313,-1.2500482127901458,-1.0211413322946823,-1.1676027017411437,0.10418224707793307,184,-0.9437881352483365,-0.9344828430302007,-0.94655148360404,-0.9073569383748643,-0.9650352990345225,-0.9394429398583929,0.018859984184015792
306,0.28272347450256347,0.0010684578358888396,0.0003500461578369141,2.263846868604511e-06,0.14549632162750534,friedman_mse,absolute_error,43,4,4,644,"{'ccp_alpha': 0.14549632162750534, 'criterion': 'friedman_mse', 'loss': 'absolute_error', 'max_depth': 43, 'max_features': 4, 'min_samples_split': 4, 'n_estimators': 644}",-1.3084431524190951,-1.2759722982318555,-1.0277808359651222,-1.2886088543732925,-1.1360698739132118,-1.2073750029805157,0.10849680605077755,294,-1.0454116814152377,-1.0050476543134756,-1.0386454055739631,-1.1124453385818207,-1.2194745759926189,-1.0842049311754232,0.07608134922520082
307,0.0006595134735107421,9.766900828587007e-06,0.0,0.0,0.033848806507970744,squared_error,huber,17,8,8,92,"{'ccp_alpha': 0.033848806507970744, 'criterion': 'squared_error', 'loss': 'huber', 'max_depth': 17, 'max_features': 8, 'min_samples_split': 8, 'n_estimators': 92}",,,,,,,,429,,,,,,,
308,0.10345864295959473,0.006240131187934276,0.0003119468688964844,4.641759309249099e-06,0.14935537976719807,squared_error,squared_error,29,7,7,427,"{'ccp_alpha': 0.14935537976719807, 'criterion': 'squared_error', 'loss': 'squared_error', 'max_depth': 29, 'max_features': 7, 'min_samples_split': 7, 'n_estimators': 427}",-1.2073480501873484,-1.2707596181476972,-1.035291178706527,-1.3040818332052357,-0.9281715964914082,-1.1491304553476431,0.14420476365609472,81,-1.0374038970701793,-1.0000685249517274,-1.0824515102654075,-1.0240707575378818,-1.1482611486679275,-1.0584511676986246,0.052297958474244934
309,0.11086430549621581,0.002591717631815004,0.0003421306610107422,9.078709013299833e-06,0.06109215484145517,friedman_mse,squared_error,59,1,3,599,"{'ccp_alpha': 0.06109215484145517, 'criterion': 'friedman_mse', 'loss': 'squared_error', 'max_depth': 59, 'max_features': 1, 'min_samples_split': 3, 'n_estimators': 599}",-1.2136708639151685,-1.2982444521962202,-1.1766728226176755,-1.288094222122418,-0.8480006382663167,-1.16493659982356,0.16486355242124157,153,-0.8595277221458592,-0.8101677401173188,-0.753138380822332,-0.8195808248362046,-0.8736624978942016,-0.8232154331631832,0.0423266691517983
310,0.0004532337188720703,2.8847662853725766e-06,0.0,0.0,0.2624027974130253,friedman_mse,absolute_error,17,10,7,646,"{'ccp_alpha': 0.2624027974130253, 'criterion': 'friedman_mse', 'loss': 'absolute_error', 'max_depth': 17, 'max_features': 10, 'min_samples_split': 7, 'n_estimators': 646}",,,,,,,,454,,,,,,,
311,2.526739168167114,0.07680072057249407,0.0008168220520019531,1.863024196203833e-05,0.018625125089817892,friedman_mse,absolute_error,50,5,3,915,"{'ccp_alpha': 0.018625125089817892, 'criterion': 'friedman_mse', 'loss': 'absolute_error', 'max_depth': 50, 'max_features': 5, 'min_samples_split': 3, 'n_estimators': 915}",-1.1541833814518672,-1.2884622242391313,-1.1895149898184072,-1.042147678192178,-0.9011107798147981,-1.1150838107032766,0.13284049722180416,41,-0.0012384559203241852,-6.810930600332418e-05,-0.0004841169803253828,-1.1390755403946944e-05,-4.65166640564655e-05,-0.00036971792522266095,0.0004672511151358582
312,0.09475727081298828,0.0016959677964707787,0.0003124713897705078,3.4929745811104657e-06,0.07575686371182572,squared_error,squared_error,34,4,3,420,"{'ccp_alpha': 0.07575686371182572, 'criterion': 'squared_error', 'loss': 'squared_error', 'max_depth': 34, 'max_features': 4, 'min_samples_split': 3, 'n_estimators': 420}",-1.184098741282247,-1.3173899256013617,-1.1121108153127743,-1.284404117860237,-1.0111743842325456,-1.1818355968578333,0.11214918102300588,215,-0.8893079932459799,-0.8544333826899566,-0.8136657071636141,-0.840667675802412,-0.9247579087978112,-0.8645665335399547,0.038729502338448546
313,0.0004574298858642578,4.30370301038602e-06,0.0,0.0,0.07816297135155502,friedman_mse,absolute_error,62,9,9,683,"{'ccp_alpha': 0.07816297135155502, 'criterion': 'friedman_mse', 'loss': 'absolute_error', 'max_depth': 62, 'max_features': 9, 'min_samples_split': 9, 'n_estimators': 683}",,,,,,,,456,,,,,,,
314,0.12381992340087891,0.0031107304490213205,0.00033769607543945315,9.098222918892626e-06,0.16673790419239276,squared_error,squared_error,38,6,5,516,"{'ccp_alpha': 0.16673790419239276, 'criterion': 'squared_error', 'loss': 'squared_error', 'max_depth': 38, 'max_features': 6, 'min_samples_split': 5, 'n_estimators': 516}",-1.2179833048973048,-1.2645689919926968,-1.039655717365413,-1.3020886633598956,-0.9273367779524121,-1.1503266911135444,0.14327105968821396,87,-1.0794053000203228,-1.0303371723662909,-1.095934981638031,-1.0526813921700868,-1.1472771894769263,-1.0811272071343316,0.03996710481009629
315,0.0004565715789794922,4.874479365411013e-06,0.0,0.0,0.14433673741175385,friedman_mse,absolute_error,37,8,3,498,"{'ccp_alpha': 0.14433673741175385, 'criterion': 'friedman_mse', 'loss': 'absolute_error', 'max_depth': 37, 'max_features': 8, 'min_samples_split': 3, 'n_estimators': 498}",,,,,,,,499,,,,,,,
316,1.152409029006958,0.05893687505179643,0.0005512714385986328,1.4635405604715651e-05,0.03762810533708914,squared_error,absolute_error,17,6,2,509,"{'ccp_alpha': 0.03762810533708914, 'criterion': 'squared_error', 'loss': 'absolute_error', 'max_depth': 17, 'max_features': 6, 'min_samples_split': 2, 'n_estimators': 509}",-1.139066633318579,-1.2377970723258105,-1.1739327765262366,-1.0752983555088642,-0.931860304642636,-1.1115910284644253,0.1041053880607622,38,-0.05182317091831608,-0.06320140335967743,-0.050004775290749204,-0.0247658565831543,-0.07583739466410037,-0.05312652016319948,0.016929609215936753
317,0.6162243843078613,0.0033213162325302263,0.0003977298736572266,4.0077021387959845e-06,0.46427186007284216,friedman_mse,huber,15,sqrt,4,943,"{'ccp_alpha': 0.46427186007284216, 'criterion': 'friedman_mse', 'loss': 'huber', 'max_depth': 15, 'max_features': 'sqrt', 'min_samples_split': 4, 'n_estimators': 943}",-1.258989761109406,-1.2317491642262988,-1.0465281749608721,-1.2936026313167548,-1.0040721894877527,-1.166988384220217,0.11810311432408314,172,-1.1188574060517307,-1.126864777468536,-1.1735256339643245,-1.112311702124022,-1.1929453160794932,-1.1449009671376214,0.03222813187924005
318,0.0004619121551513672,8.769915589983045e-06,0.0,0.0,0.2289053740158309,friedman_mse,absolute_error,51,10,8,916,"{'ccp_alpha': 0.2289053740158309, 'criterion': 'friedman_mse', 'loss': 'absolute_error', 'max_depth': 51, 'max_features': 10, 'min_samples_split': 8, 'n_estimators': 916}",,,,,,,,480,,,,,,,
319,0.0003741264343261719,4.489365499854973e-06,0.0,0.0,0.031017335838649157,squared_error,squared_error,54,10,9,677,"{'ccp_alpha': 0.031017335838649157, 'criterion': 'squared_error', 'loss': 'squared_error', 'max_depth': 54, 'max_features': 10, 'min_samples_split': 9, 'n_estimators': 677}",,,,,,,,481,,,,,,,
320,0.0004570484161376953,4.0713070308945775e-06,0.0,0.0,0.8830726855472246,friedman_mse,absolute_error,39,9,4,278,"{'ccp_alpha': 0.8830726855472246, 'criterion': 'friedman_mse', 'loss': 'absolute_error', 'max_depth': 39, 'max_features': 9, 'min_samples_split': 4, 'n_estimators': 278}",,,,,,,,482,,,,,,,
321,0.5426443576812744,0.0028999176151381176,0.00038390159606933595,3.446447563093691e-06,0.004597041352452295,squared_error,huber,47,sqrt,8,769,"{'ccp_alpha': 0.004597041352452295, 'criterion': 'squared_error', 'loss': 'huber', 'max_depth': 47, 'max_features': 'sqrt', 'min_samples_split': 8, 'n_estimators': 769}",-1.1669556298680468,-1.4241879551226557,-1.2281092645488272,-1.2591023910624168,-1.2238010568184863,-1.2604312594840867,0.08711164984521648,352,-0.2953641726229412,-0.30597264070675106,-0.3001516454239704,-0.41910035988132766,-0.34173069498636727,-0.3324639027242715,0.04629040517487097
322,0.6478480339050293,0.004134892702776215,0.00040326118469238283,4.525182119033164e-06,0.13884432821272885,squared_error,huber,55,sqrt,6,999,"{'ccp_alpha': 0.13884432821272885, 'criterion': 'squared_error', 'loss': 'huber', 'max_depth': 55, 'max_features': 'sqrt', 'min_samples_split': 6, 'n_estimators': 999}",-1.2235242351181912,-1.258579973574583,-1.0420987483421984,-1.2931510108848598,-0.9262232394421052,-1.1487154414723877,0.1409951090999832,80,-1.0376501562763079,-0.9979243681710818,-1.0737775948319446,-1.0228970103709696,-1.1482972246524032,-1.0561092708605415,0.052230383026226866
323,0.6233957290649415,0.005859566190420394,0.00039424896240234373,1.0278689217573037e-05,0.05051917109757678,friedman_mse,huber,21,7,4,858,"{'ccp_alpha': 0.05051917109757678, 'criterion': 'friedman_mse', 'loss': 'huber', 'max_depth': 21, 'max_features': 7, 'min_samples_split': 4, 'n_estimators': 858}",-1.1689408585455718,-1.33281859092383,-1.0951698658906872,-1.3778398896549868,-1.1571956060883528,-1.2263929622206857,0.10915228407778098,325,-0.8819507360954116,-0.7589961417100184,-0.8412321514780915,-0.7970801692922416,-0.79146258811188,-0.8141443573375288,0.04284490272461327
324,0.12899322509765626,0.0015143745735279877,0.0003491878509521484,3.810522656251344e-06,0.06121852278152121,squared_error,squared_error,20,sqrt,8,696,"{'ccp_alpha': 0.06121852278152121, 'criterion': 'squared_error', 'loss': 'squared_error', 'max_depth': 20, 'max_features': 'sqrt', 'min_samples_split': 8, 'n_estimators': 696}",-1.186354990350531,-1.2893430609756928,-1.0944380728418215,-1.2500181266064603,-0.9918756706250582,-1.1624059842799128,0.10776148539749011,139,-0.8241420034424793,-0.7932787266928141,-0.762714556235997,-0.8040192731019443,-0.8531405969788287,-0.8074590312904126,0.030265848827821552
325,0.0003767967224121094,3.103473681501957e-06,0.0,0.0,0.03056376748725116,friedman_mse,squared_error,18,10,7,68,"{'ccp_alpha': 0.03056376748725116, 'criterion': 'friedman_mse', 'loss': 'squared_error', 'max_depth': 18, 'max_features': 10, 'min_samples_split': 7, 'n_estimators': 68}",,,,,,,,483,,,,,,,
326,0.36046772003173827,0.018253503886519057,0.0003689765930175781,7.473728461041676e-06,0.041527765404269196,squared_error,absolute_error,47,2,4,207,"{'ccp_alpha': 0.041527765404269196, 'criterion': 'squared_error', 'loss': 'absolute_error', 'max_depth': 47, 'max_features': 2, 'min_samples_split': 4, 'n_estimators': 207}",-1.043069420389447,-1.229371173282175,-1.00932661796497,-1.25444978941574,-0.830583517585246,-1.0733601037275156,0.1556221138920384,8,-0.2763813831160192,-0.1593076898440732,-0.21831739469471234,-0.37537269437330906,-0.3033144412514018,-0.2665387206559031,0.07364503474256225
327,1.6048710346221924,0.05226772785435402,0.0006610870361328125,1.8160172736234684e-05,0.02507473682800411,friedman_mse,absolute_error,18,6,5,674,"{'ccp_alpha': 0.02507473682800411, 'criterion': 'friedman_mse', 'loss': 'absolute_error', 'max_depth': 18, 'max_features': 6, 'min_samples_split': 5, 'n_estimators': 674}",-1.0830642036427935,-1.2714861525880798,-1.177175678553585,-1.0945936677157817,-0.9610401574105656,-1.117471971982161,0.10340514914107701,44,-0.004079263181752131,-0.03565924573828801,-0.0028346556796816132,-0.10966980614425055,-0.003725836526168124,-0.031193761454028086,0.04116394523569174
328,0.9445982933044433,0.09042151278544652,0.0005922794342041015,3.862481057083253e-05,0.06606006095867838,friedman_mse,absolute_error,13,4,6,985,"{'ccp_alpha': 0.06606006095867838, 'criterion': 'friedman_mse', 'loss': 'absolute_error', 'max_depth': 13, 'max_features': 4, 'min_samples_split': 6, 'n_estimators': 985}",-1.096798236881476,-1.270652811050545,-1.119151586868649,-1.0791286283991657,-0.8226967001786312,-1.0776855926756934,0.14445932774262266,11,-0.535026129687374,-0.21346044299351394,-0.31745937671175345,-0.4163467863246373,-0.5050743644473144,-0.3974734200329186,0.11926268316186746
329,0.3115956783294678,0.06637912093942433,0.0003688335418701172,3.333668120050173e-05,0.07477808452944681,squared_error,absolute_error,13,6,5,425,"{'ccp_alpha': 0.07477808452944681, 'criterion': 'squared_error', 'loss': 'absolute_error', 'max_depth': 13, 'max_features': 6, 'min_samples_split': 5, 'n_estimators': 425}",-1.2789308058673625,-1.1749182857883782,-1.0678788756436637,-1.0484086826719352,-0.8973318805060984,-1.0934937060954877,0.12820695834837367,18,-0.7195723942739616,-0.42973073225766195,-0.5749213031633228,-0.5794661294574087,-0.505706270215919,-0.5618793658736548,0.09588029581725903
330,0.4409200668334961,0.013982666820076936,0.00040912628173828125,1.582496022532682e-05,0.4100401562945781,friedman_mse,absolute_error,21,5,7,976,"{'ccp_alpha': 0.4100401562945781, 'criterion': 'friedman_mse', 'loss': 'absolute_error', 'max_depth': 21, 'max_features': 5, 'min_samples_split': 7, 'n_estimators': 976}",-1.2539626903607535,-1.221681058703438,-1.011993842626455,-1.2886088543732925,-1.1360698739132118,-1.18246326399543,0.09912543570062,217,-1.1196517532117614,-1.1285386583434693,-1.1805349773830467,-1.1124453385818207,-1.2194745759926189,-1.1521290607025434,0.04129986663129564
331,0.0003779411315917969,3.6886367046000893e-06,0.0,0.0,0.036079511119238655,squared_error,squared_error,47,9,7,366,"{'ccp_alpha': 0.036079511119238655, 'criterion': 'squared_error', 'loss': 'squared_error', 'max_depth': 47, 'max_features': 9, 'min_samples_split': 7, 'n_estimators': 366}",,,,,,,,484,,,,,,,
332,0.00045914649963378905,1.2021025983300747e-05,0.0,0.0,0.13821948783008117,friedman_mse,absolute_error,18,9,3,256,"{'ccp_alpha': 0.13821948783008117, 'criterion': 'friedman_mse', 'loss': 'absolute_error', 'max_depth': 18, 'max_features': 9, 'min_samples_split': 3, 'n_estimators': 256}",,,,,,,,485,,,,,,,
333,0.07093296051025391,0.0010958756139520388,0.000269317626953125,3.50596932309185e-06,0.04988188925398787,friedman_mse,huber,35,auto,4,90,"{'ccp_alpha': 0.04988188925398787, 'criterion': 'friedman_mse', 'loss': 'huber', 'max_depth': 35, 'max_features': 'auto', 'min_samples_split': 4, 'n_estimators': 90}",-1.1844535797094198,-1.3328162587758368,-1.0951650157261386,-1.3906553192815103,-1.1572073144732606,-1.2320594975932333,0.11127787873790064,336,-0.8452262048202959,-0.7589959671381415,-0.8412240128530342,-0.7845860488915708,-0.7914574189101656,-0.8042979305226415,0.03359870264058723
334,0.18831019401550292,0.0035654341702203197,0.00039272308349609376,7.126123537624888e-06,0.019472069162336788,friedman_mse,squared_error,14,2,3,934,"{'ccp_alpha': 0.019472069162336788, 'criterion': 'friedman_mse', 'loss': 'squared_error', 'max_depth': 14, 'max_features': 2, 'min_samples_split': 3, 'n_estimators': 934}",-1.1505224097822784,-1.4002621179852621,-1.2451524572049735,-1.2699232319381837,-1.05058574137478,-1.2232891916570956,0.11755308505551298,323,-0.4972172421260448,-0.5083876854003977,-0.4572719093383786,-0.487262932745413,-0.4889307813896792,-0.48781411019998266,0.017006279258844098
335,0.0003699779510498047,1.1523290608973096e-06,0.0,0.0,0.03671677515177706,squared_error,squared_error,36,8,3,996,"{'ccp_alpha': 0.03671677515177706, 'criterion': 'squared_error', 'loss': 'squared_error', 'max_depth': 36, 'max_features': 8, 'min_samples_split': 3, 'n_estimators': 996}",,,,,,,,411,,,,,,,
336,0.1425032615661621,0.0007772812074087613,0.0003639698028564453,2.7910252812694354e-06,0.047524585309062055,squared_error,squared_error,61,1,3,782,"{'ccp_alpha': 0.047524585309062055, 'criterion': 'squared_error', 'loss': 'squared_error', 'max_depth': 61, 'max_features': 1, 'min_samples_split': 3, 'n_estimators': 782}",-1.1999740732630133,-1.3174397230146566,-1.1839958122158787,-1.2846464433156584,-0.8402666177107948,-1.1652645339040004,0.17005210196600046,157,-0.7437305231643386,-0.7578701925814008,-0.6703344170130253,-0.7395001155822227,-0.7801374464412759,-0.7383145389564527,0.03683371997369238
337,0.0004572868347167969,2.857046542920159e-06,0.0,0.0,0.048863769589392536,squared_error,absolute_error,13,9,9,368,"{'ccp_alpha': 0.048863769589392536, 'criterion': 'squared_error', 'loss': 'absolute_error', 'max_depth': 13, 'max_features': 9, 'min_samples_split': 9, 'n_estimators': 368}",,,,,,,,486,,,,,,,
338,0.867122745513916,0.023463950171987387,0.0004923820495605468,6.96119214169579e-05,0.02584352843797008,squared_error,absolute_error,38,4,3,314,"{'ccp_alpha': 0.02584352843797008, 'criterion': 'squared_error', 'loss': 'absolute_error', 'max_depth': 38, 'max_features': 4, 'min_samples_split': 3, 'n_estimators': 314}",-1.128109183752746,-1.2737807016358909,-1.1774657885518325,-1.1089635867522627,-0.7992238317112568,-1.0975086184807978,0.15969121532308406,22,-0.04850256831461817,-0.02819029540310985,-0.006952151350244823,-0.0027720626492424086,-0.03404527515426295,-0.024092470574295637,0.017088321721104166
339,0.3051442623138428,0.0062008503697129295,0.00033621788024902345,1.059115333866733e-05,0.2653828236574958,friedman_mse,huber,26,log2,5,465,"{'ccp_alpha': 0.2653828236574958, 'criterion': 'friedman_mse', 'loss': 'huber', 'max_depth': 26, 'max_features': 'log2', 'min_samples_split': 5, 'n_estimators': 465}",-1.258989761109406,-1.238948644584785,-1.0410117588737897,-1.2936026313167548,-1.0040721894877527,-1.1673249970744977,0.12007075421415339,179,-1.1188574060517307,-1.0687020493845458,-1.148140891804834,-1.112311702124022,-1.1929453160794932,-1.128191473088925,0.04115658624128482
340,0.6526668548583985,0.007480520809316096,0.00040693283081054686,1.020632037844993e-05,0.06651330200447812,friedman_mse,huber,62,5,7,951,"{'ccp_alpha': 0.06651330200447812, 'criterion': 'friedman_mse', 'loss': 'huber', 'max_depth': 62, 'max_features': 5, 'min_samples_split': 7, 'n_estimators': 951}",-1.169115692486511,-1.306202493658288,-1.0810008049959285,-1.230319494026013,-1.0877184813021707,-1.1748713932937822,0.08574706444601944,202,-0.8997752415762397,-0.8534673300051603,-0.8410121896816353,-0.8332081676082188,-0.9183551348471586,-0.8691636127436825,0.033729949936975465
341,0.20668234825134277,0.007529402366074979,0.00038256645202636717,1.1367941861872594e-05,0.09194887715906629,friedman_mse,squared_error,33,7,5,824,"{'ccp_alpha': 0.09194887715906629, 'criterion': 'friedman_mse', 'loss': 'squared_error', 'max_depth': 33, 'max_features': 7, 'min_samples_split': 5, 'n_estimators': 824}",-1.1873043787332738,-1.3076476136640225,-1.0342946470697119,-1.31544510092553,-1.0428919194533823,-1.177516731969184,0.12222150801776166,208,-0.9675509297333625,-0.9432830121284833,-1.0058793294076338,-0.9228159565245885,-0.9947015405043598,-0.9668461536596855,0.030964134068711405
342,0.02010645866394043,0.0004254758030265078,0.0002655029296875,3.6270981322739817e-06,0.038164145429457584,squared_error,squared_error,16,6,6,86,"{'ccp_alpha': 0.038164145429457584, 'criterion': 'squared_error', 'loss': 'squared_error', 'max_depth': 16, 'max_features': 6, 'min_samples_split': 6, 'n_estimators': 86}",-1.1002199724905637,-1.331764361317479,-1.179205442724295,-1.3641083204198623,-1.0623236034337062,-1.2075243400771811,0.1211227203707065,295,-0.716656833736895,-0.677574350193915,-0.6532387630173303,-0.6624088504763234,-0.7006524635297514,-0.682106252190843,0.02357779608612154
343,0.023062610626220705,0.0005191847254811669,0.000258636474609375,7.136645101116068e-07,0.13532585317292822,friedman_mse,absolute_error,22,log2,2,51,"{'ccp_alpha': 0.13532585317292822, 'criterion': 'friedman_mse', 'loss': 'absolute_error', 'max_depth': 22, 'max_features': 'log2', 'min_samples_split': 2, 'n_estimators': 51}",-1.3062195493840454,-1.2756442620365407,-1.018254478996217,-1.2646785008881962,-1.136005957473006,-1.200160549755601,0.10799490592644642,273,-1.031906896284576,-1.0050299864852195,-1.0743133988401197,-1.090485763027407,-1.219454851868728,-1.0842381793012101,0.07407237420413935
344,0.06185693740844726,0.0009807071288331652,0.00030059814453125,8.883004014736188e-06,0.05592782428454254,friedman_mse,squared_error,53,3,8,319,"{'ccp_alpha': 0.05592782428454254, 'criterion': 'friedman_mse', 'loss': 'squared_error', 'max_depth': 53, 'max_features': 3, 'min_samples_split': 8, 'n_estimators': 319}",-1.1776370410993158,-1.3125887481525913,-1.1654475457494544,-1.2073038944369823,-0.9955293912856497,-1.1717013241447987,0.10220342622659198,196,-0.8062252138891712,-0.7870250397146216,-0.7255171663005557,-0.7781159103472066,-0.8344372558168004,-0.7862641172136712,0.03598961235355715
345,0.000464630126953125,4.1934568149415305e-06,0.0,0.0,0.20830586683484925,squared_error,absolute_error,15,8,9,461,"{'ccp_alpha': 0.20830586683484925, 'criterion': 'squared_error', 'loss': 'absolute_error', 'max_depth': 15, 'max_features': 8, 'min_samples_split': 9, 'n_estimators': 461}",,,,,,,,488,,,,,,,
346,0.05082411766052246,0.0005519372989471457,0.0002724170684814453,8.292854868774683e-06,0.13399893612378075,squared_error,absolute_error,55,auto,2,108,"{'ccp_alpha': 0.13399893612378075, 'criterion': 'squared_error', 'loss': 'absolute_error', 'max_depth': 55, 'max_features': 'auto', 'min_samples_split': 2, 'n_estimators': 108}",-1.3343444442851073,-1.2759720197134832,-1.014742892683236,-1.2646286118482017,-1.1360697163519307,-1.2051515369763917,0.11512742529184579,285,-1.0490653729871375,-1.0050476387608684,-1.038914900202959,-1.0904922755999487,-1.219474527363548,-1.0805989429828924,0.07459789674802587
347,0.2968637943267822,0.07086393020743709,0.00035791397094726564,2.560104908811618e-05,0.06900216418737622,squared_error,absolute_error,38,5,4,323,"{'ccp_alpha': 0.06900216418737622, 'criterion': 'squared_error', 'loss': 'absolute_error', 'max_depth': 38, 'max_features': 5, 'min_samples_split': 4, 'n_estimators': 323}",-1.109195367117927,-1.3102450426529282,-1.0763724638915702,-1.2071007901011963,-0.8589716080170517,-1.1123770543561347,0.15076146776191382,39,-0.6306939581308523,-0.25836453853449876,-0.47942609059297214,-0.4691452722155409,-0.41087662624809695,-0.4497012971443922,0.12011418326628552
348,0.558447265625,0.007019175962945199,0.0003680706024169922,2.7284087182846006e-06,0.06103973711028237,squared_error,huber,38,7,2,748,"{'ccp_alpha': 0.06103973711028237, 'criterion': 'squared_error', 'loss': 'huber', 'max_depth': 38, 'max_features': 7, 'min_samples_split': 2, 'n_estimators': 748}",-1.1920459258694454,-1.3063207473183096,-1.0649154218857442,-1.316691449124963,-1.1017115248434526,-1.1963370138083829,0.1027868115647021,265,-0.9025769029418306,-0.8016565324513338,-0.9000093492209137,-0.8562888151456346,-0.901820487367824,-0.8724704174255073,0.039503595779814694
349,0.00045909881591796873,5.895450790927904e-06,0.0,0.0,0.18893702624041403,squared_error,absolute_error,36,9,5,855,"{'ccp_alpha': 0.18893702624041403, 'criterion': 'squared_error', 'loss': 'absolute_error', 'max_depth': 36, 'max_features': 9, 'min_samples_split': 5, 'n_estimators': 855}",,,,,,,,490,,,,,,,
350,2.0361671447753906,0.06234179458588248,0.000721883773803711,4.506436593549547e-05,0.013639134326739445,friedman_mse,absolute_error,38,5,3,699,"{'ccp_alpha': 0.013639134326739445, 'criterion': 'friedman_mse', 'loss': 'absolute_error', 'max_depth': 38, 'max_features': 5, 'min_samples_split': 3, 'n_estimators': 699}",-1.1113567486255809,-1.3009011866578342,-1.1370841001780638,-1.0692167890549127,-0.9256817876131146,-1.108848122425901,0.1206718624364583,35,-1.731097924044673e-05,-0.005370123832328066,-0.012275852069201279,-0.0018945836487768355,-1.6956418411890074e-05,-0.003914965389591704,0.004614976454615707
351,0.29515695571899414,0.0013327169752643544,0.0003239154815673828,2.7334042831357026e-06,0.10232207939625276,squared_error,huber,48,1,6,464,"{'ccp_alpha': 0.10232207939625276, 'criterion': 'squared_error', 'loss': 'huber', 'max_depth': 48, 'max_features': 1, 'min_samples_split': 6, 'n_estimators': 464}",-1.2732711392998577,-1.245644500711658,-1.072603632481606,-1.3121458509854875,-0.8839927714652717,-1.1575315789887761,0.15943734896185638,121,-0.9903844294942284,-0.9303867854993095,-1.0061794542249525,-0.9696381761811466,-1.0526165389042614,-0.9898410768607796,0.04037565206635482
352,0.0004530429840087891,5.656904726250963e-06,0.0,0.0,0.06441377597674423,friedman_mse,absolute_error,15,9,2,524,"{'ccp_alpha': 0.06441377597674423, 'criterion': 'friedman_mse', 'loss': 'absolute_error', 'max_depth': 15, 'max_features': 9, 'min_samples_split': 2, 'n_estimators': 524}",,,,,,,,493,,,,,,,
353,0.30657358169555665,0.0028190917444454178,0.00036745071411132814,6.844565149688001e-06,0.1096629958829236,friedman_mse,absolute_error,21,sqrt,9,721,"{'ccp_alpha': 0.1096629958829236, 'criterion': 'friedman_mse', 'loss': 'absolute_error', 'max_depth': 21, 'max_features': 'sqrt', 'min_samples_split': 9, 'n_estimators': 721}",-1.2283838587485634,-1.3794296796444807,-1.0558015123486273,-1.2132286863915556,-1.0197854060928313,-1.1793258286452115,0.12985303108549956,210,-0.9921215219330846,-0.8749580386868291,-0.9162928281371941,-0.9138240024157418,-1.1454919436829352,-0.968537666971157,0.09628008035430385
354,0.0004511833190917969,3.5638593561276998e-06,0.0,0.0,0.04639626752327745,squared_error,absolute_error,60,8,8,630,"{'ccp_alpha': 0.04639626752327745, 'criterion': 'squared_error', 'loss': 'absolute_error', 'max_depth': 60, 'max_features': 8, 'min_samples_split': 8, 'n_estimators': 630}",,,,,,,,494,,,,,,,
355,1.1688323974609376,0.04362206020907879,0.0005500316619873047,2.6304388070078714e-05,0.0039991402847659825,squared_error,absolute_error,45,4,5,445,"{'ccp_alpha': 0.0039991402847659825, 'criterion': 'squared_error', 'loss': 'absolute_error', 'max_depth': 45, 'max_features': 4, 'min_samples_split': 5, 'n_estimators': 445}",-1.1619663619859815,-1.2875478347936142,-1.1284853662556251,-1.0850929574995019,-0.8918351673334372,-1.1109855375736322,0.12866766784283376,37,-0.04047698352618519,-0.09468142452020098,-0.017047011866730116,-0.05659736822977183,-0.008896092933844777,-0.043539776215346576,0.030650941107084172
356,0.4844647407531738,0.00605080776786293,0.0003797054290771484,1.0314021901899887e-05,0.19418905123156013,friedman_mse,huber,46,log2,5,741,"{'ccp_alpha': 0.19418905123156013, 'criterion': 'friedman_mse', 'loss': 'huber', 'max_depth': 46, 'max_features': 'log2', 'min_samples_split': 5, 'n_estimators': 741}",-1.2361940410799528,-1.2623929019088052,-1.0319810683462993,-1.2874230048233222,-1.0040721894877527,-1.1644126411292262,0.12093918501447379,147,-1.097171728583283,-1.0285921406660947,-1.1100466966456348,-1.0688107612698532,-1.1929453160794932,-1.0995133286488719,0.05443975340871736
357,0.04397149085998535,0.0004093161500279905,0.00027928352355957033,1.7879803904774355e-06,0.08836230928618365,friedman_mse,squared_error,19,3,2,195,"{'ccp_alpha': 0.08836230928618365, 'criterion': 'friedman_mse', 'loss': 'squared_error', 'max_depth': 19, 'max_features': 3, 'min_samples_split': 2, 'n_estimators': 195}",-1.1986321886578442,-1.2939608108958138,-1.0976609185779458,-1.2159925694142117,-0.900651639623759,-1.1413796254339148,0.13563720289319453,66,-0.9522820890829192,-0.907832043904511,-0.8456881689559894,-0.8821194698232233,-0.9848716404603066,-0.9145586824453901,0.04941187161613552
358,0.00045533180236816405,6.821271798037592e-06,0.0,0.0,0.014107520129335367,friedman_mse,absolute_error,40,9,7,749,"{'ccp_alpha': 0.014107520129335367, 'criterion': 'friedman_mse', 'loss': 'absolute_error', 'max_depth': 40, 'max_features': 9, 'min_samples_split': 7, 'n_estimators': 749}",,,,,,,,495,,,,,,,
359,0.0006539821624755859,3.166572135140227e-06,0.0,0.0,0.02192163412401336,squared_error,huber,28,10,3,333,"{'ccp_alpha': 0.02192163412401336, 'criterion': 'squared_error', 'loss': 'huber', 'max_depth': 28, 'max_features': 10, 'min_samples_split': 3, 'n_estimators': 333}",,,,,,,,496,,,,,,,
360,0.00036773681640625,1.3537473265245808e-06,0.0,0.0,0.004749418725490043,squared_error,squared_error,37,10,8,562,"{'ccp_alpha': 0.004749418725490043, 'criterion': 'squared_error', 'loss': 'squared_error', 'max_depth': 37, 'max_features': 10, 'min_samples_split': 8, 'n_estimators': 562}",,,,,,,,497,,,,,,,
361,0.14435124397277832,0.0017256543792695624,0.00037112236022949217,3.780569962103805e-06,0.01983367629616895,squared_error,squared_error,62,2,6,775,"{'ccp_alpha': 0.01983367629616895, 'criterion': 'squared_error', 'loss': 'squared_error', 'max_depth': 62, 'max_features': 2, 'min_samples_split': 6, 'n_estimators': 775}",-1.1864551271256243,-1.3852643917802479,-1.1976840491686893,-1.2734215624458078,-1.0534867152782743,-1.2192623691597286,0.10909940070857034,316,-0.46675220795124356,-0.506205559973806,-0.4781297953872625,-0.5178311423520453,-0.5153772264248104,-0.4968591864178336,0.020626757771487234
362,0.15724053382873535,0.002639441596299198,0.0003568172454833984,2.9533124098209424e-06,0.0894458132458821,squared_error,squared_error,57,4,4,726,"{'ccp_alpha': 0.0894458132458821, 'criterion': 'squared_error', 'loss': 'squared_error', 'max_depth': 57, 'max_features': 4, 'min_samples_split': 4, 'n_estimators': 726}",-1.1925838993232845,-1.2540963624837127,-1.0774192585761115,-1.263650782084877,-0.9847121467975571,-1.1544924898531086,0.10775255685962405,100,-0.9491892675972984,-0.9236820370487007,-0.8876139523502656,-0.8866925829836596,-0.9522476422932964,-0.9198850964546441,0.02850843829366556
363,0.5235581874847413,0.029341341510927158,0.0004453182220458984,7.567151803923559e-06,0.05401396831669636,squared_error,absolute_error,51,6,8,400,"{'ccp_alpha': 0.05401396831669636, 'criterion': 'squared_error', 'loss': 'absolute_error', 'max_depth': 51, 'max_features': 6, 'min_samples_split': 8, 'n_estimators': 400}",-1.022687781182518,-1.2526301607085932,-1.0511706892104264,-1.0991891736674075,-0.8788587693995927,-1.0609073148337076,0.12076452945451145,3,-0.29144790016774086,-0.15151606167726825,-0.3678508516423936,-0.4098856549573042,-0.4479058383865959,-0.33372126136626057,0.10487109542056582
364,0.11029858589172363,0.001123721445980127,0.0003265857696533203,8.375790937055129e-06,0.21334101595348845,squared_error,squared_error,26,3,2,489,"{'ccp_alpha': 0.21334101595348845, 'criterion': 'squared_error', 'loss': 'squared_error', 'max_depth': 26, 'max_features': 3, 'min_samples_split': 2, 'n_estimators': 489}",-1.2371996965209797,-1.2487113191651862,-1.042447917159892,-1.2908373952839494,-0.9783612464736502,-1.1595115149207316,0.12470593503914532,124,-1.0972151758366715,-1.048584406705999,-1.1281265051194185,-1.0706647607941764,-1.192021111783219,-1.1073223920478967,0.05000554552486052
365,0.00045757293701171876,7.126123537624888e-06,0.0,0.0,0.011903617581545966,friedman_mse,absolute_error,33,9,4,982,"{'ccp_alpha': 0.011903617581545966, 'criterion': 'friedman_mse', 'loss': 'absolute_error', 'max_depth': 33, 'max_features': 9, 'min_samples_split': 4, 'n_estimators': 982}",,,,,,,,478,,,,,,,
366,0.048702049255371097,0.0003701536520003658,0.00026397705078125,2.694868307293852e-06,0.09927971892738392,friedman_mse,huber,16,6,6,67,"{'ccp_alpha': 0.09927971892738392, 'criterion': 'friedman_mse', 'loss': 'huber', 'max_depth': 16, 'max_features': 6, 'min_samples_split': 6, 'n_estimators': 67}",-1.2169515245467577,-1.3022247671277825,-1.0393086490288073,-1.332147138136125,-1.01788419715098,-1.1817032551980904,0.13077778472578278,214,-0.9910480232276799,-0.9516087352719423,-1.0162661916147229,-0.9616937539581547,-1.0345583944366592,-0.9910350197018317,0.031452307174149825
367,0.010624885559082031,8.700442447135186e-05,0.00025229454040527345,2.565188914549401e-06,0.10872465596383117,squared_error,squared_error,20,sqrt,6,54,"{'ccp_alpha': 0.10872465596383117, 'criterion': 'squared_error', 'loss': 'squared_error', 'max_depth': 20, 'max_features': 'sqrt', 'min_samples_split': 6, 'n_estimators': 54}",-1.2190437404727195,-1.285942933227878,-1.0714709430464342,-1.2765434008922802,-0.9315912449992046,-1.1569184525277034,0.13630159472476563,117,-0.975499722013297,-0.9389358538986334,-0.9995885080883398,-0.9731183216351178,-1.06321970336456,-0.9900724217999898,0.041366252831837355
368,0.19144673347473146,0.0009502684860307505,0.00029807090759277345,5.8524841280236275e-06,0.2084995096034708,squared_error,huber,39,sqrt,3,290,"{'ccp_alpha': 0.2084995096034708, 'criterion': 'squared_error', 'loss': 'huber', 'max_depth': 39, 'max_features': 'sqrt', 'min_samples_split': 3, 'n_estimators': 290}",-1.2361940410799528,-1.2459229220929877,-1.0363637155366672,-1.2874230048233222,-1.0040721894877527,-1.1619951746041366,0.11747715685513678,135,-1.097171728583283,-1.0468666202625727,-1.1272052809964421,-1.0688107612698532,-1.1929453160794932,-1.1065999414383287,0.05092167855512969
369,0.03436455726623535,0.00020215199623669744,0.00027523040771484377,3.215028349120631e-06,0.06200780170892994,squared_error,squared_error,54,1,5,194,"{'ccp_alpha': 0.06200780170892994, 'criterion': 'squared_error', 'loss': 'squared_error', 'max_depth': 54, 'max_features': 1, 'min_samples_split': 5, 'n_estimators': 194}",-1.1982455792701465,-1.2938802964615315,-1.1456932709531882,-1.334809176776239,-0.9508105818777648,-1.1846877810677738,0.1348053180550452,240,-0.8312447429794664,-0.8030219938181583,-0.7974826965146843,-0.8129216187636354,-0.8895646966798948,-0.826847149751168,0.03339658396109763
370,0.07776842117309571,0.00048109626282658165,0.0002857685089111328,1.1594695310466998e-05,0.1618558716091565,friedman_mse,absolute_error,24,2,4,182,"{'ccp_alpha': 0.1618558716091565, 'criterion': 'friedman_mse', 'loss': 'absolute_error', 'max_depth': 24, 'max_features': 2, 'min_samples_split': 4, 'n_estimators': 182}",-1.3478325506520887,-1.275972297898935,-1.0263581520561054,-1.288608854358059,-1.13606987384844,-1.2149683457627256,0.11712905503226521,304,-1.0764458111210158,-1.005047654294885,-1.134332065616847,-1.1124453385825608,-1.219474575972628,-1.109549089117587,0.07031724360292536
371,0.0004555225372314453,6.947109927846285e-06,0.0,0.0,0.0601127897246622,friedman_mse,absolute_error,47,9,6,631,"{'ccp_alpha': 0.0601127897246622, 'criterion': 'friedman_mse', 'loss': 'absolute_error', 'max_depth': 47, 'max_features': 9, 'min_samples_split': 6, 'n_estimators': 631}",,,,,,,,477,,,,,,,
372,0.18976879119873047,0.0019446056389674016,0.00039873123168945315,1.2692828348010405e-05,0.16907074792493973,friedman_mse,squared_error,20,3,9,993,"{'ccp_alpha': 0.16907074792493973, 'criterion': 'friedman_mse', 'loss': 'squared_error', 'max_depth': 20, 'max_features': 3, 'min_samples_split': 9, 'n_estimators': 993}",-1.2179833048973048,-1.2645689919926968,-1.039655717365413,-1.2760363505813492,-0.925546404777423,-1.1447581539228373,0.13860074870349437,71,-1.0794053000203228,-1.0303371723662909,-1.095934981638031,-1.039140208848169,-1.1616015098866463,-1.081283834551892,0.04699098115471575
373,0.32772235870361327,0.005467743228700853,0.0003204345703125,9.416779355111837e-07,0.10704363036666663,friedman_mse,huber,40,auto,9,476,"{'ccp_alpha': 0.10704363036666663, 'criterion': 'friedman_mse', 'loss': 'huber', 'max_depth': 40, 'max_features': 'auto', 'min_samples_split': 9, 'n_estimators': 476}",-1.2024675221306014,-1.301799582629968,-1.0362499209734353,-1.299126327481863,-0.9240701561859893,-1.1527427018803713,0.1496531846969756,96,-1.0084536016141854,-0.9619401949163844,-1.050333569144701,-0.9709790726916835,-1.0894130847022077,-1.0162239046138324,0.04811303120632428
374,0.12556419372558594,0.0010060044820414226,0.000286102294921875,5.371565825133873e-06,0.2903882026076671,squared_error,huber,54,1,4,197,"{'ccp_alpha': 0.2903882026076671, 'criterion': 'squared_error', 'loss': 'huber', 'max_depth': 54, 'max_features': 1, 'min_samples_split': 4, 'n_estimators': 197}",-1.25898976111261,-1.2339669779603173,-1.0465281748209654,-1.2936026313086333,-1.0040721895024647,-1.167431946940998,0.11834941296487438,182,-1.1188574060515541,-1.0950912919306608,-1.1735256339719604,-1.1123117021240678,-1.1929453160805197,-1.1385462700317526,0.0378075419792862
375,0.0004778385162353516,3.7162719284818103e-06,0.0,0.0,0.04640927649759439,squared_error,absolute_error,43,10,6,798,"{'ccp_alpha': 0.04640927649759439, 'criterion': 'squared_error', 'loss': 'absolute_error', 'max_depth': 43, 'max_features': 10, 'min_samples_split': 6, 'n_estimators': 798}",,,,,,,,466,,,,,,,
376,0.41643433570861815,0.007438744976092505,0.00033869743347167967,5.600756401071938e-06,0.15177183597324928,friedman_mse,huber,22,auto,2,560,"{'ccp_alpha': 0.15177183597324928, 'criterion': 'friedman_mse', 'loss': 'huber', 'max_depth': 22, 'max_features': 'auto', 'min_samples_split': 2, 'n_estimators': 560}",-1.2235677348338991,-1.2702466449224457,-1.0305570149667556,-1.3079458979712615,-0.9425276225868044,-1.1549689830562335,0.14283300319583944,102,-1.0506799291649698,-1.0131858068321382,-1.0805964581496015,-1.0358178753592984,-1.1603995899426913,-1.0681359318897399,0.051061790734095315
377,0.00037512779235839846,4.202123229383141e-06,0.0,0.0,0.1905141885903389,squared_error,squared_error,40,10,5,743,"{'ccp_alpha': 0.1905141885903389, 'criterion': 'squared_error', 'loss': 'squared_error', 'max_depth': 40, 'max_features': 10, 'min_samples_split': 5, 'n_estimators': 743}",,,,,,,,459,,,,,,,
378,0.0006528854370117188,6.339603368614293e-06,0.0,0.0,0.15485855923720968,friedman_mse,huber,12,8,8,331,"{'ccp_alpha': 0.15485855923720968, 'criterion': 'friedman_mse', 'loss': 'huber', 'max_depth': 12, 'max_features': 8, 'min_samples_split': 8, 'n_estimators': 331}",,,,,,,,460,,,,,,,
379,0.3720186710357666,0.0012450220264360132,0.00033841133117675783,5.040960421143536e-06,0.056432810545724715,squared_error,huber,47,3,5,554,"{'ccp_alpha': 0.056432810545724715, 'criterion': 'squared_error', 'loss': 'huber', 'max_depth': 47, 'max_features': 3, 'min_samples_split': 5, 'n_estimators': 554}",-1.186337341809533,-1.2669382674162486,-1.0847716262946479,-1.1570218065332427,-1.1183887868232738,-1.1626915657753893,0.062438604866991626,142,-0.8588594349973158,-0.81058091838621,-0.7941275039723563,-0.796383922204557,-0.8363361139990669,-0.8192575787119013,0.024859576189646106
380,1.936634397506714,0.03575182177819915,0.0007923126220703125,2.3016668337581005e-05,0.027992164109415775,squared_error,absolute_error,22,2,8,993,"{'ccp_alpha': 0.027992164109415775, 'criterion': 'squared_error', 'loss': 'absolute_error', 'max_depth': 22, 'max_features': 2, 'min_samples_split': 8, 'n_estimators': 993}",-1.0805463184871884,-1.3726055532049213,-1.1712303097843262,-1.2628038932812844,-0.9057904655503967,-1.1585953080616234,0.159261665631769,122,-0.08372009617486291,-0.09614395907859731,-0.08404902229780847,-0.10935869571489192,-0.09552273992187968,-0.09375890263760807,0.009457405264192125
381,0.2116854190826416,0.01548833441311321,0.0003811359405517578,7.05912280032999e-06,0.1458717809247126,friedman_mse,squared_error,36,auto,9,912,"{'ccp_alpha': 0.1458717809247126, 'criterion': 'friedman_mse', 'loss': 'squared_error', 'max_depth': 36, 'max_features': 'auto', 'min_samples_split': 9, 'n_estimators': 912}",-1.2053741426886766,-1.2707596181476972,-1.0330401401405076,-1.3040818332052357,-0.9439660717506212,-1.1514443611865475,0.1396492390882284,90,-1.023923923525178,-1.0000685249517274,-1.069719018367257,-1.0240707575378818,-1.123769288494269,-1.0483103025752625,0.0439588712386008
382,0.16862773895263672,0.00590515378333136,0.00036873817443847654,1.4872886535293099e-05,0.2299108177751998,friedman_mse,squared_error,16,auto,8,681,"{'ccp_alpha': 0.2299108177751998, 'criterion': 'friedman_mse', 'loss': 'squared_error', 'max_depth': 16, 'max_features': 'auto', 'min_samples_split': 8, 'n_estimators': 681}",-1.2371996965209797,-1.2487113191651862,-1.042447917159892,-1.3040297705301882,-0.9783612464736502,-1.1621499899699792,0.1275633824953197,138,-1.0972151758366715,-1.048584406705999,-1.1281265051194185,-1.089412558117084,-1.192021111783219,-1.1110719515124783,0.047769147276454246
383,0.43123478889465333,0.008040514037379843,0.0004528999328613281,0.00011277119150344257,0.013181312723565628,squared_error,absolute_error,31,auto,8,214,"{'ccp_alpha': 0.013181312723565628, 'criterion': 'squared_error', 'loss': 'absolute_error', 'max_depth': 31, 'max_features': 'auto', 'min_samples_split': 8, 'n_estimators': 214}",-1.0100777597920552,-1.3694751705833657,-1.0424513496950014,-1.1143032745428143,-0.9072325214125952,-1.0887080152051662,0.1553969522593254,15,-0.20139936260864802,-0.1522532347103382,-0.15487273895501036,-0.3126771010231054,-0.24764556690457631,-0.21376960084033567,0.06055807312799487
384,0.0006884098052978516,5.953021170345537e-06,0.0,0.0,0.08002854682645402,friedman_mse,huber,59,9,6,635,"{'ccp_alpha': 0.08002854682645402, 'criterion': 'friedman_mse', 'loss': 'huber', 'max_depth': 59, 'max_features': 9, 'min_samples_split': 6, 'n_estimators': 635}",,,,,,,,464,,,,,,,
385,0.2589591979980469,0.000975171016107982,0.0003235340118408203,2.4546695091693403e-06,0.0474301840349834,friedman_mse,huber,58,5,5,349,"{'ccp_alpha': 0.0474301840349834, 'criterion': 'friedman_mse', 'loss': 'huber', 'max_depth': 58, 'max_features': 5, 'min_samples_split': 5, 'n_estimators': 349}",-1.1378905589602288,-1.3062470105355855,-1.1029552808506558,-1.2368902887172684,-1.1527900874023969,-1.187354645293227,0.07396462897846907,245,-0.807037544135977,-0.7515849571804792,-0.7448366301487659,-0.7193314444592651,-0.7600493366715318,-0.7565679825192039,0.028664652145728914
386,0.00047736167907714845,6.408804937901094e-06,0.0,0.0,0.00037166720266386036,friedman_mse,absolute_error,19,9,4,596,"{'ccp_alpha': 0.00037166720266386036, 'criterion': 'friedman_mse', 'loss': 'absolute_error', 'max_depth': 19, 'max_features': 9, 'min_samples_split': 4, 'n_estimators': 596}",,,,,,,,465,,,,,,,
387,0.0004742145538330078,6.050385256027947e-06,0.0,0.0,0.21595420770139953,squared_error,absolute_error,16,8,7,53,"{'ccp_alpha': 0.21595420770139953, 'criterion': 'squared_error', 'loss': 'absolute_error', 'max_depth': 16, 'max_features': 8, 'min_samples_split': 7, 'n_estimators': 53}",,,,,,,,467,,,,,,,
388,0.18080129623413085,0.0010677149631463986,0.000331878662109375,4.890778123839601e-06,0.26175776417339386,squared_error,absolute_error,24,1,4,413,"{'ccp_alpha': 0.26175776417339386, 'criterion': 'squared_error', 'loss': 'absolute_error', 'max_depth': 24, 'max_features': 1, 'min_samples_split': 4, 'n_estimators': 413}",-1.2539626903607535,-1.221681058703438,-1.011993842626455,-1.2886088543732925,-1.1360698739132118,-1.18246326399543,0.09912543570062,217,-1.1196517532117614,-1.1285386583434693,-1.1805349773830467,-1.1124453385818207,-1.2194745759926189,-1.1521290607025434,0.04129986663129564
389,0.06410436630249024,0.0018654043834551526,0.0003043174743652344,3.633361473378895e-06,0.021815694796373394,squared_error,squared_error,27,auto,4,238,"{'ccp_alpha': 0.021815694796373394, 'criterion': 'squared_error', 'loss': 'squared_error', 'max_depth': 27, 'max_features': 'auto', 'min_samples_split': 4, 'n_estimators': 238}",-1.0594796229166912,-1.4396216333945429,-1.3267823026803958,-1.494680145489535,-1.1898097575730076,-1.3020746924108344,0.16005141103524803,366,-0.5398223392491898,-0.5675104951042049,-0.5255942166277275,-0.5682269189784745,-0.5635420451003383,-0.5529392030119871,0.017194519291834617
390,0.000689697265625,1.181979192453655e-05,0.0,0.0,0.018509666915405273,squared_error,huber,61,9,6,408,"{'ccp_alpha': 0.018509666915405273, 'criterion': 'squared_error', 'loss': 'huber', 'max_depth': 61, 'max_features': 9, 'min_samples_split': 6, 'n_estimators': 408}",,,,,,,,476,,,,,,,
391,0.0004756450653076172,3.296735003937455e-06,0.0,0.0,0.03728722697326466,squared_error,absolute_error,33,10,8,413,"{'ccp_alpha': 0.03728722697326466, 'criterion': 'squared_error', 'loss': 'absolute_error', 'max_depth': 33, 'max_features': 10, 'min_samples_split': 8, 'n_estimators': 413}",,,,,,,,468,,,,,,,
392,0.19827694892883302,0.003273176862709896,0.00030303001403808594,6.289914111267528e-06,0.016592119261748663,friedman_mse,huber,53,4,7,255,"{'ccp_alpha': 0.016592119261748663, 'criterion': 'friedman_mse', 'loss': 'huber', 'max_depth': 53, 'max_features': 4, 'min_samples_split': 7, 'n_estimators': 255}",-1.0559694870473126,-1.3764449935722718,-1.139011349062268,-1.3911081710734965,-1.2389373935050523,-1.2402942788520803,0.13078038773785303,343,-0.5931544100368253,-0.5107101894448699,-0.5048248574225409,-0.5331696753479749,-0.49206360073550975,-0.5267845465975441,0.0357544000934073
393,0.18615264892578126,0.0032833358668999434,0.0003093242645263672,5.8915927636899504e-06,0.003985289258390102,squared_error,huber,14,log2,2,180,"{'ccp_alpha': 0.003985289258390102, 'criterion': 'squared_error', 'loss': 'huber', 'max_depth': 14, 'max_features': 'log2', 'min_samples_split': 2, 'n_estimators': 180}",-1.1814964140993378,-1.3526970881013909,-1.3060949323197293,-1.2173826849649738,-1.0755962323109343,-1.2266534703592733,0.09709926447776868,327,-0.27278645343918245,-0.26687681675763797,-0.25855217569362493,-0.27307567180790165,-0.2575696209296397,-0.2657721477255973,0.006680893418033974
394,0.0006582260131835938,1.3877026363017796e-05,0.0,0.0,0.10849088513133354,squared_error,huber,23,10,8,960,"{'ccp_alpha': 0.10849088513133354, 'criterion': 'squared_error', 'loss': 'huber', 'max_depth': 23, 'max_features': 10, 'min_samples_split': 8, 'n_estimators': 960}",,,,,,,,469,,,,,,,
395,0.695844030380249,0.05433571173674858,0.000481414794921875,1.7921973911322584e-05,0.043552484980481455,squared_error,absolute_error,14,2,4,422,"{'ccp_alpha': 0.043552484980481455, 'criterion': 'squared_error', 'loss': 'absolute_error', 'max_depth': 14, 'max_features': 2, 'min_samples_split': 4, 'n_estimators': 422}",-0.9983493220203185,-1.2679881129847825,-1.0574238870674684,-1.210851220175013,-0.7076925274591229,-1.048461013941341,0.19660997046756692,1,-0.22726594638162265,-0.09297770098626217,-0.20833571066520587,-0.24390122388587598,-0.26471691749068177,-0.2074394998819297,0.060175666953134505
396,0.00036950111389160155,1.897787927830925e-06,0.0,0.0,0.31828415350186606,friedman_mse,squared_error,19,10,7,640,"{'ccp_alpha': 0.31828415350186606, 'criterion': 'friedman_mse', 'loss': 'squared_error', 'max_depth': 19, 'max_features': 10, 'min_samples_split': 7, 'n_estimators': 640}",,,,,,,,470,,,,,,,
397,0.10600852966308594,0.0005552350512096286,0.00027666091918945315,2.424847056406235e-06,0.10964942892953207,squared_error,huber,22,3,7,159,"{'ccp_alpha': 0.10964942892953207, 'criterion': 'squared_error', 'loss': 'huber', 'max_depth': 22, 'max_features': 3, 'min_samples_split': 7, 'n_estimators': 159}",-1.1915505999202296,-1.299544636479188,-1.0421497403079172,-1.25953557617461,-0.8995627656008619,-1.1384686636965615,0.14817133420857817,60,-1.0164733348339117,-0.9680770797621039,-0.9836587910098727,-0.9778505142506558,-1.0672112284245332,-1.0026541896562153,0.03613918659838274
398,0.00045843124389648436,3.0621708599095003e-06,0.0,0.0,0.27740396652804883,squared_error,absolute_error,34,9,2,705,"{'ccp_alpha': 0.27740396652804883, 'criterion': 'squared_error', 'loss': 'absolute_error', 'max_depth': 34, 'max_features': 9, 'min_samples_split': 2, 'n_estimators': 705}",,,,,,,,472,,,,,,,
399,0.46334152221679686,0.0385524423844297,0.0003709316253662109,2.213541569882162e-05,0.05101347747813281,friedman_mse,huber,26,log2,5,670,"{'ccp_alpha': 0.05101347747813281, 'criterion': 'friedman_mse', 'loss': 'huber', 'max_depth': 26, 'max_features': 'log2', 'min_samples_split': 5, 'n_estimators': 670}",-1.1971008458083345,-1.3522807584402532,-1.1418059117998793,-1.2855423086334057,-1.0401482764149612,-1.2033756202193668,0.1089930937515976,279,-0.8385374721644305,-0.7401372756981476,-0.7434861965250632,-0.81974134972363,-0.8110925850668153,-0.7905989758356173,0.04082490063808188
400,1.2629582405090332,0.11780435023317695,0.0006699085235595704,5.86533739791515e-05,0.05116459242293362,squared_error,absolute_error,31,4,3,812,"{'ccp_alpha': 0.05116459242293362, 'criterion': 'squared_error', 'loss': 'absolute_error', 'max_depth': 31, 'max_features': 4, 'min_samples_split': 3, 'n_estimators': 812}",-1.0049292437347799,-1.2736326729389702,-1.1230112334931253,-1.2206897725359147,-0.843439116937112,-1.0931404079279805,0.15483572492900632,17,-0.1392943249303789,-0.05150719830458158,-0.18774213325248235,-0.12205890214954881,-0.213395072535642,-0.14279952623452674,0.056178853932078235
401,0.00037169456481933594,6.211707713883234e-06,0.0,0.0,0.10022267450819261,friedman_mse,squared_error,49,9,9,149,"{'ccp_alpha': 0.10022267450819261, 'criterion': 'friedman_mse', 'loss': 'squared_error', 'max_depth': 49, 'max_features': 9, 'min_samples_split': 9, 'n_estimators': 149}",,,,,,,,473,,,,,,,
402,0.24657940864562988,0.001536659579442179,0.0003116607666015625,2.400343503695148e-06,0.030975099845234656,squared_error,huber,19,4,6,349,"{'ccp_alpha': 0.030975099845234656, 'criterion': 'squared_error', 'loss': 'huber', 'max_depth': 19, 'max_features': 4, 'min_samples_split': 6, 'n_estimators': 349}",-1.0712305473932666,-1.3427994243637882,-1.1739795969527762,-1.347903474625435,-1.0634994304394636,-1.1998824947549458,0.1250264637244623,272,-0.6949262999426812,-0.6291188596201766,-0.6371570284871664,-0.6450541817714576,-0.6391364545145819,-0.6490785648672126,0.023484330487901765
403,0.19118900299072267,0.005861562787111528,0.000386810302734375,3.066622770464616e-06,0.015576543520176667,friedman_mse,squared_error,36,5,8,900,"{'ccp_alpha': 0.015576543520176667, 'criterion': 'friedman_mse', 'loss': 'squared_error', 'max_depth': 36, 'max_features': 5, 'min_samples_split': 8, 'n_estimators': 900}",-1.0301296829986846,-1.4170629427258117,-1.2742814901063984,-1.3406075577550283,-1.114737708120312,-1.235363876341247,0.1430224530906662,338,-0.44401701626213314,-0.48287274282874404,-0.46314039414161906,-0.45508611489032574,-0.4773026609379843,-0.46448378581216127,0.014223128174903907
404,0.6073081016540527,0.004161473878345476,0.0003863334655761719,1.0050523819802145e-05,0.16659116103933513,squared_error,huber,22,6,2,836,"{'ccp_alpha': 0.16659116103933513, 'criterion': 'squared_error', 'loss': 'huber', 'max_depth': 22, 'max_features': 6, 'min_samples_split': 2, 'n_estimators': 836}",-1.2176729330468805,-1.2623897735813119,-1.0348191312782882,-1.297611112646279,-0.9696288570979708,-1.1564243615301462,0.13007240080464494,114,-1.0793077912332842,-1.0286001194853063,-1.094285759784846,-1.050601741782616,-1.175554646420117,-1.0856700117412337,0.05036012842615228
405,0.2467350959777832,0.006944302605154814,0.0003412723541259766,3.903592964357881e-05,0.0012960892579897089,friedman_mse,huber,21,5,8,256,"{'ccp_alpha': 0.0012960892579897089, 'criterion': 'friedman_mse', 'loss': 'huber', 'max_depth': 21, 'max_features': 5, 'min_samples_split': 8, 'n_estimators': 256}",-1.0717772728067336,-1.5586748154201069,-1.2730544381402698,-1.4321566885612507,-1.188281782984693,-1.3047889995826107,0.17294855559017452,368,-0.18366398678128157,-0.1847840116513523,-0.164743156253547,-0.19310011512422726,-0.1708403262257721,-0.179426319207236,0.01022692465383135
406,0.16623005867004395,0.009920618098712733,0.0003190040588378906,3.7272686473584755e-06,0.060990798278182684,friedman_mse,absolute_error,24,3,8,171,"{'ccp_alpha': 0.060990798278182684, 'criterion': 'friedman_mse', 'loss': 'absolute_error', 'max_depth': 24, 'max_features': 3, 'min_samples_split': 8, 'n_estimators': 171}",-1.1122829149181044,-1.2069219823617046,-1.0538562581327344,-1.1961853717451325,-0.9222051532399491,-1.0982903360795249,0.10446094365180637,23,-0.6591397384486248,-0.4871580769250676,-0.4516840287282672,-0.6005738232797755,-0.6266940743501112,-0.5650499483463693,0.08103555753730159
407,0.0004596233367919922,1.4805006691226983e-06,0.0,0.0,0.06981786109433943,squared_error,absolute_error,62,9,4,528,"{'ccp_alpha': 0.06981786109433943, 'criterion': 'squared_error', 'loss': 'absolute_error', 'max_depth': 62, 'max_features': 9, 'min_samples_split': 4, 'n_estimators': 528}",,,,,,,,475,,,,,,,
408,0.1695399761199951,0.0005011709702786078,0.00038471221923828123,6.023266858916521e-06,0.09754260711337116,friedman_mse,squared_error,40,log2,7,904,"{'ccp_alpha': 0.09754260711337116, 'criterion': 'friedman_mse', 'loss': 'squared_error', 'max_depth': 40, 'max_features': 'log2', 'min_samples_split': 7, 'n_estimators': 904}",-1.2226657245223758,-1.3095875105783688,-1.15706229915617,-1.2509229401284985,-0.9061638294387114,-1.169280460764825,0.1404145250349753,190,-0.9546811316618247,-0.924572562555764,-0.8973315219741455,-0.9413376780113273,-0.9936978557939079,-0.9423241499993938,0.03203866789751841
409,0.0004569053649902344,1.4148972622800146e-05,0.0,0.0,0.09358351033551589,squared_error,absolute_error,39,8,4,132,"{'ccp_alpha': 0.09358351033551589, 'criterion': 'squared_error', 'loss': 'absolute_error', 'max_depth': 39, 'max_features': 8, 'min_samples_split': 4, 'n_estimators': 132}",,,,,,,,412,,,,,,,
410,0.0004506111145019531,3.8325369448490365e-06,0.0,0.0,0.030964101791391026,friedman_mse,absolute_error,19,8,2,897,"{'ccp_alpha': 0.030964101791391026, 'criterion': 'friedman_mse', 'loss': 'absolute_error', 'max_depth': 19, 'max_features': 8, 'min_samples_split': 2, 'n_estimators': 897}",,,,,,,,455,,,,,,,
411,0.407769775390625,0.0017968399382480675,0.0004076957702636719,4.7035580809241084e-06,0.13623349758378678,friedman_mse,absolute_error,37,1,6,981,"{'ccp_alpha': 0.13623349758378678, 'criterion': 'friedman_mse', 'loss': 'absolute_error', 'max_depth': 37, 'max_features': 1, 'min_samples_split': 6, 'n_estimators': 981}",-1.34783255070922,-1.2759722982318555,-1.0575977362111093,-1.2646285190022282,-1.1360698739132118,-1.216420195613525,0.10470955090151687,309,-1.0764458111023187,-1.0050476543134756,-1.1039232545279627,-1.0904922877435295,-1.2194745759926189,-1.0990767167359812,0.06920469396382281
412,0.16181159019470215,0.03472563025403626,0.00031027793884277346,1.4694478031608328e-05,0.07129389314559528,squared_error,absolute_error,16,6,4,171,"{'ccp_alpha': 0.07129389314559528, 'criterion': 'squared_error', 'loss': 'absolute_error', 'max_depth': 16, 'max_features': 6, 'min_samples_split': 4, 'n_estimators': 171}",-1.2543120387772286,-1.2883392711000772,-1.0958027322277237,-1.1222256636460006,-0.9869364994537061,-1.1495232410409473,0.10983267425600964,82,-0.7639621037781176,-0.4173725158017313,-0.47436604650881437,-0.5014507913813178,-0.5346682066114383,-0.5383639328162838,0.11916830584271715
413,0.0767491340637207,0.0003832764576544996,0.00030245780944824217,5.750980336427219e-06,0.21383993670777157,squared_error,squared_error,62,3,2,341,"{'ccp_alpha': 0.21383993670777157, 'criterion': 'squared_error', 'loss': 'squared_error', 'max_depth': 62, 'max_features': 3, 'min_samples_split': 2, 'n_estimators': 341}",-1.2371996965209797,-1.2487113191651862,-1.042447917159892,-1.2908373952839494,-0.9783612464736502,-1.1595115149207316,0.12470593503914532,124,-1.0972151758366715,-1.048584406705999,-1.1281265051194185,-1.0706647607941764,-1.192021111783219,-1.1073223920478967,0.05000554552486052
414,0.09881696701049805,0.000812043552817125,0.00033206939697265624,3.8129087069900138e-06,0.04176469588883015,friedman_mse,squared_error,13,2,7,538,"{'ccp_alpha': 0.04176469588883015, 'criterion': 'friedman_mse', 'loss': 'squared_error', 'max_depth': 13, 'max_features': 2, 'min_samples_split': 7, 'n_estimators': 538}",-1.1815533910426363,-1.3456863107963013,-1.1413811493178985,-1.2684267493506818,-1.0667951186295666,-1.200768543827417,0.09738968666167057,275,-0.7164357828757306,-0.6754664756386939,-0.6542251962615273,-0.7122655331938345,-0.7160162924554436,-0.6948818560850459,0.025468998317551103
415,2.3872961521148683,0.08179410422186477,0.0008008003234863282,4.584744022243249e-05,0.01927059115323293,friedman_mse,absolute_error,13,log2,3,831,"{'ccp_alpha': 0.01927059115323293, 'criterion': 'friedman_mse', 'loss': 'absolute_error', 'max_depth': 13, 'max_features': 'log2', 'min_samples_split': 3, 'n_estimators': 831}",-1.102074223782481,-1.4629838559968014,-1.220466624949691,-1.2788961075249783,-0.6280217589400967,-1.1384885142388097,0.280583049568362,61,-0.002497304879381993,-0.022347327243838356,-0.00022875673088875294,-4.011555658401475e-06,-0.005142415569763915,-0.006043963195906284,0.008360489156300518
416,0.0006573200225830078,5.91547197193203e-06,0.0,0.0,0.06744217112174705,squared_error,huber,50,8,8,604,"{'ccp_alpha': 0.06744217112174705, 'criterion': 'squared_error', 'loss': 'huber', 'max_depth': 50, 'max_features': 8, 'min_samples_split': 8, 'n_estimators': 604}",,,,,,,,390,,,,,,,
417,0.45215449333190916,0.00324267326441126,0.0003619670867919922,3.5376047117216887e-06,0.02532391218490679,friedman_mse,huber,44,2,4,665,"{'ccp_alpha': 0.02532391218490679, 'criterion': 'friedman_mse', 'loss': 'huber', 'max_depth': 44, 'max_features': 2, 'min_samples_split': 4, 'n_estimators': 665}",-1.1868869298274274,-1.3303454536253623,-1.1112946063052873,-1.2621086661543943,-1.0241297101314246,-1.182953073208779,0.10804202281102922,234,-0.6289697334844627,-0.622756898738305,-0.5758425176816685,-0.6125101148153357,-0.582066484213331,-0.6044291497866205,0.02154406169833697
418,0.00037393569946289065,9.486063767096103e-06,0.0,0.0,0.019999806435432407,friedman_mse,squared_error,35,9,6,131,"{'ccp_alpha': 0.019999806435432407, 'criterion': 'friedman_mse', 'loss': 'squared_error', 'max_depth': 35, 'max_features': 9, 'min_samples_split': 6, 'n_estimators': 131}",,,,,,,,381,,,,,,,
419,0.00037899017333984373,1.2208893753062363e-05,0.0,0.0,0.014288724130424008,squared_error,squared_error,41,8,4,653,"{'ccp_alpha': 0.014288724130424008, 'criterion': 'squared_error', 'loss': 'squared_error', 'max_depth': 41, 'max_features': 8, 'min_samples_split': 4, 'n_estimators': 653}",,,,,,,,409,,,,,,,
420,0.49866857528686526,0.0039338697449089015,0.00036835670471191406,3.923416601319163e-06,0.005392537459510161,squared_error,huber,39,log2,6,699,"{'ccp_alpha': 0.005392537459510161, 'criterion': 'squared_error', 'loss': 'huber', 'max_depth': 39, 'max_features': 'log2', 'min_samples_split': 6, 'n_estimators': 699}",-1.123159110231635,-1.4755796948155353,-1.2031736810745288,-1.3049868965159115,-1.1784675788695926,-1.2570733923014408,0.12414330094079956,351,-0.3327166779782476,-0.3190273680178768,-0.30830562088893015,-0.3973810797734875,-0.3027296103159534,-0.3320320713948991,0.034239341614752006
421,0.28940491676330565,0.016657795893748738,0.00036983489990234376,1.4187327882634092e-05,0.07317335065446282,squared_error,absolute_error,27,sqrt,9,578,"{'ccp_alpha': 0.07317335065446282, 'criterion': 'squared_error', 'loss': 'absolute_error', 'max_depth': 27, 'max_features': 'sqrt', 'min_samples_split': 9, 'n_estimators': 578}",-1.0892441148950842,-1.3046617566497727,-1.0344368610518597,-1.1470962704563332,-0.7611250536563192,-1.0673128113418737,0.17777101863158856,5,-0.7166232653415306,-0.6193744882510243,-0.7529980581261579,-0.7267748514394723,-0.7623164289163588,-0.7156174184149087,0.05092408360158192
422,0.1666867256164551,0.001869750121237403,0.0002975940704345703,1.0426718044352546e-05,0.021591251788322705,squared_error,huber,26,4,5,215,"{'ccp_alpha': 0.021591251788322705, 'criterion': 'squared_error', 'loss': 'huber', 'max_depth': 26, 'max_features': 4, 'min_samples_split': 5, 'n_estimators': 215}",-1.0711703068072729,-1.3672552993813398,-1.1628426236492835,-1.2596196850083345,-1.1333207129061764,-1.1988417255504813,0.10387109492623456,270,-0.6228499516926509,-0.5488035776311084,-0.5041641642580678,-0.5413032761109275,-0.5292455715315286,-0.5492733082448567,0.03978243237708936
423,0.1360445499420166,0.002465572784965186,0.00034117698669433594,3.9059920151276384e-06,0.2689082179299666,friedman_mse,squared_error,32,6,8,607,"{'ccp_alpha': 0.2689082179299666, 'criterion': 'friedman_mse', 'loss': 'squared_error', 'max_depth': 32, 'max_features': 6, 'min_samples_split': 8, 'n_estimators': 607}",-1.2606890264114046,-1.242766115813737,-1.0484855808834872,-1.2942939354132765,-0.9783612464736502,-1.164919180999111,0.1267521059393839,152,-1.1188116852236054,-1.0699144709247155,-1.1485565375542404,-1.112309760379158,-1.192021111783219,-1.1283227131729876,0.040559316332905514
424,1.8747093677520752,0.059375511567963495,0.0007194042205810547,2.0047926354962092e-05,0.01212781555963497,friedman_mse,absolute_error,22,7,6,818,"{'ccp_alpha': 0.01212781555963497, 'criterion': 'friedman_mse', 'loss': 'absolute_error', 'max_depth': 22, 'max_features': 7, 'min_samples_split': 6, 'n_estimators': 818}",-1.148389456932142,-1.279063398221631,-1.2308488065132974,-1.185883323719688,-1.0395057451042153,-1.1767381460981947,0.08138603704127369,205,-0.02625107835445577,-0.015144226644816903,-0.004255259117051135,-0.13003373354952574,-0.009853661963719715,-0.037107591925913855,0.04702674466262402
425,0.18749451637268066,0.00238932728470935,0.00035777091979980467,6.960427784669307e-05,0.19853397857820465,squared_error,absolute_error,59,1,3,444,"{'ccp_alpha': 0.19853397857820465, 'criterion': 'squared_error', 'loss': 'absolute_error', 'max_depth': 59, 'max_features': 1, 'min_samples_split': 3, 'n_estimators': 444}",-1.2539626903607535,-1.2306624859722453,-1.011993842626455,-1.2886088543732925,-1.1360698739132118,-1.1842595494491914,0.09989820457289776,238,-1.1196517532117614,-1.0920303381215914,-1.1805349773830467,-1.1124453385818207,-1.2194745759926189,-1.144827396658168,0.04757556684292604
426,0.5090912818908692,0.0018503376421871223,0.0003731250762939453,3.348062454517738e-06,0.09344054168787862,friedman_mse,huber,53,2,3,772,"{'ccp_alpha': 0.09344054168787862, 'criterion': 'friedman_mse', 'loss': 'huber', 'max_depth': 53, 'max_features': 2, 'min_samples_split': 3, 'n_estimators': 772}",-1.2346340897523318,-1.2880182201637178,-1.088719871600457,-1.2870183428060522,-0.9860354516209384,-1.1768851951886994,0.12000961892350534,207,-0.9585246596634552,-0.9368677193466289,-0.9488409343635016,-0.9259874252357699,-1.01211778936071,-0.9564677055940131,0.02990831815499325
427,0.5338486194610595,0.0017416550252971421,0.00038228034973144533,4.5100830375007e-06,0.12665098669245575,friedman_mse,huber,44,sqrt,4,817,"{'ccp_alpha': 0.12665098669245575, 'criterion': 'friedman_mse', 'loss': 'huber', 'max_depth': 44, 'max_features': 'sqrt', 'min_samples_split': 4, 'n_estimators': 817}",-1.235992108683979,-1.2563196078552945,-1.0648141697041402,-1.301864470838589,-0.907171355956922,-1.1532323426077848,0.14692273828841462,98,-1.006028533749777,-0.9942935460512563,-1.0212359901765942,-1.009876942395546,-1.1370834545844766,-1.0337036933915298,0.052401539834950654
428,0.4281176567077637,0.010737277637631621,0.0003520011901855469,3.2919036091028608e-06,0.17468672981976713,friedman_mse,huber,46,log2,5,651,"{'ccp_alpha': 0.17468672981976713, 'criterion': 'friedman_mse', 'loss': 'huber', 'max_depth': 46, 'max_features': 'log2', 'min_samples_split': 5, 'n_estimators': 651}",-1.217672933046881,-1.2623929019088052,-1.0352098377790482,-1.2969757403355233,-0.9696300259185836,-1.1563762877977681,0.12986183594595338,111,-1.0793077912332845,-1.0285921406660947,-1.0943962187549776,-1.050717658779015,-1.1755552191380407,-1.0857138057142826,0.050349807947818084
429,0.1259528160095215,0.001050317320390761,0.00028252601623535156,7.152557373046875e-06,0.12195728508588831,squared_error,huber,41,auto,5,176,"{'ccp_alpha': 0.12195728508588831, 'criterion': 'squared_error', 'loss': 'huber', 'max_depth': 41, 'max_features': 'auto', 'min_samples_split': 5, 'n_estimators': 176}",-1.2041571220454281,-1.2851192468861121,-1.0312340048025832,-1.3281477469190055,-0.9497949245638728,-1.1596906090434005,0.14604432122276415,128,-1.0269869996862926,-1.0004403908398336,-1.060720021488181,-0.9808814748612331,-1.1264382688847057,-1.0390934311520492,0.05123687178493172
430,0.0003785610198974609,9.208514457815602e-06,0.0,0.0,0.12081710963195176,squared_error,squared_error,30,9,6,682,"{'ccp_alpha': 0.12081710963195176, 'criterion': 'squared_error', 'loss': 'squared_error', 'max_depth': 30, 'max_features': 9, 'min_samples_split': 6, 'n_estimators': 682}",,,,,,,,399,,,,,,,
431,0.00045256614685058595,2.802407313330672e-06,0.0,0.0,0.04399440610933957,squared_error,absolute_error,31,10,6,707,"{'ccp_alpha': 0.04399440610933957, 'criterion': 'squared_error', 'loss': 'absolute_error', 'max_depth': 31, 'max_features': 10, 'min_samples_split': 6, 'n_estimators': 707}",,,,,,,,395,,,,,,,
432,2.5612338542938233,0.06284260390898695,0.0008977890014648437,7.585422638907027e-05,0.014483157494166158,squared_error,absolute_error,11,3,2,841,"{'ccp_alpha': 0.014483157494166158, 'criterion': 'squared_error', 'loss': 'absolute_error', 'max_depth': 11, 'max_features': 3, 'min_samples_split': 2, 'n_estimators': 841}",-1.1436929067738995,-1.3523478134647182,-1.1592970283604282,-1.10166650677969,-0.9146767491476315,-1.1343362009052735,0.1396833832089232,59,-0.002152775926727481,-1.4228013549911784e-05,-1.273983000670316e-05,-1.1827768353097918e-07,-1.3317932714142504e-08,-0.00043597507318006825,0.0008584215307563866
433,0.9689955234527587,0.032561761749949326,0.0006024360656738282,9.805543717175909e-05,0.0009291022410689025,friedman_mse,absolute_error,28,auto,7,442,"{'ccp_alpha': 0.0009291022410689025, 'criterion': 'friedman_mse', 'loss': 'absolute_error', 'max_depth': 28, 'max_features': 'auto', 'min_samples_split': 7, 'n_estimators': 442}",-1.1006568187551842,-1.2716104260841585,-1.1514508451859071,-1.1218659104977087,-0.887171650786703,-1.1065511302619322,0.12462519565016912,32,-0.06336740068207425,-0.1084038239180753,-0.014433107759796721,-0.28922793661538976,-0.04025060758365681,-0.10313657531179857,0.09804312928837745
434,0.0003936290740966797,1.2641132034019085e-05,0.0,0.0,0.1851007129304301,squared_error,squared_error,36,10,3,351,"{'ccp_alpha': 0.1851007129304301, 'criterion': 'squared_error', 'loss': 'squared_error', 'max_depth': 36, 'max_features': 10, 'min_samples_split': 3, 'n_estimators': 351}",,,,,,,,407,,,,,,,
435,0.0006893634796142578,9.65003432711667e-06,0.0,0.0,0.048070669791395924,squared_error,huber,60,8,2,514,"{'ccp_alpha': 0.048070669791395924, 'criterion': 'squared_error', 'loss': 'huber', 'max_depth': 60, 'max_features': 8, 'min_samples_split': 2, 'n_estimators': 514}",,,,,,,,384,,,,,,,
436,0.6112816810607911,0.004575635684768838,0.0004283905029296875,6.793572474377002e-05,0.06113620510822221,friedman_mse,huber,25,4,7,906,"{'ccp_alpha': 0.06113620510822221, 'criterion': 'friedman_mse', 'loss': 'huber', 'max_depth': 25, 'max_features': 4, 'min_samples_split': 7, 'n_estimators': 906}",-1.1601265652853265,-1.2994600846405653,-1.1361103697932835,-1.2609248195724405,-1.1353652251854582,-1.1983974128954147,0.06847003783952038,268,-0.8777897342643756,-0.7838685965264465,-0.7991373598651123,-0.7943725012044051,-0.8305408967168064,-0.8171418177154293,0.03408053586716945
437,0.5176889419555664,0.003452400558443666,0.00038971900939941404,3.0999036591138023e-05,0.2889646207623443,friedman_mse,huber,30,sqrt,2,772,"{'ccp_alpha': 0.2889646207623443, 'criterion': 'friedman_mse', 'loss': 'huber', 'max_depth': 30, 'max_features': 'sqrt', 'min_samples_split': 2, 'n_estimators': 772}",-1.258989761109406,-1.2339661063739005,-1.0465281749608721,-1.2936026313167548,-1.0040721894877527,-1.1674317726497372,0.11834931494236879,181,-1.1188574060517307,-1.0950980307583669,-1.1735256339643245,-1.112311702124022,-1.1929453160794932,-1.1385476177955876,0.03780599295623825
438,0.20049409866333007,0.010655809569223323,0.00038447380065917967,5.5743059196703666e-06,0.0009327819664456667,friedman_mse,squared_error,57,7,5,776,"{'ccp_alpha': 0.0009327819664456667, 'criterion': 'friedman_mse', 'loss': 'squared_error', 'max_depth': 57, 'max_features': 7, 'min_samples_split': 5, 'n_estimators': 776}",-0.9963113854231421,-1.5996873214303793,-1.5000042134309608,-1.754085661446402,-1.2353005116409466,-1.417077818674366,0.2697720090140061,379,-0.13667441102409678,-0.12919358499434885,-0.12406813738617962,-0.1272131062481074,-0.12679798941441772,-0.12878944581343008,0.004267962116293277
439,0.000649404525756836,4.5597202636268316e-06,0.0,0.0,0.06544948940812377,friedman_mse,huber,33,9,2,646,"{'ccp_alpha': 0.06544948940812377, 'criterion': 'friedman_mse', 'loss': 'huber', 'max_depth': 33, 'max_features': 9, 'min_samples_split': 2, 'n_estimators': 646}",,,,,,,,394,,,,,,,
440,0.000377655029296875,5.230014642027383e-06,0.0,0.0,0.010403453945207659,friedman_mse,squared_error,44,8,6,87,"{'ccp_alpha': 0.010403453945207659, 'criterion': 'friedman_mse', 'loss': 'squared_error', 'max_depth': 44, 'max_features': 8, 'min_samples_split': 6, 'n_estimators': 87}",,,,,,,,396,,,,,,,
441,0.08801469802856446,0.0013388957683992315,0.0002767086029052734,5.1192860665904306e-06,0.0453004260301675,squared_error,huber,45,5,5,115,"{'ccp_alpha': 0.0453004260301675, 'criterion': 'squared_error', 'loss': 'huber', 'max_depth': 45, 'max_features': 5, 'min_samples_split': 5, 'n_estimators': 115}",-1.1312914981795523,-1.3062469444216274,-1.1300761477170775,-1.2556676885729874,-1.130633975171784,-1.1907832508126057,0.07534508764748757,253,-0.7909967659118529,-0.7515849520652613,-0.7038702173888038,-0.7293640287877331,-0.7223756878603279,-0.7396383304027958,0.02987751220196242
442,0.0006571769714355469,7.519224570107882e-06,0.0,0.0,0.05950810095890672,squared_error,huber,44,9,8,112,"{'ccp_alpha': 0.05950810095890672, 'criterion': 'squared_error', 'loss': 'huber', 'max_depth': 44, 'max_features': 9, 'min_samples_split': 8, 'n_estimators': 112}",,,,,,,,397,,,,,,,
443,0.000664377212524414,1.2805186440760683e-05,0.0,0.0,0.03637918994326136,friedman_mse,huber,40,9,5,566,"{'ccp_alpha': 0.03637918994326136, 'criterion': 'friedman_mse', 'loss': 'huber', 'max_depth': 40, 'max_features': 9, 'min_samples_split': 5, 'n_estimators': 566}",,,,,,,,398,,,,,,,
444,0.3533369541168213,0.010151593528821968,0.0004034996032714844,4.460928210473347e-05,0.013882428790481488,squared_error,absolute_error,13,5,6,150,"{'ccp_alpha': 0.013882428790481488, 'criterion': 'squared_error', 'loss': 'absolute_error', 'max_depth': 13, 'max_features': 5, 'min_samples_split': 6, 'n_estimators': 150}",-1.174809171402869,-1.3404788349216115,-1.1744330709267174,-1.1239950879576246,-1.0180114472916606,-1.1663455225000967,0.10416910238748282,165,-0.14934826040820684,-0.13101737608446476,-0.13594992673885786,-0.2992293040644229,-0.20665238415957576,-0.18443945029110562,0.06341398658751249
445,0.04071455001831055,0.001814032581750128,0.00028147697448730467,4.901459226325554e-06,0.12802224099535778,friedman_mse,squared_error,20,auto,2,146,"{'ccp_alpha': 0.12802224099535778, 'criterion': 'friedman_mse', 'loss': 'squared_error', 'max_depth': 20, 'max_features': 'auto', 'min_samples_split': 2, 'n_estimators': 146}",-1.2053741426886766,-1.2845405567805035,-1.037052435186484,-1.3081652832898734,-0.9866597957698894,-1.1643584427430853,0.13006926174979622,146,-1.023923923525178,-0.9743549158672593,-1.0574981641485033,-1.0045197108302892,-1.0901230528926136,-1.0300839534527686,0.04038176447208477
446,1.4980659008026123,0.0028204521900341015,0.0007359504699707032,5.9366398546818954e-05,0.03537795171026205,squared_error,absolute_error,15,7,8,836,"{'ccp_alpha': 0.03537795171026205, 'criterion': 'squared_error', 'loss': 'absolute_error', 'max_depth': 15, 'max_features': 7, 'min_samples_split': 8, 'n_estimators': 836}",-1.0337848928803945,-1.4150571734800637,-1.1675874372200656,-1.1154259648902312,-0.7936686517378572,-1.1051048240417223,0.20107714132665414,29,-0.08270631095195002,-0.07919665602483542,-0.06483259527317184,-0.25650067779974683,-0.11183747154050333,-0.11901474231804147,0.07041787118878985
447,1.3514679431915284,0.06409175517726806,0.0007878303527832031,0.0001516191157133492,0.04709457728620201,squared_error,absolute_error,21,7,3,780,"{'ccp_alpha': 0.04709457728620201, 'criterion': 'squared_error', 'loss': 'absolute_error', 'max_depth': 21, 'max_features': 7, 'min_samples_split': 3, 'n_estimators': 780}",-1.0650182825257395,-1.292965942532938,-1.1117195868564906,-1.1070142681984467,-0.9516979862721948,-1.105683213277162,0.1099801044911981,31,-0.09166660992206009,-0.039227270325114416,-0.15948865769092052,-0.12283785554249801,-0.18145113056108042,-0.1189343048083347,0.050328888878613025
448,0.16099424362182618,0.005018398622675754,0.00036039352416992185,8.938121424758897e-06,0.01901842705458997,squared_error,squared_error,23,5,4,683,"{'ccp_alpha': 0.01901842705458997, 'criterion': 'squared_error', 'loss': 'squared_error', 'max_depth': 23, 'max_features': 5, 'min_samples_split': 4, 'n_estimators': 683}",-1.072828091721966,-1.3572681724607762,-1.3178828208986175,-1.3211356928449398,-1.0217559160394043,-1.2181741387931406,0.14113514426312002,314,-0.4988080245818269,-0.49739875985171694,-0.48714230323139074,-0.4858134151604044,-0.4922043367019318,-0.4922733679054542,0.005235168764149546
449,0.00045456886291503904,4.829021034687867e-06,0.0,0.0,0.3087866873390076,squared_error,absolute_error,30,10,2,823,"{'ccp_alpha': 0.3087866873390076, 'criterion': 'squared_error', 'loss': 'absolute_error', 'max_depth': 30, 'max_features': 10, 'min_samples_split': 2, 'n_estimators': 823}",,,,,,,,402,,,,,,,
450,0.24300794601440429,0.026404877550018583,0.0003468513488769531,1.0314903668328948e-05,0.06966997448503374,squared_error,absolute_error,46,sqrt,8,414,"{'ccp_alpha': 0.06966997448503374, 'criterion': 'squared_error', 'loss': 'absolute_error', 'max_depth': 46, 'max_features': 'sqrt', 'min_samples_split': 8, 'n_estimators': 414}",-1.1045370815592044,-1.3202732337091758,-1.0369293157769197,-1.1759788092245638,-0.8314610554904068,-1.093835899152054,0.16137828681661628,19,-0.7239222035746179,-0.5412346338651235,-0.6518704936870798,-0.7387882205766584,-0.6902524536100731,-0.6692136010627106,0.07064798879547793
451,0.0004596710205078125,6.365374220262619e-06,0.0,0.0,0.006035252877866808,friedman_mse,absolute_error,30,10,9,916,"{'ccp_alpha': 0.006035252877866808, 'criterion': 'friedman_mse', 'loss': 'absolute_error', 'max_depth': 30, 'max_features': 10, 'min_samples_split': 9, 'n_estimators': 916}",,,,,,,,403,,,,,,,
452,0.41307544708251953,0.010820944732452879,0.0004176616668701172,5.9901338296812026e-05,0.030144641920521676,squared_error,huber,16,2,3,586,"{'ccp_alpha': 0.030144641920521676, 'criterion': 'squared_error', 'loss': 'huber', 'max_depth': 16, 'max_features': 2, 'min_samples_split': 3, 'n_estimators': 586}",-1.167100929539054,-1.3698496481125717,-1.159682385337227,-1.3138170904921458,-1.0764390640521004,-1.2173778235066197,0.10795226082351095,313,-0.6942157559459669,-0.6604354630882296,-0.6055339885894371,-0.61676004256449,-0.6920478520195362,-0.653798620441532,0.036991694143363126
453,0.19044733047485352,0.002383980012596406,0.0003032684326171875,1.29160390860627e-05,0.003999997748332922,friedman_mse,huber,37,auto,4,200,"{'ccp_alpha': 0.003999997748332922, 'criterion': 'friedman_mse', 'loss': 'huber', 'max_depth': 37, 'max_features': 'auto', 'min_samples_split': 4, 'n_estimators': 200}",-1.1528595918081714,-1.3843603210255198,-1.388252951118519,-1.607775695088133,-1.3336271117561171,-1.3733751341592921,0.14525333485678438,376,-0.3092600765859627,-0.3067742929405501,-0.29326126382001966,-0.265978828254936,-0.2643936858249697,-0.28793362948528767,0.019361373285860496
454,0.0831954002380371,0.0020168888294365274,0.0003125190734863281,2.178441399176456e-05,0.12955154549786402,friedman_mse,absolute_error,24,3,3,183,"{'ccp_alpha': 0.12955154549786402, 'criterion': 'friedman_mse', 'loss': 'absolute_error', 'max_depth': 24, 'max_features': 3, 'min_samples_split': 3, 'n_estimators': 183}",-1.2685822414166799,-1.2759722981218486,-1.0502106388145283,-1.2183080145002505,-1.1360698738549175,-1.189828613341645,0.08581040209100671,249,-1.0032348988610507,-1.0050476543073328,-1.0327304353731235,-1.0179551450012285,-1.2194745759746273,-1.0556885419034725,0.08257437013861536
455,0.9922317504882813,0.024016579850991027,0.0005513668060302734,1.2082530449168401e-05,0.01992568994481092,squared_error,absolute_error,45,6,9,528,"{'ccp_alpha': 0.01992568994481092, 'criterion': 'squared_error', 'loss': 'absolute_error', 'max_depth': 45, 'max_features': 6, 'min_samples_split': 9, 'n_estimators': 528}",-1.0795687937147902,-1.2032862327910143,-1.0661838936104713,-1.1124922757109534,-0.8709774796367017,-1.0665017350927861,0.10883539144304377,4,-0.1544084638943564,-0.12713853016124613,-0.05361041628199582,-0.23125258256094636,-0.14070016224528303,-0.14142203102876555,0.056839413443765224
456,0.637239933013916,0.029138227520226958,0.0004955291748046875,8.8023235320535e-05,0.04046307260489601,squared_error,absolute_error,11,6,4,334,"{'ccp_alpha': 0.04046307260489601, 'criterion': 'squared_error', 'loss': 'absolute_error', 'max_depth': 11, 'max_features': 6, 'min_samples_split': 4, 'n_estimators': 334}",-0.9981796153925929,-1.3681333519756662,-1.2423845590334357,-1.1517440647861086,-0.8630721325414702,-1.1247027447458549,0.17793110039765062,51,-0.15615733393573739,-0.0996433245378101,-0.19097485723744623,-0.17068453316434756,-0.19623890216530615,-0.16273979020812948,0.034661278578187474
457,0.15037178993225098,0.0030544560097545705,0.0003505229949951172,4.1578833093829654e-05,0.10990632394966682,squared_error,absolute_error,57,auto,3,310,"{'ccp_alpha': 0.10990632394966682, 'criterion': 'squared_error', 'loss': 'absolute_error', 'max_depth': 57, 'max_features': 'auto', 'min_samples_split': 3, 'n_estimators': 310}",-1.2549240970199045,-1.312369732636428,-1.057199128664228,-1.1865287258301567,-1.1360698739132118,-1.1894183116127857,0.08915646662368484,248,-0.9306855001187208,-0.9263788297578489,-0.9340379897727693,-0.9231209978676305,-1.2194745759926189,-0.9867395787019178,0.1164266636177714
458,0.17659597396850585,0.002476550757541314,0.0004021167755126953,2.1608984758908685e-05,0.16354097045159846,squared_error,squared_error,36,sqrt,6,924,"{'ccp_alpha': 0.16354097045159846, 'criterion': 'squared_error', 'loss': 'squared_error', 'max_depth': 36, 'max_features': 'sqrt', 'min_samples_split': 6, 'n_estimators': 924}",-1.2005243247540418,-1.2700268589929973,-1.039846614158116,-1.310119347520437,-0.9273367779524121,-1.149570784675601,0.1444362263824544,83,-1.0515695253491504,-1.00979308745866,-1.0751573374661632,-1.0404177026532273,-1.1472771894769263,-1.0648429684808254,0.0462710585629352
459,0.06136617660522461,0.0007703913204433239,0.0002925395965576172,3.693564745147149e-06,0.07867104990483563,friedman_mse,squared_error,41,log2,6,323,"{'ccp_alpha': 0.07867104990483563, 'criterion': 'friedman_mse', 'loss': 'squared_error', 'max_depth': 41, 'max_features': 'log2', 'min_samples_split': 6, 'n_estimators': 323}",-1.1916055386794546,-1.3001712713406925,-1.1424961077246774,-1.2139007361736,-0.9752884732151101,-1.164692425426707,0.10757957504527127,150,-0.8931168139930186,-0.8781106184408095,-0.8476633064772238,-0.8421290381869547,-0.9550118552640325,-0.8832063264724079,0.04057306459105252
460,0.13181662559509277,0.0021817404640273735,0.00032124519348144533,1.9803730906700716e-05,0.15779249147703409,friedman_mse,absolute_error,48,2,8,310,"{'ccp_alpha': 0.15779249147703409, 'criterion': 'friedman_mse', 'loss': 'absolute_error', 'max_depth': 48, 'max_features': 2, 'min_samples_split': 8, 'n_estimators': 310}",-1.3478325507092228,-1.2759722982318553,-1.0263581520840084,-1.2886088543732925,-1.1360698739132118,-1.2149683458623182,0.11712905506410898,306,-1.0764458111023179,-1.0050476543134759,-1.134332065595774,-1.1124453385818207,-1.2194745759926189,-1.1095490891172015,0.07031724360391886
461,0.789166784286499,0.03636140470936187,0.0004978179931640625,3.646136507248506e-05,0.027447324012845595,squared_error,absolute_error,61,4,4,322,"{'ccp_alpha': 0.027447324012845595, 'criterion': 'squared_error', 'loss': 'absolute_error', 'max_depth': 61, 'max_features': 4, 'min_samples_split': 4, 'n_estimators': 322}",-1.1638236630851309,-1.2922796380886339,-1.1572053325395517,-1.1001142346011579,-0.8895370550418107,-1.120591984671257,0.1315232940209243,48,-0.02476434314888962,-0.05450703738818959,-0.028376318693150656,-0.05142210535694129,-0.048228116146182554,-0.041459584146670746,0.012370964370528197
462,0.6890496253967285,0.008833078489695376,0.00041089057922363283,3.951136109517402e-06,0.02914945008614205,squared_error,huber,56,auto,9,969,"{'ccp_alpha': 0.02914945008614205, 'criterion': 'squared_error', 'loss': 'huber', 'max_depth': 56, 'max_features': 'auto', 'min_samples_split': 9, 'n_estimators': 969}",-1.1252008630919663,-1.3530978393830457,-1.1982573177632714,-1.4012870232047328,-1.1767956015278762,-1.2509277289941785,0.10688651754442664,346,-0.698939658161074,-0.6580855961776619,-0.6963574306694953,-0.6857633311916234,-0.6476347089660868,-0.6773561450331883,0.020747508230921384
463,0.00045413970947265624,8.639047124971973e-06,0.0,0.0,0.13827032435071432,friedman_mse,absolute_error,18,9,2,213,"{'ccp_alpha': 0.13827032435071432, 'criterion': 'friedman_mse', 'loss': 'absolute_error', 'max_depth': 18, 'max_features': 9, 'min_samples_split': 2, 'n_estimators': 213}",,,,,,,,406,,,,,,,
464,0.14412617683410645,0.004503746943936857,0.0003779888153076172,2.225946132723956e-05,0.021234278482202204,squared_error,squared_error,52,4,9,691,"{'ccp_alpha': 0.021234278482202204, 'criterion': 'squared_error', 'loss': 'squared_error', 'max_depth': 52, 'max_features': 4, 'min_samples_split': 9, 'n_estimators': 691}",-1.0833347005311154,-1.3983486772226086,-1.1455437530227062,-1.3394685583203616,-1.137926891995335,-1.2209245162184252,0.12412400677823636,319,-0.5281258676438121,-0.537351636250669,-0.5062314761004396,-0.5062733895365474,-0.5134281791605739,-0.5182821097384084,0.012438120317150582
465,0.2846663951873779,0.004917121216933589,0.0003290653228759766,1.2002096414389664e-05,0.04985167288419416,squared_error,huber,62,2,4,416,"{'ccp_alpha': 0.04985167288419416, 'criterion': 'squared_error', 'loss': 'huber', 'max_depth': 62, 'max_features': 2, 'min_samples_split': 4, 'n_estimators': 416}",-1.2144516331256003,-1.3053203781009572,-1.1631967493441382,-1.2350638616623109,-1.105071136769727,-1.2046207518005467,0.06751283986771406,283,-0.8302837056573182,-0.7868357024949098,-0.7238050086276698,-0.788607328977809,-0.7783096710498443,-0.7815682833615103,0.034052021082893194
466,0.06779389381408692,0.0010780867653179458,0.0003180980682373047,7.1864912607040536e-06,0.003788998668131373,squared_error,squared_error,29,4,7,309,"{'ccp_alpha': 0.003788998668131373, 'criterion': 'squared_error', 'loss': 'squared_error', 'max_depth': 29, 'max_features': 4, 'min_samples_split': 7, 'n_estimators': 309}",-1.1426953665238289,-1.4855903713420497,-1.1799475110762612,-1.3743385298643989,-1.1916560441195048,-1.2748455645852086,0.13244020193112602,360,-0.25516112478958514,-0.2367055813790367,-0.25649268983394957,-0.22980741687731868,-0.25217595659777703,-0.24606855389553345,0.010777083601449284
467,0.7273252487182618,0.015907206462520546,0.00043463706970214844,3.953609830524559e-05,0.002757450051120959,friedman_mse,huber,40,7,9,988,"{'ccp_alpha': 0.002757450051120959, 'criterion': 'friedman_mse', 'loss': 'huber', 'max_depth': 40, 'max_features': 7, 'min_samples_split': 9, 'n_estimators': 988}",-1.136452060502613,-1.570121353062397,-1.1815463259585055,-1.5748510050380367,-1.3939735978267684,-1.371388868477664,0.18581550319300577,375,-0.250909201492866,-0.2659328476131744,-0.2642877457359399,-0.2895391803426712,-0.24038068208912858,-0.262209931454756,0.016548642767463567
468,0.00037136077880859373,5.829517092499641e-06,0.0,0.0,0.11794578558522717,friedman_mse,squared_error,57,8,6,477,"{'ccp_alpha': 0.11794578558522717, 'criterion': 'friedman_mse', 'loss': 'squared_error', 'max_depth': 57, 'max_features': 8, 'min_samples_split': 6, 'n_estimators': 477}",,,,,,,,392,,,,,,,
469,0.523475980758667,0.01047913480014829,0.0003807544708251953,2.277165791539639e-05,0.07056280767369687,friedman_mse,huber,17,auto,5,724,"{'ccp_alpha': 0.07056280767369687, 'criterion': 'friedman_mse', 'loss': 'huber', 'max_depth': 17, 'max_features': 'auto', 'min_samples_split': 5, 'n_estimators': 724}",-1.196398995268364,-1.3052565018962214,-1.0362144707010532,-1.3773514464753536,-1.1065665324724352,-1.2043575893626854,0.12490476654643604,282,-0.9344557175792593,-0.8632216140909517,-0.9683244391670509,-0.8917928538613121,-0.9232540104988717,-0.9162097270394891,0.03606218276815282
470,0.5245795249938965,0.007957556984587732,0.00039725303649902345,4.943433165835504e-05,0.20075050243208545,friedman_mse,huber,28,auto,4,728,"{'ccp_alpha': 0.20075050243208545, 'criterion': 'friedman_mse', 'loss': 'huber', 'max_depth': 28, 'max_features': 'auto', 'min_samples_split': 4, 'n_estimators': 728}",-1.2361940410799528,-1.2459192874514757,-1.0363750989617382,-1.2880623860979548,-1.0040721894877527,-1.1621246006157748,0.11761093418075129,136,-1.097171728583283,-1.0468759935439964,-1.1272612657949712,-1.0685977087495178,-1.1929453160794932,-1.1065704025502523,0.050955707280781394
471,0.16511549949645996,0.003146495747465199,0.00039539337158203127,9.627624449010668e-06,0.042161000182124216,friedman_mse,squared_error,18,1,7,944,"{'ccp_alpha': 0.042161000182124216, 'criterion': 'friedman_mse', 'loss': 'squared_error', 'max_depth': 18, 'max_features': 1, 'min_samples_split': 7, 'n_estimators': 944}",-1.1598716603033126,-1.3266913822775177,-1.2106204040771014,-1.2720580900046592,-0.8611669651522145,-1.166081700362961,0.16249413623937461,164,-0.7396783040308541,-0.7211614243383249,-0.6603660698437274,-0.7188596858240401,-0.770381877727636,-0.7220894723529165,0.03595161923508296
472,0.037315988540649415,0.0004867882132661545,0.00026211738586425783,4.418405116504812e-06,0.08749999955676711,friedman_mse,huber,16,2,4,52,"{'ccp_alpha': 0.08749999955676711, 'criterion': 'friedman_mse', 'loss': 'huber', 'max_depth': 16, 'max_features': 2, 'min_samples_split': 4, 'n_estimators': 52}",-1.230219677977276,-1.306437935378211,-1.0806599006030846,-1.2593077142375655,-0.9989370623131033,-1.175112458101848,0.11604402916083223,203,-0.9430486072246235,-0.9180030037786103,-0.9529169345488424,-0.9352078834461617,-1.0354323470402875,-0.9569217552077051,0.040886617108899855
473,0.11908354759216308,0.001290396191624952,0.0003461360931396484,2.2987310015094664e-06,0.02618847880340184,squared_error,squared_error,56,log2,8,642,"{'ccp_alpha': 0.02618847880340184, 'criterion': 'squared_error', 'loss': 'squared_error', 'max_depth': 56, 'max_features': 'log2', 'min_samples_split': 8, 'n_estimators': 642}",-1.1515788344618363,-1.3742624722525696,-1.187353437325236,-1.1940512176273852,-1.1034904905792124,-1.2021472904492478,0.09186770182619051,277,-0.5737500273046644,-0.5940467222867545,-0.5321277107356157,-0.5776851765939796,-0.5735234631319747,-0.5702266200105978,0.020483348360188773
474,0.2396773338317871,0.0037761237121496003,0.00033168792724609376,3.0406885263075407e-05,0.04380054734305905,squared_error,huber,15,7,7,330,"{'ccp_alpha': 0.04380054734305905, 'criterion': 'squared_error', 'loss': 'huber', 'max_depth': 15, 'max_features': 7, 'min_samples_split': 7, 'n_estimators': 330}",-1.1806075664240425,-1.333424291344016,-1.135859639124609,-1.3396934951045552,-1.1958567123012136,-1.2370883408596873,0.08360120592758902,339,-0.8525545480942732,-0.7402266100379701,-0.7960430820999366,-0.7518100438214433,-0.7865644269705873,-0.785439742204842,0.03947980961460334
475,0.0003795623779296875,1.0146664488426503e-05,0.0,0.0,0.00448534743656137,squared_error,squared_error,23,10,8,163,"{'ccp_alpha': 0.00448534743656137, 'criterion': 'squared_error', 'loss': 'squared_error', 'max_depth': 23, 'max_features': 10, 'min_samples_split': 8, 'n_estimators': 163}",,,,,,,,408,,,,,,,
476,0.0004638195037841797,1.3762845420360532e-05,0.0,0.0,0.032273953617058586,friedman_mse,absolute_error,45,9,3,118,"{'ccp_alpha': 0.032273953617058586, 'criterion': 'friedman_mse', 'loss': 'absolute_error', 'max_depth': 45, 'max_features': 9, 'min_samples_split': 3, 'n_estimators': 118}",,,,,,,,393,,,,,,,
477,0.3169064998626709,0.0018862378950297465,0.00034060478210449217,3.510396008789702e-05,0.12162152573276248,friedman_mse,huber,62,3,8,482,"{'ccp_alpha': 0.12162152573276248, 'criterion': 'friedman_mse', 'loss': 'huber', 'max_depth': 62, 'max_features': 3, 'min_samples_split': 8, 'n_estimators': 482}",-1.204157122029981,-1.2851177909963953,-1.0571793550335404,-1.2691017030852143,-0.9240885272392843,-1.147928899676883,0.13784429285413122,77,-1.026986999686288,-1.0004425138361628,-1.0200127501905791,-1.0102302547245023,-1.0967320185309617,-1.030880907393699,0.034125044920893355
478,0.18707857131958008,0.004631425089659636,0.0003796100616455078,6.708676867850572e-06,0.03278514235717655,squared_error,squared_error,10,6,5,824,"{'ccp_alpha': 0.03278514235717655, 'criterion': 'squared_error', 'loss': 'squared_error', 'max_depth': 10, 'max_features': 6, 'min_samples_split': 5, 'n_estimators': 824}",-1.0441132413423675,-1.3515676893787045,-1.2236115961289873,-1.3061829190694845,-1.1101420612108421,-1.2071235014260773,0.11569485171160984,292,-0.6479331245537625,-0.6209447574323211,-0.5741495022809171,-0.6178350661995898,-0.6477147344222997,-0.621715436977778,0.02698703383984494
479,0.37027716636657715,0.0027469500611350854,0.0003818035125732422,6.256568705313387e-06,0.2522358991999574,squared_error,absolute_error,28,6,3,821,"{'ccp_alpha': 0.2522358991999574, 'criterion': 'squared_error', 'loss': 'absolute_error', 'max_depth': 28, 'max_features': 6, 'min_samples_split': 3, 'n_estimators': 821}",-1.2539626903607535,-1.221681058703438,-1.011993842626455,-1.2886088543732925,-1.1360698739132118,-1.18246326399543,0.09912543570062,217,-1.1196517532117614,-1.1285386583434693,-1.1805349773830467,-1.1124453385818207,-1.2194745759926189,-1.1521290607025434,0.04129986663129564
480,0.00045318603515625,2.7408805586242513e-06,0.0,0.0,0.25499675377169817,squared_error,absolute_error,13,10,5,355,"{'ccp_alpha': 0.25499675377169817, 'criterion': 'squared_error', 'loss': 'absolute_error', 'max_depth': 13, 'max_features': 10, 'min_samples_split': 5, 'n_estimators': 355}",,,,,,,,382,,,,,,,
481,0.2688745498657227,0.009148974057732805,0.00038013458251953127,4.8476917472097035e-05,0.01937107737482666,squared_error,huber,45,log2,7,368,"{'ccp_alpha': 0.01937107737482666, 'criterion': 'squared_error', 'loss': 'huber', 'max_depth': 45, 'max_features': 'log2', 'min_samples_split': 7, 'n_estimators': 368}",-1.1939231571047741,-1.4261408031477534,-1.184185853288926,-1.256375365835423,-1.0733308151620495,-1.226791198907785,0.11581113993920418,328,-0.5941985701501074,-0.5356552540363103,-0.49234698391404796,-0.5922232093974624,-0.5473128064615315,-0.5523473647918918,0.038067375579327434
482,0.15176186561584473,0.00649044888470903,0.00048804283142089844,2.3415083676900785e-05,0.03066240016649522,squared_error,squared_error,43,7,4,563,"{'ccp_alpha': 0.03066240016649522, 'criterion': 'squared_error', 'loss': 'squared_error', 'max_depth': 43, 'max_features': 7, 'min_samples_split': 4, 'n_estimators': 563}",-1.0407275163756557,-1.366484282270348,-1.2586500859590044,-1.4412505843564263,-1.1525980914120844,-1.2519421120747039,0.14386343748300146,347,-0.6108246471234793,-0.6237275912735518,-0.6321605055855694,-0.668484920402127,-0.637544096105065,-0.6345483520979586,0.019215982951290754
483,0.17516465187072755,0.000862565685766661,0.000348663330078125,2.7174949227644486e-05,0.18821613032237028,squared_error,huber,51,1,4,260,"{'ccp_alpha': 0.18821613032237028, 'criterion': 'squared_error', 'loss': 'huber', 'max_depth': 51, 'max_features': 1, 'min_samples_split': 4, 'n_estimators': 260}",-1.217672933046835,-1.2623957514237283,-1.0352171968287913,-1.288036195717878,-1.0040721894877602,-1.1614788533009985,0.11838717798202442,131,-1.0793077912332845,-1.028584247504085,-1.0944216802345557,-1.0685718708384673,-1.1929453160794934,-1.0927661811779772,0.05463407960160094
484,0.0542971134185791,0.0007336148837570112,0.00031151771545410154,3.5124486657529634e-06,0.21291917129913723,friedman_mse,squared_error,31,3,8,261,"{'ccp_alpha': 0.21291917129913723, 'criterion': 'friedman_mse', 'loss': 'squared_error', 'max_depth': 31, 'max_features': 3, 'min_samples_split': 8, 'n_estimators': 261}",-1.2371996965209797,-1.2487113191651862,-1.042447917159892,-1.2908373952839494,-0.9783612464736502,-1.1595115149207316,0.12470593503914532,124,-1.0972151758366715,-1.048584406705999,-1.1281265051194185,-1.0706647607941764,-1.192021111783219,-1.1073223920478967,0.05000554552486052
485,0.0004014015197753906,1.0218788293337852e-05,0.0,0.0,0.03731664639387908,friedman_mse,squared_error,18,10,7,429,"{'ccp_alpha': 0.03731664639387908, 'criterion': 'friedman_mse', 'loss': 'squared_error', 'max_depth': 18, 'max_features': 10, 'min_samples_split': 7, 'n_estimators': 429}",,,,,,,,385,,,,,,,
486,0.08205885887145996,0.0018988334743247934,0.0002814292907714844,2.4870886375364573e-05,0.13054434735643491,squared_error,huber,50,7,6,113,"{'ccp_alpha': 0.13054434735643491, 'criterion': 'squared_error', 'loss': 'huber', 'max_depth': 50, 'max_features': 7, 'min_samples_split': 6, 'n_estimators': 113}",-1.2041571338219523,-1.2851192075032154,-1.034786223984883,-1.2890510833862858,-0.9587556287902316,-1.1543738554973135,0.1343714030696487,99,-1.0269869996898953,-1.000440392578859,-1.067918117435237,-1.0109698363806652,-1.1369456439836056,-1.0486521980136525,0.04976068253618991
487,0.4033824443817139,0.007753999881744331,0.0004875659942626953,8.083690831174066e-05,0.18510946507756978,friedman_mse,absolute_error,61,3,4,909,"{'ccp_alpha': 0.18510946507756978, 'criterion': 'friedman_mse', 'loss': 'absolute_error', 'max_depth': 61, 'max_features': 3, 'min_samples_split': 4, 'n_estimators': 909}",-1.2539626903607535,-1.2759722982318555,-1.011993842626455,-1.2886088543732925,-1.1360698739132118,-1.1933215119011136,0.10558944676278204,258,-1.1196517532117614,-1.0050476543134756,-1.1805349773830467,-1.1124453385818207,-1.2194745759926189,-1.1274308598965448,0.07287636424173471
488,0.32088356018066405,0.003305517103877115,0.00039348602294921877,4.2410530555679375e-05,0.09473635524346424,squared_error,absolute_error,17,1,9,759,"{'ccp_alpha': 0.09473635524346424, 'criterion': 'squared_error', 'loss': 'absolute_error', 'max_depth': 17, 'max_features': 1, 'min_samples_split': 9, 'n_estimators': 759}",-1.2364861936410372,-1.3728336101483483,-0.9800724464202144,-1.2062995311679536,-0.8423366485781743,-1.1276056859911456,0.19043576422829683,55,-0.9030871883875178,-0.8342212685539498,-0.9007727184451337,-0.9298007753437566,-1.050300365292504,-0.9236364632045724,0.07074156259318949
489,0.0006577491760253907,4.392081809871466e-06,0.0,0.0,0.0947216215756433,friedman_mse,huber,31,9,5,324,"{'ccp_alpha': 0.0947216215756433, 'criterion': 'friedman_mse', 'loss': 'huber', 'max_depth': 31, 'max_features': 9, 'min_samples_split': 5, 'n_estimators': 324}",,,,,,,,391,,,,,,,
490,0.0004530429840087891,2.878453878934205e-06,0.0,0.0,0.19628085147400115,squared_error,absolute_error,57,9,8,673,"{'ccp_alpha': 0.19628085147400115, 'criterion': 'squared_error', 'loss': 'absolute_error', 'max_depth': 57, 'max_features': 9, 'min_samples_split': 8, 'n_estimators': 673}",,,,,,,,386,,,,,,,
491,0.00045456886291503904,2.9648383248729353e-06,0.0,0.0,0.034906148848932575,squared_error,absolute_error,53,10,8,736,"{'ccp_alpha': 0.034906148848932575, 'criterion': 'squared_error', 'loss': 'absolute_error', 'max_depth': 53, 'max_features': 10, 'min_samples_split': 8, 'n_estimators': 736}",,,,,,,,387,,,,,,,
492,0.2546700477600098,0.014674189922954436,0.00034198760986328127,1.3435135503126278e-05,0.07770132650691848,friedman_mse,absolute_error,38,auto,5,473,"{'ccp_alpha': 0.07770132650691848, 'criterion': 'friedman_mse', 'loss': 'absolute_error', 'max_depth': 38, 'max_features': 'auto', 'min_samples_split': 5, 'n_estimators': 473}",-1.369279204092789,-1.2932418582906557,-1.102094615109949,-1.1761190629147973,-1.028468721341225,-1.1938406923498832,0.12388587556859715,260,-0.7595197602657467,-0.6417662415593213,-0.5649277733073328,-0.8683356905741598,-0.661160223134205,-0.6991419377681531,0.10489998145093256
493,0.34012041091918943,0.002997048263025254,0.0003662109375,2.981662407086083e-06,0.3259857092661929,squared_error,absolute_error,42,6,3,753,"{'ccp_alpha': 0.3259857092661929, 'criterion': 'squared_error', 'loss': 'absolute_error', 'max_depth': 42, 'max_features': 6, 'min_samples_split': 3, 'n_estimators': 753}",-1.2539626903607535,-1.221681058703438,-1.011993842626455,-1.2886088543732925,-1.1360698739132118,-1.18246326399543,0.09912543570062,217,-1.1196517532117614,-1.1285386583434693,-1.1805349773830467,-1.1124453385818207,-1.2194745759926189,-1.1521290607025434,0.04129986663129564
494,0.5243649482727051,0.0032167430981450075,0.0004014492034912109,2.782311108343288e-05,0.0028663586527640493,squared_error,huber,10,3,7,712,"{'ccp_alpha': 0.0028663586527640493, 'criterion': 'squared_error', 'loss': 'huber', 'max_depth': 10, 'max_features': 3, 'min_samples_split': 7, 'n_estimators': 712}",-1.0630172152206803,-1.3762359145652134,-1.2981504188885031,-1.348230872316715,-1.125171444198836,-1.2421611730379896,0.12501261324193563,344,-0.25005985255691837,-0.26968860175304604,-0.27024994803410424,-0.31366392491189393,-0.25613857504219467,-0.2719601804596315,0.022258637992206835
495,0.00046033859252929686,3.256487098496222e-06,0.0,0.0,0.13256171381985837,squared_error,absolute_error,45,10,2,245,"{'ccp_alpha': 0.13256171381985837, 'criterion': 'squared_error', 'loss': 'absolute_error', 'max_depth': 45, 'max_features': 10, 'min_samples_split': 2, 'n_estimators': 245}",,,,,,,,388,,,,,,,
496,0.40829925537109374,0.0057419911036450146,0.0004027843475341797,1.3112241548383494e-05,0.10360278010815016,squared_error,absolute_error,53,1,5,957,"{'ccp_alpha': 0.10360278010815016, 'criterion': 'squared_error', 'loss': 'absolute_error', 'max_depth': 53, 'max_features': 1, 'min_samples_split': 5, 'n_estimators': 957}",-1.2408206940799609,-1.3992180994972399,-0.9925739071603566,-1.1952711017714608,-0.8720897534929105,-1.1399947112003859,0.18650688086306777,62,-0.9170107988443472,-0.8495076793230744,-0.8969573272495197,-0.9146502600038235,-1.0573736833596155,-0.927099949756076,0.06950851678833862
497,0.0006536960601806641,4.174436307571276e-06,0.0,0.0,0.007026777422709594,friedman_mse,huber,14,10,6,52,"{'ccp_alpha': 0.007026777422709594, 'criterion': 'friedman_mse', 'loss': 'huber', 'max_depth': 14, 'max_features': 10, 'min_samples_split': 6, 'n_estimators': 52}",,,,,,,,389,,,,,,,
498,0.2440025806427002,0.0040050089447945855,0.00040445327758789065,6.9862746274852515e-06,0.02670263362951729,squared_error,squared_error,27,6,3,970,"{'ccp_alpha': 0.02670263362951729, 'criterion': 'squared_error', 'loss': 'squared_error', 'max_depth': 27, 'max_features': 6, 'min_samples_split': 3, 'n_estimators': 970}",-1.0725592052856385,-1.4252310134459376,-1.2288363841431271,-1.3128944674084781,-1.1096250131826635,-1.229829216693169,0.12981956000295153,333,-0.5904378523392834,-0.5814181027251853,-0.5657065029231022,-0.5605256448000853,-0.5888228522330168,-0.5773821910041347,0.012149834959924954
499,0.11400542259216309,0.0038889897758633135,0.0003256797790527344,3.859141840037977e-06,0.0977811744324049,squared_error,squared_error,56,auto,9,504,"{'ccp_alpha': 0.0977811744324049, 'criterion': 'squared_error', 'loss': 'squared_error', 'max_depth': 56, 'max_features': 'auto', 'min_samples_split': 9, 'n_estimators': 504}",-1.188807865267607,-1.3000138225623497,-1.0359470442686107,-1.2814814176740041,-1.0237408884130128,-1.165998207637117,0.11744555103686372,163,-0.9767911859574722,-0.9527516242234705,-1.0146009732155232,-0.9306809832134384,-1.0142317327726178,-0.9778112998765044,0.033257247997198904
