7.866497035138309002e-04,6.317720981314778328e-04,5.585643230006098747e-04,9.323792764917016029e-04,6.669855210930109024e-04,9.401351562701165676e-04,5.246815271675586700e-04
5.441528628580272198e-04,6.078086444176733494e-04,3.880130439171125545e-09,8.708229288458824158e-04,3.421817273974170348e-09,2.645091153681278229e-04,3.599925246788870936e-09
3.932286496421966149e-09,4.558598387660595108e-09,3.880130439171125545e-09,2.732210850808769464e-04,4.524875548668205738e-04,3.753921173910157449e-09,3.599925246788870936e-09
3.023388562723994255e-04,4.558598387660595108e-09,2.070155460387468338e-04,3.525660208225644965e-09,3.421817273974170348e-09,3.753921173910157449e-09,8.002280083019286394e-05
3.014895773958414793e-04,1.827847445383667946e-04,3.880130439171125545e-09,1.988402218557894230e-04,3.421817273974170348e-09,3.753921173910157449e-09,3.599925246788870936e-09
3.932286496421966149e-09,4.558598387660595108e-09,3.880130439171125545e-09,4.024633381050080061e-04,3.421817273974170348e-09,4.778695874847471714e-04,3.599925246788870936e-09
3.157182072754949331e-04,4.559385415632277727e-04,3.448669449426233768e-04,3.525660208225644965e-09,3.421817273974170348e-09,3.753921173910157449e-09,3.599925246788870936e-09
2.600067527964711189e-04,6.473660323536023498e-05,2.437357034068554640e-04,3.525660208225644965e-09,3.421817273974170348e-09,4.533213214017450809e-04,2.457463706377893686e-04
3.932286496421966149e-09,2.056143421214073896e-04,1.961722591659054160e-04,3.947064396925270557e-04,3.421817273974170348e-09,3.753921173910157449e-09,2.447571314405649900e-04
3.932286496421966149e-09,1.042626448906958103e-03,3.880130439171125545e-09,3.525660208225644965e-09,3.421817273974170348e-09,2.499989350326359272e-04,3.599925246788870936e-09
3.932286496421966149e-09,4.558598387660595108e-09,3.880130439171125545e-09,2.748458064161241055e-04,3.421817273974170348e-09,5.314297741279006004e-04,3.599925246788870936e-09
3.932286496421966149e-09,4.558598387660595108e-09,3.880130439171125545e-09,4.433861467987298965e-04,2.660574973560869694e-04,2.691815898288041353e-04,3.599925246788870936e-09
3.932286496421966149e-09,4.558598387660595108e-09,4.489487619139254093e-04,3.525660208225644965e-09,7.284222374437376857e-05,3.753921173910157449e-09,6.058058934286236763e-04
1.254091330338269472e-04,1.568177249282598495e-04,3.880130439171125545e-09,4.737838462460786104e-04,3.421817273974170348e-09,4.691213252954185009e-04,3.599925246788870936e-09
4.468424303922802210e-04,4.558598387660595108e-09,2.996064431499689817e-04,7.358774309977889061e-04,3.421817273974170348e-09,9.265214321203529835e-04,2.273816789966076612e-04
1.463360968045890331e-04,4.558598387660595108e-09,3.880130439171125545e-09,3.525660208225644965e-09,5.399684887379407883e-04,3.753921173910157449e-09,2.701510675251483917e-04
3.932286496421966149e-09,4.558598387660595108e-09,3.880130439171125545e-09,3.525660208225644965e-09,1.282932120375335217e-03,3.753921173910157449e-09,3.599925246788870936e-09
3.932286496421966149e-09,5.098783876746892929e-04,1.204735235660336912e-04,8.263185736723244190e-04,3.945864445995539427e-04,3.753921173910157449e-09,5.952760111540555954e-04
3.932286496421966149e-09,1.739218423608690500e-04,5.078074173070490360e-04,3.525660208225644965e-09,3.421817273974170348e-09,2.208004734711721539e-04,7.874445291236042976e-04
1.727727823890745640e-03,4.764223995152860880e-04,1.970927696675062180e-04,1.167265349067747593e-03,3.421817273974170348e-09,1.411977573297917843e-03,1.037605339661240578e-03
1.978135202080011368e-03,2.498984104022383690e-03,1.576112234033644199e-03,1.499717705883085728e-03,1.205399981699883938e-03,1.377133652567863464e-03,1.428361982107162476e-03
3.048905637115240097e-04,4.558598387660595108e-09,2.409985609119758010e-04,1.575016212882474065e-04,1.527181884739547968e-04,3.753921173910157449e-09,4.620076797436922789e-04
3.932286496421966149e-09,4.558598387660595108e-09,1.887888502096757293e-04,3.525660208225644965e-09,3.478889993857592344e-04,2.492258499842137098e-04,3.428713243920356035e-04
5.421941750682890415e-04,1.017025904729962349e-03,4.217765235807746649e-04,8.150046342052519321e-04,5.263221100904047489e-04,4.185674188192933798e-04,1.201156643219292164e-03
1.292598171858116984e-04,4.558598387660595108e-09,3.880130439171125545e-09,2.814166655298322439e-04,3.421817273974170348e-09,4.839862231165170670e-04,3.599925246788870936e-09
5.941557465121150017e-04,4.558598387660595108e-09,3.384612791705876589e-04,3.466380003374069929e-04,3.771816554944962263e-04,3.542520516930380836e-06,8.045160793699324131e-04
3.932286496421966149e-09,4.558598387660595108e-09,3.880130439171125545e-09,3.525660208225644965e-09,3.932731924578547478e-04,3.753921173910157449e-09,2.481217961758375168e-04
3.629291022662073374e-04,7.792278775013983250e-04,8.996489341370761395e-04,6.669494905509054661e-04,4.843625065404921770e-04,3.648805140983313322e-04,7.594170165248215199e-04
3.932286496421966149e-09,2.090658090310171247e-04,3.880130439171125545e-09,3.525660208225644965e-09,1.469527342123910785e-04,3.099165041930973530e-04,3.599925246788870936e-09
3.932286496421966149e-09,4.558598387660595108e-09,2.186241472372785211e-04,6.284586852416396141e-04,2.342736843274906278e-04,1.248328480869531631e-03,3.599925246788870936e-09
3.932286496421966149e-09,4.558598387660595108e-09,5.493280477821826935e-04,3.525660208225644965e-09,3.421817273974170348e-09,3.753921173910157449e-09,8.039496606215834618e-04
2.577133127488195896e-04,4.291157820262014866e-04,3.260325174778699875e-04,8.567356853745877743e-04,2.829495060723274946e-04,3.753921173910157449e-09,2.539337147027254105e-04
3.481570456642657518e-04,4.539592773653566837e-04,2.010377647820860147e-04,3.525660208225644965e-09,1.760010200086981058e-04,6.726349238306283951e-04,2.913996286224573851e-04
1.695512473816052079e-04,4.558598387660595108e-09,3.880130439171125545e-09,3.381470742169767618e-04,6.273022154346108437e-04,9.077533031813800335e-04,3.599925246788870936e-09
3.932286496421966149e-09,6.560155889019370079e-04,3.880130439171125545e-09,3.525660208225644965e-09,3.421817273974170348e-09,5.003060214221477509e-04,3.599925246788870936e-09
3.118357853963971138e-04,4.558598387660595108e-09,3.880130439171125545e-09,3.525660208225644965e-09,3.421817273974170348e-09,2.861112880054861307e-04,2.652826078701764345e-04
3.932286496421966149e-09,4.558598387660595108e-09,3.880130439171125545e-09,2.780332579277455807e-04,1.538921787869185209e-04,2.575420367065817118e-04,3.599925246788870936e-09
1.525154948467388749e-04,4.765622434206306934e-04,3.880130439171125545e-09,3.525660208225644965e-09,6.269438017625361681e-05,2.321365318493917584e-04,3.599925246788870936e-09
1.392955600749701262e-04,4.120959492865949869e-04,1.033269363688305020e-04,3.525660208225644965e-09,3.421817273974170348e-09,3.753921173910157449e-09,3.599925246788870936e-09
2.992018416989594698e-04,4.558598387660595108e-09,3.880130439171125545e-09,3.525660208225644965e-09,3.421817273974170348e-09,3.753921173910157449e-09,2.798866480588912964e-04
3.932286496421966149e-09,7.090618018992245197e-04,2.335323952138423920e-04,3.525660208225644965e-09,4.409568266083851995e-09,1.489181886427104473e-05,3.599925246788870936e-09
3.932286496421966149e-09,5.863249534741044044e-04,3.733300254680216312e-04,2.026886359089985490e-04,3.421817273974170348e-09,3.753921173910157449e-09,2.507307799533009529e-04
3.932286496421966149e-09,3.693171020131558180e-04,1.958094508154317737e-04,1.789967063814401627e-04,3.421817273974170348e-09,3.753921173910157449e-09,3.599925246788870936e-09
2.297373721376061440e-04,7.085565594024956226e-04,2.454728528391569853e-04,3.525660208225644965e-09,3.421817273974170348e-09,1.564321137266233563e-04,4.411567933857440948e-04
3.932286496421966149e-09,8.831680170260369778e-04,8.768706175033003092e-05,3.525660208225644965e-09,3.421817273974170348e-09,3.753921173910157449e-09,3.183666267432272434e-04
3.925495839212089777e-04,2.825521514751017094e-04,1.484206732129678130e-04,3.525660208225644965e-09,3.421817273974170348e-09,3.753921173910157449e-09,3.599925246788870936e-09
2.677314332686364651e-04,3.437609120737761259e-04,3.880130439171125545e-09,2.620684099383652210e-04,1.214861549669876695e-04,3.753921173910157449e-09,2.061795239569619298e-04
3.932286496421966149e-09,4.558598387660595108e-09,3.880130439171125545e-09,4.413721326272934675e-04,3.784548316616564989e-04,1.135532293119467795e-04,3.599925246788870936e-09
3.932286496421966149e-09,4.558598387660595108e-09,3.880130439171125545e-09,3.525660208225644965e-09,3.757187805604189634e-04,2.471418119966983795e-04,3.599925246788870936e-09
3.932286496421966149e-09,4.558598387660595108e-09,3.880130439171125545e-09,3.525660208225644965e-09,6.636272300966084003e-04,2.492483181413263083e-04,3.599925246788870936e-09
2.150465501472353935e-03,2.719429787248373032e-03,6.097091245464980602e-04,1.833972637541592121e-03,8.110770140774548054e-04,1.682183006778359413e-03,9.029370849020779133e-04
8.178525604307651520e-05,7.799394661560654640e-04,3.880130439171125545e-09,9.361556731164455414e-04,9.378810063935816288e-04,3.753921173910157449e-09,1.141469343565404415e-03
3.932286496421966149e-09,4.558598387660595108e-09,3.880130439171125545e-09,2.895685611292719841e-04,2.904863504227250814e-04,3.753921173910157449e-09,3.599925246788870936e-09
6.365350564010441303e-04,4.558598387660595108e-09,3.880130439171125545e-09,2.223217015853151679e-04,3.421817273974170348e-09,2.957701217383146286e-04,3.599925246788870936e-09
1.055092550814151764e-03,6.417068070732057095e-04,2.511247002985328436e-04,9.846441680565476418e-04,3.421817273974170348e-09,3.753921173910157449e-09,7.357907597906887531e-04
1.161691965535283089e-03,1.767566544003784657e-03,1.052979612722992897e-03,6.239729118533432484e-04,7.327969651669263840e-04,1.436730730347335339e-03,1.567951403558254242e-03
7.997851935215294361e-04,1.064148382283747196e-03,2.173701534047722816e-03,1.568060135468840599e-03,1.671625184826552868e-03,1.919489004649221897e-03,2.019141102209687233e-03
1.237825199496001005e-04,4.558598387660595108e-09,3.880130439171125545e-09,3.525660208225644965e-09,3.421817273974170348e-09,8.306164527311921120e-04,3.599925246788870936e-09
2.494936052244156599e-04,4.558598387660595108e-09,3.880130439171125545e-09,3.838320844806730747e-04,3.058075890294276178e-05,3.753921173910157449e-09,3.474068580544553697e-05
2.690179389901459217e-04,4.558598387660595108e-09,3.880130439171125545e-09,8.540749695384874940e-05,1.288268540520220995e-04,3.753921173910157449e-09,3.599925246788870936e-09
3.932286496421966149e-09,4.558598387660595108e-09,3.880130439171125545e-09,5.403828690759837627e-04,3.421817273974170348e-09,3.753921173910157449e-09,2.921519626397639513e-04
2.564394089858978987e-04,4.558598387660595108e-09,3.880130439171125545e-09,2.187720237998291850e-04,1.311191736022010446e-04,2.816574415192008018e-04,3.599925246788870936e-09
3.932286496421966149e-09,4.558598387660595108e-09,3.880130439171125545e-09,3.525660208225644965e-09,5.272732232697308064e-04,3.753921173910157449e-09,3.599925246788870936e-09
2.469419559929519892e-04,3.540705947671085596e-04,4.024163063149899244e-04,4.631559131667017937e-04,3.820616111624985933e-04,2.747396356426179409e-04,9.348524035885930061e-04
3.932286496421966149e-09,3.944996569771319628e-04,3.880130439171125545e-09,4.026004753541201353e-04,3.123443457297980785e-04,4.380294121801853180e-04,3.599925246788870936e-09
6.240437505766749382e-04,6.866147159598767757e-04,3.780513361562043428e-04,1.214678050018846989e-03,3.421817273974170348e-09,8.210819796659052372e-04,3.599925246788870936e-09
2.688145905267447233e-04,4.558598387660595108e-09,9.377804817631840706e-04,8.767237886786460876e-04,1.681803842075169086e-03,1.226534834131598473e-03,1.788979046978056431e-03
3.932286496421966149e-09,4.558598387660595108e-09,3.880130439171125545e-09,3.525660208225644965e-09,5.154701066203415394e-04,3.753921173910157449e-09,3.599925246788870936e-09
9.046765044331550598e-04,4.558598387660595108e-09,1.126066665165126324e-03,5.012386827729642391e-04,5.298650357872247696e-04,6.581713096238672733e-04,1.040931325405836105e-03
3.932286496421966149e-09,4.558598387660595108e-09,9.064006153494119644e-04,2.384845283813774586e-04,1.946636039065197110e-04,3.753921173910157449e-09,3.539734752848744392e-04
1.257040275959298015e-04,4.671694186981767416e-04,1.808044180506840348e-04,3.525660208225644965e-09,3.421817273974170348e-09,4.848704847972840071e-04,2.219841262558475137e-04
3.932286496421966149e-09,4.558598387660595108e-09,3.880130439171125545e-09,2.583458553999662399e-04,1.047956640832126141e-03,1.060381997376680374e-03,3.599925246788870936e-09
3.932286496421966149e-09,4.558598387660595108e-09,3.880130439171125545e-09,3.525660208225644965e-09,6.149089895188808441e-04,3.309515304863452911e-04,3.599925246788870936e-09
3.932286496421966149e-09,4.558598387660595108e-09,3.880130439171125545e-09,8.461998077109456062e-04,4.372646799311041832e-04,3.753921173910157449e-09,3.599925246788870936e-09
1.692599616944789886e-04,4.558598387660595108e-09,3.880130439171125545e-09,7.352746324613690376e-04,2.652743423823267221e-04,2.764853998087346554e-04,3.599925246788870936e-09
3.932286496421966149e-09,4.558598387660595108e-09,2.343828673474490643e-04,2.894053177442401648e-04,4.621718253474682570e-04,3.753921173910157449e-09,3.599925246788870936e-09
3.932286496421966149e-09,4.558598387660595108e-09,3.880130439171125545e-09,3.525660208225644965e-09,6.875633262097835541e-04,3.753921173910157449e-09,3.599925246788870936e-09
1.070557627826929092e-03,4.558598387660595108e-09,1.785062340786680579e-04,3.876321134157478809e-04,1.313887623837217689e-04,3.753921173910157449e-09,4.692082875408232212e-04
9.363997960463166237e-04,9.135057334788143635e-04,3.876089067489374429e-06,1.035452936775982380e-03,3.421817273974170348e-09,2.831874007824808359e-04,3.705082053784281015e-04
3.932286496421966149e-09,4.558598387660595108e-09,3.880130439171125545e-09,3.525660208225644965e-09,9.023019229061901569e-04,3.753921173910157449e-09,3.599925246788870936e-09
3.932286496421966149e-09,4.558598387660595108e-09,3.326006408315151930e-04,3.985483490396291018e-04,1.412252895534038544e-03,5.646012723445892334e-04,3.599925246788870936e-09
1.974024489754810929e-04,4.558598387660595108e-09,3.880130439171125545e-09,3.323575074318796396e-04,3.421817273974170348e-09,2.693752467166632414e-04,3.599925246788870936e-09
3.932286496421966149e-09,4.558598387660595108e-09,4.684765299316495657e-04,4.001561028417199850e-04,3.421817273974170348e-09,3.753921173910157449e-09,1.085110779968090355e-04
4.340347659308463335e-04,4.558598387660595108e-09,3.880130439171125545e-09,2.287812239956110716e-04,3.421817273974170348e-09,3.753921173910157449e-09,3.599925246788870936e-09
4.192505148239433765e-04,2.184134209528565407e-04,3.880130439171125545e-09,2.301089407410472631e-04,3.421817273974170348e-09,3.753921173910157449e-09,2.514545340090990067e-04
2.332863514311611652e-04,3.008753992617130280e-04,3.880130439171125545e-09,6.432723021134734154e-04,3.421817273974170348e-09,3.753921173910157449e-09,3.599925246788870936e-09
3.932286496421966149e-09,4.558598387660595108e-09,4.329004150349646807e-04,3.525660208225644965e-09,3.421817273974170348e-09,2.221697504865005612e-04,4.361156316008418798e-04
3.932286496421966149e-09,2.418066433165222406e-04,3.169757255818694830e-04,4.847237869398668408e-05,3.421817273974170348e-09,3.753921173910157449e-09,3.599925246788870936e-09
3.932286496421966149e-09,4.558598387660595108e-09,7.499807397834956646e-04,3.525660208225644965e-09,3.421817273974170348e-09,3.753921173910157449e-09,3.599925246788870936e-09
3.932286496421966149e-09,4.558598387660595108e-09,3.196002799086272717e-04,3.525660208225644965e-09,1.602933276444673538e-03,3.753921173910157449e-09,4.929414717480540276e-05
4.629590548574924469e-04,8.750575361773371696e-04,4.958259523846209049e-04,2.919285616371780634e-04,3.839357232209295034e-04,3.753921173910157449e-09,7.905019447207450867e-04
3.000262950081378222e-04,4.558598387660595108e-09,3.880130439171125545e-09,2.001780667342245579e-04,3.421817273974170348e-09,2.317270991625264287e-04,2.039080136455595493e-04
4.517490451689809561e-04,5.766563699580729008e-04,3.880130439171125545e-09,1.300753327086567879e-03,2.352908923057839274e-04,3.753921173910157449e-09,7.330811349675059319e-04
1.729592768242582679e-04,4.558598387660595108e-09,3.880130439171125545e-09,4.113485047128051519e-04,1.298698625760152936e-04,2.676801232155412436e-04,3.599925246788870936e-09
3.932286496421966149e-09,4.558598387660595108e-09,3.880130439171125545e-09,2.029430324910208583e-04,4.259426495991647243e-04,5.226616631262004375e-04,3.599925246788870936e-09
1.833106653066352010e-04,4.558598387660595108e-09,3.312319313408806920e-05,1.067074335878714919e-04,3.421817273974170348e-09,3.753921173910157449e-09,5.269914981909096241e-04
3.932286496421966149e-09,4.558598387660595108e-09,6.996298907324671745e-06,2.659027231857180595e-04,2.079161786241456866e-04,3.753921173910157449e-09,4.262593574821949005e-04
9.190202690660953522e-04,4.558598387660595108e-09,2.826305280905216932e-04,1.172888791188597679e-03,6.339505489449948072e-05,6.621559732593595982e-04,7.382119074463844299e-04
1.986114541068673134e-03,2.649565460160374641e-03,2.819896908476948738e-04,1.735534402541816235e-03,9.201827924698591232e-04,1.658509485423564911e-03,1.262855832464993000e-03
1.845483202487230301e-04,2.105253370245918632e-04,1.422973000444471836e-04,3.525660208225644965e-09,3.421817273974170348e-09,3.753921173910157449e-09,3.599925246788870936e-09
6.519440794363617897e-04,5.898326053284108639e-04,2.825460687745362520e-04,6.295847706496715546e-04,7.806613575667142868e-04,2.471124462317675352e-04,7.982298266142606735e-04
4.949443973600864410e-04,3.379961999598890543e-04,3.880130439171125545e-09,3.525660208225644965e-09,4.954031901434063911e-04,7.134181214496493340e-04,6.728743901476264000e-04
1.410347322234883904e-04,4.558598387660595108e-09,3.880130439171125545e-09,3.525660208225644965e-09,8.443760452792048454e-04,9.070988744497299194e-04,3.599925246788870936e-09
3.932286496421966149e-09,4.558598387660595108e-09,3.880130439171125545e-09,3.525660208225644965e-09,4.849478136748075485e-04,2.754511951934546232e-04,2.144970931112766266e-04
3.932286496421966149e-09,4.558598387660595108e-09,3.292150795459747314e-04,4.598988743964582682e-04,7.585950661450624466e-04,3.753921173910157449e-09,8.376110927201807499e-04
3.932286496421966149e-09,4.558598387660595108e-09,1.693693484412506223e-04,3.996458835899829865e-04,1.088984659872949123e-03,1.149078249000012875e-03,5.131350480951368809e-04
2.947315224446356297e-04,4.558598387660595108e-09,9.870501235127449036e-04,4.429233958944678307e-04,2.726703824009746313e-04,3.753921173910157449e-09,5.913560162298381329e-04
2.487282617948949337e-04,4.558598387660595108e-09,6.850956706330180168e-04,1.159477280452847481e-03,6.443141028285026550e-04,1.548864674987271428e-04,5.494714714586734772e-04
3.932286496421966149e-09,4.558598387660595108e-09,3.880130439171125545e-09,3.525660208225644965e-09,6.441492005251348019e-04,3.753921173910157449e-09,3.599925246788870936e-09
3.932286496421966149e-09,4.558598387660595108e-09,3.880130439171125545e-09,3.525660208225644965e-09,8.187387720681726933e-04,3.753921173910157449e-09,3.033914254046976566e-04
3.932286496421966149e-09,4.558598387660595108e-09,3.880130439171125545e-09,3.525660208225644965e-09,4.769253137055784464e-04,3.753921173910157449e-09,3.599925246788870936e-09
3.057999128941446543e-04,6.159581243991851807e-04,7.251527131302282214e-05,4.339969891589134932e-04,1.542685931781306863e-04,3.753921173910157449e-09,5.285926745273172855e-04
3.932286496421966149e-09,4.558598387660595108e-09,3.159061307087540627e-04,3.525660208225644965e-09,2.822566602844744921e-04,2.946549793705344200e-04,3.599925246788870936e-09
6.434445967897772789e-04,4.558598387660595108e-09,9.627611725591123104e-04,8.679646271048113704e-05,3.421817273974170348e-09,2.472237683832645416e-04,3.599925246788870936e-09
2.668871311470866203e-04,4.558598387660595108e-09,3.880130439171125545e-09,2.652234106790274382e-04,3.421817273974170348e-09,3.753921173910157449e-09,4.308729548938572407e-04
3.932286496421966149e-09,4.558598387660595108e-09,3.880130439171125545e-09,3.181150241289287806e-04,3.421817273974170348e-09,2.404577826382592320e-04,2.285029622726142406e-04
3.932286496421966149e-09,4.558598387660595108e-09,3.880130439171125545e-09,3.525660208225644965e-09,3.726310387719422579e-04,3.753921173910157449e-09,1.330704690190032125e-04
3.932286496421966149e-09,4.558598387660595108e-09,3.880130439171125545e-09,3.525660208225644965e-09,3.421817273974170348e-09,4.148056614212691784e-04,3.407320182304829359e-04
3.932286496421966149e-09,4.558598387660595108e-09,2.601967426016926765e-04,3.525660208225644965e-09,1.127150258980691433e-03,3.264482656959444284e-04,3.647449775598943233e-04
3.932286496421966149e-09,4.558598387660595108e-09,1.470901188440620899e-04,3.525660208225644965e-09,2.335463359486311674e-04,2.611213712953031063e-04,3.599925246788870936e-09
2.592733362689614296e-04,4.558598387660595108e-09,3.880130439171125545e-09,3.518835874274373055e-04,3.421817273974170348e-09,3.753921173910157449e-09,3.599925246788870936e-09
9.209986892528831959e-04,1.521501806564629078e-03,1.609597005881369114e-03,7.435119478031992912e-04,9.226186084561049938e-04,1.647025346755981445e-03,1.209924579598009586e-03
3.932286496421966149e-09,4.558598387660595108e-09,3.880130439171125545e-09,3.525660208225644965e-09,2.369869907852262259e-04,3.753921173910157449e-09,2.579839492682367563e-04
3.932286496421966149e-09,4.558598387660595108e-09,3.880130439171125545e-09,9.922304161591455340e-05,1.011147862300276756e-03,3.753921173910157449e-09,2.847873838618397713e-05
3.932286496421966149e-09,4.558598387660595108e-09,1.706462498987093568e-04,3.525660208225644965e-09,1.387121272273361683e-03,4.568394506350159645e-04,1.606916775926947594e-03
3.932286496421966149e-09,4.558598387660595108e-09,3.880130439171125545e-09,3.525660208225644965e-09,2.477057860232889652e-04,3.753921173910157449e-09,4.201270930934697390e-04
1.634103100514039397e-04,4.558598387660595108e-09,2.404191909590736032e-04,4.132668836973607540e-04,3.421817273974170348e-09,2.496218367014080286e-04,2.247134398203343153e-04
3.932286496421966149e-09,4.558598387660595108e-09,3.880130439171125545e-09,3.525660208225644965e-09,5.401165108196437359e-04,3.753921173910157449e-09,3.599925246788870936e-09
5.378199857659637928e-04,4.558598387660595108e-09,3.560028562787920237e-04,1.318338327109813690e-03,5.333898006938397884e-04,1.374520012177526951e-03,3.599925246788870936e-09
3.932286496421966149e-09,4.558598387660595108e-09,3.880130439171125545e-09,2.231816470157355070e-04,4.298916028346866369e-04,3.753921173910157449e-09,3.599925246788870936e-09
2.744967641774564981e-04,4.558598387660595108e-09,4.137145006097853184e-04,3.525660208225644965e-09,3.421817273974170348e-09,2.613021351862698793e-04,4.828710225410759449e-04
3.932286496421966149e-09,4.558598387660595108e-09,3.880130439171125545e-09,3.995395964011549950e-04,1.328697981080040336e-04,3.753921173910157449e-09,3.932729887310415506e-04
3.932286496421966149e-09,4.558598387660595108e-09,4.640028055291622877e-04,3.525660208225644965e-09,3.421817273974170348e-09,2.242861082777380943e-04,2.311911666765809059e-04
3.932286496421966149e-09,4.558598387660595108e-09,3.880130439171125545e-09,7.105785771273076534e-04,3.421817273974170348e-09,3.753921173910157449e-09,3.599925246788870936e-09
1.692298974376171827e-04,4.558598387660595108e-09,6.173820002004504204e-04,6.051678792573511600e-04,3.356087254360318184e-04,1.152543190983124077e-04,1.031404826790094376e-03
3.932286496421966149e-09,4.558598387660595108e-09,3.880130439171125545e-09,2.197275898652151227e-04,2.422462275717407465e-04,2.020730025833472610e-04,3.599925246788870936e-09
3.932286496421966149e-09,4.558598387660595108e-09,3.880130439171125545e-09,4.668834153562784195e-04,2.497355162631720304e-04,3.680615045595914125e-04,3.599925246788870936e-09
3.932286496421966149e-09,4.558598387660595108e-09,3.880130439171125545e-09,3.525660208225644965e-09,5.931327468715608120e-04,3.753921173910157449e-09,3.338867682032287121e-04
1.491394359618425369e-04,4.558598387660595108e-09,3.880130439171125545e-09,2.041446277871727943e-04,5.524472799152135849e-04,5.691352416761219501e-04,3.599925246788870936e-09
4.111173620913177729e-04,4.558598387660595108e-09,3.880130439171125545e-09,1.720590225886553526e-04,3.421817273974170348e-09,3.947261720895767212e-04,3.599925246788870936e-09
3.932286496421966149e-09,4.558598387660595108e-09,3.944163324831606587e-07,4.149165470153093338e-04,3.421817273974170348e-09,3.753921173910157449e-09,7.962114177644252777e-04
7.481147185899317265e-04,1.120077096857130527e-03,4.529188445303589106e-04,1.083563663996756077e-03,4.238891415297985077e-04,3.753921173910157449e-09,7.676904206164181232e-04
3.932286496421966149e-09,1.545685954624786973e-04,2.743953955359756947e-04,3.525660208225644965e-09,1.028234619298018515e-04,2.570903743617236614e-04,5.671254475601017475e-04
1.445783855160698295e-04,4.558598387660595108e-09,3.880130439171125545e-09,7.996148632116728550e-09,5.302409408614039421e-04,3.753921173910157449e-09,3.599925246788870936e-09
3.932286496421966149e-09,4.558598387660595108e-09,3.880130439171125545e-09,3.525660208225644965e-09,5.402361275628209114e-04,3.753921173910157449e-09,3.599925246788870936e-09
3.364843432791531086e-04,2.072663046419620514e-04,3.880130439171125545e-09,2.431832981528714299e-04,3.421817273974170348e-09,3.753921173910157449e-09,3.599925246788870936e-09
1.494932803325355053e-04,5.810413858853280544e-04,3.880130439171125545e-09,4.184361314401030540e-04,1.560135424369946122e-04,1.251790439710021019e-03,5.715505903935991228e-05
1.027536927722394466e-03,4.558598387660595108e-09,3.880130439171125545e-09,2.328954724362120032e-04,3.421817273974170348e-09,3.753921173910157449e-09,3.599925246788870936e-09
1.595929934410378337e-04,4.558598387660595108e-09,2.143431775039061904e-04,3.525660208225644965e-09,3.421817273974170348e-09,1.771212555468082428e-04,3.989053948316723108e-04
2.832607133314013481e-04,4.558598387660595108e-09,1.031261403113603592e-03,1.079980633221566677e-03,3.421817273974170348e-09,2.469737955834716558e-04,2.673146373126655817e-04
3.932286496421966149e-09,4.558598387660595108e-09,3.880130439171125545e-09,3.525660208225644965e-09,5.659057642333209515e-04,3.753921173910157449e-09,3.599925246788870936e-09
6.731337634846568108e-04,8.481429540552198887e-04,3.880130439171125545e-09,3.065031196456402540e-04,3.421817273974170348e-09,1.086540753021836281e-03,3.599925246788870936e-09
2.101742895320057869e-03,2.530581085011363029e-03,2.270406577736139297e-03,1.620093942619860172e-03,1.751265604980289936e-03,1.879671239294111729e-03,2.138364361599087715e-03
3.932286496421966149e-09,4.558598387660595108e-09,3.880130439171125545e-09,3.525660208225644965e-09,4.456487949937582016e-04,3.753921173910157449e-09,3.599925246788870936e-09
3.932286496421966149e-09,4.558598387660595108e-09,3.880130439171125545e-09,1.864879886852577329e-04,3.421817273974170348e-09,3.753921173910157449e-09,7.898893672972917557e-04
1.137947430834174156e-03,4.558598387660595108e-09,3.880130439171125545e-09,3.525660208225644965e-09,7.833581767044961452e-04,3.753921173910157449e-09,8.385893306694924831e-04
3.932286496421966149e-09,4.558598387660595108e-09,8.535470115020871162e-04,3.525660208225644965e-09,1.545079518109560013e-03,1.493286341428756714e-03,1.641747541725635529e-03
3.932286496421966149e-09,4.558598387660595108e-09,3.880130439171125545e-09,6.017207633703947067e-04,1.552375761093571782e-04,3.753921173910157449e-09,3.599925246788870936e-09
6.564178620465099812e-04,4.558598387660595108e-09,8.656989084556698799e-04,3.525660208225644965e-09,3.199250495526939631e-04,9.601483179721981287e-05,1.175012672320008278e-03
1.882588549051433802e-04,7.857329910621047020e-04,3.880130439171125545e-09,3.525660208225644965e-09,3.421817273974170348e-09,3.753921173910157449e-09,3.599925246788870936e-09
7.449223776347935200e-04,7.875058217905461788e-04,2.767743426375091076e-04,6.554146530106663704e-04,4.185721336398273706e-04,4.209098697174340487e-04,5.597798153758049011e-04
5.000525852665305138e-04,4.558598387660595108e-09,5.337025504559278488e-04,1.137440558522939682e-03,9.281520033255219460e-04,3.315529320389032364e-04,5.707915988750755787e-04
3.932286496421966149e-09,4.558598387660595108e-09,3.880130439171125545e-09,3.538648597896099091e-04,1.701582514215260744e-04,3.753921173910157449e-09,3.916245768778026104e-04
3.932286496421966149e-09,4.558598387660595108e-09,3.880130439171125545e-09,3.282092511653900146e-04,2.428534644423052669e-04,3.753921173910157449e-09,3.599925246788870936e-09
5.380198708735406399e-04,2.024380664806813002e-04,1.298957067774608731e-04,3.525660208225644965e-09,3.421817273974170348e-09,3.753921173910157449e-09,3.599925246788870936e-09
2.418176445644348860e-04,4.130309098400175571e-04,3.880130439171125545e-09,3.525660208225644965e-09,1.622020208742469549e-04,7.809809176251292229e-04,3.599925246788870936e-09
4.106526903342455626e-04,4.558598387660595108e-09,3.880130439171125545e-09,3.525660208225644965e-09,6.899706786498427391e-04,3.753921173910157449e-09,5.749435513280332088e-04
1.262169389519840479e-04,4.558598387660595108e-09,5.223668413236737251e-04,2.005488931899890304e-04,3.421817273974170348e-09,2.362957457080483437e-04,3.599925246788870936e-09
1.299002615269273520e-04,4.558598387660595108e-09,3.880130439171125545e-09,1.747248315950855613e-04,8.767991857894230634e-06,3.753921173910157449e-09,2.878774248529225588e-04
3.932286496421966149e-09,2.678317541722208261e-04,1.900017959997057915e-04,3.525660208225644965e-09,3.421817273974170348e-09,1.503673847764730453e-04,1.678537955740466714e-04
3.932286496421966149e-09,3.549422544892877340e-04,4.712173831649124622e-04,3.525660208225644965e-09,3.421817273974170348e-09,3.753921173910157449e-09,3.599925246788870936e-09
6.044510519132018089e-04,4.558598387660595108e-09,3.880130439171125545e-09,5.754965823143720627e-04,3.421817273974170348e-09,3.753921173910157449e-09,4.846194060519337654e-04
3.932286496421966149e-09,4.558598387660595108e-09,3.880130439171125545e-09,3.525660208225644965e-09,9.790126932784914970e-04,3.753921173910157449e-09,2.910176990553736687e-04
6.204752135090529919e-04,1.153941499069333076e-03,3.880130439171125545e-09,3.655984473880380392e-04,3.421817273974170348e-09,1.090753474272787571e-03,3.599925246788870936e-09
3.932286496421966149e-09,4.558598387660595108e-09,9.485099581070244312e-04,3.525660208225644965e-09,3.824584127869457006e-04,3.753921173910157449e-09,1.153182820416986942e-04
3.932286496421966149e-09,4.558598387660595108e-09,3.880130439171125545e-09,3.525660208225644965e-09,4.544030525721609592e-04,3.753921173910157449e-09,3.599925246788870936e-09
4.108750727027654648e-04,3.718254156410694122e-04,1.595844805706292391e-04,3.525660208225644965e-09,3.421817273974170348e-09,3.753921173910157449e-09,2.100574056385084987e-04
1.580660318722948432e-04,4.558598387660595108e-09,3.880130439171125545e-09,1.757991849444806576e-04,1.292356610065326095e-04,1.960331719601526856e-04,3.599925246788870936e-09
1.423044741386547685e-04,1.980660454137250781e-04,1.612993510207161307e-04,2.200174058089032769e-04,3.421817273974170348e-09,3.452047822065651417e-04,3.599925246788870936e-09
3.932286496421966149e-09,4.558598387660595108e-09,3.880130439171125545e-09,6.846857722848653793e-04,8.678553858771920204e-04,3.753921173910157449e-09,2.330580755369737744e-04
1.234893570654094219e-04,4.558598387660595108e-09,3.880130439171125545e-09,3.525660208225644965e-09,7.485756214009597898e-05,4.573827936837915331e-06,2.562197623774409294e-04
1.241181307705119252e-04,4.558598387660595108e-09,3.880130439171125545e-09,2.932193747255951166e-04,1.500179496360942721e-04,3.753921173910157449e-09,3.599925246788870936e-09
5.895703216083347797e-04,4.558598387660595108e-09,5.109156481921672821e-04,9.081331081688404083e-04,1.881861680885776877e-04,3.753921173910157449e-09,2.056326366073335521e-06
3.932286496421966149e-09,4.558598387660595108e-09,2.105575986206531525e-04,1.144959474913775921e-03,1.553477632114663720e-04,5.908694001846015453e-04,3.599925246788870936e-09
2.642130712047219276e-04,4.558598387660595108e-09,5.006450810469686985e-04,1.975281775230541825e-04,1.381584734190255404e-04,3.753921173910157449e-09,3.703398979268968105e-04
3.932286496421966149e-09,4.558598387660595108e-09,3.010019427165389061e-04,3.525660208225644965e-09,3.421817273974170348e-09,3.753921173910157449e-09,7.590589229948818684e-04
3.932286496421966149e-09,4.558598387660595108e-09,3.880130439171125545e-09,3.174539888277649879e-04,3.421817273974170348e-09,5.053606582805514336e-04,3.599925246788870936e-09
3.932286496421966149e-09,4.558598387660595108e-09,3.880130439171125545e-09,3.159381158184260130e-04,5.696952575817704201e-04,3.753921173910157449e-09,3.599925246788870936e-09
3.932286496421966149e-09,4.558598387660595108e-09,3.880130439171125545e-09,3.525660208225644965e-09,3.421817273974170348e-09,3.753921173910157449e-09,8.629891672171652317e-04
1.364108611596748233e-04,4.558598387660595108e-09,3.880130439171125545e-09,5.005531711503863335e-04,1.326344354311004281e-04,3.753921173910157449e-09,3.599925246788870936e-09
3.932286496421966149e-09,1.949064753716811538e-04,3.300488751847296953e-04,3.525660208225644965e-09,3.421817273974170348e-09,3.753921173910157449e-09,2.294294681632891297e-04
1.726889313431456685e-04,4.558598387660595108e-09,1.835875329561531544e-03,7.402806077152490616e-04,1.275222399272024632e-03,3.753921173910157449e-09,1.331093022599816322e-03
1.255965325981378555e-04,4.558598387660595108e-09,3.704712726175785065e-04,2.345581015106290579e-04,3.093986306339502335e-04,3.753921173910157449e-09,2.417441137367859483e-04
3.932286496421966149e-09,4.558598387660595108e-09,3.880130439171125545e-09,1.882003853097558022e-04,7.265263702720403671e-04,3.753921173910157449e-09,3.599925246788870936e-09
1.638803514651954174e-03,2.654564566910266876e-03,2.177501330152153969e-03,1.879973104223608971e-03,1.129025942645967007e-03,1.900991308502852917e-03,3.167083486914634705e-04
1.303024473600089550e-04,4.558598387660595108e-09,3.880130439171125545e-09,3.960983012802898884e-04,1.833286223700270057e-04,3.753921173910157449e-09,4.807975783478468657e-04
1.404986396664753556e-04,4.558598387660595108e-09,3.880130439171125545e-09,1.640007394598796964e-04,3.421817273974170348e-09,3.753921173910157449e-09,4.176828078925609589e-04
3.932286496421966149e-09,4.558598387660595108e-09,4.563492984743788838e-05,2.313215663889423013e-04,1.057188026607036591e-03,3.753921173910157449e-09,1.226724125444889069e-04
1.373051345581188798e-04,4.558598387660595108e-09,3.880130439171125545e-09,4.978607175871729851e-04,2.809836587402969599e-04,3.753921173910157449e-09,1.129051786847412586e-03
6.321993423625826836e-04,2.015405916608870029e-04,3.880130439171125545e-09,8.058466482907533646e-05,3.421817273974170348e-09,3.753921173910157449e-09,3.599925246788870936e-09
4.555197374429553747e-04,4.558598387660595108e-09,3.880130439171125545e-09,8.528722682967782021e-04,4.672284121625125408e-04,3.753921173910157449e-09,1.860394513641949743e-05
7.830018294043838978e-04,4.558598387660595108e-09,1.143776578828692436e-03,9.681127266958355904e-04,7.682474097236990929e-04,1.303953700698912144e-03,3.599925246788870936e-09
5.818684003315865993e-04,4.558598387660595108e-09,3.765559813473373652e-04,4.991324385628104210e-04,1.711773948045447469e-04,9.537687292322516441e-04,3.854883107123896480e-05
4.076958575751632452e-04,3.832744550891220570e-04,3.880130439171125545e-09,1.018502749502658844e-03,3.421817273974170348e-09,3.753921173910157449e-09,1.264379825443029404e-04
3.932286496421966149e-09,4.558598387660595108e-09,3.880130439171125545e-09,3.525660208225644965e-09,8.018227526918053627e-04,3.277035139035433531e-04,3.119586617685854435e-04
3.932286496421966149e-09,4.558598387660595108e-09,3.880130439171125545e-09,3.525660208225644965e-09,4.619556711986660957e-04,3.753921173910157449e-09,3.599925246788870936e-09
3.932286496421966149e-09,4.558598387660595108e-09,3.372129285708069801e-04,1.099328044801950455e-03,4.119008663110435009e-04,1.566096092574298382e-03,3.599925246788870936e-09
3.932286496421966149e-09,4.558598387660595108e-09,3.880130439171125545e-09,7.560420199297368526e-04,1.228210894623771310e-04,3.753921173910157449e-09,2.025867288466542959e-04
3.932286496421966149e-09,4.558598387660595108e-09,3.880130439171125545e-09,6.101181497797369957e-04,7.582874968647956848e-04,3.753921173910157449e-09,2.052196650765836239e-04
1.562013057991862297e-04,4.558598387660595108e-09,3.880130439171125545e-09,2.007573784794658422e-04,1.516495976829901338e-04,5.320561467669904232e-04,3.599925246788870936e-09
3.932286496421966149e-09,4.558598387660595108e-09,3.880130439171125545e-09,2.186013152822852135e-04,3.015329421032220125e-04,5.170797812752425671e-04,3.599925246788870936e-09
3.932286496421966149e-09,4.558598387660595108e-09,3.880130439171125545e-09,3.525660208225644965e-09,2.788201963994652033e-04,3.753921173910157449e-09,3.599925246788870936e-09
3.932286496421966149e-09,4.558598387660595108e-09,3.880130439171125545e-09,7.673961808905005455e-04,3.746928123291581869e-04,3.032356326002627611e-04,4.311576194595545530e-04
3.932286496421966149e-09,2.019680396188050508e-04,9.560800390318036079e-05,3.525660208225644965e-09,3.421817273974170348e-09,9.133049752563238144e-04,4.439929325599223375e-04
3.707119612954556942e-04,4.558598387660595108e-09,3.880130439171125545e-09,1.898206246551126242e-04,1.390119432471692562e-04,3.753921173910157449e-09,2.165687910746783018e-04
3.932286496421966149e-09,4.558598387660595108e-09,3.880130439171125545e-09,2.767725382000207901e-04,3.421817273974170348e-09,3.753921173910157449e-09,3.579378826543688774e-04
3.929719969164580107e-04,2.381694794166833162e-04,3.880130439171125545e-09,1.934498432092368603e-04,3.421817273974170348e-09,2.313733275514096022e-04,1.393203774568974040e-07
7.376587018370628357e-04,2.764375531114637852e-04,1.735974510665982962e-04,2.958413388114422560e-04,5.115295643918216228e-04,3.753921173910157449e-09,5.769230774603784084e-04
7.828950765542685986e-04,3.058880975004285574e-04,3.880130439171125545e-09,2.131772635038942099e-04,1.335728011326864362e-04,3.753921173910157449e-09,3.599925246788870936e-09
1.355549466097727418e-04,4.558598387660595108e-09,1.921827788464725018e-04,3.525660208225644965e-09,2.341176150366663933e-04,2.598701685201376677e-04,3.599925246788870936e-09
1.508354762336239219e-05,2.545338938944041729e-04,3.880130439171125545e-09,2.059446997009217739e-04,9.808356116991490126e-05,3.753921173910157449e-09,3.599925246788870936e-09
1.550497836433351040e-04,4.558598387660595108e-09,3.880130439171125545e-09,1.718772837193682790e-04,1.352525432594120502e-04,3.753921173910157449e-09,3.219520731363445520e-04
3.932286496421966149e-09,4.558598387660595108e-09,3.880130439171125545e-09,5.545170279219746590e-04,3.630491264630109072e-04,3.753921173910157449e-09,4.202455747872591019e-04
6.011289078742265701e-04,6.636551697738468647e-04,3.880130439171125545e-09,5.763467052020132542e-04,1.014841487631201744e-03,3.753921173910157449e-09,4.967903951182961464e-04
3.932286496421966149e-09,4.558598387660595108e-09,3.880130439171125545e-09,5.064312135800719261e-04,6.513613625429570675e-04,3.753921173910157449e-09,2.488533209543675184e-04
3.932286496421966149e-09,1.722217857604846358e-04,3.880130439171125545e-09,3.626322722993791103e-04,6.642665830440819263e-04,3.753921173910157449e-09,2.505840384401381016e-04
1.329714898020029068e-03,1.807221560738980770e-04,3.880130439171125545e-09,7.315379334613680840e-04,3.125394578091800213e-04,3.753921173910157449e-09,6.928336806595325470e-04
3.932286496421966149e-09,4.558598387660595108e-09,3.880130439171125545e-09,3.618839255068451166e-04,3.421817273974170348e-09,3.753921173910157449e-09,2.282634814037010074e-04
3.907493955921381712e-04,6.004313472658395767e-04,3.880130439171125545e-09,2.351488365093246102e-04,3.421817273974170348e-09,1.040926203131675720e-03,2.818128850776702166e-04
2.334461751161143184e-04,4.558598387660595108e-09,3.880130439171125545e-09,3.525660208225644965e-09,3.421161964070051908e-04,3.753921173910157449e-09,2.229903620900586247e-04
1.367256918456405401e-04,4.558598387660595108e-09,2.342508669244125485e-04,5.407050484791398048e-04,9.863714221864938736e-04,3.753921173910157449e-09,3.599925246788870936e-09
2.718405739869922400e-04,4.558598387660595108e-09,1.305756741203367710e-03,3.525660208225644965e-09,2.959615958388894796e-04,2.311659773113206029e-04,7.637329981662333012e-04
3.932286496421966149e-09,6.720430683344602585e-04,1.955656189238652587e-04,3.525660208225644965e-09,3.421817273974170348e-09,3.753921173910157449e-09,4.697148688137531281e-04
3.932286496421966149e-09,4.558598387660595108e-09,3.880130439171125545e-09,5.604851176030933857e-04,1.513122697360813618e-04,3.753921173910157449e-09,4.972189781256020069e-04
4.857857420574873686e-04,2.013187331613153219e-04,3.880130439171125545e-09,1.466710935346782207e-03,1.304145320318639278e-03,3.753921173910157449e-09,9.734708582982420921e-04
3.932286496421966149e-09,4.558598387660595108e-09,3.880130439171125545e-09,3.525660208225644965e-09,8.326076786033809185e-04,3.753921173910157449e-09,3.599925246788870936e-09
3.932286496421966149e-09,4.558598387660595108e-09,3.880130439171125545e-09,7.490824791602790356e-04,2.000697713810950518e-04,3.753921173910157449e-09,3.599925246788870936e-09
3.932286496421966149e-09,4.558598387660595108e-09,1.795525022316724062e-04,3.765810979530215263e-04,1.457937178201973438e-04,6.359226536005735397e-04,2.336949983146041632e-04
3.092668484896421432e-04,4.558598387660595108e-09,3.062059113290160894e-04,7.352696848101913929e-04,1.304968143813312054e-03,7.684463635087013245e-04,3.599925246788870936e-09
2.414324262645095587e-04,2.777710324153304100e-04,3.880130439171125545e-09,3.525660208225644965e-09,3.421817273974170348e-09,2.372183662373572588e-04,4.880878550466150045e-04
3.932286496421966149e-09,4.558598387660595108e-09,3.880130439171125545e-09,3.525660208225644965e-09,1.595371286384761333e-04,7.353142136707901955e-04,3.599925246788870936e-09
3.932286496421966149e-09,4.558598387660595108e-09,3.880130439171125545e-09,3.525660208225644965e-09,5.069513572379946709e-04,3.753921173910157449e-09,6.323271663859486580e-04
3.932286496421966149e-09,4.558598387660595108e-09,3.880130439171125545e-09,2.589579671621322632e-04,3.421817273974170348e-09,3.753921173910157449e-09,6.206842372193932533e-04
2.606788475532084703e-04,4.558598387660595108e-09,4.902870277874171734e-04,7.634012144990265369e-04,5.189767107367515564e-04,1.299850177019834518e-03,1.407941919751465321e-03
3.932286496421966149e-09,4.558598387660595108e-09,3.880130439171125545e-09,3.378537658136337996e-04,6.395650561898946762e-04,6.697256467305123806e-04,5.659575690515339375e-04
3.932286496421966149e-09,4.558598387660595108e-09,3.880130439171125545e-09,3.525660208225644965e-09,1.102348673157393932e-03,2.125471510225906968e-04,3.599925246788870936e-09
7.915438618510961533e-04,4.558598387660595108e-09,2.035323064774274826e-03,1.219658646732568741e-03,1.591129461303353310e-03,1.951442798599600792e-03,2.029190771281719208e-03
3.932286496421966149e-09,4.558598387660595108e-09,3.880130439171125545e-09,3.525660208225644965e-09,3.935186541639268398e-04,6.526784272864460945e-04,3.599925246788870936e-09
3.932286496421966149e-09,4.558598387660595108e-09,3.880130439171125545e-09,6.981935002841055393e-04,3.421817273974170348e-09,3.753921173910157449e-09,3.599925246788870936e-09
1.375966385239735246e-04,4.558598387660595108e-09,3.880130439171125545e-09,3.525660208225644965e-09,8.035342325456440449e-04,3.753921173910157449e-09,3.599925246788870936e-09
1.373756822431460023e-04,4.558598387660595108e-09,6.548286182805895805e-04,3.525660208225644965e-09,3.421817273974170348e-09,3.753921173910157449e-09,4.838796157855540514e-04
3.932286496421966149e-09,4.558598387660595108e-09,3.880130439171125545e-09,3.525660208225644965e-09,5.346866091713309288e-04,3.753921173910157449e-09,5.608574138022959232e-04
3.932286496421966149e-09,4.558598387660595108e-09,3.880130439171125545e-09,3.525660208225644965e-09,6.348928436636924744e-04,3.753921173910157449e-09,3.599925246788870936e-09
3.932286496421966149e-09,4.558598387660595108e-09,3.880130439171125545e-09,3.525660208225644965e-09,4.194128559902310371e-04,3.753921173910157449e-09,2.373427269048988819e-04
3.932286496421966149e-09,2.197916328441351652e-04,3.880130439171125545e-09,3.525660208225644965e-09,1.283182500628754497e-04,2.344973472645506263e-04,3.599925246788870936e-09
3.932286496421966149e-09,4.558598387660595108e-09,3.880130439171125545e-09,2.844923001248389482e-04,3.576980670914053917e-04,3.850228385999798775e-04,3.599925246788870936e-09
3.932286496421966149e-09,1.561362441862002015e-04,3.880130439171125545e-09,2.706981613300740719e-04,9.059171134140342474e-05,3.753921173910157449e-09,3.599925246788870936e-09
3.932286496421966149e-09,5.665136850439012051e-04,2.034979758036570274e-07,3.525660208225644965e-09,3.421817273974170348e-09,3.664302348624914885e-04,8.628733339719474316e-04
2.387079002801328897e-04,4.558598387660595108e-09,3.683249233290553093e-04,6.054516416043043137e-04,7.801267784088850021e-04,6.477651768364012241e-04,1.271627377718687057e-03
3.932286496421966149e-09,4.558598387660595108e-09,3.880130439171125545e-09,7.075080648064613342e-04,3.421817273974170348e-09,3.753921173910157449e-09,2.274897124152630568e-04
3.912406100425869226e-04,4.558598387660595108e-09,3.880130439171125545e-09,1.809054083423689008e-04,3.421817273974170348e-09,2.287689858349040151e-04,3.599925246788870936e-09
3.932286496421966149e-09,4.558598387660595108e-09,3.880130439171125545e-09,1.828435779316350818e-04,2.430027961963787675e-04,2.404034457867965102e-04,3.599925246788870936e-09
3.932286496421966149e-09,4.558598387660595108e-09,3.880130439171125545e-09,3.384963783901184797e-04,2.185648481827229261e-04,3.753921173910157449e-09,2.893633209168910980e-04
3.932286496421966149e-09,4.558598387660595108e-09,3.880130439171125545e-09,8.991040522232651711e-04,3.421817273974170348e-09,3.753921173910157449e-09,2.242152113467454910e-04
3.932286496421966149e-09,4.558598387660595108e-09,3.880130439171125545e-09,5.286908126436173916e-04,3.421817273974170348e-09,3.753921173910157449e-09,2.033811761066317558e-04
1.859792828327044845e-04,4.558598387660595108e-09,2.545652387198060751e-04,9.514553821645677090e-04,1.389803015626966953e-03,6.263721152208745480e-04,3.404094313737004995e-04
3.932286496421966149e-09,4.558598387660595108e-09,3.880130439171125545e-09,4.671674396377056837e-04,4.688330227509140968e-04,2.632139949128031731e-04,3.599925246788870936e-09
1.358613517368212342e-04,4.558598387660595108e-09,1.684304006630554795e-04,3.525660208225644965e-09,6.490413798019289970e-04,3.753921173910157449e-09,2.161573502235114574e-05
1.313179236603900790e-04,4.558598387660595108e-09,4.552628961391746998e-04,3.525660208225644965e-09,1.527147687738761306e-04,3.753921173910157449e-09,3.599925246788870936e-09
3.932286496421966149e-09,4.558598387660595108e-09,3.880130439171125545e-09,3.525660208225644965e-09,1.116963452659547329e-03,3.753921173910157449e-09,4.565384588204324245e-04
3.932286496421966149e-09,4.558598387660595108e-09,3.880130439171125545e-09,3.525660208225644965e-09,1.578537921886891127e-04,2.222107723355293274e-04,4.061176441609859467e-04
5.877937073819339275e-04,8.570885984227061272e-04,1.782237086445093155e-04,2.420962118776515126e-04,5.784298991784453392e-04,5.673420382663607597e-04,4.071602597832679749e-04
3.932286496421966149e-09,4.558598387660595108e-09,1.170072864624671638e-04,3.525660208225644965e-09,3.483534092083573341e-04,5.260070320218801498e-04,3.599925246788870936e-09
6.717042415402829647e-04,7.704110466875135899e-04,3.880130439171125545e-09,2.847232681233435869e-04,1.127591356635093689e-03,1.268937630811706185e-04,6.725317216478288174e-04
3.932286496421966149e-09,4.558598387660595108e-09,3.880130439171125545e-09,2.413561742287129164e-04,6.897108978591859341e-04,2.327920083189383149e-04,3.599925246788870936e-09
3.932286496421966149e-09,4.558598387660595108e-09,3.880130439171125545e-09,3.525660208225644965e-09,8.792891749180853367e-04,3.753921173910157449e-09,3.599925246788870936e-09
1.073976745828986168e-03,4.558598387660595108e-09,3.880130439171125545e-09,1.771485403878614306e-04,5.258117016637697816e-05,3.753921173910157449e-09,8.369478746317327023e-04
3.932286496421966149e-09,4.558598387660595108e-09,3.880130439171125545e-09,3.525660208225644965e-09,3.607561229728162289e-04,3.753921173910157449e-09,3.568645333871245384e-04
2.002859255298972130e-03,1.381711801514029503e-03,2.381436759606003761e-03,1.505516236647963524e-03,1.570299733430147171e-03,5.004251725040376186e-04,1.180914929136633873e-03
3.932286496421966149e-09,4.558598387660595108e-09,3.880130439171125545e-09,3.525660208225644965e-09,5.780220963060855865e-04,3.753921173910157449e-09,3.599925246788870936e-09
3.932286496421966149e-09,1.620145194465294480e-04,3.880130439171125545e-09,3.525660208225644965e-09,7.001727935858070850e-04,3.753921173910157449e-09,3.265078412368893623e-04
3.932286496421966149e-09,4.558598387660595108e-09,1.680988352745771408e-04,6.528816302306950092e-04,1.249533524969592690e-04,3.753921173910157449e-09,3.599925246788870936e-09
4.047871625516563654e-04,4.676954122260212898e-04,3.702383255586028099e-04,3.525660208225644965e-09,3.421817273974170348e-09,3.753921173910157449e-09,2.419035590719431639e-04
3.932286496421966149e-09,4.558598387660595108e-09,5.826217820867896080e-04,3.525660208225644965e-09,3.421817273974170348e-09,3.753921173910157449e-09,5.903691635467112064e-04
3.978618478868156672e-04,1.493584422860294580e-04,5.856298957951366901e-04,4.470396379474550486e-04,3.421817273974170348e-09,5.520935519598424435e-04,3.599925246788870936e-09
1.344374177278950810e-04,4.558598387660595108e-09,4.378777812235057354e-04,3.525660208225644965e-09,3.421817273974170348e-09,4.300012951716780663e-04,2.282390050822868943e-04
3.932286496421966149e-09,4.558598387660595108e-09,2.994752430822700262e-04,4.239108238834887743e-04,3.421817273974170348e-09,8.161995792761445045e-04,3.599925246788870936e-09
1.216495642438530922e-03,1.603762269951403141e-03,1.786028617061674595e-03,1.887591322883963585e-03,1.104664523154497147e-03,6.381367566064000130e-04,2.981210418511182070e-04
1.281644363189116120e-04,4.558598387660595108e-09,3.880130439171125545e-09,8.611928205937147141e-05,6.396464887075126171e-04,3.753921173910157449e-09,2.276251034345477819e-04
6.244854885153472424e-04,4.558598387660595108e-09,3.701957393786869943e-05,1.973951148102059960e-04,1.883805089164525270e-04,4.576891369652003050e-04,3.679587389342486858e-04
3.932286496421966149e-09,4.558598387660595108e-09,1.898493064800277352e-04,8.479852695018053055e-04,4.159491509199142456e-04,3.753921173910157449e-09,3.599925246788870936e-09
3.932286496421966149e-09,4.558598387660595108e-09,3.880130439171125545e-09,1.830894907470792532e-04,2.683039347175508738e-04,2.145428443327546120e-04,6.831825594417750835e-04
3.932286496421966149e-09,4.558598387660595108e-09,1.866589009296149015e-04,3.525660208225644965e-09,1.181678613647818565e-03,3.753921173910157449e-09,1.543947379104793072e-03
3.096315776929259300e-04,2.632608520798385143e-04,3.880130439171125545e-09,3.525660208225644965e-09,3.421817273974170348e-09,3.753921173910157449e-09,3.599925246788870936e-09
1.604555058293044567e-03,4.527912533376365900e-04,1.122521003708243370e-03,1.185060827992856503e-03,9.233838063664734364e-04,1.933254534378647804e-03,7.537462079199030995e-05
2.847343857865780592e-04,1.865389640443027020e-04,1.846705272328108549e-04,1.977396605070680380e-04,3.421817273974170348e-09,3.753921173910157449e-09,3.599925246788870936e-09
6.827586184954270720e-05,3.623928059823811054e-04,3.880130439171125545e-09,2.827043645083904266e-04,3.421817273974170348e-09,1.236910757143050432e-04,3.599925246788870936e-09
3.932286496421966149e-09,6.132699782028794289e-04,3.733579360414296389e-04,3.525660208225644965e-09,3.421817273974170348e-09,3.753921173910157449e-09,4.802647745236754417e-04
3.932286496421966149e-09,7.417532033286988735e-04,6.367459718603640795e-05,1.961214584298431873e-04,3.421817273974170348e-09,3.753921173910157449e-09,2.498298999853432178e-04
1.464623055653646588e-04,1.779393787728622556e-04,3.880130439171125545e-09,3.923244366887956858e-04,3.421817273974170348e-09,3.753921173910157449e-09,3.599925246788870936e-09
2.418601070530712605e-04,3.470878582447767258e-04,1.789045782061293721e-04,1.865595404524356127e-04,3.421817273974170348e-09,3.753921173910157449e-09,1.277293049497529864e-04
1.273394096642732620e-03,1.654684194363653660e-03,1.597296562977135181e-03,1.921096583828330040e-03,1.119678840041160583e-03,3.753921173910157449e-09,3.401948779355734587e-04
3.932286496421966149e-09,4.558598387660595108e-09,3.880130439171125545e-09,5.564247258007526398e-04,2.646472712513059378e-04,3.753921173910157449e-09,3.872194793075323105e-04
1.273522211704403162e-04,4.558598387660595108e-09,3.880130439171125545e-09,3.304599085822701454e-04,8.021809626370668411e-04,3.753921173910157449e-09,2.639927261043339968e-04
3.932286496421966149e-09,4.558598387660595108e-09,3.880130439171125545e-09,3.525660208225644965e-09,1.335026347078382969e-03,3.753921173910157449e-09,9.685305994935333729e-04
3.932286496421966149e-09,1.925115793710574508e-04,3.880130439171125545e-09,1.163065462606027722e-04,3.421817273974170348e-09,3.753921173910157449e-09,3.774914657697081566e-04
3.022160090040415525e-04,4.558598387660595108e-09,3.464696637820452452e-04,3.276271454524248838e-04,3.421817273974170348e-09,4.185886937193572521e-04,9.339715470559895039e-04
3.932286496421966149e-09,4.558598387660595108e-09,3.880130439171125545e-09,3.525660208225644965e-09,3.421817273974170348e-09,1.548116095364093781e-03,3.599925246788870936e-09
5.525673041120171547e-04,1.725903828628361225e-03,6.108681554906070232e-04,1.552915433421730995e-03,6.633960874751210213e-04,2.016639104112982750e-03,3.599925246788870936e-09
3.932286496421966149e-09,4.558598387660595108e-09,3.880130439171125545e-09,3.525660208225644965e-09,3.725341521203517914e-04,3.753921173910157449e-09,1.975547202164307237e-04
3.932286496421966149e-09,4.558598387660595108e-09,4.052055592183023691e-04,3.525660208225644965e-09,1.574524911120533943e-03,6.082192994654178619e-04,1.583354198373854160e-03
2.368608489632606506e-03,2.797166351228952408e-03,2.630496397614479065e-03,1.725478214211761951e-03,1.998981693759560585e-03,1.985640265047550201e-03,2.090115332975983620e-03
3.932286496421966149e-09,4.558598387660595108e-09,3.880130439171125545e-09,9.674567263573408127e-04,2.458598755765706301e-04,3.753921173910157449e-09,3.599925246788870936e-09
2.188612997997552156e-04,4.558598387660595108e-09,5.649061640724539757e-04,4.141697427257895470e-04,3.421817273974170348e-09,3.753921173910157449e-09,3.078388108406215906e-04
3.932286496421966149e-09,4.558598387660595108e-09,8.833538740873336792e-04,3.525660208225644965e-09,1.364326803013682365e-03,1.415760139934718609e-03,1.588134909979999065e-03
3.932286496421966149e-09,4.558598387660595108e-09,2.818442881107330322e-04,4.609387644904927583e-07,3.421817273974170348e-09,3.173095756210386753e-04,3.599925246788870936e-09
3.932286496421966149e-09,4.558598387660595108e-09,3.880130439171125545e-09,2.522386494092643261e-04,2.947816974483430386e-04,5.089656333439052105e-04,3.599925246788870936e-09
9.078817092813551426e-04,2.085770014673471451e-03,1.128399628214538097e-03,1.340308459475636482e-03,9.300236706621944904e-04,2.141481498256325722e-03,3.599925246788870936e-09
7.073016022332012653e-04,4.558598387660595108e-09,3.880130439171125545e-09,4.777429858222603798e-04,3.421817273974170348e-09,3.753921173910157449e-09,6.223396630957722664e-04
1.798600540496408939e-03,2.729133702814579010e-03,2.310118637979030609e-03,1.680620713159441948e-03,1.766383997164666653e-03,2.021852182224392891e-03,2.125647151842713356e-03
3.932286496421966149e-09,4.558598387660595108e-09,3.880130439171125545e-09,3.525660208225644965e-09,6.568736280314624310e-04,3.753921173910157449e-09,3.599925246788870936e-09
1.307893835473805666e-04,1.532252645120024681e-04,3.880130439171125545e-09,3.525660208225644965e-09,1.369078527204692364e-04,3.753921173910157449e-09,2.178209251724183559e-04
5.764308152720332146e-04,1.216142671182751656e-03,3.880130439171125545e-09,2.019763778662309051e-04,1.381090114591643214e-04,1.175844226963818073e-03,3.599925246788870936e-09
1.265188475372269750e-04,4.558598387660595108e-09,1.213873110827989876e-04,2.161007141694426537e-04,3.780076513066887856e-04,7.305964245460927486e-04,4.582791589200496674e-04
3.932286496421966149e-09,4.558598387660595108e-09,3.880130439171125545e-09,3.525660208225644965e-09,3.421817273974170348e-09,9.114342392422258854e-04,3.599925246788870936e-09
1.520245859865099192e-04,4.558598387660595108e-09,1.359667978249490261e-03,1.249625696800649166e-03,1.546934829093515873e-03,2.018965547904372215e-03,1.921421615406870842e-03
3.932286496421966149e-09,4.558598387660595108e-09,3.880130439171125545e-09,3.525660208225644965e-09,1.006503589451313019e-03,3.753921173910157449e-09,3.599925246788870936e-09
3.932286496421966149e-09,4.558598387660595108e-09,1.209494774229824543e-03,3.525660208225644965e-09,3.421817273974170348e-09,3.753921173910157449e-09,6.563473143614828587e-04
3.932286496421966149e-09,4.558598387660595108e-09,3.880130439171125545e-09,3.525660208225644965e-09,9.230804862454533577e-04,3.753921173910157449e-09,3.599925246788870936e-09
3.932286496421966149e-09,4.558598387660595108e-09,3.880130439171125545e-09,3.525660208225644965e-09,4.928100388497114182e-04,3.753921173910157449e-09,3.599925246788870936e-09
1.723341119941323996e-04,4.558598387660595108e-09,3.880130439171125545e-09,2.854744670912623405e-04,1.576508046127855778e-03,7.468584226444363594e-04,3.599925246788870936e-09
3.932286496421966149e-09,4.558598387660595108e-09,3.880130439171125545e-09,3.648327256087213755e-04,1.589771010912954807e-03,3.753921173910157449e-09,3.078444569837301970e-04
2.507838653400540352e-04,4.558598387660595108e-09,3.880130439171125545e-09,3.525660208225644965e-09,3.421817273974170348e-09,4.411101108416914940e-04,3.599925246788870936e-09
3.932286496421966149e-09,1.787297951523214579e-04,2.779131755232810974e-04,1.048921723850071430e-03,1.393734710291028023e-03,1.127398107200860977e-03,6.173140136525034904e-04
3.490886883810162544e-04,4.575093335006386042e-04,9.846459142863750458e-04,7.898077601566910744e-04,1.400481327436864376e-03,7.831956609152257442e-04,3.797303943429142237e-04
3.932286496421966149e-09,4.558598387660595108e-09,3.880130439171125545e-09,3.525660208225644965e-09,4.110460868105292320e-04,2.441042888676747680e-04,3.599925246788870936e-09
5.650990060530602932e-04,4.558598387660595108e-09,4.402972408570349216e-04,3.333286149427294731e-04,1.740911538945510983e-04,3.753921173910157449e-09,2.728738763835281134e-04
7.488047704100608826e-04,2.609442744869738817e-04,1.314327120780944824e-03,1.040323404595255852e-03,1.375784864649176598e-03,1.581076881848275661e-03,1.010877313092350960e-03
4.282444933778606355e-05,4.558598387660595108e-09,3.880130439171125545e-09,2.049049653578549623e-04,1.481856917962431908e-03,8.010087767615914345e-04,3.599925246788870936e-09
5.285420338623225689e-04,4.558598387660595108e-09,4.696760152000933886e-04,3.525660208225644965e-09,3.421817273974170348e-09,3.753921173910157449e-09,3.599925246788870936e-09
3.932286496421966149e-09,4.558598387660595108e-09,8.273273124359548092e-04,5.713371792808175087e-04,6.970167742110788822e-04,2.698808675631880760e-04,1.222021528519690037e-03
3.932286496421966149e-09,4.558598387660595108e-09,3.880130439171125545e-09,3.525660208225644965e-09,1.265157130546867847e-03,3.753921173910157449e-09,3.599925246788870936e-09
3.932286496421966149e-09,4.558598387660595108e-09,3.880130439171125545e-09,3.525660208225644965e-09,1.300085219554603100e-03,1.443176763132214546e-03,3.025571932084858418e-04
3.200077917426824570e-04,2.750423445831984282e-04,2.450406609568744898e-04,6.035736878402531147e-04,3.421817273974170348e-09,4.631261108443140984e-04,2.393083705101162195e-04
3.932286496421966149e-09,4.558598387660595108e-09,3.880130439171125545e-09,6.786728627048432827e-04,8.139675483107566833e-04,2.640483144205063581e-04,3.599925246788870936e-09
3.932286496421966149e-09,4.558598387660595108e-09,3.880130439171125545e-09,6.305982242338359356e-04,3.421817273974170348e-09,3.753921173910157449e-09,3.599925246788870936e-09
1.133338300860486925e-04,2.365471154917031527e-04,4.275418759789317846e-04,1.888989063445478678e-04,1.430368429282680154e-04,2.013780904235318303e-04,2.273215213790535927e-04
3.932286496421966149e-09,4.558598387660595108e-09,3.880130439171125545e-09,7.753331447020173073e-04,7.621012628078460693e-04,3.753921173910157449e-09,3.599925246788870936e-09
1.390449615428224206e-04,4.558598387660595108e-09,3.880130439171125545e-09,7.977117202244699001e-04,1.319838047493249178e-04,3.753921173910157449e-09,2.276282612001523376e-04
3.998453903477638960e-04,4.558598387660595108e-09,3.880130439171125545e-09,7.253588992170989513e-04,7.041326607577502728e-04,3.753921173910157449e-09,3.599925246788870936e-09
3.932286496421966149e-09,5.451934412121772766e-04,3.880130439171125545e-09,3.677204367704689503e-04,3.421817273974170348e-09,3.753921173910157449e-09,3.536863368935883045e-04
2.439537638565525413e-04,4.558598387660595108e-09,4.832925915252417326e-04,3.525660208225644965e-09,3.421817273974170348e-09,3.753921173910157449e-09,5.506777088157832623e-04
1.369556848658248782e-04,4.558598387660595108e-09,2.266017982037737966e-04,3.525660208225644965e-09,5.331896827556192875e-04,6.084332126192748547e-04,5.422877147793769836e-04
3.932286496421966149e-09,3.459690196905285120e-04,3.880130439171125545e-09,9.162884671241044998e-04,3.511958057060837746e-04,3.753921173910157449e-09,3.599925246788870936e-09
3.932286496421966149e-09,4.558598387660595108e-09,3.880130439171125545e-09,3.525660208225644965e-09,2.774456515908241272e-04,1.068294397555291653e-03,4.588885349221527576e-04
3.932286496421966149e-09,4.558598387660595108e-09,1.381826706392530468e-07,1.717647974146530032e-04,1.315912377322092652e-04,1.947590499185025692e-04,3.621268551796674728e-04
3.932286496421966149e-09,4.558598387660595108e-09,3.880130439171125545e-09,3.525660208225644965e-09,7.218038081191480160e-04,3.753921173910157449e-09,3.599925246788870936e-09
6.298215594142675400e-04,6.261681555770337582e-04,7.119721849448978901e-04,3.525660208225644965e-09,2.693673741305246949e-05,5.036192014813423157e-04,4.199477261863648891e-04
3.932286496421966149e-09,4.558598387660595108e-09,3.880130439171125545e-09,1.794758281903341413e-04,7.343979668803513050e-04,3.753921173910157449e-09,3.599925246788870936e-09
2.032046613749116659e-04,4.558598387660595108e-09,1.984780101338401437e-04,5.103926523588597775e-04,3.421817273974170348e-09,3.753921173910157449e-09,6.812636274844408035e-04
4.566906136460602283e-04,4.558598387660595108e-09,3.312180924694985151e-04,6.925126072019338608e-04,7.424495997838675976e-04,5.340311327017843723e-04,8.275136451629805379e-07
4.023104556836187840e-04,4.558598387660595108e-09,3.248100692871958017e-04,3.525660208225644965e-09,3.421817273974170348e-09,3.753921173910157449e-09,4.451597633305937052e-04
4.860225599259138107e-04,4.558598387660595108e-09,3.266466956119984388e-04,3.525660208225644965e-09,3.421817273974170348e-09,3.699451626744121313e-04,6.447266787290573120e-04
1.373482082271948457e-04,4.558598387660595108e-09,3.650732687674462795e-04,5.001207464374601841e-04,7.245761808007955551e-04,5.790577270090579987e-04,6.235596956685185432e-04
4.105636035092175007e-04,4.558598387660595108e-09,1.469579874537885189e-04,1.760314335115253925e-04,3.421817273974170348e-09,3.753921173910157449e-09,3.599925246788870936e-09
3.932286496421966149e-09,4.558598387660595108e-09,3.880130439171125545e-09,1.045691315084695816e-03,3.421817273974170348e-09,3.753921173910157449e-09,2.095519885187968612e-04
3.907920909114181995e-04,4.558598387660595108e-09,3.880130439171125545e-09,3.525660208225644965e-09,5.418000728241167963e-05,2.634349511936306953e-04,3.599925246788870936e-09
3.932286496421966149e-09,4.558598387660595108e-09,1.048291800543665886e-03,2.145029720850288868e-04,2.710029075387865305e-04,3.753921173910157449e-09,1.070475409505888820e-04
3.932286496421966149e-09,4.558598387660595108e-09,3.851705405395478010e-04,3.525660208225644965e-09,9.515341371297836304e-04,4.228257457725703716e-04,5.727119278162717819e-04
1.429230906069278717e-04,4.558598387660595108e-09,3.880130439171125545e-09,2.161112497560679913e-04,8.034177008084952831e-04,3.753921173910157449e-09,1.082425122149288654e-03
3.932286496421966149e-09,4.558598387660595108e-09,3.880130439171125545e-09,2.783334057312458754e-04,6.785977166146039963e-04,3.753921173910157449e-09,4.433017456904053688e-04
3.932286496421966149e-09,4.125759005546569824e-04,9.752050573297310621e-06,3.525660208225644965e-09,2.090720954583957791e-04,1.347051234915852547e-03,3.599925246788870936e-09
5.312555003911256790e-04,1.963511749636381865e-04,2.248467353638261557e-04,6.328345043584704399e-04,3.092923361691646278e-05,3.753921173910157449e-09,3.599925246788870936e-09
1.498727942816913128e-04,4.558598387660595108e-09,3.880130439171125545e-09,1.822797639761120081e-04,8.233007974922657013e-04,2.442670229356735945e-04,8.225567871704697609e-04
1.511444424977526069e-04,4.558598387660595108e-09,5.352146690711379051e-04,5.036565707996487617e-04,3.421817273974170348e-09,3.753921173910157449e-09,2.489738981239497662e-04
3.932286496421966149e-09,4.558598387660595108e-09,3.176383906975388527e-04,3.054352710023522377e-04,3.421817273974170348e-09,3.753921173910157449e-09,8.334461017511785030e-05
1.389491808367893100e-04,4.148788284510374069e-04,3.880130439171125545e-09,3.525660208225644965e-09,3.377991088200360537e-04,4.240784910507500172e-04,3.599925246788870936e-09
3.932286496421966149e-09,4.558598387660595108e-09,3.880130439171125545e-09,3.525660208225644965e-09,5.424675182439386845e-04,3.753921173910157449e-09,5.780684296041727066e-04
3.932286496421966149e-09,4.558598387660595108e-09,3.880130439171125545e-09,3.525660208225644965e-09,4.078248748555779457e-04,3.753921173910157449e-09,6.045796326361596584e-04
3.932286496421966149e-09,4.386494692880660295e-04,9.765729919308796525e-05,1.167968497611582279e-03,5.378578789532184601e-04,6.502659525722265244e-04,3.391692007426172495e-04
2.402879908913746476e-04,3.557046293281018734e-04,2.160892618121579289e-04,1.835637085605412722e-04,2.492086496204137802e-04,2.499285037629306316e-04,3.599925246788870936e-09
1.781736355042085052e-04,5.731208366341888905e-04,2.241115435026586056e-04,3.525660208225644965e-09,3.421817273974170348e-09,8.360982756130397320e-04,2.476203371770679951e-04
3.932286496421966149e-09,4.558598387660595108e-09,1.620831899344921112e-03,8.091373601928353310e-04,7.526125409640371799e-05,1.646611606702208519e-03,1.555131166242063046e-03
1.277440896956250072e-04,4.558598387660595108e-09,7.164017297327518463e-04,3.525660208225644965e-09,2.364597457926720381e-04,3.684078401420265436e-04,1.868752297013998032e-04
3.932286496421966149e-09,4.558598387660595108e-09,3.880130439171125545e-09,3.525660208225644965e-09,4.298320563975721598e-04,3.753921173910157449e-09,8.529575552529422566e-07
1.294425164815038443e-04,4.558598387660595108e-09,1.743846078170463443e-04,3.525660208225644965e-09,4.426464147400110960e-04,2.575046091806143522e-04,6.751946639269590378e-04
2.675226423889398575e-04,4.558598387660595108e-09,6.558729801326990128e-04,4.534243198577314615e-04,6.516624125652015209e-04,6.391379865817725658e-04,1.541362871648743749e-04
1.605594181455671787e-03,2.487248973920941353e-03,2.133948495611548424e-03,1.800658530555665493e-03,1.666963100433349609e-03,2.141647506505250931e-03,2.020405605435371399e-03
3.932286496421966149e-09,4.558598387660595108e-09,3.880130439171125545e-09,3.525660208225644965e-09,3.421817273974170348e-09,8.560008136555552483e-04,3.599925246788870936e-09
3.932286496421966149e-09,4.558598387660595108e-09,3.880130439171125545e-09,3.525660208225644965e-09,3.129307879135012627e-04,2.387035347055643797e-04,3.599925246788870936e-09
2.077191747957840562e-04,2.553158847149461508e-04,4.206955782137811184e-04,1.241453224793076515e-03,3.421817273974170348e-09,1.074708416126668453e-03,6.410019705072045326e-04
3.932286496421966149e-09,4.558598387660595108e-09,5.522218416444957256e-04,1.934609172167256474e-04,1.260518445633351803e-03,1.769746420904994011e-03,1.247822656296193600e-03
1.669826335273683071e-03,1.677874708548188210e-03,3.880130439171125545e-09,3.525660208225644965e-09,1.558198127895593643e-04,7.437291787937283516e-04,4.932655137963593006e-04
4.977269563823938370e-04,6.926825903974531684e-07,3.880130439171125545e-09,8.790561696514487267e-05,3.421817273974170348e-09,3.215971810277551413e-04,2.377813798375427723e-04
3.932286496421966149e-09,4.558598387660595108e-09,3.880130439171125545e-09,3.525660208225644965e-09,2.211879618698731065e-04,2.025143476203083992e-04,2.664270868990570307e-04
3.932286496421966149e-09,4.558598387660595108e-09,3.880130439171125545e-09,2.720518968999385834e-04,1.528549706563353539e-03,2.027747221291065216e-03,1.026789657771587372e-03
3.932286496421966149e-09,4.558598387660595108e-09,3.880130439171125545e-09,3.525660208225644965e-09,8.061976404860615730e-04,3.797293757088482380e-04,3.599925246788870936e-09
3.932286496421966149e-09,4.558598387660595108e-09,3.880130439171125545e-09,2.444464480504393578e-04,8.251847466453909874e-04,3.753921173910157449e-09,3.599925246788870936e-09
3.932286496421966149e-09,4.558598387660595108e-09,7.300165016204118729e-04,3.259767254348844290e-04,1.161151682026684284e-03,3.753921173910157449e-09,1.141309970989823341e-03
2.421201934339478612e-04,1.473802840337157249e-03,4.423344216775149107e-04,5.653849220834672451e-04,1.260573742911219597e-03,1.715644029900431633e-03,6.020040600560605526e-04
3.932286496421966149e-09,4.558598387660595108e-09,3.880130439171125545e-09,3.525660208225644965e-09,8.782661170698702335e-04,3.753921173910157449e-09,3.599925246788870936e-09
3.932286496421966149e-09,4.558598387660595108e-09,8.021463290788233280e-04,8.467953884974122047e-04,3.421817273974170348e-09,5.306805251166224480e-04,1.993430923903360963e-04
3.932286496421966149e-09,4.558598387660595108e-09,3.880130439171125545e-09,3.525660208225644965e-09,8.256888249889016151e-04,3.753921173910157449e-09,3.599925246788870936e-09
3.932286496421966149e-09,4.558598387660595108e-09,3.880130439171125545e-09,3.525660208225644965e-09,8.382950909435749054e-04,6.426636828109622002e-04,3.599925246788870936e-09
3.932286496421966149e-09,4.558598387660595108e-09,3.880130439171125545e-09,1.988705917028710246e-04,3.790461923927068710e-04,3.753921173910157449e-09,3.599925246788870936e-09
1.297553972108289599e-04,4.558598387660595108e-09,3.880130439171125545e-09,1.841100893216207623e-04,1.402415946358814836e-04,3.753921173910157449e-09,5.815764307044446468e-04
1.268782187253236771e-03,1.797456992790102959e-03,4.098682256881147623e-04,6.554344436153769493e-04,8.633728721179068089e-04,6.450182991102337837e-04,4.287008487153798342e-04
3.932286496421966149e-09,4.558598387660595108e-09,3.880130439171125545e-09,3.525660208225644965e-09,1.026252284646034241e-03,3.753921173910157449e-09,2.879463427234441042e-04
6.690997979603707790e-04,4.558598387660595108e-09,1.783706684364005923e-04,2.738744951784610748e-04,3.421817273974170348e-09,3.753921173910157449e-09,3.599925246788870936e-09
1.465828827349469066e-04,4.558598387660595108e-09,9.982588235288858414e-04,3.525660208225644965e-09,3.421817273974170348e-09,3.753921173910157449e-09,5.213370313867926598e-04
3.932286496421966149e-09,4.558598387660595108e-09,3.880130439171125545e-09,2.636114950291812420e-04,3.213277959730476141e-04,1.036014291457831860e-03,3.599925246788870936e-09
5.344094824977219105e-04,6.431566434912383556e-04,7.015488808974623680e-04,1.039168098941445351e-03,1.367316930554807186e-03,7.991731399670243263e-04,1.430391333997249603e-03
3.932286496421966149e-09,4.558598387660595108e-09,4.792414547409862280e-04,3.525660208225644965e-09,3.421817273974170348e-09,2.376942284172400832e-04,3.599925246788870936e-09
3.932286496421966149e-09,4.558598387660595108e-09,3.880130439171125545e-09,1.582319237058982253e-04,3.637548361439257860e-04,3.753921173910157449e-09,3.599925246788870936e-09
4.422488855198025703e-04,3.923710319213569164e-04,3.862722369376569986e-04,2.223278570454567671e-04,3.421817273974170348e-09,3.753921173910157449e-09,2.457506489008665085e-04
2.275430597364902496e-03,2.643553540110588074e-03,2.402275800704956055e-03,1.695471233688294888e-03,1.566587598063051701e-03,1.431231386959552765e-03,2.183332107961177826e-03
7.102703675627708435e-04,4.558598387660595108e-09,2.538668224588036537e-03,9.303699480369687080e-04,1.593713182955980301e-03,8.773998124524950981e-04,2.205793280154466629e-03
3.932286496421966149e-09,4.558598387660595108e-09,3.880130439171125545e-09,1.855674781836569309e-04,2.516038948670029640e-04,3.753921173910157449e-09,1.990890159504488111e-04
2.796686603687703609e-04,1.020874711684882641e-03,1.544713624753057957e-03,1.161023625172674656e-03,1.498517580330371857e-03,1.599142211489379406e-03,1.992906443774700165e-03
1.512214512331411242e-04,4.558598387660595108e-09,3.808367473538964987e-04,3.525660208225644965e-09,1.409224205417558551e-04,3.753921173910157449e-09,3.599925246788870936e-09
3.932286496421966149e-09,4.558598387660595108e-09,3.880130439171125545e-09,3.525660208225644965e-09,8.428985020145773888e-04,3.753921173910157449e-09,8.426232379861176014e-04
1.382893678965047002e-04,4.558598387660595108e-09,3.868932835757732391e-04,3.525660208225644965e-09,3.940412134397774935e-04,3.753921173910157449e-09,3.846344188787043095e-04
3.932286496421966149e-09,4.558598387660595108e-09,1.920355018228292465e-03,8.436565985903143883e-04,1.459841500036418438e-03,1.213853320223279297e-04,1.920049777254462242e-03
1.202429062686860561e-03,2.674655092960165348e-07,6.135877338238060474e-04,9.770754259079694748e-04,3.421817273974170348e-09,3.753921173910157449e-09,4.210372571833431721e-04
1.999621745198965073e-03,1.109912991523742676e-03,8.065466536208987236e-04,1.674866769462823868e-03,6.632246659137308598e-04,9.705013944767415524e-04,1.559737604111433029e-03
1.312091597355902195e-03,4.558598387660595108e-09,2.322881773579865694e-04,9.138812893070280552e-04,3.421817273974170348e-09,3.889312501996755600e-04,2.349706046516075730e-04
1.989794836845248938e-04,4.558598387660595108e-09,1.731709053274244070e-04,4.810928076039999723e-04,6.621539359912276268e-04,2.278639585711061954e-04,3.599925246788870936e-09
3.932286496421966149e-09,4.558598387660595108e-09,3.880130439171125545e-09,3.525660208225644965e-09,5.012413021177053452e-04,3.753921173910157449e-09,3.599925246788870936e-09
1.936402404680848122e-04,4.220745177008211613e-04,4.444718069862574339e-04,3.525660208225644965e-09,3.421817273974170348e-09,3.753921173910157449e-09,4.545330284599913284e-06
3.932286496421966149e-09,4.558598387660595108e-09,3.880130439171125545e-09,2.205166529165580869e-04,4.634492215700447559e-04,2.385855041211470962e-04,3.599925246788870936e-09
1.987489638850092888e-03,1.142570399679243565e-03,9.435442043468356133e-04,2.100806450471282005e-04,3.421817273974170348e-09,3.753921173910157449e-09,5.918046808801591396e-04
3.932286496421966149e-09,4.558598387660595108e-09,3.727391886059194803e-04,1.792889961507171392e-04,3.421817273974170348e-09,3.753921173910157449e-09,5.876876530237495899e-04
1.248456246685236692e-04,4.558598387660595108e-09,9.543804857514714968e-09,3.340922121424227953e-04,1.720206782920286059e-04,3.753921173910157449e-09,1.597966474946588278e-04
1.370184763800352812e-04,3.046922793146222830e-04,3.880130439171125545e-09,1.897225301945582032e-04,3.421817273974170348e-09,3.753921173910157449e-09,1.976681669475510716e-04
1.177696161903440952e-03,4.558598387660595108e-09,1.885261153802275658e-03,8.537340327166020870e-04,7.587121217511594296e-04,6.240166840143501759e-04,9.144830983132123947e-04
3.932286496421966149e-09,4.558598387660595108e-09,4.469290724955499172e-04,3.525660208225644965e-09,4.033068253193050623e-04,2.327781112398952246e-04,3.599925246788870936e-09
5.778174963779747486e-04,4.558598387660595108e-09,3.880130439171125545e-09,8.419211371801793575e-04,4.938482888974249363e-04,4.283002053853124380e-04,4.633120261132717133e-04
2.902832638937979937e-04,2.263109636260196567e-04,3.880130439171125545e-09,3.525660208225644965e-09,3.421817273974170348e-09,3.753921173910157449e-09,3.599925246788870936e-09
3.932286496421966149e-09,4.558598387660595108e-09,3.880130439171125545e-09,3.525660208225644965e-09,1.688107004156336188e-04,7.488187402486801147e-04,3.599925246788870936e-09
3.932286496421966149e-09,4.558598387660595108e-09,3.880130439171125545e-09,4.648606700357049704e-04,6.280381057877093554e-05,3.753921173910157449e-09,2.495624066796153784e-04
3.932286496421966149e-09,4.558598387660595108e-09,5.689679528586566448e-05,1.753079995978623629e-04,2.683677303139120340e-04,2.538065600674599409e-04,5.180069711059331894e-04
4.747736675199121237e-04,3.821277059614658356e-04,8.088738541118800640e-04,5.206443602219223976e-04,7.128795259632170200e-04,6.602267967537045479e-04,3.536282456479966640e-04
3.932286496421966149e-09,4.558598387660595108e-09,3.880130439171125545e-09,4.850773984799161553e-05,2.671684487722814083e-04,6.236089393496513367e-04,3.599925246788870936e-09
3.932286496421966149e-09,4.558598387660595108e-09,7.624393329024314880e-04,6.887808558531105518e-04,1.042967196553945541e-03,5.634764675050973892e-04,1.696265069767832756e-03
3.022496821358799934e-04,1.646573509788140655e-04,1.853427529567852616e-04,3.525660208225644965e-09,3.421817273974170348e-09,3.753921173910157449e-09,2.079541882267221808e-04
2.541849098633974791e-04,7.064066012389957905e-04,3.880130439171125545e-09,3.525660208225644965e-09,3.421817273974170348e-09,1.809074892662465572e-04,3.599925246788870936e-09
3.932286496421966149e-09,4.558598387660595108e-09,3.880130439171125545e-09,2.378544013481587172e-04,9.741664980538189411e-04,3.753921173910157449e-09,3.599925246788870936e-09
3.932286496421966149e-09,4.558598387660595108e-09,3.880130439171125545e-09,3.525660208225644965e-09,5.091716302558779716e-04,3.753921173910157449e-09,3.599925246788870936e-09
1.477494370192289352e-04,4.558598387660595108e-09,3.880130439171125545e-09,4.882314533460885286e-04,2.008304290939122438e-04,3.753921173910157449e-09,3.062247997149825096e-04
1.309789367951452732e-04,4.558598387660595108e-09,1.642685383558273315e-04,3.525660208225644965e-09,1.327680947724729776e-04,2.188815706176683307e-04,3.599925246788870936e-09
3.932286496421966149e-09,4.558598387660595108e-09,3.880130439171125545e-09,8.931374177336692810e-04,2.497824898455291986e-04,3.753921173910157449e-09,3.599925246788870936e-09
1.496699114795774221e-04,4.558598387660595108e-09,3.880130439171125545e-09,5.047205486334860325e-04,7.763906614854931831e-04,1.244012149982154369e-03,3.599925246788870936e-09
3.932286496421966149e-09,4.558598387660595108e-09,1.050991922966204584e-04,3.525660208225644965e-09,1.228732406161725521e-03,6.232772720977663994e-04,5.358940106816589832e-04
3.932286496421966149e-09,4.558598387660595108e-09,3.880130439171125545e-09,3.678435168694704771e-04,4.881122440565377474e-04,3.753921173910157449e-09,3.599925246788870936e-09
3.932286496421966149e-09,4.558598387660595108e-09,3.880130439171125545e-09,2.524277952034026384e-04,4.393697017803788185e-04,3.753921173910157449e-09,5.775100435130298138e-04
1.581343589350581169e-03,1.100781722925603390e-03,7.480228669010102749e-04,1.644791220314800739e-03,1.346533419564366341e-03,5.205076886340975761e-04,1.340993330813944340e-03
2.586315385997295380e-04,4.558598387660595108e-09,3.880130439171125545e-09,3.525660208225644965e-09,1.588490995345637202e-04,3.753921173910157449e-09,3.599925246788870936e-09
1.363445626338943839e-04,4.558598387660595108e-09,3.880130439171125545e-09,4.603897396009415388e-04,3.421817273974170348e-09,3.753921173910157449e-09,3.282696125097572803e-04
3.932286496421966149e-09,4.558598387660595108e-09,3.880130439171125545e-09,3.525660208225644965e-09,4.907849943265318871e-04,3.753921173910157449e-09,3.599925246788870936e-09
3.932286496421966149e-09,4.558598387660595108e-09,3.880130439171125545e-09,1.787782966857776046e-04,2.644189225975424051e-04,2.207502257078886032e-04,3.599925246788870936e-09
3.932286496421966149e-09,4.558598387660595108e-09,3.880130439171125545e-09,4.963821847923099995e-04,2.704536891542375088e-04,3.753921173910157449e-09,1.891554566100239754e-04
1.391779282130300999e-03,4.558598387660595108e-09,5.427941796369850636e-04,1.514683244749903679e-03,7.697861292399466038e-04,3.753921173910157449e-09,9.988014353439211845e-04
3.861263394355773926e-04,4.558598387660595108e-09,1.072229468263685703e-03,3.525660208225644965e-09,8.852027240209281445e-04,2.520138223189860582e-04,7.975284825079143047e-04
7.667354657314717770e-04,4.558598387660595108e-09,8.015806670300662518e-04,5.802637897431850433e-04,4.640111001208424568e-04,2.868436567950993776e-04,9.833894437178969383e-04
1.183611573651432991e-03,4.234409134369343519e-04,7.110182195901870728e-05,4.342146858107298613e-04,3.421817273974170348e-09,1.149318268289789557e-04,3.599925246788870936e-09
1.247241016244515777e-04,4.558598387660595108e-09,3.880130439171125545e-09,7.681950228288769722e-04,2.364292886340990663e-04,3.753921173910157449e-09,3.599925246788870936e-09
1.333277468802407384e-04,4.558598387660595108e-09,3.880130439171125545e-09,7.247652974911034107e-04,3.421817273974170348e-09,3.753921173910157449e-09,2.198705478804185987e-04
3.932286496421966149e-09,4.558598387660595108e-09,3.880130439171125545e-09,3.525660208225644965e-09,8.715438307262957096e-04,2.125150494975969195e-04,3.599925246788870936e-09
3.932286496421966149e-09,4.558598387660595108e-09,2.458108610881026834e-05,4.093809984624385834e-04,1.382958289468660951e-04,3.753921173910157449e-09,3.599925246788870936e-09
1.211498092743568122e-04,4.558598387660595108e-09,3.880130439171125545e-09,5.645854398608207703e-04,3.421817273974170348e-09,6.686940778877215052e-09,2.280012849951162934e-04
4.322339373175054789e-04,4.558598387660595108e-09,6.008676718920469284e-04,3.525660208225644965e-09,3.421817273974170348e-09,3.753921173910157449e-09,3.599925246788870936e-09
3.932286496421966149e-09,1.180561725050210953e-03,5.038857925683259964e-04,7.425593212246894836e-04,1.369185512885451317e-03,1.818110002204775810e-03,1.254791859537363052e-03
3.932286496421966149e-09,4.558598387660595108e-09,1.675423845881596208e-04,3.525660208225644965e-09,3.510338719934225082e-04,3.753921173910157449e-09,2.644677588250488043e-04
1.196456651086919010e-04,4.558598387660595108e-09,3.880130439171125545e-09,1.807354856282472610e-04,3.421817273974170348e-09,3.753921173910157449e-09,4.026896785944700241e-04
3.932286496421966149e-09,4.558598387660595108e-09,3.880130439171125545e-09,3.525660208225644965e-09,4.842227499466389418e-04,3.753921173910157449e-09,3.599925246788870936e-09
3.932286496421966149e-09,4.558598387660595108e-09,5.298811011016368866e-04,6.518294103443622589e-04,6.542220944538712502e-04,8.545659366063773632e-04,3.599925246788870936e-09
3.932286496421966149e-09,4.558598387660595108e-09,3.880130439171125545e-09,3.525660208225644965e-09,5.248170346021652222e-04,2.351721486775204539e-04,3.599925246788870936e-09
3.932286496421966149e-09,4.558598387660595108e-09,4.241244751028716564e-04,7.680552662350237370e-04,3.421817273974170348e-09,2.948427572846412659e-04,3.599925246788870936e-09
3.932286496421966149e-09,4.558598387660595108e-09,3.880130439171125545e-09,2.689655229914933443e-04,1.565000566188246012e-04,2.488945610821247101e-04,3.599925246788870936e-09
3.932286496421966149e-09,3.203978121746331453e-04,2.492244821041822433e-04,3.525660208225644965e-09,3.182916843798011541e-04,3.753921173910157449e-09,3.599925246788870936e-09
3.932286496421966149e-09,4.558598387660595108e-09,5.114852101542055607e-04,3.525660208225644965e-09,1.366244396194815636e-04,1.318138771466692560e-07,3.599925246788870936e-09
3.932286496421966149e-09,4.558598387660595108e-09,3.880130439171125545e-09,3.525660208225644965e-09,9.058456053026020527e-04,3.753921173910157449e-09,3.599925246788870936e-09
3.932286496421966149e-09,4.536231863312423229e-04,3.880130439171125545e-09,3.525660208225644965e-09,8.336981409229338169e-04,4.235387605149298906e-04,3.599925246788870936e-09
3.932286496421966149e-09,4.558598387660595108e-09,4.375596745376242325e-06,4.905376117676496506e-04,5.666508329227326612e-08,5.682896589860320091e-04,3.599925246788870936e-09
3.932286496421966149e-09,4.558598387660595108e-09,2.384850376984104514e-04,3.525660208225644965e-09,3.748068702407181263e-04,3.753921173910157449e-09,3.346939338371157646e-04
3.932286496421966149e-09,4.558598387660595108e-09,3.880130439171125545e-09,5.718170432373881340e-04,3.421817273974170348e-09,3.753921173910157449e-09,3.599925246788870936e-09
3.932286496421966149e-09,1.552886242279782891e-04,7.440640911227092147e-05,3.525660208225644965e-09,2.842905814759433270e-04,3.753921173910157449e-09,5.084015429019927979e-04
5.839716177433729172e-04,1.590454950928688049e-03,2.225962525699287653e-04,2.316305326530709863e-04,1.480338542023673654e-04,1.558341318741440773e-03,8.830916485749185085e-04
3.932286496421966149e-09,4.558598387660595108e-09,3.880130439171125545e-09,6.042374880053102970e-04,1.271851797355338931e-04,8.125415188260376453e-04,3.599925246788870936e-09
1.525971165392547846e-04,4.558598387660595108e-09,3.715935163199901581e-04,3.525660208225644965e-09,1.513776369392871857e-04,3.753921173910157449e-09,3.599925246788870936e-09
3.932286496421966149e-09,4.558598387660595108e-09,3.880130439171125545e-09,3.525660208225644965e-09,4.816353903152048588e-04,3.753921173910157449e-09,3.599925246788870936e-09
3.932286496421966149e-09,4.558598387660595108e-09,1.382627960992977023e-04,3.525660208225644965e-09,1.396807783748954535e-04,6.319776293821632862e-04,3.599925246788870936e-09
3.932286496421966149e-09,4.558598387660595108e-09,2.834229962900280952e-04,2.056751109194010496e-04,3.421817273974170348e-09,3.753921173910157449e-09,2.859564847312867641e-04
3.932286496421966149e-09,4.558598387660595108e-09,3.880130439171125545e-09,1.029008883051574230e-03,3.114690480288118124e-04,2.952230279333889484e-04,1.107773496187292039e-04
3.932286496421966149e-09,4.558598387660595108e-09,3.880130439171125545e-09,5.854215123690664768e-04,1.032762345857918262e-03,5.136142135597765446e-04,4.168067534919828176e-04
3.932286496421966149e-09,4.558598387660595108e-09,3.880130439171125545e-09,7.947613485157489777e-04,3.682448295876383781e-04,3.276156785432249308e-04,2.718793693929910660e-04
4.862194764427840710e-04,4.558598387660595108e-09,4.007653333246707916e-04,4.245966847520321608e-04,2.118615666404366493e-04,2.618996950332075357e-04,1.789470971402806754e-08
4.037713733850978315e-05,3.116423904430121183e-04,1.089501660317182541e-03,5.556172109209001064e-04,6.515009445138275623e-04,5.815676413476467133e-04,9.152622078545391560e-04
3.001794393640011549e-04,4.558598387660595108e-09,2.185134508181363344e-04,1.953740575117990375e-04,3.421817273974170348e-09,2.240969333797693253e-04,2.151618682546541095e-04
3.932286496421966149e-09,4.558598387660595108e-09,3.880130439171125545e-09,3.525660208225644965e-09,8.037388324737548828e-04,3.753921173910157449e-09,3.599925246788870936e-09
5.648842779919505119e-04,4.558598387660595108e-09,3.880130439171125545e-09,3.525660208225644965e-09,3.421817273974170348e-09,3.753921173910157449e-09,3.429008065722882748e-04
7.431714911945164204e-04,1.654174760915338993e-03,3.880130439171125545e-09,2.291361306561157107e-04,3.421817273974170348e-09,9.916031267493963242e-04,3.599925246788870936e-09
2.044259570538997650e-03,2.044690074399113655e-03,4.844839568249881268e-04,1.735525205731391907e-03,3.421817273974170348e-09,1.379589200951159000e-03,6.703445687890052795e-04
4.965682164765894413e-04,1.275459653697907925e-03,6.142898346297442913e-04,6.200009374879300594e-04,6.844006129540503025e-04,7.920926436781883240e-04,7.495211903005838394e-04
1.234105438925325871e-03,7.902767720224801451e-06,1.004822435788810253e-03,2.116668765665963292e-04,3.421817273974170348e-09,6.122524500824511051e-04,2.737607283052057028e-04
3.932286496421966149e-09,4.558598387660595108e-09,1.092260703444480896e-03,3.656782500911504030e-04,2.237470471300184727e-04,1.032434985972940922e-03,1.322063268162310123e-03
2.647055080160498619e-04,4.558598387660595108e-09,3.880130439171125545e-09,2.952018985524773598e-04,3.421817273974170348e-09,3.753921173910157449e-09,3.599925246788870936e-09
3.932286496421966149e-09,4.558598387660595108e-09,6.147977546788752079e-04,3.525660208225644965e-09,1.523124286904931068e-03,1.851888489909470081e-03,3.599925246788870936e-09
3.932286496421966149e-09,4.558598387660595108e-09,3.880130439171125545e-09,3.525660208225644965e-09,5.289157852530479431e-04,3.753921173910157449e-09,2.780126815196126699e-04
3.932286496421966149e-09,2.433174086036160588e-04,4.456087772268801928e-04,3.525660208225644965e-09,2.492688654456287622e-04,3.753921173910157449e-09,3.599925246788870936e-09
3.932286496421966149e-09,4.558598387660595108e-09,2.664245839696377516e-04,3.525660208225644965e-09,4.735348629765212536e-04,3.753921173910157449e-09,5.579162389039993286e-04
3.932286496421966149e-09,4.558598387660595108e-09,4.913158481940627098e-04,3.525660208225644965e-09,1.479383063269779086e-04,3.753921173910157449e-09,2.070213959086686373e-04
3.932286496421966149e-09,1.760435116011649370e-04,3.880130439171125545e-09,1.298407674767076969e-03,6.920468294993042946e-04,2.730354608502238989e-04,3.599925246788870936e-09
3.932286496421966149e-09,4.558598387660595108e-09,6.928428192622959614e-04,3.525660208225644965e-09,1.404542825184762478e-03,1.547195948660373688e-03,1.142311026342213154e-03
1.492128241807222366e-03,1.563582452945411205e-03,1.545210252515971661e-03,1.485198619775474072e-03,1.052189036272466183e-03,1.722496584989130497e-03,1.377965672872960567e-03
6.751485052518546581e-04,4.558598387660595108e-09,2.045598113909363747e-03,8.746499661356210709e-04,1.541408477351069450e-03,1.218756195157766342e-03,2.214794280007481575e-03
5.057660164311528206e-04,4.558598387660595108e-09,3.880130439171125545e-09,1.633685315027832985e-04,3.421817273974170348e-09,3.753921173910157449e-09,1.998595689656212926e-04
4.007581737823784351e-04,2.132701192749664187e-04,1.004133489914238453e-03,1.209229347296059132e-03,1.387442578561604023e-03,5.732101271860301495e-04,7.693188963457942009e-04
3.881621523760259151e-04,4.558598387660595108e-09,3.880130439171125545e-09,1.627377641852945089e-04,3.421817273974170348e-09,2.279115287819877267e-04,3.599925246788870936e-09
1.346222241409122944e-03,1.159685780294239521e-03,1.132511766627430916e-03,2.571164222899824381e-04,5.825288244523108006e-04,1.717297942377626896e-03,7.290809880942106247e-04
1.423504290869459510e-04,4.432788991834968328e-04,1.189490430988371372e-04,1.890883722808212042e-04,3.421817273974170348e-09,8.522330317646265030e-04,3.599925246788870936e-09
3.932286496421966149e-09,3.108067030552774668e-04,1.709287898847833276e-04,3.525660208225644965e-09,1.263730955542996526e-04,7.588010048493742943e-04,3.599925246788870936e-09
3.932286496421966149e-09,5.273984279483556747e-04,3.880130439171125545e-09,4.263811279088258743e-04,3.421817273974170348e-09,3.753921173910157449e-09,3.599925246788870936e-09
1.433346042176708579e-04,4.558598387660595108e-09,3.880130439171125545e-09,4.680744314100593328e-04,2.520412090234458447e-04,3.753921173910157449e-09,4.618709790520370007e-04
3.932286496421966149e-09,4.558598387660595108e-09,3.880130439171125545e-09,3.525660208225644965e-09,7.479289779439568520e-04,3.753921173910157449e-09,3.599925246788870936e-09
1.332089741481468081e-04,4.558598387660595108e-09,3.880130439171125545e-09,2.042700361926108599e-04,3.421817273974170348e-09,3.753921173910157449e-09,2.916602825280278921e-04
3.932286496421966149e-09,4.558598387660595108e-09,3.880130439171125545e-09,3.525660208225644965e-09,8.476165821775794029e-04,3.753921173910157449e-09,3.599925246788870936e-09
3.932286496421966149e-09,4.558598387660595108e-09,3.891607630066573620e-04,3.525660208225644965e-09,1.691754587227478623e-04,3.753921173910157449e-09,3.635654284153133631e-04
3.932286496421966149e-09,4.558598387660595108e-09,3.880130439171125545e-09,3.525660208225644965e-09,3.826745669357478619e-04,5.456339567899703979e-04,3.599925246788870936e-09
3.932286496421966149e-09,4.558598387660595108e-09,3.880130439171125545e-09,3.525660208225644965e-09,2.553930389694869518e-04,3.753921173910157449e-09,4.495908797252923250e-04
3.932286496421966149e-09,4.558598387660595108e-09,1.452549826353788376e-03,4.433873109519481659e-04,1.253986614756286144e-03,3.753921173910157449e-09,1.346870441921055317e-03
2.625868073664605618e-04,4.558598387660595108e-09,1.018691546050831676e-04,6.637937622144818306e-04,3.421817273974170348e-09,3.753921173910157449e-09,3.387029864825308323e-04
7.329680956900119781e-04,4.558598387660595108e-09,3.880130439171125545e-09,5.889315507374703884e-04,5.656072171404957771e-04,2.441801771055907011e-04,2.826172858476638794e-04
3.932286496421966149e-09,4.558598387660595108e-09,1.682877336861565709e-04,3.818373952526599169e-04,1.348375953966751695e-04,3.753921173910157449e-09,3.599925246788870936e-09
2.651852264534682035e-04,4.558598387660595108e-09,3.880130439171125545e-09,3.525660208225644965e-09,3.421817273974170348e-09,3.753921173910157449e-09,5.930864135734736919e-04
1.468954724259674549e-03,4.558598387660595108e-09,3.692887257784605026e-04,7.380276801995933056e-04,3.437483974266797304e-04,3.753921173910157449e-09,6.537571898661553860e-04
3.932286496421966149e-09,4.558598387660595108e-09,6.952784024178981781e-04,3.525660208225644965e-09,3.421817273974170348e-09,3.753921173910157449e-09,2.723934012465178967e-04
3.932286496421966149e-09,4.450022825039923191e-04,3.880130439171125545e-09,3.525660208225644965e-09,3.421817273974170348e-09,3.753921173910157449e-09,3.803100553341209888e-04
1.725306035950779915e-03,4.558598387660595108e-09,1.969479490071535110e-03,5.127114127390086651e-04,6.752312765456736088e-04,3.701719106175005436e-04,1.685725525021553040e-03
1.403587375534698367e-04,4.558598387660595108e-09,2.748767437878996134e-04,1.665259333094581962e-04,3.421817273974170348e-09,2.439619274809956551e-04,3.556924639269709587e-04
3.932286496421966149e-09,4.558598387660595108e-09,3.880130439171125545e-09,3.525660208225644965e-09,4.535960033535957336e-04,3.753921173910157449e-09,3.599925246788870936e-09
5.474446807056665421e-04,3.949774836655706167e-04,6.208005943335592747e-04,1.166435191407799721e-03,1.133540761657059193e-03,9.908229112625122070e-04,1.214557327330112457e-03
2.029899507761001587e-03,2.235515974462032318e-03,1.688273856416344643e-03,1.756743644364178181e-03,1.239644363522529602e-03,1.448831637389957905e-03,1.586147700436413288e-03
3.932286496421966149e-09,4.558598387660595108e-09,4.969986621290445328e-04,3.525660208225644965e-09,3.421817273974170348e-09,3.753921173910157449e-09,3.450933436397463083e-04
1.275837712455540895e-04,4.558598387660595108e-09,9.943059412762522697e-04,3.525660208225644965e-09,1.358784618787467480e-03,3.753921173910157449e-09,4.014055011793971062e-04
3.932286496421966149e-09,4.558598387660595108e-09,6.728172302246093750e-04,3.525660208225644965e-09,3.421817273974170348e-09,3.753921173910157449e-09,3.599925246788870936e-09
3.932286496421966149e-09,4.558598387660595108e-09,3.880130439171125545e-09,3.660123911686241627e-04,2.407089923508465290e-04,3.753921173910157449e-09,3.599925246788870936e-09
4.360044258646667004e-04,4.558598387660595108e-09,3.880130439171125545e-09,6.339558749459683895e-04,2.894913195632398129e-04,3.753921173910157449e-09,2.927987661678344011e-04
3.932286496421966149e-09,4.558598387660595108e-09,3.880130439171125545e-09,9.231584845110774040e-04,3.421817273974170348e-09,3.753921173910157449e-09,3.299138043075799942e-04
3.932286496421966149e-09,4.558598387660595108e-09,3.880130439171125545e-09,3.525660208225644965e-09,2.228255907539278269e-04,2.241639886051416397e-04,2.488701138645410538e-04
4.729203938040882349e-04,4.558598387660595108e-09,3.880130439171125545e-09,2.584120666142553091e-04,3.421817273974170348e-09,3.753921173910157449e-09,3.599925246788870936e-09
3.932286496421966149e-09,4.558598387660595108e-09,3.880130439171125545e-09,2.347723348066210747e-04,2.857234794646501541e-04,3.753921173910157449e-09,2.667338412720710039e-04
3.932286496421966149e-09,4.558598387660595108e-09,1.057917717844247818e-03,6.294787162914872169e-04,4.104858380742371082e-04,8.093921351246535778e-04,1.763439504429697990e-03
4.799564194399863482e-04,2.240438334411010146e-04,3.880130439171125545e-09,3.525660208225644965e-09,3.421817273974170348e-09,6.110002868808805943e-04,3.599925246788870936e-09
3.932286496421966149e-09,4.558598387660595108e-09,3.880130439171125545e-09,2.150083892047405243e-04,5.273146671243011951e-04,3.753921173910157449e-09,3.599925246788870936e-09
3.932286496421966149e-09,4.558598387660595108e-09,3.880130439171125545e-09,4.390901303850114346e-04,2.383669489063322544e-04,3.753921173910157449e-09,3.599925246788870936e-09
3.932286496421966149e-09,4.558598387660595108e-09,3.880130439171125545e-09,1.796159049263224006e-04,8.152139489538967609e-04,2.337163459742441773e-04,1.059283385984599590e-03
3.932286496421966149e-09,4.558598387660595108e-09,1.745030982419848442e-03,4.002341302111744881e-04,7.802921754773706198e-05,3.753921173910157449e-09,1.578660449013113976e-03
3.932286496421966149e-09,4.558598387660595108e-09,3.880130439171125545e-09,3.525660208225644965e-09,8.399999351240694523e-04,2.463757118675857782e-04,3.208049747627228498e-04
3.932286496421966149e-09,4.558598387660595108e-09,6.027292693033814430e-04,3.693778417073190212e-04,3.421817273974170348e-09,3.753921173910157449e-09,8.630410884507000446e-04
1.245576888322830200e-03,8.986997418105602264e-04,7.757527055218815804e-04,1.750749419443309307e-03,4.357523575890809298e-04,7.193038472905755043e-04,7.367570069618523121e-04
6.793799111619591713e-04,4.099211946595460176e-04,1.499956706538796425e-03,3.129418182652443647e-04,1.351564074866473675e-03,1.393146463669836521e-03,1.871896442025899887e-03
3.932286496421966149e-09,4.558598387660595108e-09,3.880130439171125545e-09,3.525660208225644965e-09,4.868468677159398794e-04,3.753921173910157449e-09,3.599925246788870936e-09
3.932286496421966149e-09,2.231701218988746405e-04,6.096951547078788280e-04,3.525660208225644965e-09,3.421817273974170348e-09,6.351738702505826950e-04,8.623109315522015095e-04
4.785594064742326736e-04,4.558598387660595108e-09,3.880130439171125545e-09,3.990763798356056213e-04,3.421817273974170348e-09,2.614375262055546045e-04,3.599925246788870936e-09
9.433878585696220398e-04,4.558598387660595108e-09,2.699534641578793526e-03,1.035128487274050713e-03,1.342609291896224022e-03,2.367809647694230080e-04,2.361651975661516190e-03
3.932286496421966149e-09,4.558598387660595108e-09,1.867876562755554914e-04,2.005324640776962042e-04,3.421817273974170348e-09,2.327663823962211609e-04,2.282388304593041539e-04
3.932286496421966149e-09,4.558598387660595108e-09,3.880130439171125545e-09,3.525660208225644965e-09,3.916985588148236275e-04,3.753921173910157449e-09,2.073027717415243387e-04
3.932286496421966149e-09,4.558598387660595108e-09,3.880130439171125545e-09,3.525660208225644965e-09,3.869950887747108936e-04,2.202946197940036654e-04,4.149706001044251025e-06
3.932286496421966149e-09,4.558598387660595108e-09,3.880130439171125545e-09,8.413328032474964857e-05,3.421817273974170348e-09,3.753921173910157449e-09,4.506844852585345507e-04
3.932286496421966149e-09,3.446504997555166483e-04,2.243704075226560235e-04,3.525660208225644965e-09,3.421817273974170348e-09,3.753921173910157449e-09,3.599925246788870936e-09
3.932286496421966149e-09,4.558598387660595108e-09,3.835468378383666277e-04,3.525660208225644965e-09,4.667731991503387690e-04,3.753921173910157449e-09,3.288031730335205793e-04
3.932286496421966149e-09,4.558598387660595108e-09,1.820531673729419708e-03,7.905202801339328289e-04,1.530672307126224041e-03,3.753921173910157449e-09,1.893198583275079727e-03
1.286252751015126705e-03,2.576050581410527229e-03,1.949073863215744495e-03,4.913989105261862278e-04,9.450382785871624947e-04,1.339156413450837135e-03,2.019206760451197624e-03
3.932286496421966149e-09,4.558598387660595108e-09,3.880130439171125545e-09,3.893174580298364162e-04,3.831022186204791069e-04,3.753921173910157449e-09,3.599925246788870936e-09
1.467943773604929447e-03,3.929019148927181959e-04,1.265677856281399727e-04,1.068959943950176239e-03,3.421817273974170348e-09,2.766461111605167389e-04,6.819294649176299572e-04
1.875896472483873367e-03,1.216406701132655144e-03,1.689006458036601543e-03,9.451310033909976482e-04,1.110292272642254829e-03,1.225032377988100052e-03,1.405524904839694500e-03
3.853996749967336655e-04,4.558598387660595108e-09,3.880130439171125545e-09,3.525660208225644965e-09,3.421817273974170348e-09,2.240760659333318472e-04,3.599925246788870936e-09
3.932286496421966149e-09,4.558598387660595108e-09,3.880130439171125545e-09,5.138315609656274319e-04,2.282713539898395538e-04,3.753921173910157449e-09,3.599925246788870936e-09
2.405070408713072538e-04,6.343142013065516949e-04,3.880130439171125545e-09,2.043588028755038977e-04,3.421817273974170348e-09,3.403365553822368383e-04,2.470173058100044727e-04
3.932286496421966149e-09,4.558598387660595108e-09,3.880130439171125545e-09,1.641894341446459293e-04,3.985326038673520088e-04,3.753921173910157449e-09,3.599925246788870936e-09
3.932286496421966149e-09,4.558598387660595108e-09,3.880130439171125545e-09,3.525660208225644965e-09,4.564701230265200138e-04,3.753921173910157449e-09,3.599925246788870936e-09
1.578413997776806355e-03,1.512354589067399502e-03,9.820200502872467041e-04,3.525660208225644965e-09,3.421817273974170348e-09,3.223784733563661575e-04,3.599925246788870936e-09
2.870299213100224733e-04,4.558598387660595108e-09,3.880130439171125545e-09,1.992070901906117797e-04,3.421817273974170348e-09,3.753921173910157449e-09,2.081435814034193754e-04
1.613029598956927657e-05,3.344275464769452810e-04,1.423059584340080619e-04,2.159374707844108343e-04,3.421817273974170348e-09,3.753921173910157449e-09,3.599925246788870936e-09
1.305793412029743195e-04,4.558598387660595108e-09,3.880130439171125545e-09,1.873370929388329387e-04,2.149732608813792467e-04,2.513130020815879107e-04,2.573541132733225822e-04
3.932286496421966149e-09,4.558598387660595108e-09,2.965003077406436205e-04,3.525660208225644965e-09,3.421817273974170348e-09,4.696828837040811777e-04,3.599925246788870936e-09
1.039097202010452747e-03,7.381835021078586578e-04,1.101461471989750862e-03,5.740640917792916298e-04,8.036756771616637707e-04,1.042549964040517807e-03,6.406068569049239159e-04
3.932286496421966149e-09,4.558598387660595108e-09,1.371939674754685257e-06,3.525660208225644965e-09,2.922128187492489815e-04,8.176787523552775383e-04,3.599925246788870936e-09
3.932286496421966149e-09,4.558598387660595108e-09,3.880130439171125545e-09,1.862706994870677590e-04,3.421817273974170348e-09,3.753921173910157449e-09,6.018062122166156769e-04
3.932286496421966149e-09,4.558598387660595108e-09,3.880130439171125545e-09,3.955063875764608383e-04,1.359015150228515267e-04,3.486243949737399817e-04,2.806826378218829632e-04
1.185185756185092032e-04,4.558598387660595108e-09,3.880130439171125545e-09,9.302685066359117627e-05,3.421817273974170348e-09,3.753921173910157449e-09,2.079097466776147485e-04
4.364528576843440533e-04,1.972065772861242294e-03,1.172300660982728004e-03,1.094292500056326389e-03,1.127836178056895733e-03,9.519018349237740040e-04,1.312516513280570507e-03
1.593154622241854668e-03,5.131961079314351082e-04,7.402554037980735302e-04,4.300349974073469639e-04,6.961945327930152416e-04,6.625744863413274288e-04,1.159673673100769520e-03
3.932286496421966149e-09,4.558598387660595108e-09,3.880130439171125545e-09,3.525660208225644965e-09,1.166174537502229214e-03,2.538520493544638157e-04,3.599925246788870936e-09
3.932286496421966149e-09,4.558598387660595108e-09,4.696763353422284126e-04,5.887753213755786419e-04,9.244396933354437351e-04,4.040430940221995115e-04,1.229155808687210083e-03
1.333500695182010531e-04,4.558598387660595108e-09,2.293871075380593538e-04,3.525660208225644965e-09,8.139364072121679783e-04,5.794683820568025112e-04,3.599925246788870936e-09
1.364609051961451769e-04,4.558598387660595108e-09,6.158580072224140167e-05,3.651037113741040230e-04,3.421817273974170348e-09,2.820098015945404768e-04,2.670626563485711813e-04
3.932286496421966149e-09,4.558598387660595108e-09,3.880130439171125545e-09,3.525660208225644965e-09,1.340154267381876707e-04,8.608314092271029949e-04,3.599925246788870936e-09
6.005626055411994457e-04,7.993420003913342953e-04,3.880130439171125545e-09,8.064885623753070831e-04,3.679359215311706066e-04,3.970877733081579208e-04,3.599925246788870936e-09
3.932286496421966149e-09,4.558598387660595108e-09,2.089931740556494333e-06,3.525660208225644965e-09,3.294182242825627327e-04,3.753921173910157449e-09,5.969911580905318260e-04
3.932286496421966149e-09,4.558598387660595108e-09,3.880130439171125545e-09,3.525660208225644965e-09,3.060011949855834246e-04,3.753921173910157449e-09,6.287638680078089237e-04
1.097736763767898083e-03,9.784618159756064415e-04,1.279317424632608891e-03,1.190600567497313023e-03,3.704332339111715555e-04,7.837126613594591618e-04,3.380557755008339882e-04
3.932286496421966149e-09,4.558598387660595108e-09,3.880130439171125545e-09,3.525660208225644965e-09,5.924254655838012695e-04,3.753921173910157449e-09,3.599925246788870936e-09
7.361946627497673035e-04,2.326017711311578751e-03,1.215138123370707035e-03,1.564103295095264912e-03,1.583422184921801090e-03,5.782644147984683514e-04,1.586169586516916752e-03
3.932286496421966149e-09,4.558598387660595108e-09,3.880130439171125545e-09,1.629643957130610943e-04,8.470527973258867860e-05,3.753921173910157449e-09,4.833234706893563271e-04
3.932286496421966149e-09,4.558598387660595108e-09,3.880130439171125545e-09,1.306352496612817049e-04,3.421817273974170348e-09,3.282657417003065348e-04,3.887135244440287352e-04
2.735911111813038588e-04,4.558598387660595108e-09,3.880130439171125545e-09,5.150181241333484650e-04,1.483514788560569286e-04,3.753921173910157449e-09,1.848268439061939716e-04
2.897116355597972870e-04,4.558598387660595108e-09,8.090526098385453224e-04,3.525660208225644965e-09,6.454174872487783432e-04,2.567866467870771885e-04,7.066216785460710526e-04
4.361936007626354694e-04,1.462818123400211334e-03,3.183021326549351215e-04,3.525660208225644965e-09,8.045662543736398220e-04,1.521720783784985542e-03,6.637424230575561523e-04
3.932286496421966149e-09,2.227372751804068685e-04,1.637581299291923642e-04,3.525660208225644965e-09,3.421817273974170348e-09,4.072690790053457022e-04,3.599925246788870936e-09
3.548901004251092672e-04,4.558598387660595108e-09,2.030647592619061470e-04,6.496161804534494877e-04,3.421817273974170348e-09,3.753921173910157449e-09,2.808833087328821421e-04
4.030643904116004705e-04,4.558598387660595108e-09,3.880130439171125545e-09,3.525660208225644965e-09,3.421817273974170348e-09,1.528311113361269236e-04,3.599925246788870936e-09
3.932286496421966149e-09,4.558598387660595108e-09,2.078364486806094646e-04,1.950714940903708339e-04,3.421817273974170348e-09,3.753921173910157449e-09,4.681911959778517485e-04
6.389630016201408580e-07,4.499356145970523357e-04,3.880130439171125545e-09,3.525660208225644965e-09,3.421817273974170348e-09,3.753921173910157449e-09,2.285303053213283420e-04
2.171305823139846325e-04,2.556434483267366886e-04,1.660991547396406531e-04,3.525660208225644965e-09,3.421817273974170348e-09,1.063260933733545244e-04,3.599925246788870936e-09
1.494059688411653042e-04,2.479917602613568306e-04,3.880130439171125545e-09,1.763142208801582456e-04,3.421817273974170348e-09,4.327062470110831782e-06,2.336476172786206007e-04
3.249704313930124044e-04,4.558598387660595108e-09,3.880130439171125545e-09,4.022615030407905579e-04,1.219412777572870255e-03,9.293529437854886055e-04,6.037277635186910629e-04
2.003659465117380023e-04,2.518124238122254610e-04,3.880130439171125545e-09,3.525660208225644965e-09,3.421817273974170348e-09,3.753921173910157449e-09,2.438667142996564507e-04
3.932286496421966149e-09,4.558598387660595108e-09,5.215784185566008091e-04,7.790738018229603767e-04,4.077253397554159164e-04,3.370537015143781900e-04,9.014240349642932415e-04
4.423198988661170006e-04,2.780167560558766127e-04,2.053621865343302488e-04,3.337223606649786234e-04,3.421817273974170348e-09,7.541197119280695915e-04,3.599925246788870936e-09
1.000017626211047173e-03,8.690981194376945496e-04,4.916641046293079853e-04,5.257158773019909859e-04,1.092007150873541832e-03,1.810459652915596962e-03,7.599709206260740757e-04
3.932286496421966149e-09,4.558598387660595108e-09,3.880130439171125545e-09,8.509268518537282944e-04,3.421817273974170348e-09,3.753921173910157449e-09,2.157424314646050334e-04
3.932286496421966149e-09,4.558598387660595108e-09,1.261944184079766273e-03,3.525660208225644965e-09,2.071558265015482903e-04,9.624147205613553524e-04,1.518923905678093433e-03
3.932286496421966149e-09,4.558598387660595108e-09,3.552624257281422615e-04,1.966979616554453969e-04,3.421817273974170348e-09,2.514341904316097498e-04,2.622183819767087698e-04
3.932286496421966149e-09,4.558598387660595108e-09,3.708082076627761126e-04,1.967457938008010387e-04,3.421817273974170348e-09,3.753921173910157449e-09,2.247533557238057256e-04
3.932286496421966149e-09,4.558598387660595108e-09,3.880130439171125545e-09,3.525660208225644965e-09,6.252077291719615459e-04,3.753921173910157449e-09,3.599925246788870936e-09
1.646220916882157326e-04,4.558598387660595108e-09,3.880130439171125545e-09,4.175326321274042130e-04,3.421817273974170348e-09,3.753921173910157449e-09,2.325128298252820969e-04
1.259517011931166053e-04,4.558598387660595108e-09,3.880130439171125545e-09,1.069307108991779387e-04,2.745820966083556414e-04,6.470546850323444232e-06,2.566019793448504061e-05
1.446666661649942398e-03,1.303922268562018871e-03,6.802890566177666187e-04,1.060795621015131474e-03,1.124953152611851692e-03,1.793526927940547466e-03,1.090527512133121490e-03
3.932286496421966149e-09,4.558598387660595108e-09,2.597367565613240004e-04,1.602446136530488729e-04,3.421817273974170348e-09,3.753921173910157449e-09,3.266443382017314434e-04
3.932286496421966149e-09,4.558598387660595108e-09,2.018423110712319613e-04,3.961412876378744841e-04,3.421817273974170348e-09,2.261428016936406493e-04,4.349720256868749857e-04
3.932286496421966149e-09,5.201732856221497059e-04,3.880130439171125545e-09,1.995216152863577008e-04,1.387875236105173826e-04,2.886359579861164093e-04,3.599925246788870936e-09
3.932286496421966149e-09,4.558598387660595108e-09,3.880130439171125545e-09,3.525660208225644965e-09,9.073675610125064850e-04,6.860099965706467628e-04,3.599925246788870936e-09
3.932286496421966149e-09,4.558598387660595108e-09,2.832500613294541836e-04,3.525660208225644965e-09,3.848388150800019503e-04,3.753921173910157449e-09,6.630538264289498329e-04
4.919301136396825314e-04,4.558598387660595108e-09,3.880130439171125545e-09,3.525660208225644965e-09,3.421817273974170348e-09,3.753921173910157449e-09,3.599925246788870936e-09
3.932286496421966149e-09,4.558598387660595108e-09,3.880130439171125545e-09,6.320882821455597878e-04,1.434815785614773631e-04,3.753921173910157449e-09,3.599925246788870936e-09
3.932286496421966149e-09,4.558598387660595108e-09,3.880130439171125545e-09,3.525660208225644965e-09,3.757195663638412952e-04,3.753921173910157449e-09,3.599925246788870936e-09
3.932286496421966149e-09,4.558598387660595108e-09,3.880130439171125545e-09,3.525660208225644965e-09,4.267404437996447086e-04,5.951769999228417873e-04,2.769269049167633057e-04
4.196224908810108900e-04,4.558598387660595108e-09,3.880130439171125545e-09,3.525660208225644965e-09,3.421817273974170348e-09,3.753921173910157449e-09,1.927812263602390885e-04
5.530170747078955173e-04,4.558598387660595108e-09,4.080802027601748705e-04,9.995913133025169373e-04,5.940294940955936909e-04,7.011877023614943027e-04,8.916765800677239895e-04
4.901229403913021088e-04,5.470359465107321739e-04,2.966354368254542351e-04,4.140367091167718172e-04,2.712181594688445330e-04,8.301639463752508163e-04,3.599925246788870936e-09
8.598619606345891953e-04,4.558598387660595108e-09,3.880130439171125545e-09,4.665347514674067497e-04,3.421817273974170348e-09,3.753921173910157449e-09,3.599925246788870936e-09
6.190035492181777954e-04,4.558598387660595108e-09,3.379390400368720293e-04,3.525660208225644965e-09,3.421817273974170348e-09,2.538825792726129293e-04,3.599925246788870936e-09
1.311867381446063519e-04,4.558598387660595108e-09,8.720110054127871990e-04,5.455736536532640457e-04,2.062551502604037523e-04,3.470301162451505661e-04,5.839017103426158428e-04
3.294724447187036276e-04,3.739646053873002529e-04,2.783520030789077282e-04,2.965366875287145376e-04,3.421817273974170348e-09,3.753921173910157449e-09,2.252548227943407255e-07
3.932286496421966149e-09,4.558598387660595108e-09,3.329927858430892229e-04,3.525660208225644965e-09,3.421817273974170348e-09,3.753921173910157449e-09,4.100340302102267742e-04
2.772835723590105772e-04,4.558598387660595108e-09,3.880130439171125545e-09,3.351680352352559566e-04,3.421817273974170348e-09,3.753921173910157449e-09,3.599925246788870936e-09
3.932286496421966149e-09,4.558598387660595108e-09,3.880130439171125545e-09,8.453693008050322533e-04,3.421817273974170348e-09,3.753921173910157449e-09,3.599925246788870936e-09
7.961493683978915215e-04,4.558598387660595108e-09,3.880130439171125545e-09,4.252387152519077063e-04,3.421817273974170348e-09,7.048851111903786659e-04,3.599925246788870936e-09
3.932286496421966149e-09,4.558598387660595108e-09,3.880130439171125545e-09,3.525660208225644965e-09,1.236546318978071213e-03,3.753921173910157449e-09,3.599925246788870936e-09
1.302343735005706549e-04,4.558598387660595108e-09,3.880130439171125545e-09,3.525660208225644965e-09,3.421817273974170348e-09,3.753921173910157449e-09,7.195789366960525513e-04
6.256890483200550079e-04,4.558598387660595108e-09,9.516489808447659016e-04,1.332018640823662281e-03,7.416362641379237175e-04,8.427756256423890591e-04,8.047880255617201328e-04
2.207447774708271027e-03,2.493063453584909439e-03,1.230276538990437984e-03,1.612576423212885857e-03,8.802373777143657207e-04,1.762016210705041885e-03,1.469917595386505127e-03
1.177251033368520439e-04,4.558598387660595108e-09,1.120103057473897934e-03,1.099872170016169548e-04,3.421817273974170348e-09,4.647288587875664234e-04,3.599925246788870936e-09
5.127161857672035694e-04,4.558598387660595108e-09,3.880130439171125545e-09,2.843418915290385485e-04,4.771246167365461588e-04,3.753921173910157449e-09,3.599925246788870936e-09
9.889872744679450989e-04,9.309870656579732895e-04,2.515195810701698065e-04,1.836574811022728682e-04,3.987075760960578918e-04,1.346837379969656467e-03,4.554926126729696989e-04
3.932286496421966149e-09,4.558598387660595108e-09,3.880130439171125545e-09,4.790304228663444519e-04,3.084171330556273460e-04,2.628698421176522970e-04,3.599925246788870936e-09
3.932286496421966149e-09,4.558598387660595108e-09,3.880130439171125545e-09,3.525660208225644965e-09,7.018977776169776917e-04,3.753921173910157449e-09,3.599925246788870936e-09
1.675090743447071873e-06,4.038887564092874527e-04,3.880130439171125545e-09,1.788097142707556486e-04,3.421817273974170348e-09,3.753921173910157449e-09,3.599925246788870936e-09
5.741260829381644726e-04,4.558598387660595108e-09,3.880130439171125545e-09,2.339168422622606158e-04,3.421817273974170348e-09,3.753921173910157449e-09,3.599925246788870936e-09
8.630816009826958179e-04,4.558598387660595108e-09,5.745256785303354263e-04,8.189098443835973740e-04,1.953905884874984622e-04,4.930317518301308155e-04,5.022114492021501064e-04
5.468029994517564774e-04,6.858636043034493923e-04,9.271362796425819397e-04,6.888452917337417603e-04,2.055652148555964231e-04,6.449264474213123322e-04,3.599925246788870936e-09
7.214734978333581239e-06,2.845339768100529909e-04,3.327084123156964779e-04,1.922837109304964542e-04,3.421817273974170348e-09,3.753921173910157449e-09,2.396322524873539805e-04
3.932286496421966149e-09,4.558598387660595108e-09,4.038837505504488945e-04,3.525660208225644965e-09,2.084264560835435987e-04,3.753921173910157449e-09,2.932501665782183409e-04
3.932286496421966149e-09,4.558598387660595108e-09,3.880130439171125545e-09,3.525660208225644965e-09,6.181355565786361694e-04,3.753921173910157449e-09,2.236319705843925476e-04
3.932286496421966149e-09,4.558598387660595108e-09,3.880130439171125545e-09,3.525660208225644965e-09,2.844443370122462511e-04,3.753921173910157449e-09,3.599925246788870936e-09
7.065982208587229252e-04,4.558598387660595108e-09,3.880130439171125545e-09,1.549371052533388138e-03,9.913544636219739914e-04,3.753921173910157449e-09,1.282194280065596104e-03
2.028301358222961426e-03,2.334840828552842140e-03,1.089041703380644321e-03,1.460274681448936462e-03,7.952310843393206596e-04,1.715173712000250816e-03,1.478988095186650753e-03
1.239693083334714174e-04,1.795558782760053873e-04,3.880130439171125545e-09,3.525660208225644965e-09,3.421817273974170348e-09,4.277950502000749111e-04,3.599925246788870936e-09
3.932286496421966149e-09,4.558598387660595108e-09,9.271794260712340474e-05,3.436962724663317204e-04,1.206935034133493900e-03,1.107601681724190712e-03,4.303565656300634146e-04
3.932286496421966149e-09,4.558598387660595108e-09,3.880130439171125545e-09,5.917298258282244205e-04,3.421817273974170348e-09,3.753921173910157449e-09,3.599925246788870936e-09
3.932286496421966149e-09,4.558598387660595108e-09,3.880130439171125545e-09,3.200179489795118570e-04,2.510902413632720709e-04,3.753921173910157449e-09,3.599925246788870936e-09
1.418392494088038802e-04,1.997658255277201533e-04,3.880130439171125545e-09,3.525660208225644965e-09,3.234205942135304213e-04,2.636546851135790348e-04,3.599925246788870936e-09
3.932286496421966149e-09,3.722519031725823879e-04,3.595147281885147095e-04,5.087279132567346096e-04,4.969055880792438984e-04,7.887306273914873600e-04,3.599925246788870936e-09
3.932286496421966149e-09,4.558598387660595108e-09,3.880130439171125545e-09,3.577740571927279234e-04,2.749343402683734894e-04,3.753921173910157449e-09,3.599925246788870936e-09
1.551451161503791809e-03,4.558598387660595108e-09,2.965619496535509825e-04,1.592451008036732674e-03,1.321477466262876987e-03,3.753921173910157449e-09,9.613517904654145241e-04
3.932286496421966149e-09,4.558598387660595108e-09,3.880130439171125545e-09,3.525660208225644965e-09,5.556776886805891991e-04,1.054338761605322361e-03,3.599925246788870936e-09
3.932286496421966149e-09,7.549385918537154794e-05,1.934898900799453259e-04,6.263924296945333481e-04,3.421817273974170348e-09,1.563544850796461105e-03,3.599925246788870936e-09
3.932286496421966149e-09,1.854205183917656541e-04,3.880130439171125545e-09,5.390183650888502598e-04,4.528718127403408289e-04,8.879425004124641418e-04,1.946014381246641278e-04
3.932286496421966149e-09,4.558598387660595108e-09,3.880130439171125545e-09,3.525660208225644965e-09,5.259460886009037495e-04,3.753921173910157449e-09,3.599925246788870936e-09
6.389865302480757236e-04,4.558598387660595108e-09,4.946900298818945885e-04,1.162845292128622532e-03,8.890433236956596375e-04,6.866446929052472115e-04,5.709223914891481400e-04
1.251787180081009865e-03,1.996054197661578655e-05,1.748378563206642866e-04,6.423207232728600502e-04,3.421817273974170348e-09,4.264313902240246534e-04,4.986466956324875355e-04
2.444697602186352015e-04,4.558598387660595108e-09,3.880130439171125545e-09,3.525660208225644965e-09,3.784325381275266409e-04,3.753921173910157449e-09,2.133015368599444628e-04
3.932286496421966149e-09,4.558598387660595108e-09,3.880130439171125545e-09,3.525660208225644965e-09,2.797574270516633987e-04,3.753921173910157449e-09,2.104334998875856400e-04
3.932286496421966149e-09,4.558598387660595108e-09,3.880130439171125545e-09,5.183931207284331322e-04,3.421817273974170348e-09,3.753921173910157449e-09,3.934675478376448154e-04
3.932286496421966149e-09,4.558598387660595108e-09,6.614244775846600533e-04,3.525660208225644965e-09,3.421817273974170348e-09,3.753921173910157449e-09,7.274639792740345001e-04
3.932286496421966149e-09,4.558598387660595108e-09,1.862488279584795237e-04,3.525660208225644965e-09,3.421817273974170348e-09,3.753921173910157449e-09,6.110704853199422359e-04
1.445428060833364725e-04,4.558598387660595108e-09,3.880130439171125545e-09,5.790322320535778999e-04,1.553999318275600672e-04,6.578337633982300758e-04,3.599925246788870936e-09
3.932286496421966149e-09,4.558598387660595108e-09,3.880130439171125545e-09,3.525660208225644965e-09,1.253009890206158161e-03,5.767678376287221909e-04,3.599925246788870936e-09
1.250458444701507688e-04,2.341457875445485115e-04,8.282156195491552353e-04,3.525660208225644965e-09,1.303395401919260621e-04,2.376155171077698469e-04,2.559587010182440281e-04
3.932286496421966149e-09,4.558598387660595108e-09,6.081706378608942032e-04,3.525660208225644965e-09,3.421817273974170348e-09,3.025526821147650480e-04,3.599925246788870936e-09
1.362244656775146723e-04,4.558598387660595108e-09,6.639589555561542511e-04,3.525660208225644965e-09,3.421817273974170348e-09,3.753921173910157449e-09,3.599925246788870936e-09
2.613910182844847441e-04,4.558598387660595108e-09,2.990133361890912056e-04,2.134259266313165426e-04,8.821174269542098045e-04,5.435278872027993202e-04,5.111344580654986203e-05
3.932286496421966149e-09,4.558598387660595108e-09,2.163549517320006998e-08,3.525660208225644965e-09,5.069986218586564064e-04,3.753921173910157449e-09,3.599925246788870936e-09
3.932286496421966149e-09,3.644364478532224894e-04,2.786754339467734098e-04,3.525660208225644965e-09,3.421817273974170348e-09,1.446041278541088104e-04,3.599925246788870936e-09
3.932286496421966149e-09,4.558598387660595108e-09,3.702722897287458181e-04,1.789238449418917298e-04,3.421817273974170348e-09,2.083312865579500794e-04,3.599925246788870936e-09
2.958214317914098501e-04,4.558598387660595108e-09,3.880130439171125545e-09,3.525660208225644965e-09,1.353604311589151621e-04,3.753921173910157449e-09,2.182252792408689857e-04
2.729286788962781429e-04,1.815298222936689854e-03,5.639803130179643631e-04,1.011030632071197033e-03,1.172426738776266575e-03,3.458034479990601540e-04,1.365603297017514706e-03
3.932286496421966149e-09,4.558598387660595108e-09,3.880130439171125545e-09,3.525660208225644965e-09,3.884900943376123905e-04,3.753921173910157449e-09,6.183155928738415241e-04
2.565802133176475763e-04,4.558598387660595108e-09,3.880130439171125545e-09,2.063798601739108562e-04,3.421817273974170348e-09,3.753921173910157449e-09,3.599925246788870936e-09
7.757343701086938381e-04,1.146870432421565056e-03,5.832049646414816380e-04,6.286674179136753082e-04,8.928892202675342560e-05,4.351095703896135092e-04,9.507603826932609081e-04
3.061242750845849514e-05,1.613883359823375940e-04,1.998276275116950274e-04,3.525660208225644965e-09,3.421817273974170348e-09,3.753921173910157449e-09,2.386455016676336527e-04
2.424271515337750316e-04,2.254353748867288232e-04,3.880130439171125545e-09,3.525660208225644965e-09,3.421817273974170348e-09,3.910589657607488334e-05,3.599925246788870936e-09
2.139573771273717284e-04,4.956359625793993473e-04,3.203258966095745564e-04,3.525660208225644965e-09,3.421817273974170348e-09,3.753921173910157449e-09,3.599925246788870936e-09
7.752005330985412002e-05,3.961445763707160950e-04,7.120673544704914093e-04,2.003190020332112908e-04,3.421817273974170348e-09,3.753921173910157449e-09,3.599925246788870936e-09
8.738780161365866661e-04,4.558598387660595108e-09,1.673759892582893372e-03,6.703875842504203320e-04,3.421817273974170348e-09,2.520870766602456570e-04,1.126124756410717964e-03
5.105435266159474850e-04,4.558598387660595108e-09,6.861686124466359615e-04,3.525660208225644965e-09,3.421817273974170348e-09,6.778100505471229553e-04,2.335360914003103971e-04
2.934007497970014811e-04,4.558598387660595108e-09,3.351926570758223534e-04,3.525660208225644965e-09,3.421817273974170348e-09,3.753921173910157449e-09,3.599925246788870936e-09
6.675120675936341286e-04,2.126046747434884310e-04,9.702807874418795109e-04,1.900732604553923011e-04,3.421817273974170348e-09,3.753921173910157449e-09,7.742581656202673912e-04
3.932286496421966149e-09,4.558598387660595108e-09,3.880130439171125545e-09,4.254386876709759235e-04,3.421817273974170348e-09,3.174422308802604675e-04,3.599925246788870936e-09
3.932286496421966149e-09,6.070415256544947624e-04,6.651190778939053416e-05,3.525660208225644965e-09,3.421817273974170348e-09,2.353984455112367868e-04,3.599925246788870936e-09
3.932286496421966149e-09,4.558598387660595108e-09,3.091947291977703571e-04,1.695519022177904844e-04,3.421817273974170348e-09,4.701709549408406019e-04,3.599925246788870936e-09
3.034628462046384811e-04,2.596552716568112373e-03,1.117742271162569523e-03,1.418720581568777561e-03,1.556493458338081837e-03,9.513983968645334244e-04,1.633782638236880302e-03
3.932286496421966149e-09,4.558598387660595108e-09,2.834330662153661251e-04,1.893925218610092998e-05,2.602390013635158539e-04,2.513031940907239914e-04,6.533231353387236595e-04
3.932286496421966149e-09,4.558598387660595108e-09,3.880130439171125545e-09,8.156648982549086213e-05,1.900363131426274776e-04,3.753921173910157449e-09,3.300865355413407087e-04
3.932286496421966149e-09,7.708426564931869507e-04,4.821438051294535398e-04,3.525660208225644965e-09,1.139762927778065205e-03,9.848452173173427582e-04,7.390016107819974422e-04
3.932286496421966149e-09,4.558598387660595108e-09,6.232356536202132702e-04,3.525660208225644965e-09,3.421817273974170348e-09,2.990512584801763296e-04,3.599925246788870936e-09
3.932286496421966149e-09,4.558598387660595108e-09,3.880130439171125545e-09,2.459606330376118422e-04,5.989609635435044765e-04,2.288686519023030996e-04,3.599070769269019365e-04
1.387189113302156329e-04,4.558598387660595108e-09,3.880130439171125545e-09,3.525660208225644965e-09,3.421817273974170348e-09,4.933585296384990215e-04,3.599925246788870936e-09
3.932286496421966149e-09,4.558598387660595108e-09,3.880130439171125545e-09,3.525660208225644965e-09,2.719635085668414831e-04,6.579128094017505646e-04,3.599925246788870936e-09
3.932286496421966149e-09,5.192587268538773060e-04,3.880130439171125545e-09,9.184862574329599738e-05,3.421817273974170348e-09,2.723671786952763796e-04,3.599925246788870936e-09
3.932286496421966149e-09,4.558598387660595108e-09,3.880130439171125545e-09,4.779876035172492266e-04,3.421817273974170348e-09,3.753921173910157449e-09,1.924749085446819663e-04
3.932286496421966149e-09,4.558598387660595108e-09,3.880130439171125545e-09,3.525660208225644965e-09,1.050723134540021420e-03,2.477757807355374098e-04,3.599925246788870936e-09
3.932286496421966149e-09,4.558598387660595108e-09,3.880130439171125545e-09,4.200738330837339163e-04,3.421817273974170348e-09,5.003151600249111652e-04,3.599925246788870936e-09
3.932286496421966149e-09,4.558598387660595108e-09,3.880130439171125545e-09,4.301340377423912287e-04,1.520143472589552402e-03,1.257221330888569355e-03,3.599925246788870936e-09
3.860041033476591110e-04,4.558598387660595108e-09,4.983568214811384678e-04,1.849313557613641024e-04,3.421817273974170348e-09,3.753921173910157449e-09,3.599925246788870936e-09
3.932286496421966149e-09,3.664044197648763657e-04,3.880130439171125545e-09,4.981739330105483532e-04,1.109717995859682560e-03,9.341043187305331230e-04,3.599925246788870936e-09
1.261981378775089979e-04,4.558598387660595108e-09,4.933086456730961800e-04,3.557681338861584663e-04,2.943158324342221022e-04,3.753921173910157449e-09,8.511666674166917801e-04
1.383643393637612462e-04,4.558598387660595108e-09,3.198876511305570602e-04,3.525660208225644965e-09,3.421817273974170348e-09,3.753921173910157449e-09,3.580395423341542482e-04
1.476742210797965527e-03,1.282343175262212753e-03,1.666796393692493439e-03,1.009874511510133743e-03,1.023583463393151760e-03,1.003191573545336723e-03,1.861168537288904190e-03
2.773367450572550297e-04,9.076338028535246849e-04,4.856468585785478354e-04,2.324471133761107922e-04,2.004283887799829245e-04,1.000030431896448135e-03,3.599925246788870936e-09
3.932286496421966149e-09,4.558598387660595108e-09,3.880130439171125545e-09,3.525660208225644965e-09,4.775010747835040092e-04,3.753921173910157449e-09,3.599925246788870936e-09
3.932286496421966149e-09,4.558598387660595108e-09,4.698729608207941055e-04,3.367904282640665770e-04,1.604370772838592529e-04,2.317573380423709750e-04,7.671674247831106186e-04
1.611075422260910273e-04,3.390462079551070929e-04,3.880130439171125545e-09,3.525660208225644965e-09,3.421817273974170348e-09,3.753921173910157449e-09,2.290888514835387468e-04
3.932286496421966149e-09,4.558598387660595108e-09,3.880130439171125545e-09,3.508419831632636487e-05,3.660801448859274387e-04,3.753921173910157449e-09,3.599925246788870936e-09
1.349254744127392769e-04,4.359282029327005148e-04,1.218150864588096738e-04,3.525660208225644965e-09,3.421817273974170348e-09,5.085466546006500721e-05,3.599925246788870936e-09
1.447430695407092571e-03,4.072164883837103844e-04,7.174310158006846905e-04,1.629348960705101490e-03,1.543884398415684700e-03,3.753921173910157449e-09,6.418235134333372116e-04
5.422565736807882786e-04,4.558598387660595108e-09,1.726695772958919406e-04,3.525660208225644965e-09,3.568908723536878824e-04,3.753921173910157449e-09,3.353495849296450615e-04
3.932286496421966149e-09,3.655576438177376986e-04,3.370156046003103256e-04,3.525660208225644965e-09,1.020239782519638538e-03,5.837028147652745247e-04,3.599925246788870936e-09
3.932286496421966149e-09,4.558598387660595108e-09,3.880130439171125545e-09,3.525660208225644965e-09,7.617779192514717579e-04,3.753921173910157449e-09,8.347564726136624813e-04
3.932286496421966149e-09,4.558598387660595108e-09,1.175289507955312729e-03,3.525660208225644965e-09,1.255493698408827186e-04,3.753921173910157449e-09,6.155408336780965328e-04
3.932286496421966149e-09,5.248091183602809906e-04,4.170138854533433914e-04,1.803192571969702840e-04,3.421817273974170348e-09,2.925352891907095909e-04,2.057445381069555879e-04
4.823399358429014683e-04,2.251420373795554042e-04,7.005787338130176067e-04,1.878994953585788608e-04,1.192008028738200665e-03,3.753921173910157449e-09,6.030378281138837337e-04
3.932286496421966149e-09,4.558598387660595108e-09,4.568642179947346449e-05,3.525660208225644965e-09,4.222113930154591799e-04,2.288899122504517436e-04,3.599925246788870936e-09
3.064859192818403244e-04,4.558598387660595108e-09,3.880130439171125545e-09,5.915345391258597374e-04,8.563616574974730611e-06,3.753921173910157449e-09,3.599925246788870936e-09
6.793352658860385418e-04,4.558598387660595108e-09,3.880130439171125545e-09,2.758933987934142351e-04,3.421817273974170348e-09,3.753921173910157449e-09,2.980428689625114202e-04
3.932286496421966149e-09,2.030271280091255903e-04,6.830753991380333900e-04,3.525660208225644965e-09,3.117759770248085260e-04,3.753921173910157449e-09,3.599925246788870936e-09
2.174619730794802308e-04,8.451371104456484318e-05,2.738822659011930227e-04,2.156908594770357013e-04,3.421817273974170348e-09,3.753921173910157449e-09,3.599925246788870936e-09
3.932286496421966149e-09,4.558598387660595108e-09,3.880130439171125545e-09,2.175668487325310707e-04,3.701039531733840704e-04,3.753921173910157449e-09,2.619203587528318167e-04
3.932286496421966149e-09,4.558598387660595108e-09,3.880130439171125545e-09,3.525660208225644965e-09,2.767668920569121838e-04,3.753921173910157449e-09,2.412144531263038516e-04
9.675968321971595287e-04,4.558598387660595108e-09,2.361972583457827568e-04,4.059644998051226139e-04,3.421817273974170348e-09,3.753921173910157449e-09,5.356869078241288662e-04
3.932286496421966149e-09,1.691555371508002281e-04,3.880130439171125545e-09,3.525660208225644965e-09,7.807731744833290577e-04,2.146592014469206333e-04,3.599925246788870936e-09
2.452572807669639587e-04,2.097441611113026738e-04,3.246038395445793867e-04,3.525660208225644965e-09,3.421817273974170348e-09,3.753921173910157449e-09,3.599925246788870936e-09
1.266100880457088351e-04,4.558598387660595108e-09,8.873500628396868706e-04,3.525660208225644965e-09,3.421817273974170348e-09,1.683096634224057198e-04,4.359564336482435465e-04
1.023125369101762772e-03,2.205480268457904458e-04,1.031650812365114689e-03,5.445257993414998055e-04,7.244251901283860207e-04,3.753921173910157449e-09,1.456428202800452709e-03
3.932286496421966149e-09,4.558598387660595108e-09,3.880130439171125545e-09,3.525660208225644965e-09,3.194680903106927872e-04,2.174359833588823676e-04,9.352336928714066744e-05
1.959391811396926641e-04,4.558598387660595108e-09,3.880130439171125545e-09,1.859041949501261115e-04,1.070854427354106519e-08,4.678879049606621265e-04,3.599925246788870936e-09
3.524305357132107019e-04,4.558598387660595108e-09,3.880130439171125545e-09,3.170077106915414333e-04,3.421817273974170348e-09,3.753921173910157449e-09,8.069854084169492126e-05
3.932286496421966149e-09,4.558598387660595108e-09,9.050624066730961204e-05,3.525660208225644965e-09,1.287180784856900573e-04,3.753921173910157449e-09,5.125525058247148991e-04
2.084891078993678093e-03,1.725604641251266003e-03,5.942761781625449657e-04,1.048722304403781891e-03,2.722062054090201855e-04,2.047060290351510048e-03,6.692045584344441522e-09
6.307095172815024853e-04,4.558598387660595108e-09,3.880130439171125545e-09,2.404534170636907220e-04,3.421817273974170348e-09,3.753921173910157449e-09,2.410972520010545850e-04
3.932286496421966149e-09,5.832930328324437141e-04,3.880130439171125545e-09,3.525660208225644965e-09,2.671322145033627748e-04,4.417411109898239374e-04,3.599925246788870936e-09
8.171552326530218124e-04,4.558598387660595108e-09,3.943103074561804533e-04,5.298752803355455399e-04,1.317976712016388774e-04,3.753921173910157449e-09,4.323099274188280106e-04
3.932286496421966149e-09,1.869735424406826496e-04,3.880130439171125545e-09,3.525660208225644965e-09,3.421817273974170348e-09,6.100718746893107891e-04,3.599925246788870936e-09
2.554820384830236435e-04,4.558598387660595108e-09,3.880130439171125545e-09,3.525660208225644965e-09,1.338018337264657021e-04,6.832097424194216728e-04,3.599925246788870936e-09
3.932286496421966149e-09,4.558598387660595108e-09,3.880130439171125545e-09,1.856968301581218839e-04,5.634841509163379669e-04,3.753921173910157449e-09,4.722876183222979307e-04
3.932286496421966149e-09,4.558598387660595108e-09,3.880130439171125545e-09,2.900848630815744400e-04,1.257004914805293083e-04,2.270956756547093391e-04,3.599925246788870936e-09
3.932286496421966149e-09,4.558598387660595108e-09,5.248549859970808029e-04,6.198174378369003534e-05,9.288279106840491295e-04,7.726464536972343922e-04,3.599925246788870936e-09
3.932286496421966149e-09,4.558598387660595108e-09,3.880130439171125545e-09,4.692513321060687304e-04,3.103758208453655243e-04,2.921287959907203913e-04,3.599925246788870936e-09
4.537006898317486048e-04,4.558598387660595108e-09,3.880130439171125545e-09,2.045790461124852300e-04,3.421817273974170348e-09,3.753921173910157449e-09,3.599925246788870936e-09
1.447361893951892853e-03,6.998777389526367188e-04,1.172319985926151276e-03,3.525660208225644965e-09,3.421817273974170348e-09,8.986669708974659443e-04,6.231230800040066242e-04
3.642974770627915859e-04,4.558598387660595108e-09,1.643754774704575539e-03,3.104017523583024740e-04,3.421817273974170348e-09,7.638944662176072598e-04,3.599925246788870936e-09
4.796388966497033834e-04,8.971855277195572853e-04,3.880130439171125545e-09,1.946435368154197931e-04,3.421817273974170348e-09,3.145264054182916880e-04,3.599925246788870936e-09
4.416833107825368643e-04,4.558598387660595108e-09,3.880130439171125545e-09,4.737980489153414965e-04,5.146173643879592419e-04,3.753921173910157449e-09,4.900300409644842148e-04
1.323096657870337367e-04,4.558598387660595108e-09,3.880130439171125545e-09,3.621750802267342806e-04,3.421817273974170348e-09,3.753921173910157449e-09,2.059226098936051130e-04
5.402268725447356701e-04,2.157045819330960512e-04,3.880130439171125545e-09,1.115237362682819366e-03,6.282817921601235867e-04,3.753921173910157449e-09,7.415768341161310673e-04
1.271610235562548041e-04,4.558598387660595108e-09,3.880130439171125545e-09,1.748960639815777540e-04,4.003338399343192577e-04,3.753921173910157449e-09,3.599925246788870936e-09
3.075237618759274483e-04,4.558598387660595108e-09,2.059117396129295230e-04,3.525660208225644965e-09,3.421817273974170348e-09,2.168010105378925800e-04,3.599925246788870936e-09
1.330257800873368979e-04,4.558598387660595108e-09,3.880130439171125545e-09,1.792804541764780879e-04,6.685329572064802051e-05,3.753921173910157449e-09,2.986815525218844414e-04
2.570012002252042294e-04,4.558598387660595108e-09,1.647887693252414465e-04,3.525660208225644965e-09,2.582027809694409370e-04,3.753921173910157449e-09,2.978718839585781097e-04
3.932286496421966149e-09,4.558598387660595108e-09,2.960264682769775391e-04,3.525660208225644965e-09,1.320433511864393950e-04,3.753921173910157449e-09,2.144156605936586857e-04
3.932286496421966149e-09,4.558598387660595108e-09,4.974601619522900364e-09,3.443039604462683201e-04,1.893422886496409774e-04,8.120670099742710590e-04,3.599925246788870936e-09
1.523487298982217908e-04,4.558598387660595108e-09,3.880130439171125545e-09,3.585325321182608604e-04,3.421817273974170348e-09,3.753921173910157449e-09,2.439277013763785362e-04
3.932286496421966149e-09,4.558598387660595108e-09,3.880130439171125545e-09,5.031058681197464466e-04,3.421817273974170348e-09,3.753921173910157449e-09,5.939583643339574337e-04
3.932286496421966149e-09,4.558598387660595108e-09,7.045129677862860262e-06,1.798302691895514727e-04,1.839153410401195288e-04,2.319766208529472351e-04,3.599925246788870936e-09
3.932286496421966149e-09,4.558598387660595108e-09,3.880130439171125545e-09,3.525660208225644965e-09,9.233620949089527130e-04,3.753921173910157449e-09,7.335652480833232403e-04
4.198344249743968248e-04,4.558598387660595108e-09,4.538903885986655951e-04,2.902632404584437609e-04,2.038556995103135705e-04,6.205418612807989120e-04,4.022311477456241846e-04
3.529214882291853428e-04,4.558598387660595108e-09,3.880130439171125545e-09,2.697558084037154913e-04,3.421817273974170348e-09,3.753921173910157449e-09,3.599925246788870936e-09
3.932286496421966149e-09,4.558598387660595108e-09,3.850880602840334177e-04,5.779688362963497639e-04,8.871212485246360302e-04,9.354784851893782616e-04,3.599925246788870936e-09
3.545224899426102638e-04,4.558598387660595108e-09,1.881542557384818792e-04,6.719978991895914078e-04,3.421817273974170348e-09,3.753921173910157449e-09,3.599925246788870936e-09
3.932286496421966149e-09,4.558598387660595108e-09,3.880130439171125545e-09,1.672920625424012542e-04,3.610222192946821451e-04,3.753921173910157449e-09,3.599925246788870936e-09
3.932286496421966149e-09,4.558598387660595108e-09,3.880130439171125545e-09,3.525660208225644965e-09,4.466667887754738331e-04,3.753921173910157449e-09,3.599925246788870936e-09
3.932286496421966149e-09,4.558598387660595108e-09,3.880130439171125545e-09,3.525660208225644965e-09,6.331687909550964832e-04,3.753921173910157449e-09,3.599925246788870936e-09
3.932286496421966149e-09,4.558598387660595108e-09,2.448348968755453825e-04,3.725815040525048971e-04,3.421817273974170348e-09,9.537926525808870792e-04,2.169453073292970657e-04
4.402112681418657303e-04,4.558598387660595108e-09,2.562984882388263941e-04,1.475053490139544010e-03,1.198146273964084685e-04,1.238432741956785321e-04,4.967316053807735443e-04
3.932286496421966149e-09,4.558598387660595108e-09,3.354123618919402361e-04,2.350455761188641191e-04,3.421817273974170348e-09,3.753921173910157449e-09,3.599925246788870936e-09
3.836452669929713011e-04,4.558598387660595108e-09,3.880130439171125545e-09,4.392399932839907706e-05,3.421817273974170348e-09,3.753921173910157449e-09,2.172042441088706255e-04
3.932286496421966149e-09,4.558598387660595108e-09,3.880130439171125545e-09,3.525660208225644965e-09,1.090819248929619789e-03,9.732897160574793816e-04,2.962524013128131628e-04
3.932286496421966149e-09,4.558598387660595108e-09,3.880130439171125545e-09,3.525660208225644965e-09,3.331542538944631815e-04,3.753921173910157449e-09,3.599925246788870936e-09
4.102518432773649693e-04,5.058815586380660534e-04,3.880130439171125545e-09,3.495065029710531235e-04,2.920534752774983644e-04,6.291575118666514754e-05,1.131592944147996604e-04
3.932286496421966149e-09,6.653661257587373257e-04,3.880130439171125545e-09,3.525660208225644965e-09,3.421817273974170348e-09,3.753921173910157449e-09,3.599925246788870936e-09
3.960021422244608402e-05,4.558598387660595108e-09,2.187549980590119958e-04,3.525660208225644965e-09,3.421817273974170348e-09,2.184391778428107500e-04,4.951456212438642979e-04
1.940529677085578442e-03,5.652632680721580982e-04,9.002510923892259598e-04,1.662864349782466888e-03,1.095811137929558754e-03,2.694573777262121439e-04,1.473514363169670105e-03
3.932286496421966149e-09,4.558598387660595108e-09,3.880130439171125545e-09,2.971062203869223595e-04,3.489923547022044659e-04,4.464036028366535902e-04,3.599925246788870936e-09
3.932286496421966149e-09,4.558598387660595108e-09,3.880130439171125545e-09,3.525660208225644965e-09,4.267902404535561800e-04,3.753921173910157449e-09,3.400619025342166424e-04
1.308164210058748722e-04,4.558598387660595108e-09,3.880130439171125545e-09,3.525660208225644965e-09,2.668218512553721666e-04,2.581988228484988213e-04,1.453034928999841213e-04
3.932286496421966149e-09,4.558598387660595108e-09,3.880130439171125545e-09,1.890829844342079014e-05,1.408475363859906793e-04,4.117077623959630728e-04,3.599925246788870936e-09
3.932286496421966149e-09,4.558598387660595108e-09,3.880130439171125545e-09,2.233819395769387484e-04,9.916876442730426788e-04,8.007138967514038086e-04,3.599925246788870936e-09
1.471416762797161937e-04,4.558598387660595108e-09,2.825289266183972359e-04,2.879071980714797974e-04,3.421817273974170348e-09,6.626520189456641674e-04,7.218758692033588886e-04
3.932286496421966149e-09,4.558598387660595108e-09,3.880130439171125545e-09,3.525660208225644965e-09,1.145461355918087065e-04,6.175022572278976440e-04,1.719568099360913038e-04
1.314460067078471184e-03,1.904043834656476974e-03,9.148550452664494514e-04,1.368896570056676865e-03,9.735353523865342140e-04,1.034696935676038265e-03,1.500521553680300713e-03
3.932286496421966149e-09,4.558598387660595108e-09,6.975977448746562004e-04,3.525660208225644965e-09,1.070204540155827999e-03,2.268501557409763336e-04,9.515794808976352215e-04
2.747133548837155104e-04,4.558598387660595108e-09,3.880130439171125545e-09,3.525660208225644965e-09,1.309660001425072551e-04,3.753921173910157449e-09,3.599925246788870936e-09
3.932286496421966149e-09,8.717253222130239010e-04,2.215225948020815849e-03,3.525660208225644965e-09,3.082095645368099213e-04,1.393460086546838284e-03,1.057030749507248402e-04
1.088556949980556965e-03,4.558598387660595108e-09,3.880130439171125545e-09,1.284949248656630516e-04,3.602808574214577675e-04,3.753921173910157449e-09,3.217037883587181568e-04
3.932286496421966149e-09,4.558598387660595108e-09,3.880130439171125545e-09,3.525660208225644965e-09,6.332020857371389866e-04,3.753921173910157449e-09,3.599925246788870936e-09
3.932286496421966149e-09,4.558598387660595108e-09,3.880130439171125545e-09,3.525660208225644965e-09,9.525931091047823429e-04,3.753921173910157449e-09,3.599925246788870936e-09
3.932286496421966149e-09,1.640339614823460579e-04,3.595748275984078646e-04,3.525660208225644965e-09,2.108398621203377843e-04,3.753921173910157449e-09,1.437155995517969131e-03
3.932286496421966149e-09,4.558598387660595108e-09,1.491546514444053173e-03,3.525660208225644965e-09,1.148501833085902035e-04,9.862426668405532837e-04,3.599925246788870936e-09
3.932286496421966149e-09,2.584162575658410788e-04,2.320193743798881769e-04,3.525660208225644965e-09,3.421817273974170348e-09,2.416557108517736197e-04,3.870710206683725119e-04
4.522326053120195866e-04,2.106605388689786196e-04,2.691633708309382200e-04,5.052331252954900265e-04,3.421817273974170348e-09,3.753921173910157449e-09,5.452409968711435795e-04
1.086703035980463028e-03,1.000470365397632122e-03,2.619920996949076653e-04,9.576224256306886673e-04,3.663192910607904196e-04,1.109616714529693127e-03,3.336947120260447264e-04
2.036818914348259568e-04,2.002590917982161045e-04,1.522299717180430889e-04,3.525660208225644965e-09,3.421817273974170348e-09,5.364366224966943264e-04,3.599925246788870936e-09
2.639349841047078371e-04,4.558598387660595108e-09,3.880130439171125545e-09,3.525660208225644965e-09,1.983683905564248562e-04,3.753921173910157449e-09,2.988147898577153683e-04
3.932286496421966149e-09,4.558598387660595108e-09,4.555802152026444674e-04,3.053001419175416231e-04,3.421817273974170348e-09,3.753921173910157449e-09,3.599925246788870936e-09
3.932286496421966149e-09,4.558598387660595108e-09,3.880130439171125545e-09,3.627000551205128431e-04,1.306548248976469040e-03,3.753921173910157449e-09,4.954124451614916325e-04
1.452511205570772290e-04,4.558598387660595108e-09,2.486862940713763237e-04,3.525660208225644965e-09,3.421817273974170348e-09,3.753921173910157449e-09,4.646665183827280998e-04
3.932286496421966149e-09,1.898250629892572761e-04,2.949073677882552147e-04,1.884876110125333071e-04,3.421817273974170348e-09,3.753921173910157449e-09,3.599925246788870936e-09
5.410132507677190006e-05,4.558598387660595108e-09,3.880130439171125545e-09,2.348894922761246562e-04,1.321492367424070835e-03,3.753921173910157449e-09,2.507453027646988630e-04
2.458816161379218102e-04,4.558598387660595108e-09,3.880130439171125545e-09,5.920912008150480688e-05,7.404002826660871506e-04,5.865168641321361065e-04,3.599925246788870936e-09
1.812451810110360384e-04,4.558598387660595108e-09,3.880130439171125545e-09,4.703574522864073515e-04,3.421817273974170348e-09,3.753921173910157449e-09,3.599925246788870936e-09
1.449403935112059116e-04,4.558598387660595108e-09,3.146217204630374908e-04,4.393791605252772570e-04,2.415939670754596591e-04,5.763506051152944565e-04,3.599925246788870936e-09
3.932286496421966149e-09,4.558598387660595108e-09,6.014179671183228493e-04,3.525660208225644965e-09,3.421817273974170348e-09,3.753921173910157449e-09,6.141286576166749001e-04
3.284069534856826067e-04,4.558598387660595108e-09,3.073986445087939501e-04,4.632309428416192532e-04,1.493126183049753308e-05,3.753921173910157449e-09,3.599925246788870936e-09
1.494976808317005634e-03,1.459006918594241142e-03,1.016000285744667053e-03,1.504505169577896595e-03,1.387080410495400429e-03,1.199991558678448200e-03,1.543126767501235008e-03
3.932286496421966149e-09,4.558598387660595108e-09,5.629766965284943581e-04,3.525660208225644965e-09,3.421817273974170348e-09,2.516036911401897669e-04,3.599925246788870936e-09
2.750835265032947063e-04,4.558598387660595108e-09,3.880130439171125545e-09,2.293246798217296600e-04,1.425539085175842047e-04,3.753921173910157449e-09,3.599925246788870936e-09
4.223325522616505623e-04,4.558598387660595108e-09,3.880130439171125545e-09,7.066402758937329054e-05,2.836728526744991541e-04,5.505966837517917156e-04,1.088671481852543366e-07
3.932286496421966149e-09,4.558598387660595108e-09,6.595742888748645782e-04,1.702888839645311236e-04,3.421817273974170348e-09,3.753921173910157449e-09,3.599925246788870936e-09
3.932286496421966149e-09,4.558598387660595108e-09,3.880130439171125545e-09,5.205138004384934902e-04,1.035687964758835733e-04,2.202282630605623126e-04,3.599925246788870936e-09
3.932286496421966149e-09,4.558598387660595108e-09,3.880130439171125545e-09,3.525660208225644965e-09,4.853808786720037460e-04,3.753921173910157449e-09,3.599925246788870936e-09
3.932286496421966149e-09,4.558598387660595108e-09,3.880130439171125545e-09,5.263839848339557648e-04,3.421817273974170348e-09,5.379481008276343346e-04,3.216638560843421146e-06
1.334684435278177261e-03,2.344556269235908985e-04,3.880130439171125545e-09,1.302765565924346447e-03,5.001708050258457661e-04,3.549383109202608466e-05,6.691411253996193409e-04
1.019283547066152096e-03,4.558598387660595108e-09,3.880130439171125545e-09,3.525660208225644965e-09,3.421817273974170348e-09,3.753921173910157449e-09,3.599925246788870936e-09
3.932286496421966149e-09,4.558598387660595108e-09,3.880130439171125545e-09,3.194965247530490160e-04,6.190175190567970276e-04,4.987258580513298512e-04,3.599925246788870936e-09
1.296783157158643007e-04,1.861306373029947281e-04,3.015758993569761515e-04,3.525660208225644965e-09,3.421817273974170348e-09,3.753921173910157449e-09,3.599925246788870936e-09
1.829758984968066216e-04,1.940603979164734483e-04,3.258532669860869646e-04,1.073757186532020569e-03,6.527415825985372066e-04,3.753921173910157449e-09,3.599925246788870936e-09
1.361328031634911895e-04,4.558598387660595108e-09,1.747799842632957734e-06,3.525660208225644965e-09,2.122984296875074506e-04,5.717015010304749012e-04,3.599925246788870936e-09
3.932286496421966149e-09,1.757017307681962848e-04,3.880130439171125545e-09,3.525660208225644965e-09,9.121174807660281658e-04,4.819364403374493122e-04,3.599925246788870936e-09
3.932286496421966149e-09,4.558598387660595108e-09,3.880130439171125545e-09,3.525660208225644965e-09,2.732627908699214458e-04,4.731469962280243635e-04,3.599925246788870936e-09
7.152099860832095146e-04,4.873637517448514700e-04,3.880130439171125545e-09,7.389640086330473423e-04,9.951064130291342735e-04,6.543243653140962124e-04,7.225651061162352562e-04
3.932286496421966149e-09,4.244113224558532238e-04,3.880130439171125545e-09,1.881873322417959571e-04,3.421817273974170348e-09,5.354757348641214776e-08,3.599925246788870936e-09
3.932286496421966149e-09,4.558598387660595108e-09,3.880130439171125545e-09,3.525660208225644965e-09,6.247196579352021217e-04,3.753921173910157449e-09,3.599925246788870936e-09
4.369360685814172029e-04,4.558598387660595108e-09,3.717313811648637056e-04,3.525660208225644965e-09,1.260588032891973853e-04,2.558085252530872822e-04,3.599925246788870936e-09
3.932286496421966149e-09,4.558598387660595108e-09,3.880130439171125545e-09,3.525660208225644965e-09,5.110625061206519604e-04,2.203652256866917014e-04,3.599925246788870936e-09
3.932286496421966149e-09,4.558598387660595108e-09,3.880130439171125545e-09,1.972203026525676250e-04,2.467141603119671345e-04,2.402832033112645149e-04,3.599925246788870936e-09
3.932286496421966149e-09,4.558598387660595108e-09,4.317479033488780260e-04,3.525660208225644965e-09,7.831210969015955925e-04,3.753921173910157449e-09,5.314893205650150776e-04
3.932286496421966149e-09,4.558598387660595108e-09,3.880130439171125545e-09,3.525660208225644965e-09,4.430144326761364937e-04,3.753921173910157449e-09,4.043488879688084126e-04
3.932286496421966149e-09,4.157512157689779997e-04,3.816849202848970890e-04,3.525660208225644965e-09,3.421817273974170348e-09,3.753921173910157449e-09,1.333459804300218821e-04
3.932286496421966149e-09,4.558598387660595108e-09,3.880130439171125545e-09,3.525660208225644965e-09,3.539769095368683338e-04,3.753921173910157449e-09,2.750460407696664333e-04
9.775798534974455833e-04,1.034136512316763401e-03,1.760578888934105635e-04,7.243197178468108177e-04,1.456960599170997739e-04,4.710959619842469692e-04,6.452043307945132256e-04
3.932286496421966149e-09,4.558598387660595108e-09,9.562861669110134244e-05,3.856781695503741503e-04,3.421817273974170348e-09,1.847666862886399031e-04,5.489186733029782772e-04
5.244158674031496048e-04,4.558598387660595108e-09,3.880130439171125545e-09,3.562280908226966858e-04,3.421817273974170348e-09,3.753921173910157449e-09,3.599925246788870936e-09
2.058964222669601440e-03,2.714935690164566040e-03,2.198072383180260658e-03,1.302699674852192402e-03,4.770604718942195177e-04,1.184810418635606766e-03,2.174537861719727516e-03
3.932286496421966149e-09,4.558598387660595108e-09,6.407420869436464272e-07,3.525660208225644965e-09,1.177743033622391522e-04,3.753921173910157449e-09,6.139486795291304588e-04
2.569833595771342516e-04,4.558598387660595108e-09,3.880130439171125545e-09,3.525660208225644965e-09,2.424165577394887805e-04,3.753921173910157449e-09,3.599925246788870936e-09
9.100841125473380089e-04,3.479215956758707762e-04,5.582600715570151806e-04,1.092049409635365009e-03,1.523559330962598324e-03,4.655480443034321070e-04,6.532515981234610081e-04
3.932286496421966149e-09,4.558598387660595108e-09,3.880130439171125545e-09,3.867920313496142626e-04,2.282692148583009839e-04,3.753921173910157449e-09,3.599925246788870936e-09
2.217576693510636687e-04,1.684570015640929341e-04,3.880130439171125545e-09,1.690664212219417095e-04,2.536217507440596819e-04,1.792190450942143798e-04,3.599925246788870936e-09
3.932286496421966149e-09,4.558598387660595108e-09,1.948453864315524697e-04,3.525660208225644965e-09,2.651214017532765865e-04,3.753921173910157449e-09,1.084918112610466778e-04
3.376303066033869982e-04,1.926393742905929685e-04,3.260573721490800381e-04,1.626874669454991817e-03,2.464559511281549931e-04,2.974249655380845070e-04,1.098394393920898438e-03
5.976955872029066086e-04,4.558598387660595108e-09,2.112253059749491513e-05,4.945531254634261131e-04,1.559688535053282976e-04,1.253079346952290507e-07,3.599925246788870936e-09
5.270096007734537125e-04,2.135111571988090873e-04,1.423023350071161985e-04,3.525660208225644965e-09,3.421817273974170348e-09,3.753921173910157449e-09,3.599925246788870936e-09
3.932286496421966149e-09,3.348226891830563545e-04,4.106296109966933727e-04,3.525660208225644965e-09,8.708697278052568436e-04,3.753921173910157449e-09,3.599925246788870936e-09
1.612551859579980373e-04,4.558598387660595108e-09,3.880130439171125545e-09,7.838737801648676395e-04,1.511387090431526303e-04,3.753921173910157449e-09,3.599925246788870936e-09
3.932286496421966149e-09,4.558598387660595108e-09,3.880130439171125545e-09,7.585730636492371559e-04,3.421817273974170348e-09,3.753921173910157449e-09,3.599925246788870936e-09
3.932286496421966149e-09,4.558598387660595108e-09,5.338616319932043552e-04,3.525660208225644965e-09,3.421817273974170348e-09,3.753921173910157449e-09,3.599925246788870936e-09
3.932286496421966149e-09,4.558598387660595108e-09,3.315379726700484753e-04,6.681577069400645996e-09,1.820120378397405148e-04,6.182494689710438251e-04,3.599925246788870936e-09
3.932286496421966149e-09,4.558598387660595108e-09,3.880130439171125545e-09,8.627193165011703968e-04,3.421817273974170348e-09,3.753921173910157449e-09,3.599925246788870936e-09
3.932286496421966149e-09,4.558598387660595108e-09,3.880130439171125545e-09,3.525660208225644965e-09,9.317470830865204334e-04,3.753921173910157449e-09,3.599925246788870936e-09
2.577982959337532520e-04,4.147161962464451790e-04,5.910503386985510588e-05,1.868819235824048519e-04,3.421817273974170348e-09,2.564121095929294825e-04,3.599925246788870936e-09
1.179068232886493206e-03,4.936330951750278473e-04,1.179911414510570467e-04,1.755757024511694908e-03,3.421817273974170348e-09,3.206787223462015390e-04,2.482403942849487066e-04
4.928073030896484852e-04,1.786512089893221855e-03,8.236807771027088165e-04,8.428986184298992157e-04,1.022714277496561408e-04,1.850460539571940899e-04,9.512216201983392239e-04
3.932286496421966149e-09,4.558598387660595108e-09,3.880130439171125545e-09,7.764302426949143410e-04,2.395507908659055829e-04,3.753921173910157449e-09,2.191055973526090384e-04
3.932286496421966149e-09,2.120647259289398789e-04,1.582619879627600312e-04,3.525660208225644965e-09,3.421817273974170348e-09,3.753921173910157449e-09,4.836318257730454206e-04
3.932286496421966149e-09,1.866487000370398164e-04,2.688884851522743702e-04,3.525660208225644965e-09,3.421817273974170348e-09,5.077660316601395607e-04,4.657830868382006884e-04
3.932286496421966149e-09,4.558598387660595108e-09,1.926487311720848083e-04,3.525660208225644965e-09,3.835881943814456463e-04,3.753921173910157449e-09,3.599925246788870936e-09
3.932286496421966149e-09,1.991839817492291331e-04,1.636155939195305109e-04,3.525660208225644965e-09,4.146589490119367838e-04,3.753921173910157449e-09,3.599925246788870936e-09
2.220893045887351036e-03,5.928706959821283817e-04,9.523517801426351070e-04,1.689839176833629608e-03,1.062848255969583988e-03,3.922612522728741169e-04,1.031849533319473267e-03
5.110003403387963772e-04,4.558598387660595108e-09,1.571968750795349479e-04,1.014065419440157712e-04,3.421817273974170348e-09,3.753921173910157449e-09,3.599925246788870936e-09
3.932286496421966149e-09,4.558598387660595108e-09,1.395283965393900871e-03,1.726779155433177948e-04,3.421817273974170348e-09,3.753921173910157449e-09,2.105357707478106022e-04
3.954288840759545565e-04,4.558598387660595108e-09,7.788678631186485291e-04,3.525660208225644965e-09,3.421817273974170348e-09,3.753921173910157449e-09,1.146778231486678123e-03
3.932286496421966149e-09,2.532786747906357050e-04,3.880130439171125545e-09,2.106648316839709878e-04,3.421817273974170348e-09,5.693209823220968246e-04,3.599925246788870936e-09
3.932286496421966149e-09,5.946549354121088982e-04,4.666511085815727711e-04,1.833926653489470482e-04,3.421817273974170348e-09,4.029637784697115421e-04,1.115916747949086130e-04
3.932286496421966149e-09,4.558598387660595108e-09,3.880130439171125545e-09,3.525660208225644965e-09,4.847927484661340714e-04,3.753921173910157449e-09,3.599925246788870936e-09
3.932286496421966149e-09,1.799439487513154745e-04,1.172406045952811837e-04,3.525660208225644965e-09,3.788154572248458862e-04,7.251987117342650890e-04,5.301822093315422535e-04
8.289331453852355480e-04,4.558598387660595108e-09,2.035321667790412903e-04,4.176848742645233870e-04,3.421817273974170348e-09,1.911151193780824542e-04,3.599925246788870936e-09
3.932286496421966149e-09,4.558598387660595108e-09,3.880130439171125545e-09,3.525660208225644965e-09,4.774339904543012381e-04,4.651920462492853403e-04,3.599925246788870936e-09
1.594360219314694405e-04,2.173737157136201859e-04,3.880130439171125545e-09,2.625724591780453920e-04,3.421817273974170348e-09,3.753921173910157449e-09,3.599925246788870936e-09
3.932286496421966149e-09,4.558598387660595108e-09,3.880130439171125545e-09,1.867203536676242948e-04,1.341203023912385106e-04,4.347438807599246502e-04,2.259741013403981924e-04
3.932286496421966149e-09,4.558598387660595108e-09,2.314514858881011605e-04,3.525660208225644965e-09,4.783752374351024628e-04,3.937408037018030882e-04,3.599925246788870936e-09
1.079036155715584755e-03,4.558598387660595108e-09,3.880130439171125545e-09,5.256955628283321857e-04,1.908460544655099511e-04,3.753921173910157449e-09,5.120806745253503323e-04
6.778558017686009407e-04,4.558598387660595108e-09,2.673782582860440016e-04,8.157861884683370590e-05,2.019615349126979709e-04,3.551112240529619157e-05,5.233198753558099270e-04
3.932286496421966149e-09,2.111595385940745473e-04,3.880130439171125545e-09,3.708800650201737881e-04,2.606895286589860916e-04,3.753921173910157449e-09,3.599925246788870936e-09
3.932286496421966149e-09,1.705787581158801913e-04,1.636692177271470428e-04,1.716620317893102765e-04,3.421817273974170348e-09,3.753921173910157449e-09,2.462364791426807642e-04
3.932286496421966149e-09,4.558598387660595108e-09,3.880130439171125545e-09,6.477251881733536720e-04,3.421817273974170348e-09,3.753921173910157449e-09,3.599925246788870936e-09
3.211237199138849974e-04,4.558598387660595108e-09,1.519169600214809179e-04,3.522087936289608479e-04,3.421817273974170348e-09,3.753921173910157449e-09,3.599925246788870936e-09
3.932286496421966149e-09,4.901055945083498955e-04,4.177131631877273321e-04,3.525660208225644965e-09,1.456965837860479951e-04,2.578881394583731890e-04,2.044018401647917926e-05
4.226171877235174179e-04,4.558598387660595108e-09,3.880130439171125545e-09,3.525660208225644965e-09,1.383936905767768621e-04,3.753921173910157449e-09,1.679491251707077026e-04
3.932286496421966149e-09,4.558598387660595108e-09,5.752874421887099743e-04,2.123848826158791780e-04,3.421817273974170348e-09,3.753921173910157449e-09,4.625871079042553902e-04
3.985313815064728260e-04,4.558598387660595108e-09,3.880130439171125545e-09,2.999709104187786579e-04,1.856672606663778424e-04,3.753921173910157449e-09,2.014692727243527770e-04
4.195371002424508333e-04,4.558598387660595108e-09,1.702777226455509663e-04,3.525660208225644965e-09,1.185141591122373939e-04,3.753921173910157449e-09,3.599925246788870936e-09
3.932286496421966149e-09,4.558598387660595108e-09,3.860709548462182283e-04,1.947210257640108466e-04,3.421817273974170348e-09,3.753921173910157449e-09,3.599925246788870936e-09
3.932286496421966149e-09,4.558598387660595108e-09,1.190597424283623695e-03,3.525660208225644965e-09,3.421817273974170348e-09,8.474586647935211658e-04,3.599925246788870936e-09
7.668713224120438099e-04,4.558598387660595108e-09,6.680832593701779842e-04,3.254684088460635394e-06,1.025584875606000423e-03,3.753921173910157449e-09,7.852505659684538841e-04
2.623256877996027470e-04,4.558598387660595108e-09,5.319891497492790222e-04,2.690185210667550564e-04,3.421817273974170348e-09,3.753921173910157449e-09,4.303982714191079140e-04
3.932286496421966149e-09,4.558598387660595108e-09,3.880130439171125545e-09,2.206971839768812060e-04,3.923524054698646069e-04,3.753921173910157449e-09,3.599925246788870936e-09
6.300088716670870781e-04,2.926126762758940458e-04,3.880130439171125545e-09,3.525660208225644965e-09,4.175851645413786173e-04,3.753921173910157449e-09,3.599925246788870936e-09
3.932286496421966149e-09,4.558598387660595108e-09,4.665470332838594913e-04,3.525660208225644965e-09,3.421817273974170348e-09,2.463810669723898172e-04,3.599925246788870936e-09
3.932286496421966149e-09,4.558598387660595108e-09,3.880130439171125545e-09,1.854851725511252880e-04,4.176724760327488184e-04,2.417450596112757921e-04,2.302581415278837085e-04
2.912377240136265755e-04,4.558598387660595108e-09,3.880130439171125545e-09,2.590444928500801325e-04,3.421817273974170348e-09,3.753921173910157449e-09,3.599925246788870936e-09
2.801827795337885618e-04,3.152890130877494812e-04,1.909316197270527482e-04,1.866313687060028315e-04,3.421817273974170348e-09,1.482598163420334458e-04,2.478961541783064604e-04
1.508132845629006624e-04,4.558598387660595108e-09,8.060344844125211239e-04,3.044728073291480541e-04,3.421817273974170348e-09,3.159593325108289719e-04,3.561770427040755749e-04
3.932286496421966149e-09,4.558598387660595108e-09,3.880130439171125545e-09,3.525660208225644965e-09,3.477465943433344364e-04,3.753921173910157449e-09,4.351221432443708181e-04
3.932286496421966149e-09,6.632086588069796562e-04,3.880130439171125545e-09,3.525660208225644965e-09,3.421817273974170348e-09,3.753921173910157449e-09,2.599590807221829891e-04
3.932286496421966149e-09,4.558598387660595108e-09,4.825526644935962395e-09,3.525660208225644965e-09,4.834601131733506918e-04,3.753921173910157449e-09,3.599925246788870936e-09
3.932286496421966149e-09,4.558598387660595108e-09,3.880130439171125545e-09,3.525660208225644965e-09,4.067865083925426006e-04,3.753921173910157449e-09,3.599925246788870936e-09
3.404798044357448816e-04,6.226084660738706589e-04,6.322357221506536007e-04,6.672813906334340572e-04,5.142323207110166550e-04,2.820699592120945454e-04,3.599925246788870936e-09
3.932286496421966149e-09,4.558598387660595108e-09,3.880130439171125545e-09,3.525660208225644965e-09,3.777120145969092846e-04,3.753921173910157449e-09,3.599925246788870936e-09
1.164420900749973953e-04,4.558598387660595108e-09,3.880130439171125545e-09,3.525660208225644965e-09,9.346691658720374107e-04,3.753921173910157449e-09,3.599925246788870936e-09
3.932286496421966149e-09,4.558598387660595108e-09,3.880130439171125545e-09,1.700699940556660295e-04,2.175670379074290395e-04,2.410946035524830222e-04,3.599925246788870936e-09
3.932286496421966149e-09,4.558598387660595108e-09,3.880130439171125545e-09,4.158321826253086329e-04,3.421817273974170348e-09,2.274894068250432611e-04,4.470684507396072149e-04
3.932286496421966149e-09,4.558598387660595108e-09,4.243995063006877899e-04,3.525660208225644965e-09,1.232136564794927835e-04,3.753921173910157449e-09,1.447299728170037270e-04
3.932286496421966149e-09,4.558598387660595108e-09,3.880130439171125545e-09,3.490177041385322809e-04,3.742890886115901594e-09,2.469180617481470108e-04,3.599925246788870936e-09
3.932286496421966149e-09,4.558598387660595108e-09,3.880130439171125545e-09,3.525660208225644965e-09,6.429253262467682362e-04,3.753921173910157449e-09,3.599925246788870936e-09
1.807477528927847743e-04,1.750598312355577946e-04,3.880130439171125545e-09,2.552469086367636919e-04,3.421817273974170348e-09,3.753921173910157449e-09,2.533780934754759073e-04
5.581115256063640118e-04,4.558598387660595108e-09,1.967977732419967651e-04,1.806326617952436209e-04,3.421817273974170348e-09,3.753921173910157449e-09,2.189695223933085799e-04
3.932286496421966149e-09,4.558598387660595108e-09,3.880130439171125545e-09,3.525660208225644965e-09,2.419917000224813819e-04,3.753921173910157449e-09,6.133939023129642010e-04
3.932286496421966149e-09,4.558598387660595108e-09,3.880130439171125545e-09,3.525660208225644965e-09,2.533233491703867912e-04,3.753921173910157449e-09,4.462774377316236496e-04
1.331351377302780747e-04,4.558598387660595108e-09,4.350394010543823242e-04,3.525660208225644965e-09,2.785436226986348629e-04,3.753921173910157449e-09,2.996399125549942255e-04
3.932286496421966149e-09,4.558598387660595108e-09,4.725089456769637764e-05,3.525660208225644965e-09,6.103407358750700951e-04,2.319444029126316309e-04,3.599925246788870936e-09
3.932286496421966149e-09,4.558598387660595108e-09,3.880130439171125545e-09,1.850953121902421117e-04,2.446628932375460863e-04,3.753921173910157449e-09,3.599925246788870936e-09
1.442224893253296614e-04,4.558598387660595108e-09,1.922898809425532818e-04,3.525660208225644965e-09,2.593969111330807209e-04,3.753921173910157449e-09,3.599925246788870936e-09
3.932286496421966149e-09,4.558598387660595108e-09,3.880130439171125545e-09,3.525660208225644965e-09,3.777804085984826088e-04,4.749796935357153416e-04,3.599925246788870936e-09
3.932286496421966149e-09,4.558598387660595108e-09,3.880130439171125545e-09,3.525660208225644965e-09,1.191191491670906544e-03,3.753921173910157449e-09,3.599925246788870936e-09
2.888260933104902506e-04,4.558598387660595108e-09,5.128895281814038754e-04,3.525660208225644965e-09,3.817658289335668087e-04,3.753921173910157449e-09,6.956286379136145115e-04
1.430326374247670174e-03,1.039665308780968189e-03,3.401470603421330452e-04,1.333426800556480885e-03,5.048406310379505157e-04,8.708927780389785767e-04,1.169561408460140228e-03
2.367300679907202721e-03,2.751223975792527199e-03,2.367889741435647011e-03,1.497133052907884121e-03,1.476544537581503391e-03,1.799251534976065159e-03,2.194502390921115875e-03
1.540663215564563870e-04,3.894708934240043163e-04,3.880130439171125545e-09,6.201054958410168183e-08,3.421817273974170348e-09,1.500056590884923935e-03,3.599925246788870936e-09
3.932286496421966149e-09,4.558598387660595108e-09,3.880130439171125545e-09,3.525660208225644965e-09,9.900884469971060753e-04,9.690970182418823242e-04,3.599925246788870936e-09
3.932286496421966149e-09,3.087341028731316328e-04,2.998322015628218651e-04,3.525660208225644965e-09,3.421817273974170348e-09,3.753921173910157449e-09,8.718420867808163166e-04
3.932286496421966149e-09,4.558598387660595108e-09,3.880130439171125545e-09,2.414183691143989563e-04,4.231234488543123007e-04,8.813950116746127605e-04,3.599925246788870936e-09
8.821476949378848076e-04,2.681411569938063622e-03,2.116173738613724709e-03,3.834012604784220457e-04,4.936247714795172215e-04,1.505808322690427303e-03,1.878257724456489086e-03
1.465956738684326410e-04,4.558598387660595108e-09,3.880130439171125545e-09,1.250865752808749676e-04,3.464083711151033640e-04,3.753921173910157449e-09,3.036389534827321768e-04
3.932286496421966149e-09,4.644177388399839401e-04,3.880130439171125545e-09,3.525660208225644965e-09,6.804648437537252903e-04,1.317546993959695101e-04,3.599925246788870936e-09
3.932286496421966149e-09,4.558598387660595108e-09,3.880130439171125545e-09,3.525660208225644965e-09,1.190991490148007870e-03,3.753921173910157449e-09,7.000965997576713562e-04
1.143787521868944168e-03,4.558598387660595108e-09,3.880130439171125545e-09,5.639111623167991638e-04,3.421817273974170348e-09,3.753921173910157449e-09,5.828067660331726074e-04
2.590567164588719606e-04,6.381846615113317966e-04,1.171289710327982903e-03,3.525660208225644965e-09,5.866800202056765556e-04,1.024062279611825943e-03,1.435915241017937660e-03
7.089778082445263863e-04,2.681257436051964760e-03,2.198902424424886703e-03,2.973051159642636776e-04,7.122181705199182034e-04,9.525341447442770004e-04,1.873365370556712151e-03
3.932286496421966149e-09,1.956714550033211708e-04,3.880130439171125545e-09,3.525660208225644965e-09,1.655598025536164641e-04,2.127131301676854491e-04,5.806160625070333481e-04
5.866687861271202564e-04,1.267617917619645596e-03,2.299078187206760049e-04,3.525660208225644965e-09,1.903482043417170644e-04,9.083783370442688465e-04,1.584692654432728887e-04
3.932286496421966149e-09,4.558598387660595108e-09,3.880130439171125545e-09,3.525660208225644965e-09,5.072016501799225807e-04,3.753921173910157449e-09,3.599925246788870936e-09
3.932286496421966149e-09,4.558598387660595108e-09,3.880130439171125545e-09,3.525660208225644965e-09,5.715124425478279591e-04,3.753921173910157449e-09,2.548979246057569981e-04
3.932286496421966149e-09,6.845457246527075768e-04,3.880130439171125545e-09,3.525660208225644965e-09,3.421817273974170348e-09,3.753921173910157449e-09,3.599925246788870936e-09
1.014383975416421890e-03,4.558598387660595108e-09,3.880130439171125545e-09,8.568859193474054337e-04,3.421817273974170348e-09,3.753921173910157449e-09,7.313451496884226799e-04
3.932286496421966149e-09,4.558598387660595108e-09,6.805548327974975109e-04,3.525660208225644965e-09,3.421817273974170348e-09,3.753921173910157449e-09,2.956400276161730289e-04
1.377545180730521679e-03,4.558598387660595108e-09,1.312481239438056946e-03,3.525660208225644965e-09,3.421817273974170348e-09,8.359075291082262993e-04,8.783147204667329788e-04
3.932286496421966149e-09,4.481035284698009491e-04,3.880130439171125545e-09,3.525660208225644965e-09,8.153377566486597061e-04,7.967279525473713875e-04,3.599925246788870936e-09
3.932286496421966149e-09,4.558598387660595108e-09,3.880130439171125545e-09,1.917008773943962296e-07,3.571454726625233889e-04,3.753921173910157449e-09,3.599925246788870936e-09
1.274051755899563432e-04,2.121438010362908244e-04,3.880130439171125545e-09,2.212110266555100679e-04,3.421817273974170348e-09,3.753921173910157449e-09,3.599925246788870936e-09
3.932286496421966149e-09,4.558598387660595108e-09,3.880130439171125545e-09,3.525660208225644965e-09,1.289606152568012476e-04,4.168121959082782269e-04,3.599925246788870936e-09
1.428151153959333897e-04,4.558598387660595108e-09,3.880130439171125545e-09,3.561984922271221876e-04,5.921445554122328758e-04,2.883272536564618349e-04,3.599925246788870936e-09
1.438791368855163455e-04,4.558598387660595108e-09,3.880130439171125545e-09,3.525660208225644965e-09,1.318895519943907857e-04,3.753921173910157449e-09,1.139681437052786350e-03
3.932286496421966149e-09,4.558598387660595108e-09,8.422238170169293880e-05,3.525660208225644965e-09,6.052678800188004971e-04,9.016744443215429783e-04,3.599925246788870936e-09
5.056612426415085793e-04,4.558598387660595108e-09,3.880130439171125545e-09,8.375384641112759709e-05,3.421817273974170348e-09,3.753921173910157449e-09,3.599925246788870936e-09
6.276214844547212124e-04,4.558598387660595108e-09,3.880130439171125545e-09,1.734137331368401647e-04,3.421817273974170348e-09,3.753921173910157449e-09,5.049197352491319180e-04
1.460242783650755882e-04,4.558598387660595108e-09,3.880130439171125545e-09,3.427613410167396069e-04,1.288555067731067538e-04,3.753921173910157449e-09,3.599925246788870936e-09
1.325669873040169477e-04,4.558598387660595108e-09,1.723731547826901078e-04,3.525660208225644965e-09,3.421817273974170348e-09,3.753921173910157449e-09,5.201124004088342190e-04
3.932286496421966149e-09,4.558598387660595108e-09,1.506436965428292751e-03,3.525660208225644965e-09,2.855269667634274811e-05,3.753921173910157449e-09,1.344676245935261250e-03
1.729926589177921414e-04,1.803887862479314208e-04,2.190042432630434632e-04,3.525660208225644965e-09,3.421817273974170348e-09,3.753921173910157449e-09,2.523271250538527966e-04
2.364435931667685509e-04,1.804857020033523440e-04,3.880130439171125545e-09,3.525660208225644965e-09,3.421817273974170348e-09,3.753921173910157449e-09,4.327650531195104122e-04
4.057206097058951855e-04,4.558598387660595108e-09,2.094961382681503892e-04,3.525660208225644965e-09,1.526381238363683224e-04,2.436378854326903820e-04,2.433023473713546991e-05
3.932286496421966149e-09,4.558598387660595108e-09,3.880130439171125545e-09,2.490851038601249456e-04,3.165604430250823498e-04,3.152327553834766150e-04,3.599925246788870936e-09
1.141794724389910698e-03,4.558598387660595108e-09,6.517829606309533119e-04,1.284470432437956333e-03,9.641039650887250900e-04,3.753921173910157449e-09,1.019618706777691841e-03
3.932286496421966149e-09,4.558598387660595108e-09,8.107827161438763142e-04,3.525660208225644965e-09,3.421817273974170348e-09,3.753921173910157449e-09,3.179698251187801361e-04
3.932286496421966149e-09,4.245899617671966553e-04,3.262218087911605835e-04,3.525660208225644965e-09,3.421817273974170348e-09,3.753921173910157449e-09,3.599925246788870936e-09
8.648800430819392204e-04,5.483145359903573990e-04,7.591326721012592316e-04,3.525660208225644965e-09,3.421817273974170348e-09,3.075319400522857904e-04,3.599925246788870936e-09
3.932286496421966149e-09,4.558598387660595108e-09,4.049092531204223633e-04,1.969916920643299818e-04,1.389265235047787428e-04,3.753921173910157449e-09,4.851719713769853115e-04
2.879251842387020588e-04,4.558598387660595108e-09,3.880130439171125545e-09,4.545868141576647758e-04,3.421817273974170348e-09,3.464653564151376486e-04,3.599925246788870936e-09
2.459727111272513866e-04,4.558598387660595108e-09,3.880130439171125545e-09,2.030275354627519846e-04,3.421817273974170348e-09,3.753921173910157449e-09,2.179269213229417801e-04
3.932286496421966149e-09,4.558598387660595108e-09,2.177497517550364137e-04,3.525660208225644965e-09,2.718217147048562765e-04,2.770363062154501677e-04,4.839775501750409603e-04
3.932286496421966149e-09,4.558598387660595108e-09,3.880130439171125545e-09,2.261935733258724213e-04,8.229255327023565769e-04,3.753921173910157449e-09,5.394998588599264622e-04
3.932286496421966149e-09,4.558598387660595108e-09,3.880130439171125545e-09,3.525660208225644965e-09,2.769909042399376631e-04,6.097414880059659481e-04,3.599925246788870936e-09
1.232860609889030457e-03,5.885954597033560276e-04,1.685282913967967033e-03,2.609594957903027534e-04,4.082295636180788279e-04,3.753921173910157449e-09,1.621502917259931564e-03
3.932286496421966149e-09,4.558598387660595108e-09,3.141296328976750374e-04,3.525660208225644965e-09,3.217694466002285480e-04,3.753921173910157449e-09,1.373462029732763767e-03
2.483515709172934294e-04,4.558598387660595108e-09,3.880130439171125545e-09,1.863002835307270288e-04,3.421817273974170348e-09,3.753921173910157449e-09,8.553577936254441738e-05
3.932286496421966149e-09,4.558598387660595108e-09,3.880130439171125545e-09,3.525660208225644965e-09,5.986206815578043461e-04,3.753921173910157449e-09,3.599925246788870936e-09
3.932286496421966149e-09,4.558598387660595108e-09,1.548989384900778532e-04,3.349202743265777826e-04,3.421817273974170348e-09,2.396630588918924332e-04,3.599925246788870936e-09
1.948933233506977558e-03,4.558598387660595108e-09,9.844790911301970482e-04,1.815318013541400433e-03,1.078387955203652382e-03,1.376625150442123413e-04,9.840424172580242157e-04
3.932286496421966149e-09,3.756798396352678537e-04,7.450236589647829533e-04,3.525660208225644965e-09,1.335123670287430286e-04,2.346713154111057520e-04,2.188108483096584678e-04
1.265514874830842018e-04,4.558598387660595108e-09,2.109503111569210887e-04,1.985037088161334395e-04,3.421817273974170348e-09,3.753921173910157449e-09,2.252041449537500739e-04
3.932286496421966149e-09,4.558598387660595108e-09,4.729045031126588583e-04,3.525660208225644965e-09,6.041645538061857224e-04,4.818508168682456017e-04,5.376512999646365643e-04
1.367544609820470214e-04,4.558598387660595108e-09,1.658960245549678802e-04,5.223004845902323723e-04,5.864869453944265842e-04,3.753921173910157449e-09,5.559367709793150425e-04
1.377998560201376677e-04,4.558598387660595108e-09,1.434095902368426323e-04,7.033948204480111599e-04,3.060007002204656601e-04,5.077493842691183090e-04,3.381204733159393072e-04
3.932286496421966149e-09,4.558598387660595108e-09,3.880130439171125545e-09,1.987010618904605508e-04,3.421817273974170348e-09,3.753921173910157449e-09,4.932610900141298771e-04
3.932286496421966149e-09,4.558598387660595108e-09,3.880130439171125545e-09,3.525660208225644965e-09,7.948150159791111946e-04,3.753921173910157449e-09,3.599925246788870936e-09
2.780880022328346968e-04,4.558598387660595108e-09,4.022715438622981310e-04,1.737765560392290354e-04,3.421817273974170348e-09,2.552316291257739067e-04,2.623048785608261824e-04
1.408184762112796307e-03,4.558598387660595108e-09,3.041006275452673435e-04,1.377740991301834583e-03,1.293447334319353104e-03,5.746035603806376457e-04,9.144955547526478767e-04
3.932286496421966149e-09,4.558598387660595108e-09,3.880130439171125545e-09,3.525660208225644965e-09,4.546860582195222378e-04,3.753921173910157449e-09,3.599925246788870936e-09
3.932286496421966149e-09,4.558598387660595108e-09,3.880130439171125545e-09,2.946148742921650410e-04,5.356367910280823708e-04,3.753921173910157449e-09,2.518364053685218096e-04
1.523911778349429369e-04,4.558598387660595108e-09,1.229147193953394890e-03,3.328254388179630041e-04,3.421817273974170348e-09,2.191134117310866714e-04,8.006199495866894722e-04
7.884028018452227116e-04,4.558598387660595108e-09,5.854042228747857735e-07,9.315033676102757454e-04,3.577827010303735733e-04,3.753921173910157449e-09,9.681256487965583801e-04
3.932286496421966149e-09,4.558598387660595108e-09,4.582666151691228151e-04,3.525660208225644965e-09,1.436303427908569574e-04,3.753921173910157449e-09,3.599925246788870936e-09
3.932286496421966149e-09,4.558598387660595108e-09,3.880130439171125545e-09,1.666769385337829590e-04,3.164664085488766432e-04,3.753921173910157449e-09,7.571623427793383598e-04
3.932286496421966149e-09,4.558598387660595108e-09,3.880130439171125545e-09,3.525660208225644965e-09,1.204839936690405011e-04,6.667208508588373661e-04,3.599925246788870936e-09
3.932286496421966149e-09,4.558598387660595108e-09,3.880130439171125545e-09,3.525660208225644965e-09,6.085507338866591454e-04,3.753921173910157449e-09,3.928372752852737904e-04
6.468932260759174824e-04,4.558598387660595108e-09,3.880130439171125545e-09,4.639727121684700251e-04,3.421817273974170348e-09,3.753921173910157449e-09,8.873870247043669224e-04
3.163221117574721575e-04,4.558598387660595108e-09,3.880130439171125545e-09,6.318866508081555367e-04,3.421817273974170348e-09,2.131629298673942685e-04,2.506171585991978645e-04
3.932286496421966149e-09,4.558598387660595108e-09,3.880130439171125545e-09,4.418916068971157074e-04,3.421817273974170348e-09,3.753921173910157449e-09,3.596665046643465757e-04
3.932286496421966149e-09,4.558598387660595108e-09,2.820402733050286770e-04,3.685645642690360546e-04,2.553335507400333881e-04,3.753921173910157449e-09,3.599925246788870936e-09
3.932286496421966149e-09,4.558598387660595108e-09,3.880130439171125545e-09,3.525660208225644965e-09,4.351758689153939486e-04,3.753921173910157449e-09,3.599925246788870936e-09
3.932286496421966149e-09,4.558598387660595108e-09,3.880130439171125545e-09,3.525660208225644965e-09,4.231633211020380259e-04,3.753921173910157449e-09,3.599925246788870936e-09
3.932286496421966149e-09,4.558598387660595108e-09,3.880130439171125545e-09,3.525660208225644965e-09,1.913198066176846623e-04,3.753921173910157449e-09,6.745098507963120937e-04
5.601107259280979633e-04,4.558598387660595108e-09,3.880130439171125545e-09,8.678770391270518303e-04,3.421817273974170348e-09,3.753921173910157449e-09,4.388290399219840765e-04
8.462560363113880157e-04,4.558598387660595108e-09,1.486334949731826782e-03,8.833708707243204117e-04,3.421817273974170348e-09,3.753921173910157449e-09,2.494835061952471733e-04
2.388545777648687363e-03,2.253034850582480431e-03,2.480777911841869354e-03,1.386752002872526646e-03,1.343334675766527653e-03,7.953026797622442245e-04,2.248315839096903801e-03
3.932286496421966149e-09,4.558598387660595108e-09,9.128868114203214645e-04,3.525660208225644965e-09,6.211138097569346428e-04,3.753921173910157449e-09,9.476111154071986675e-04
2.571404038462787867e-04,4.558598387660595108e-09,3.788307949434965849e-04,2.212804974988102913e-04,3.421817273974170348e-09,3.753921173910157449e-09,2.659007732290774584e-04
4.582125402521342039e-04,4.558598387660595108e-09,3.880130439171125545e-09,2.085225569317117333e-04,3.421817273974170348e-09,3.753921173910157449e-09,7.129412260837852955e-04
3.932286496421966149e-09,4.558598387660595108e-09,3.880130439171125545e-09,3.525660208225644965e-09,2.935842494480311871e-04,3.753921173910157449e-09,2.675241848919540644e-04
3.932286496421966149e-09,4.558598387660595108e-09,3.658227506093680859e-04,3.525660208225644965e-09,6.994542200118303299e-04,3.753921173910157449e-09,2.495896769687533379e-04
3.932286496421966149e-09,4.558598387660595108e-09,3.880130439171125545e-09,3.525660208225644965e-09,2.522194699849933386e-04,3.753921173910157449e-09,2.827671996783465147e-04
3.932286496421966149e-09,4.558598387660595108e-09,3.880130439171125545e-09,2.857600047718733549e-04,1.282201701542362571e-04,2.336487668799236417e-04,3.599925246788870936e-09
3.044253389816731215e-04,2.281318884342908859e-03,1.998725114390254021e-03,3.525660208225644965e-09,3.218555357307195663e-04,5.580770666711032391e-04,1.630538376048207283e-03
1.151137184933759272e-04,2.802371745929121971e-04,3.880130439171125545e-09,3.525660208225644965e-09,1.835952571127563715e-04,2.092610957333818078e-04,3.599925246788870936e-09
3.932286496421966149e-09,2.508014731574803591e-04,3.880130439171125545e-09,2.219779707957059145e-04,3.421817273974170348e-09,1.134639533120207489e-04,2.396171184955164790e-04
1.474040327593684196e-04,3.321931872051209211e-04,3.880130439171125545e-09,3.525660208225644965e-09,3.854264796245843172e-04,1.181885367259383202e-03,5.319484043866395950e-04
3.932286496421966149e-09,4.558598387660595108e-09,3.880130439171125545e-09,6.014393293298780918e-04,1.705123577266931534e-04,3.753921173910157449e-09,4.781780589837580919e-04
3.932286496421966149e-09,4.558598387660595108e-09,2.268798853037878871e-04,3.525660208225644965e-09,1.513285387773066759e-04,3.753921173910157449e-09,3.481227904558181763e-04
5.374800530262291431e-04,4.558598387660595108e-09,3.880130439171125545e-09,5.459384992718696594e-04,3.421817273974170348e-09,3.753921173910157449e-09,2.387947024544700980e-04
1.300764415645971894e-04,4.558598387660595108e-09,3.880130439171125545e-09,7.683251169510185719e-04,3.421817273974170348e-09,2.695262955967336893e-04,3.599925246788870936e-09
3.932286496421966149e-09,4.558598387660595108e-09,3.880130439171125545e-09,1.888272236101329327e-04,1.517387718195095658e-04,3.753921173910157449e-09,5.315726739354431629e-04
3.952967817895114422e-04,4.558598387660595108e-09,4.857976455241441727e-04,3.525660208225644965e-09,3.421817273974170348e-09,3.753921173910157449e-09,3.599925246788870936e-09
3.932286496421966149e-09,4.558598387660595108e-09,2.160784642910584807e-04,3.525660208225644965e-09,3.421817273974170348e-09,2.298314502695575356e-04,6.684420513920485973e-04
3.932286496421966149e-09,4.558598387660595108e-09,4.516753833740949631e-04,3.525660208225644965e-09,3.421817273974170348e-09,2.427000144962221384e-04,2.114280214300379157e-04
5.769083509221673012e-04,3.484531771391630173e-04,1.240290934219956398e-03,1.901476498460397124e-04,3.421817273974170348e-09,3.856090770568698645e-04,7.226398447528481483e-04
1.408158568665385246e-04,4.558598387660595108e-09,3.880130439171125545e-09,3.525660208225644965e-09,3.421817273974170348e-09,3.753921173910157449e-09,5.447370349429547787e-04
4.976825439371168613e-04,1.146682538092136383e-03,4.980201483704149723e-04,2.481870178598910570e-04,2.720914490055292845e-04,3.753921173910157449e-09,6.162479403428733349e-04
1.414861471857875586e-04,4.558598387660595108e-09,3.880130439171125545e-09,2.059871912933886051e-04,3.421817273974170348e-09,3.753921173910157449e-09,4.725292092189192772e-04
4.102477978449314833e-04,4.066591791342943907e-04,3.880130439171125545e-09,1.922719675349071622e-04,1.346710778307169676e-04,3.753921173910157449e-09,3.599925246788870936e-09
2.287667011842131615e-04,6.952582043595612049e-05,3.847745538223534822e-04,3.525660208225644965e-09,1.373276318190619349e-04,2.263089263578876853e-04,2.348884881939738989e-04
3.932286496421966149e-09,4.558598387660595108e-09,3.880130439171125545e-09,3.525660208225644965e-09,2.462958218529820442e-04,1.967208809219300747e-04,3.599925246788870936e-09
1.244015584234148264e-04,4.558598387660595108e-09,3.880130439171125545e-09,3.525660208225644965e-09,3.421817273974170348e-09,3.753921173910157449e-09,7.327799685299396515e-04
9.435376850888133049e-04,4.558598387660595108e-09,2.500978298485279083e-03,2.099996927427127957e-04,7.894949521869421005e-04,3.753921173910157449e-09,1.897984300740063190e-03
4.312613746151328087e-04,4.558598387660595108e-09,3.880130439171125545e-09,4.873177094850689173e-04,3.421817273974170348e-09,3.753921173910157449e-09,3.599925246788870936e-09
3.932286496421966149e-09,4.558598387660595108e-09,4.786980280186980963e-04,3.525660208225644965e-09,2.601257001515477896e-04,3.753921173910157449e-09,3.599925246788870936e-09
1.467531983507797122e-04,4.558598387660595108e-09,5.676039145328104496e-04,3.525660208225644965e-09,3.421817273974170348e-09,3.753921173910157449e-09,3.599925246788870936e-09
5.430795717984437943e-04,2.437564398860558867e-04,3.880130439171125545e-09,4.127449647057801485e-04,3.421817273974170348e-09,3.753921173910157449e-09,3.599925246788870936e-09
3.932286496421966149e-09,4.558598387660595108e-09,1.765283988788723946e-03,3.525660208225644965e-09,1.329609804088249803e-04,3.753921173910157449e-09,1.332164974883198738e-03
3.932286496421966149e-09,4.558598387660595108e-09,3.880130439171125545e-09,3.525660208225644965e-09,5.271365516819059849e-04,3.753921173910157449e-09,3.599925246788870936e-09
1.296507107326760888e-04,4.558598387660595108e-09,2.489263133611530066e-04,1.988256262848153710e-04,2.362090599490329623e-04,3.753921173910157449e-09,2.103421284118667245e-04
3.932286496421966149e-09,4.558598387660595108e-09,3.149284748360514641e-04,1.895393797894939780e-04,2.018716477323323488e-04,3.753921173910157449e-09,9.674780885688960552e-04
1.829224638640880585e-03,1.345185912214219570e-03,9.326900471933186054e-04,2.961121499538421631e-04,1.063364325091242790e-03,1.042512943968176842e-03,6.095340941101312637e-04
3.932286496421966149e-09,4.558598387660595108e-09,6.893691024743020535e-04,3.525660208225644965e-09,8.068924071267247200e-04,3.753921173910157449e-09,4.259897104930132627e-04
3.932286496421966149e-09,4.558598387660595108e-09,9.357204544357955456e-04,5.400590598583221436e-04,3.421817273974170348e-09,3.753921173910157449e-09,5.096924724057316780e-04
1.414877187926322222e-04,4.558598387660595108e-09,1.587806153111159801e-03,1.036135712638497353e-03,7.394637214019894600e-04,6.015151157043874264e-04,1.716169179417192936e-03
3.932286496421966149e-09,1.771378156263381243e-04,1.557507785037159920e-04,1.842874626163393259e-04,2.721999189816415310e-04,3.753921173910157449e-09,3.599925246788870936e-09
3.932286496421966149e-09,4.558598387660595108e-09,1.661348069319501519e-04,3.525660208225644965e-09,3.557806194294244051e-04,3.753921173910157449e-09,4.450976848602294922e-04
3.932286496421966149e-09,4.558598387660595108e-09,3.880130439171125545e-09,6.119449390098452568e-04,3.421817273974170348e-09,2.798115892801433802e-04,3.599925246788870936e-09
1.067467150278389454e-03,4.558598387660595108e-09,1.389895915053784847e-03,5.910942563787102699e-04,2.520941197872161865e-04,5.325980018824338913e-04,1.461646403186023235e-03
3.932286496421966149e-09,4.558598387660595108e-09,6.848230259492993355e-04,3.525660208225644965e-09,1.344325719401240349e-04,2.327583933947607875e-04,2.535223611630499363e-04
2.852989709936082363e-04,4.558598387660595108e-09,3.880130439171125545e-09,3.525660208225644965e-09,1.639562688069418073e-04,3.753921173910157449e-09,3.599925246788870936e-09
3.932286496421966149e-09,4.558598387660595108e-09,3.880130439171125545e-09,3.525660208225644965e-09,4.731026419904083014e-04,4.516740154940634966e-04,4.973897594027221203e-04
3.932286496421966149e-09,4.558598387660595108e-09,2.264533541165292263e-04,3.525660208225644965e-09,7.355796406045556068e-04,3.753921173910157449e-09,4.633240750990808010e-04
3.932286496421966149e-09,4.558598387660595108e-09,7.858575554564595222e-04,3.525660208225644965e-09,3.421817273974170348e-09,3.753921173910157449e-09,8.809129358269274235e-04
1.255363895324990153e-04,4.558598387660595108e-09,4.348964139353483915e-04,3.525660208225644965e-09,3.016096598003059626e-04,3.753921173910157449e-09,3.599925246788870936e-09
9.215133104589767754e-06,3.595477028284221888e-04,1.118868676712736487e-04,2.470808802002011362e-08,3.421817273974170348e-09,3.753921173910157449e-09,3.599925246788870936e-09
1.699173299130052328e-04,4.558598387660595108e-09,3.438795974943786860e-04,2.344669337617233396e-04,3.421817273974170348e-09,3.455425321590155363e-04,7.836550939828157425e-04
2.559685672167688608e-04,4.558598387660595108e-09,2.266046358272433281e-04,3.525660208225644965e-09,3.421817273974170348e-09,8.828251884551718831e-05,6.290843593887984753e-04
3.932286496421966149e-09,4.558598387660595108e-09,3.880130439171125545e-09,2.863685658667236567e-04,2.506787423044443130e-04,5.150506622157990932e-04,1.830240653362125158e-04
3.932286496421966149e-09,4.558598387660595108e-09,7.176149520091712475e-04,3.525660208225644965e-09,3.421817273974170348e-09,3.753921173910157449e-09,3.599925246788870936e-09
2.795726468320935965e-04,1.962301321327686310e-04,1.736699196044355631e-04,1.804225030355155468e-04,3.421817273974170348e-09,3.753921173910157449e-09,2.234508719993755221e-04
3.932286496421966149e-09,2.073242503684014082e-04,1.670577184995636344e-04,3.525660208225644965e-09,7.839549798518419266e-04,4.961911472491919994e-04,3.599925246788870936e-09
1.530621317215263844e-03,2.549660624936223030e-03,2.070456510409712791e-03,5.056479712948203087e-04,3.814866940956562757e-04,5.199577426537871361e-04,1.704247551970183849e-03
6.208044942468404770e-04,1.834559225244447589e-04,2.539490524213761091e-04,3.387937031220644712e-04,3.816244716290384531e-04,3.753921173910157449e-09,4.198423994239419699e-04
3.932286496421966149e-09,4.558598387660595108e-09,3.880130439171125545e-09,3.525660208225644965e-09,4.732455126941204071e-04,3.753921173910157449e-09,3.599925246788870936e-09
3.932286496421966149e-09,4.558598387660595108e-09,3.880130439171125545e-09,3.525660208225644965e-09,8.732565911486744881e-04,3.174004086758941412e-04,3.599925246788870936e-09
3.932286496421966149e-09,4.558598387660595108e-09,3.880130439171125545e-09,1.811673282645642757e-04,9.959776652976870537e-04,3.753921173910157449e-09,4.804929776582866907e-04
3.932286496421966149e-09,4.558598387660595108e-09,3.880130439171125545e-09,3.525660208225644965e-09,4.169523890595883131e-04,3.753921173910157449e-09,3.599925246788870936e-09
2.658150915522128344e-04,1.900985662359744310e-04,3.167513641528785229e-04,3.525660208225644965e-09,6.562856724485754967e-04,3.753921173910157449e-09,3.599925246788870936e-09
3.932286496421966149e-09,4.558598387660595108e-09,8.734741713851690292e-04,3.525660208225644965e-09,1.621282543055713177e-03,1.052742241881787777e-03,1.574748428538441658e-03
3.932286496421966149e-09,1.934266911121085286e-04,4.746722406707704067e-04,2.154886169591918588e-04,2.205837663495913148e-04,3.753921173910157449e-09,4.614903300534933805e-04
3.932286496421966149e-09,4.503206873778253794e-04,3.880130439171125545e-09,3.525660208225644965e-09,3.421817273974170348e-09,3.753921173910157449e-09,2.334463060833513737e-04
3.932286496421966149e-09,4.558598387660595108e-09,3.880130439171125545e-09,3.525660208225644965e-09,2.169285144191235304e-04,3.753921173910157449e-09,9.487805073149502277e-05
3.932286496421966149e-09,4.558598387660595108e-09,3.880130439171125545e-09,4.880659107584506273e-04,5.005179555155336857e-04,3.753921173910157449e-09,3.599925246788870936e-09
1.693974627414718270e-04,4.558598387660595108e-09,9.590844274498522282e-05,7.010740810073912144e-04,1.377295266138389707e-04,2.608946524560451508e-04,3.599925246788870936e-09
3.932286496421966149e-09,4.558598387660595108e-09,2.087082748403190635e-06,3.525660208225644965e-09,1.244928862433880568e-04,2.078427351079881191e-04,2.799889480229467154e-04
3.932286496421966149e-09,4.558598387660595108e-09,4.936023615300655365e-04,3.525660208225644965e-09,1.418151223333552480e-04,3.753921173910157449e-09,3.599925246788870936e-09
3.970249090343713760e-04,4.558598387660595108e-09,3.880130439171125545e-09,3.525660208225644965e-09,2.260879118693992496e-04,3.753921173910157449e-09,9.332037298008799553e-04
3.932286496421966149e-09,2.643720246851444244e-03,2.075704047456383705e-03,3.525660208225644965e-09,4.996545612812042236e-04,7.554787443950772285e-04,1.708768191747367382e-03
3.094189451076090336e-04,4.558598387660595108e-09,1.799141027731820941e-04,3.525660208225644965e-09,3.421817273974170348e-09,1.092620295821689069e-04,1.999922533286735415e-04
1.550964661873877048e-04,2.214297710452228785e-04,3.880130439171125545e-09,1.676171814324334264e-04,3.421817273974170348e-09,3.753921173910157449e-09,3.599925246788870936e-09
2.433239133097231388e-04,4.558598387660595108e-09,3.880130439171125545e-09,3.064382690354250371e-05,1.265517930733039975e-04,3.753921173910157449e-09,2.449533203616738319e-04
4.272927180863916874e-04,4.558598387660595108e-09,1.001661294139921665e-03,4.626832378562539816e-04,3.421817273974170348e-09,7.268499466590583324e-04,5.573911475948989391e-04
1.317607384407892823e-04,4.558598387660595108e-09,6.031268276274204254e-04,3.525660208225644965e-09,1.731490629026666284e-04,3.753921173910157449e-09,2.989132481161504984e-04
4.920999635942280293e-04,6.374833901645615697e-06,3.880130439171125545e-09,4.719540302176028490e-04,3.421817273974170348e-09,3.753921173910157449e-09,2.372239832766354084e-04
3.932286496421966149e-09,3.372035862412303686e-04,3.880130439171125545e-09,3.812056093011051416e-04,3.421817273974170348e-09,3.753921173910157449e-09,3.599925246788870936e-09
3.932286496421966149e-09,5.322114448063075542e-04,6.654084427282214165e-05,3.525660208225644965e-09,3.421817273974170348e-09,3.753921173910157449e-09,3.599925246788870936e-09
9.973620507253144751e-08,4.558598387660595108e-09,3.917640788131393492e-05,3.525660208225644965e-09,2.003979461733251810e-04,2.216200082330033183e-04,2.073263603961095214e-04
3.932286496421966149e-09,6.377273821271955967e-04,3.880130439171125545e-09,3.525660208225644965e-09,3.421817273974170348e-09,3.535299329087138176e-04,3.599925246788870936e-09
5.236304714344441891e-04,4.558598387660595108e-09,3.880130439171125545e-09,6.457060953835025430e-05,3.421817273974170348e-09,1.104095717892050743e-03,4.209229955449700356e-04
3.932286496421966149e-09,4.558598387660595108e-09,3.627128899097442627e-04,3.024584439117461443e-04,3.421817273974170348e-09,2.286152157466858625e-04,3.599925246788870936e-09
3.951912804041057825e-04,4.558598387660595108e-09,3.880130439171125545e-09,8.319263724843040109e-05,3.421817273974170348e-09,3.753921173910157449e-09,3.599925246788870936e-09
1.568086910992860794e-03,4.558598387660595108e-09,2.227637014584615827e-04,1.243120641447603703e-03,1.483523054048418999e-03,3.753921173910157449e-09,9.571409900672733784e-04
4.301799635868519545e-04,4.558598387660595108e-09,1.943054958246648312e-04,3.525660208225644965e-09,3.421817273974170348e-09,4.586502618622034788e-04,3.599925246788870936e-09
3.932286496421966149e-09,4.558598387660595108e-09,3.880130439171125545e-09,3.525660208225644965e-09,5.686812801286578178e-04,3.753921173910157449e-09,1.142656430602073669e-03
3.932286496421966149e-09,4.558598387660595108e-09,3.880130439171125545e-09,3.525660208225644965e-09,2.928555186372250319e-04,3.328080056235194206e-04,3.599925246788870936e-09
1.869339321274310350e-04,4.558598387660595108e-09,1.602627453394234180e-04,3.105881914962083101e-04,3.421817273974170348e-09,3.753921173910157449e-09,3.599925246788870936e-09
3.932286496421966149e-09,4.558598387660595108e-09,3.880130439171125545e-09,1.665556919761002064e-04,3.940322203561663628e-04,3.753921173910157449e-09,6.575139705091714859e-04
3.932286496421966149e-09,4.558598387660595108e-09,3.880130439171125545e-09,3.525660208225644965e-09,3.615469613578170538e-04,2.088326873490586877e-04,3.599925246788870936e-09
1.372949773212894797e-04,4.558598387660595108e-09,3.880130439171125545e-09,3.593234869185835123e-04,1.615025248611345887e-04,3.753921173910157449e-09,7.557472563348710537e-04
1.365695643471553922e-04,3.385040909051895142e-04,1.642323040869086981e-04,3.525660208225644965e-09,1.640866830712184310e-04,3.753921173910157449e-09,1.751254894770681858e-04
3.932286496421966149e-09,2.057745005004107952e-04,3.584019723348319530e-04,3.525660208225644965e-09,1.312577353473898256e-07,3.753921173910157449e-09,3.599925246788870936e-09
2.780888462439179420e-04,4.558598387660595108e-09,3.880130439171125545e-09,2.716551825869828463e-04,9.882956510409712791e-04,3.753921173910157449e-09,4.673264920711517334e-04
3.932286496421966149e-09,4.558598387660595108e-09,5.651828832924365997e-04,1.852513669291511178e-04,3.421817273974170348e-09,3.753921173910157449e-09,2.087101893266662955e-04
4.099407815374433994e-04,4.558598387660595108e-09,1.881079515442252159e-04,3.525660208225644965e-09,3.421817273974170348e-09,3.753921173910157449e-09,3.599925246788870936e-09
3.932286496421966149e-09,3.492886608000844717e-04,3.880130439171125545e-09,7.661197014385834336e-05,6.025815382599830627e-04,2.348801499465480447e-04,3.599925246788870936e-09
3.741079979135975009e-07,2.977341355290263891e-04,3.880130439171125545e-09,3.525660208225644965e-09,1.336313289357349277e-04,3.753921173910157449e-09,5.834699841216206551e-04
3.932286496421966149e-09,4.558598387660595108e-09,6.317507359199225903e-05,3.525660208225644965e-09,1.706057373667135835e-04,2.284417569171637297e-04,5.182818858884274960e-04
3.932286496421966149e-09,3.349912294652312994e-04,3.880130439171125545e-09,3.525660208225644965e-09,1.280826982110738754e-04,3.753921173910157449e-09,2.500825794413685799e-04
3.932286496421966149e-09,4.558598387660595108e-09,3.880130439171125545e-09,3.525660208225644965e-09,6.946999928914010525e-04,1.526039268355816603e-04,3.599925246788870936e-09
3.932286496421966149e-09,1.744933979352936149e-04,2.137896954081952572e-04,1.940720540005713701e-04,1.200116093968972564e-04,3.753921173910157449e-09,2.520127454772591591e-04
3.932286496421966149e-09,1.058408379321917892e-04,3.439735962729173480e-08,2.788478450383991003e-04,3.421817273974170348e-09,1.864253863459452987e-04,6.622881628572940826e-04
3.072457329835742712e-04,4.558598387660595108e-09,3.880130439171125545e-09,2.397042117081582546e-04,2.368106361245736480e-04,4.348286893218755722e-04,3.294638881925493479e-04
3.932286496421966149e-09,4.558598387660595108e-09,3.880130439171125545e-09,3.525660208225644965e-09,3.714938357006758451e-04,3.753921173910157449e-09,2.697364543564617634e-04
3.932286496421966149e-09,4.558598387660595108e-09,1.148993396782316267e-04,6.764133577235043049e-04,3.421817273974170348e-09,5.519586266018450260e-04,2.673802373465150595e-04
2.709153632167726755e-04,4.558598387660595108e-09,2.309047413291409612e-04,3.525660208225644965e-09,1.489561109337955713e-04,2.202745818067342043e-04,4.211016930639743805e-04
1.341284223599359393e-04,4.558598387660595108e-09,3.880130439171125545e-09,4.043172521051019430e-04,4.254307128803702653e-09,3.753921173910157449e-09,3.599925246788870936e-09
3.932286496421966149e-09,4.558598387660595108e-09,3.880130439171125545e-09,3.525660208225644965e-09,2.209773228969424963e-04,2.324587985640391707e-04,5.380991497077047825e-04
3.932286496421966149e-09,4.558598387660595108e-09,3.277510113548487425e-04,2.127324114553630352e-04,2.523530565667897463e-04,2.012309996644034982e-04,3.599925246788870936e-09
3.078989975620061159e-04,2.796610642690211535e-04,3.880130439171125545e-09,5.973375518806278706e-04,3.421817273974170348e-09,2.037623517026077025e-06,3.599925246788870936e-09
3.932286496421966149e-09,4.558598387660595108e-09,3.880130439171125545e-09,1.857122260844334960e-04,3.421817273974170348e-09,6.880833534523844719e-04,3.625956887844949961e-04
4.410686087794601917e-04,4.558598387660595108e-09,3.880130439171125545e-09,3.525660208225644965e-09,3.421817273974170348e-09,3.753921173910157449e-09,5.861661047674715519e-04
3.932286496421966149e-09,4.558598387660595108e-09,1.740088628139346838e-04,3.525660208225644965e-09,7.534318137913942337e-04,3.753921173910157449e-09,7.738165732007473707e-05
1.565853890497237444e-04,1.988003059523180127e-04,1.665016316110268235e-04,3.525660208225644965e-09,6.754485366400331259e-05,3.753921173910157449e-09,3.276187053415924311e-04
3.932286496421966149e-09,4.558598387660595108e-09,3.880130439171125545e-09,8.526658348273485899e-05,3.400835848879069090e-04,3.753921173910157449e-09,6.146878586150705814e-04
3.932286496421966149e-09,4.558598387660595108e-09,3.880130439171125545e-09,3.525660208225644965e-09,3.117907908745110035e-04,3.753921173910157449e-09,3.599925246788870936e-09
1.316211128141731024e-04,4.558598387660595108e-09,3.880130439171125545e-09,7.981290691532194614e-04,1.344791264273226261e-03,1.163649256341159344e-03,2.145697653759270906e-04
3.932286496421966149e-09,4.558598387660595108e-09,3.880130439171125545e-09,3.525660208225644965e-09,1.288518542423844337e-04,4.141176759731024504e-04,2.194458938902243972e-04
3.932286496421966149e-09,4.856903979089111090e-04,1.685805968008935452e-03,3.525660208225644965e-09,3.421817273974170348e-09,2.743472286965698004e-04,1.489608664996922016e-03
1.721297157928347588e-04,1.957723870873451233e-03,1.796237891539931297e-03,2.222607145085930824e-04,3.429159696679562330e-04,5.604633479379117489e-04,1.863831654191017151e-03
3.932286496421966149e-09,4.558598387660595108e-09,5.131181678734719753e-04,4.976475029252469540e-04,2.929292386397719383e-04,3.753921173910157449e-09,9.698892245069146156e-04
3.932286496421966149e-09,4.558598387660595108e-09,3.880130439171125545e-09,2.655053103808313608e-04,2.767603145912289619e-04,3.753921173910157449e-09,3.599925246788870936e-09
3.821213613264262676e-04,4.558598387660595108e-09,1.624357537366449833e-04,3.525660208225644965e-09,3.421817273974170348e-09,3.753921173910157449e-09,3.599925246788870936e-09
6.533036939799785614e-04,8.006667485460639000e-04,3.880130439171125545e-09,1.850796979852020741e-04,3.421817273974170348e-09,2.499961119610816240e-04,6.008389173075556755e-04
2.311577991349622607e-04,4.558598387660595108e-09,3.880130439171125545e-09,7.012842106632888317e-04,3.421817273974170348e-09,3.753921173910157449e-09,2.315542660653591156e-04
2.619601727928966284e-04,4.558598387660595108e-09,3.126663796138018370e-04,3.525660208225644965e-09,3.421817273974170348e-09,3.753921173910157449e-09,4.564471601042896509e-04
3.932286496421966149e-09,4.558598387660595108e-09,3.880130439171125545e-09,6.826198659837245941e-04,2.872471523005515337e-04,4.789532686118036509e-04,3.544245555531233549e-04
1.349563681287690997e-04,1.660515263210982084e-04,3.880130439171125545e-09,3.525660208225644965e-09,3.421817273974170348e-09,3.753921173910157449e-09,4.474581219255924225e-04
3.932286496421966149e-09,4.558598387660595108e-09,3.880130439171125545e-09,3.525660208225644965e-09,9.218651684932410717e-04,6.596557796001434326e-04,3.599925246788870936e-09
1.268893975066021085e-04,4.558598387660595108e-09,3.880130439171125545e-09,3.525660208225644965e-09,1.387780486084011500e-07,2.502760326024144888e-04,3.152753924950957298e-04
1.333973923465237021e-04,4.558598387660595108e-09,3.880130439171125545e-09,3.610868006944656372e-04,1.289451611228287220e-04,3.753921173910157449e-09,3.599925246788870936e-09
1.404750364599749446e-04,5.311811692081391811e-04,6.150023546069860458e-04,3.525660208225644965e-09,3.421817273974170348e-09,1.657492248341441154e-04,2.385386906098574400e-04
3.932286496421966149e-09,4.558598387660595108e-09,3.880130439171125545e-09,3.525660208225644965e-09,6.387876928783953190e-04,2.388077264185994864e-04,3.599925246788870936e-09
3.932286496421966149e-09,3.783864958677440882e-04,4.014215082861483097e-04,3.525660208225644965e-09,3.421817273974170348e-09,3.753921173910157449e-09,2.058302197838202119e-04
3.859195567201822996e-04,4.558598387660595108e-09,3.880130439171125545e-09,1.705699833109974861e-04,3.421817273974170348e-09,3.753921173910157449e-09,4.228176258038729429e-04
2.532699145376682281e-04,1.760454179020598531e-04,3.880130439171125545e-09,1.788566733011975884e-04,3.421817273974170348e-09,3.753921173910157449e-09,8.274457650259137154e-04
1.512853486929088831e-04,1.820286270231008530e-04,4.055408680869732052e-06,3.525660208225644965e-09,3.421817273974170348e-09,4.088146379217505455e-04,4.406660154927521944e-04
3.932286496421966149e-09,4.558598387660595108e-09,3.880130439171125545e-09,3.525660208225644965e-09,5.041445256210863590e-04,3.753921173910157449e-09,3.083580813836306334e-04
3.932286496421966149e-09,4.469220584724098444e-04,3.880130439171125545e-09,3.525660208225644965e-09,3.421817273974170348e-09,3.753921173910157449e-09,6.182874785736203194e-04
3.932286496421966149e-09,4.558598387660595108e-09,3.880130439171125545e-09,2.179404691560193896e-04,5.110938218422234058e-04,3.753921173910157449e-09,3.599925246788870936e-09
5.386873963288962841e-04,4.558598387660595108e-09,3.880130439171125545e-09,1.830969995353370905e-04,3.421817273974170348e-09,3.753921173910157449e-09,3.599925246788870936e-09
2.657988807186484337e-04,4.558598387660595108e-09,1.738495921017602086e-04,2.110096538672223687e-04,3.421817273974170348e-09,3.753921173910157449e-09,2.311130374437198043e-04
3.932286496421966149e-09,4.558598387660595108e-09,3.880130439171125545e-09,2.819214423652738333e-04,2.467167214490473270e-04,3.753921173910157449e-09,3.599925246788870936e-09
3.932286496421966149e-09,4.558598387660595108e-09,3.880130439171125545e-09,2.121958532370626926e-04,1.480496255680918694e-03,3.097212756983935833e-04,3.599925246788870936e-09
3.932286496421966149e-09,4.558598387660595108e-09,3.880130439171125545e-09,1.581074320711195469e-04,3.421817273974170348e-09,2.238024462712928653e-04,3.510024980641901493e-04
3.932286496421966149e-09,4.558598387660595108e-09,3.880130439171125545e-09,3.632879524957388639e-04,2.713638532441109419e-04,3.753921173910157449e-09,3.599925246788870936e-09
3.932286496421966149e-09,4.558598387660595108e-09,3.880130439171125545e-09,4.575978091452270746e-04,1.525312894955277443e-03,1.253980095498263836e-03,3.146262606605887413e-04
3.932286496421966149e-09,4.558598387660595108e-09,3.880130439171125545e-09,3.525660208225644965e-09,7.864614599384367466e-04,3.753921173910157449e-09,3.599925246788870936e-09
3.932286496421966149e-09,4.558598387660595108e-09,3.880130439171125545e-09,1.841885095927864313e-04,3.195489698555320501e-04,3.753921173910157449e-09,3.745662979781627655e-04
3.932286496421966149e-09,5.332613363862037659e-04,3.880130439171125545e-09,3.525660208225644965e-09,1.195791992358863354e-04,2.032623015111312270e-04,3.599925246788870936e-09
3.730191383510828018e-04,1.126079150708392262e-04,3.880130439171125545e-09,3.525660208225644965e-09,3.421817273974170348e-09,2.044368011411279440e-04,3.599925246788870936e-09
1.932574086822569370e-04,3.789761394727975130e-04,1.179306418634951115e-03,2.919954422395676374e-04,8.945461013354361057e-04,3.753921173910157449e-09,3.806299937423318624e-04
3.932286496421966149e-09,4.558598387660595108e-09,5.849897279404103756e-04,1.900880597531795502e-04,3.747822192963212729e-04,3.753921173910157449e-09,3.599925246788870936e-09
3.932286496421966149e-09,4.558598387660595108e-09,3.880130439171125545e-09,3.525660208225644965e-09,4.063978267367929220e-04,3.753921173910157449e-09,3.599925246788870936e-09
4.196508380118757486e-04,2.823945251293480396e-04,3.532634000293910503e-04,1.781743630999699235e-04,3.421817273974170348e-09,6.603058864129707217e-05,3.599925246788870936e-09
3.932286496421966149e-09,4.558598387660595108e-09,3.880130439171125545e-09,3.525660208225644965e-09,2.313481818418949842e-04,4.667829489335417747e-04,3.599925246788870936e-09
1.342511241091415286e-04,1.367462798953056335e-03,2.052444033324718475e-03,3.525660208225644965e-09,1.603061245987191796e-04,5.378088681027293205e-04,1.529664383269846439e-03
3.932286496421966149e-09,4.558598387660595108e-09,2.008038572967052460e-04,1.104742521420121193e-03,2.565055619925260544e-04,3.753921173910157449e-09,2.425521233817562461e-04
3.932286496421966149e-09,4.558598387660595108e-09,3.880130439171125545e-09,3.525660208225644965e-09,5.398623179644346237e-04,3.753921173910157449e-09,3.599925246788870936e-09
4.651724593713879585e-04,4.558598387660595108e-09,4.564496339298784733e-04,4.301497247070074081e-04,3.421817273974170348e-09,3.753921173910157449e-09,3.150356642436236143e-04
3.932286496421966149e-09,6.288407021202147007e-04,2.279234104207716882e-05,2.052990894299000502e-04,3.421817273974170348e-09,3.753921173910157449e-09,3.599925246788870936e-09
1.516240590717643499e-04,4.558598387660595108e-09,3.880130439171125545e-09,5.869080778211355209e-04,5.571226938627660275e-04,3.753921173910157449e-09,2.337690384592860937e-04
3.932286496421966149e-09,4.558598387660595108e-09,3.741832624655216932e-04,1.892997970571741462e-04,3.421817273974170348e-09,2.573138044681400061e-04,2.007522125495597720e-04
2.073238574666902423e-04,9.389871265739202499e-04,2.938018587883561850e-04,3.525660208225644965e-09,3.421817273974170348e-09,3.753921173910157449e-09,3.599925246788870936e-09
3.932286496421966149e-09,4.558598387660595108e-09,5.030590691603720188e-04,3.525660208225644965e-09,3.421817273974170348e-09,3.753921173910157449e-09,2.419385709799826145e-04
2.478959213476628065e-04,6.221529911272227764e-04,2.968614862766116858e-04,3.525660208225644965e-09,1.813362032407894731e-04,3.753921173910157449e-09,5.559536512009799480e-04
5.447455914691090584e-04,4.558598387660595108e-09,3.880130439171125545e-09,3.525660208225644965e-09,3.421817273974170348e-09,1.303379685850813985e-04,3.599925246788870936e-09
4.955700132995843887e-04,5.541738355532288551e-04,3.880130439171125545e-09,2.646521606948226690e-04,3.421817273974170348e-09,1.993009936995804310e-04,2.492513158358633518e-04
3.932286496421966149e-09,4.558598387660595108e-09,5.289851105771958828e-04,2.697255695238709450e-04,9.008407942019402981e-04,3.753921173910157449e-09,1.518630888313055038e-03
3.932286496421966149e-09,5.820227670483291149e-04,3.295789065305143595e-04,3.525660208225644965e-09,3.421817273974170348e-09,2.414559567114338279e-04,3.599925246788870936e-09
1.493775198468938470e-04,4.558598387660595108e-09,3.880130439171125545e-09,3.525660208225644965e-09,3.421817273974170348e-09,4.351337265688925982e-04,3.599925246788870936e-09
1.199363541672937572e-04,6.862141890451312065e-04,4.933495074510574341e-04,3.525551001075655222e-04,3.421817273974170348e-09,3.228585119359195232e-04,2.276997111039236188e-04
6.360607221722602844e-04,4.558598387660595108e-09,1.058165333233773708e-03,3.525660208225644965e-09,9.224402601830661297e-04,3.753921173910157449e-09,5.902543780393898487e-04
7.832703995518386364e-04,6.035558762960135937e-04,3.880130439171125545e-09,3.525660208225644965e-09,3.421817273974170348e-09,7.151060272008180618e-04,3.599925246788870936e-09
3.932286496421966149e-09,4.558598387660595108e-09,3.880130439171125545e-09,3.970435354858636856e-04,1.274868845939636230e-04,3.753921173910157449e-09,3.599925246788870936e-09
3.932286496421966149e-09,4.558598387660595108e-09,3.880130439171125545e-09,3.525660208225644965e-09,9.487478528171777725e-04,4.633794014807790518e-04,3.599925246788870936e-09
3.932286496421966149e-09,4.558598387660595108e-09,3.880130439171125545e-09,4.933248856104910374e-04,1.818350756366271526e-05,3.753921173910157449e-09,3.599925246788870936e-09
1.170150571851991117e-04,4.558598387660595108e-09,6.465011392720043659e-04,3.525660208225644965e-09,8.624486508779227734e-04,3.753921173910157449e-09,9.775877697393298149e-04
5.438246880657970905e-04,2.729731786530464888e-04,1.925193471834063530e-03,7.590661989524960518e-04,1.026404206641018391e-03,1.286247279495000839e-03,6.403379957191646099e-04
1.315595582127571106e-04,4.558598387660595108e-09,2.600938314571976662e-04,3.525660208225644965e-09,2.360797370783984661e-04,3.753921173910157449e-09,4.016333841718733311e-04
3.932286496421966149e-09,4.558598387660595108e-09,6.769511965103447437e-04,3.525660208225644965e-09,1.879714662209153175e-03,2.182863419875502586e-03,1.740372274070978165e-03
1.954465260496363044e-04,3.328153106849640608e-04,3.224574611522257328e-04,3.525660208225644965e-09,3.421817273974170348e-09,3.753921173910157449e-09,3.599925246788870936e-09
2.040225372184067965e-04,7.353310356847941875e-04,6.494167610071599483e-05,3.525660208225644965e-09,3.421817273974170348e-09,3.753921173910157449e-09,3.599925246788870936e-09
1.651837228564545512e-04,4.558598387660595108e-09,6.714059854857623577e-04,3.525660208225644965e-09,3.421817273974170348e-09,3.125239745713770390e-04,5.390523583628237247e-04
3.932286496421966149e-09,4.558598387660595108e-09,3.880130439171125545e-09,3.525660208225644965e-09,8.811782463453710079e-04,7.007915410213172436e-04,3.599925246788870936e-09
3.932286496421966149e-09,4.558598387660595108e-09,3.880130439171125545e-09,5.553351365961134434e-04,6.284635746851563454e-04,5.761563661508262157e-04,5.306610837578773499e-04
3.680404624901711941e-04,4.558598387660595108e-09,3.880130439171125545e-09,3.274831979069858789e-04,3.421817273974170348e-09,3.753921173910157449e-09,3.599925246788870936e-09
2.065415319520980120e-04,3.640723589342087507e-04,1.030382467433810234e-03,3.525660208225644965e-09,8.866259013302624226e-04,7.156008505262434483e-04,4.890321288257837296e-04
3.932286496421966149e-09,4.558598387660595108e-09,3.880130439171125545e-09,3.525660208225644965e-09,3.733084595296531916e-04,3.753921173910157449e-09,2.719689218793064356e-04
3.932286496421966149e-09,4.558598387660595108e-09,3.880130439171125545e-09,3.525660208225644965e-09,5.291656125336885452e-04,3.753921173910157449e-09,3.599925246788870936e-09
3.932286496421966149e-09,4.558598387660595108e-09,7.157289073802530766e-04,3.525660208225644965e-09,4.805394273716956377e-04,2.402408572379499674e-04,3.599925246788870936e-09
3.484646149445325136e-04,4.558598387660595108e-09,3.880130439171125545e-09,3.525660208225644965e-09,3.421817273974170348e-09,3.687486168928444386e-04,3.599925246788870936e-09
1.426186499884352088e-04,2.432796691209659912e-06,1.868484687292948365e-04,2.710096014197915792e-04,3.421817273974170348e-09,2.584543835837393999e-04,3.599925246788870936e-09
3.932286496421966149e-09,4.558598387660595108e-09,3.880130439171125545e-09,3.525660208225644965e-09,4.164280544500797987e-04,3.753921173910157449e-09,3.599925246788870936e-09
3.932286496421966149e-09,2.298575709573924541e-04,3.958753077313303947e-04,3.525660208225644965e-09,3.421817273974170348e-09,1.516900083515793085e-04,1.422540226485580206e-04
4.040972271468490362e-04,4.558598387660595108e-09,3.880130439171125545e-09,3.525660208225644965e-09,1.967095449799671769e-04,3.753921173910157449e-09,8.408160065300762653e-04
3.932286496421966149e-09,3.710599849000573158e-04,1.903388692880980670e-05,3.525660208225644965e-09,3.421817273974170348e-09,3.753921173910157449e-09,3.020607400685548782e-04
3.932286496421966149e-09,4.558598387660595108e-09,3.880130439171125545e-09,2.408876462141051888e-04,3.421817273974170348e-09,2.768255944829434156e-04,4.710635694209486246e-04
3.932286496421966149e-09,2.266442897962406278e-04,3.880130439171125545e-09,3.525660208225644965e-09,4.227984754834324121e-04,1.365815405733883381e-04,4.374894197098910809e-04
3.932286496421966149e-09,4.558598387660595108e-09,3.880130439171125545e-09,3.525660208225644965e-09,3.903458127751946449e-04,3.753921173910157449e-09,2.410652232356369495e-04
3.932286496421966149e-09,4.558598387660595108e-09,3.880130439171125545e-09,2.042951091425493360e-04,6.045955815352499485e-04,3.753921173910157449e-09,4.927449044771492481e-04
3.932286496421966149e-09,1.921471557579934597e-04,9.032949456013739109e-04,3.525660208225644965e-09,1.300749019719660282e-03,4.357450525276362896e-04,3.599925246788870936e-09
3.043063625227659941e-04,3.339602262713015079e-04,4.203781136311590672e-04,3.204542445018887520e-04,3.421817273974170348e-09,6.031636730767786503e-04,1.717240957077592611e-04
3.932286496421966149e-09,4.558598387660595108e-09,3.880130439171125545e-09,3.525660208225644965e-09,4.902215441688895226e-04,3.753921173910157449e-09,3.599925246788870936e-09
3.932286496421966149e-09,4.587271832861006260e-04,3.880130439171125545e-09,3.525660208225644965e-09,3.421817273974170348e-09,3.753921173910157449e-09,2.380684163654223084e-04
3.932286496421966149e-09,4.558598387660595108e-09,3.880130439171125545e-09,1.708351628622040153e-04,3.581976052373647690e-04,3.753921173910157449e-09,3.599925246788870936e-09
3.932286496421966149e-09,4.558598387660595108e-09,3.377958491910248995e-04,3.525660208225644965e-09,4.974741605110466480e-04,3.753921173910157449e-09,3.599925246788870936e-09
3.932286496421966149e-09,4.558598387660595108e-09,3.880130439171125545e-09,3.525660208225644965e-09,9.208414849126711488e-05,4.328645009081810713e-04,3.599925246788870936e-09
2.107478067046031356e-04,4.558598387660595108e-09,3.880130439171125545e-09,1.819043682189658284e-04,3.421817273974170348e-09,3.753921173910157449e-09,3.418754204176366329e-04
3.932286496421966149e-09,3.881367738358676434e-04,3.052687970921397209e-04,1.314676337642595172e-04,3.421817273974170348e-09,3.753921173910157449e-09,3.154228907078504562e-04
3.932286496421966149e-09,1.879749761428683996e-04,8.387611014768481255e-04,3.525660208225644965e-09,1.554234331706538796e-04,5.411765305325388908e-04,4.472996224649250507e-04
1.385370705975219607e-04,4.558598387660595108e-09,3.880130439171125545e-09,4.974317853339016438e-04,3.421817273974170348e-09,2.765981771517544985e-04,3.599925246788870936e-09
3.932286496421966149e-09,4.558598387660595108e-09,1.702578592812642455e-04,2.824828552547842264e-04,1.210795599035918713e-04,3.753921173910157449e-09,3.599925246788870936e-09
8.180349832400679588e-04,1.891670981422066689e-04,9.054474649019539356e-04,2.576282713562250137e-04,3.979056491516530514e-04,4.326308262534439564e-04,5.302496720105409622e-04
1.270212815143167973e-04,4.558598387660595108e-09,7.094813190633431077e-05,3.525660208225644965e-09,5.104437586851418018e-04,3.753921173910157449e-09,5.457065417431294918e-04
2.680852194316685200e-04,1.735862024361267686e-04,1.306183985434472561e-04,3.525660208225644965e-09,3.421817273974170348e-09,3.753921173910157449e-09,3.599925246788870936e-09
3.932286496421966149e-09,4.558598387660595108e-09,1.564022619277238846e-03,2.064735308522358537e-04,1.750261173583567142e-03,2.088319743052124977e-03,1.944249146617949009e-03
1.437292376067489386e-04,4.558598387660595108e-09,3.880130439171125545e-09,3.525660208225644965e-09,3.577487368602305651e-04,3.753921173910157449e-09,2.547037147451192141e-04
3.932286496421966149e-09,4.558598387660595108e-09,4.089247086085379124e-04,3.525660208225644965e-09,6.105037173256278038e-04,1.291322638280689716e-03,9.579377365298569202e-04
9.645849931985139847e-04,5.006036371923983097e-04,1.599463139427825809e-04,6.236489862203598022e-04,4.534567124210298061e-04,5.501071573235094547e-04,4.530301375780254602e-04
7.523398380726575851e-04,1.448741764761507511e-03,1.780313177732750773e-04,3.341265255585312843e-04,3.421817273974170348e-09,9.734370978549122810e-04,3.599925246788870936e-09
3.932286496421966149e-09,4.558598387660595108e-09,3.880130439171125545e-09,3.525660208225644965e-09,1.502901432104408741e-03,8.963839500211179256e-04,5.339714698493480682e-04
1.221317652380093932e-04,4.558598387660595108e-09,7.112910971045494080e-04,3.525660208225644965e-09,8.497785311192274094e-04,2.151637891074642539e-04,4.861272464040666819e-04
2.695757430046796799e-04,4.558598387660595108e-09,3.880130439171125545e-09,2.165715413866564631e-04,3.421817273974170348e-09,3.753921173910157449e-09,2.009787858696654439e-04
1.472302828915417194e-04,4.356264544185250998e-04,1.164059969596564770e-03,5.691890328307636082e-05,9.863215964287519455e-04,1.000441377982497215e-03,1.607153535587713122e-04
3.932286496421966149e-09,4.558598387660595108e-09,3.672817547339946032e-04,3.525660208225644965e-09,9.681047231424599886e-05,2.853165206033736467e-04,3.599925246788870936e-09
3.932286496421966149e-09,2.105435705743730068e-04,3.356916422490030527e-04,1.756735291564837098e-04,3.421817273974170348e-09,3.753921173910157449e-09,5.918075912632048130e-04
2.675503201317042112e-04,4.205155128147453070e-04,3.574926522560417652e-04,3.525660208225644965e-09,3.421817273974170348e-09,3.753921173910157449e-09,4.677306860685348511e-04
2.824785187840461731e-04,4.558598387660595108e-09,5.589133943431079388e-04,3.525660208225644965e-09,3.421817273974170348e-09,2.211821265518665314e-04,4.457368049770593643e-04
3.932286496421966149e-09,2.146178158000111580e-04,6.234334432519972324e-04,3.525660208225644965e-09,3.421817273974170348e-09,3.753921173910157449e-09,3.599925246788870936e-09
1.341786846751347184e-04,1.825896470109000802e-04,9.920863667502999306e-04,3.525660208225644965e-09,3.421817273974170348e-09,3.753921173910157449e-09,3.599925246788870936e-09
2.779705100692808628e-04,4.558598387660595108e-09,5.629517254419624805e-04,3.525660208225644965e-09,3.421817273974170348e-09,3.753921173910157449e-09,2.211299288319423795e-04
1.387413649354130030e-04,4.558598387660595108e-09,5.265852669253945351e-04,3.525660208225644965e-09,3.421817273974170348e-09,3.753921173910157449e-09,3.599925246788870936e-09
3.932286496421966149e-09,4.558598387660595108e-09,4.645088338293135166e-04,3.525660208225644965e-09,3.421817273974170348e-09,2.194964035879820585e-04,3.599925246788870936e-09
3.932286496421966149e-09,4.558598387660595108e-09,3.880130439171125545e-09,3.525660208225644965e-09,4.809139063581824303e-04,3.753921173910157449e-09,3.599925246788870936e-09
3.283667028881609440e-04,3.675379848573356867e-04,3.880130439171125545e-09,3.525660208225644965e-09,3.421817273974170348e-09,6.098599405959248543e-04,3.599925246788870936e-09
3.932286496421966149e-09,4.558598387660595108e-09,6.113617564551532269e-04,3.525660208225644965e-09,5.074521177448332310e-04,3.753921173910157449e-09,5.092612118460237980e-04
4.838669265154749155e-04,2.376154589001089334e-04,1.583689736435189843e-04,3.525660208225644965e-09,2.059683174593374133e-04,2.478953392710536718e-04,5.013716290704905987e-04
1.317080896114930511e-04,3.434311656747013330e-04,1.657063694437965751e-04,3.525660208225644965e-09,3.421817273974170348e-09,3.753921173910157449e-09,3.599925246788870936e-09
4.256803949829190969e-04,4.558598387660595108e-09,1.883403601823374629e-04,3.525660208225644965e-09,3.421817273974170348e-09,2.332176809431985021e-04,3.599925246788870936e-09
3.932286496421966149e-09,4.558598387660595108e-09,3.880130439171125545e-09,2.800259062496479601e-05,3.421817273974170348e-09,2.228130906587466598e-04,6.477596471086144447e-04
1.147501869127154350e-03,4.558598387660595108e-09,8.826049743220210075e-04,4.110823210794478655e-04,6.062600878067314625e-04,3.753921173910157449e-09,1.000758609734475613e-03
3.932286496421966149e-09,7.514636963605880737e-04,1.562694087624549866e-04,3.525660208225644965e-09,2.717682218644768000e-04,8.274591527879238129e-04,3.090411191806197166e-04
3.705673152580857277e-04,4.558598387660595108e-09,3.880130439171125545e-09,3.525660208225644965e-09,3.421817273974170348e-09,2.285852970089763403e-04,2.348483249079436064e-04
5.573664093390107155e-04,1.849456893978640437e-04,3.880130439171125545e-09,3.525660208225644965e-09,3.421817273974170348e-09,3.753921173910157449e-09,3.599925246788870936e-09
3.932286496421966149e-09,4.558598387660595108e-09,3.880130439171125545e-09,1.677880645729601383e-04,3.421817273974170348e-09,2.196632849518209696e-04,4.844347422476857901e-04
3.932286496421966149e-09,4.558598387660595108e-09,7.738274289295077324e-04,1.914985477924346924e-04,1.321481104241684079e-04,3.753921173910157449e-09,5.995058454573154449e-04
1.406601077178493142e-04,8.256693254224956036e-04,1.931775332195684314e-04,1.962847745744511485e-04,3.421817273974170348e-09,3.938823065254837275e-04,2.400578669039532542e-04
2.676087315194308758e-04,4.558598387660595108e-09,3.880130439171125545e-09,3.525660208225644965e-09,3.421817273974170348e-09,3.753921173910157449e-09,5.491320043802261353e-04
3.932286496421966149e-09,4.558598387660595108e-09,3.880130439171125545e-09,1.896594476420432329e-04,5.627045538858510554e-05,4.233795625623315573e-04,3.599925246788870936e-09
3.932286496421966149e-09,4.558598387660595108e-09,3.880130439171125545e-09,1.324310433119535446e-04,3.421817273974170348e-09,5.175088299438357353e-04,3.599925246788870936e-09
3.932286496421966149e-09,1.788608205970376730e-04,1.702983572613447905e-04,1.845805090852081776e-04,1.997054205276072025e-04,3.753921173910157449e-09,3.599925246788870936e-09
2.828742726705968380e-04,4.558598387660595108e-09,3.880130439171125545e-09,2.742348879110068083e-04,3.421817273974170348e-09,3.753921173910157449e-09,3.599925246788870936e-09
1.423541543772444129e-04,4.558598387660595108e-09,4.060554783791303635e-04,3.525660208225644965e-09,3.421817273974170348e-09,3.753921173910157449e-09,2.109965862473472953e-04
1.688971824478358030e-04,4.558598387660595108e-09,3.880130439171125545e-09,6.354341749101877213e-04,4.217616224195808172e-04,4.094535543117672205e-04,1.300863914366345853e-05
3.932286496421966149e-09,7.451856508851051331e-04,2.546711475588381290e-04,2.146985061699524522e-04,3.421817273974170348e-09,5.449287127703428268e-04,3.599925246788870936e-09
3.932286496421966149e-09,4.558598387660595108e-09,3.880130439171125545e-09,3.525660208225644965e-09,3.221482038497924805e-04,8.247569203376770020e-04,3.599925246788870936e-09
5.843662656843662262e-04,4.558598387660595108e-09,2.022364205913618207e-04,3.525660208225644965e-09,3.421817273974170348e-09,3.753921173910157449e-09,3.599925246788870936e-09
3.932286496421966149e-09,4.558598387660595108e-09,3.880130439171125545e-09,3.525660208225644965e-09,6.253426545299589634e-04,3.753921173910157449e-09,3.599925246788870936e-09
3.932286496421966149e-09,4.558598387660595108e-09,3.880130439171125545e-09,3.525660208225644965e-09,5.505123408511281013e-04,3.753921173910157449e-09,3.599925246788870936e-09
3.932286496421966149e-09,4.558598387660595108e-09,3.880130439171125545e-09,3.525660208225644965e-09,6.581366760656237602e-04,9.172357385978102684e-04,5.401080707088112831e-04
3.932286496421966149e-09,1.622610870981588960e-04,1.870933047030121088e-04,3.525660208225644965e-09,3.421817273974170348e-09,3.753921173910157449e-09,5.618616123683750629e-04
3.932286496421966149e-09,4.558598387660595108e-09,3.880130439171125545e-09,3.525660208225644965e-09,3.294698544777929783e-04,4.092601884622126818e-04,2.179266593884676695e-04
4.705813480541110039e-04,1.032869913615286350e-03,3.553332935553044081e-04,3.525660208225644965e-09,3.421817273974170348e-09,3.753921173910157449e-09,3.599925246788870936e-09
3.932286496421966149e-09,4.558598387660595108e-09,3.880130439171125545e-09,3.525660208225644965e-09,3.421817273974170348e-09,3.753921173910157449e-09,7.274374947883188725e-04
3.932286496421966149e-09,7.459471817128360271e-04,1.521258731372654438e-03,3.525660208225644965e-09,8.644686895422637463e-04,5.429311422631144524e-04,1.535962655907496810e-04
1.297215349040925503e-04,4.558598387660595108e-09,3.880130439171125545e-09,2.021041291300207376e-04,4.812839033547788858e-04,3.753921173910157449e-09,3.599925246788870936e-09
3.932286496421966149e-09,6.690877489745616913e-04,1.376552536385133862e-04,3.525660208225644965e-09,3.421817273974170348e-09,3.753921173910157449e-09,3.599925246788870936e-09
3.932286496421966149e-09,4.558598387660595108e-09,3.880130439171125545e-09,3.538877645041793585e-04,2.100674028042703867e-04,3.753921173910157449e-09,2.969894849229604006e-04
3.098422312177717686e-04,4.558598387660595108e-09,2.093654329655691981e-04,3.525660208225644965e-09,3.421817273974170348e-09,2.851444296538829803e-04,2.261334593640640378e-04
3.932286496421966149e-09,4.558598387660595108e-09,1.018036738969385624e-03,5.597755662165582180e-04,1.562254503369331360e-03,1.559376716613769531e-03,1.961146481335163116e-03
1.289022475248202682e-04,4.558598387660595108e-09,3.880130439171125545e-09,3.525660208225644965e-09,2.395213523413985968e-04,2.711813140194863081e-04,3.599925246788870936e-09
3.932286496421966149e-09,4.558598387660595108e-09,3.880130439171125545e-09,3.525660208225644965e-09,2.495912485755980015e-04,3.753921173910157449e-09,3.219450300093740225e-04
3.932286496421966149e-09,4.558598387660595108e-09,3.880130439171125545e-09,3.970388497691601515e-04,1.543331891298294067e-04,3.753921173910157449e-09,3.599925246788870936e-09
3.932286496421966149e-09,4.558598387660595108e-09,1.993410734257849981e-07,3.525660208225644965e-09,5.746768438257277012e-04,4.625566070899367332e-04,9.075331036001443863e-04
2.494552754797041416e-04,4.558598387660595108e-09,7.856986485421657562e-05,3.525660208225644965e-09,3.421817273974170348e-09,3.753921173910157449e-09,3.420139837544411421e-04
2.587912895251065493e-04,4.558598387660595108e-09,3.880130439171125545e-09,4.243649891577661037e-04,3.421817273974170348e-09,3.753921173910157449e-09,3.599925246788870936e-09
1.310145016759634018e-04,4.558598387660595108e-09,3.880130439171125545e-09,3.068268415518105030e-04,3.421817273974170348e-09,3.753921173910157449e-09,2.223792398581281304e-04
2.709104155655950308e-04,4.558598387660595108e-09,3.880130439171125545e-09,3.525660208225644965e-09,1.577452640049159527e-04,3.753921173910157449e-09,3.599925246788870936e-09
2.961334830615669489e-04,4.558598387660595108e-09,3.880130439171125545e-09,9.794408688321709633e-04,2.666923974175006151e-04,3.753921173910157449e-09,2.825303527060896158e-04
1.395471044816076756e-04,4.558598387660595108e-09,3.880130439171125545e-09,3.525660208225644965e-09,2.979688870254904032e-04,7.377967704087495804e-04,3.599925246788870936e-09
3.932286496421966149e-09,1.467386755393818021e-04,3.880130439171125545e-09,3.601083008106797934e-04,1.395690924255177379e-04,3.753921173910157449e-09,3.599925246788870936e-09
4.383089253678917885e-04,4.558598387660595108e-09,8.804110984783619642e-05,3.525660208225644965e-09,3.421817273974170348e-09,3.753921173910157449e-09,6.532452534884214401e-04
2.275507431477308273e-03,7.655231747776269913e-04,1.182124600745737553e-03,1.371871097944676876e-03,1.297385198995471001e-03,1.795244286768138409e-03,2.009048825129866600e-03
3.932286496421966149e-09,4.558598387660595108e-09,3.880130439171125545e-09,3.525660208225644965e-09,1.981025561690330505e-04,3.753921173910157449e-09,4.742930177599191666e-04
2.934469666797667742e-04,2.094505616696551442e-04,5.479390965774655342e-04,1.888496190076693892e-04,1.407691743224859238e-04,3.753921173910157449e-09,3.599925246788870936e-09
1.560499076731503010e-04,6.598792970180511475e-04,3.880130439171125545e-09,1.527574495412409306e-04,3.421817273974170348e-09,9.550702088745310903e-05,3.599925246788870936e-09
4.407844098750501871e-04,2.086768363369628787e-04,3.880130439171125545e-09,5.077348323538899422e-04,1.761244348017498851e-04,2.342571533517912030e-04,3.551911213435232639e-04
3.221688093617558479e-04,4.558598387660595108e-09,3.321341937407851219e-04,3.508615482132881880e-04,3.421817273974170348e-09,3.753921173910157449e-09,3.278326475992798805e-04
6.999449688009917736e-04,4.558598387660595108e-09,2.041190891759470105e-04,3.525660208225644965e-09,3.421817273974170348e-09,3.753921173910157449e-09,2.043786662397906184e-04
3.932286496421966149e-09,4.558598387660595108e-09,3.880130439171125545e-09,3.383390430826693773e-04,1.162110784207470715e-04,3.753921173910157449e-09,1.903458614833652973e-04
3.932286496421966149e-09,3.950288228224962950e-04,1.645809825276955962e-04,3.525660208225644965e-09,1.815102732507511973e-04,3.753921173910157449e-09,3.599925246788870936e-09
2.748118131421506405e-04,4.558598387660595108e-09,2.807320270221680403e-04,3.262781247030943632e-04,3.421817273974170348e-09,2.449804160278290510e-04,3.102093760389834642e-04
3.932286496421966149e-09,4.558598387660595108e-09,3.100851026829332113e-04,3.525660208225644965e-09,3.922930045519024134e-04,3.753921173910157449e-09,3.599925246788870936e-09
3.932286496421966149e-09,4.558598387660595108e-09,3.880130439171125545e-09,3.525660208225644965e-09,1.402511843480169773e-04,6.169555126689374447e-04,3.599925246788870936e-09
3.932286496421966149e-09,4.558598387660595108e-09,3.097704902756959200e-04,3.587715909816324711e-04,1.312703971052542329e-04,3.753921173910157449e-09,5.076026427559554577e-04
3.932286496421966149e-09,4.558598387660595108e-09,3.880130439171125545e-09,3.525660208225644965e-09,1.095280167646706104e-03,3.753921173910157449e-09,3.599925246788870936e-09
3.932286496421966149e-09,4.558598387660595108e-09,1.169939991086721420e-03,3.525660208225644965e-09,3.421817273974170348e-09,3.753921173910157449e-09,9.076436399482190609e-04
3.932286496421966149e-09,1.890167623059824109e-04,3.880130439171125545e-09,3.525660208225644965e-09,7.209637551568448544e-04,7.024112273938953876e-04,3.599925246788870936e-09
2.536752435844391584e-04,4.558598387660595108e-09,3.880130439171125545e-09,3.394600935280323029e-04,3.421817273974170348e-09,3.753921173910157449e-09,4.954494070261716843e-04
1.312863169005140662e-04,4.558598387660595108e-09,3.880130439171125545e-09,3.525660208225644965e-09,1.274466485483571887e-04,4.870505363214761019e-04,2.346315741306170821e-04
3.932286496421966149e-09,4.558598387660595108e-09,2.170123843825422227e-05,3.525660208225644965e-09,1.371468097204342484e-04,3.753921173910157449e-09,3.128537500742822886e-04
3.932286496421966149e-09,4.558598387660595108e-09,2.252806880278512836e-04,3.525660208225644965e-09,3.421817273974170348e-09,3.753921173910157449e-09,8.433797047473490238e-04
5.112742073833942413e-04,4.558598387660595108e-09,3.880130439171125545e-09,3.525660208225644965e-09,1.391068653902038932e-04,3.753921173910157449e-09,3.686759155243635178e-04
3.932286496421966149e-09,4.558598387660595108e-09,1.709917851258069277e-04,3.525660208225644965e-09,8.158102864399552345e-04,6.940351449884474277e-04,1.838260795921087265e-04
6.419130368158221245e-04,4.558598387660595108e-09,1.774726406438276172e-04,3.525660208225644965e-09,3.421817273974170348e-09,3.753921173910157449e-09,2.467258600518107414e-04
3.932286496421966149e-09,4.558598387660595108e-09,3.880130439171125545e-09,4.730681830551475286e-04,3.421817273974170348e-09,6.527796504087746143e-04,1.889750128611922264e-04
3.932286496421966149e-09,4.558598387660595108e-09,1.254153612535446882e-04,2.891833137255162001e-04,2.700954210013151169e-04,4.260545538272708654e-04,3.715674101840704679e-04
1.223156723426654935e-04,4.558598387660595108e-09,3.880130439171125545e-09,3.488500510684389155e-08,3.053861437365412712e-04,1.190901501104235649e-03,3.599925246788870936e-09
3.932286496421966149e-09,4.558598387660595108e-09,1.876016904134303331e-04,6.019698162162967492e-07,3.421817273974170348e-09,6.161877536214888096e-04,3.599925246788870936e-09
5.557878830586560071e-05,4.558598387660595108e-09,4.705185710918158293e-04,3.525660208225644965e-09,3.421817273974170348e-09,3.753921173910157449e-09,3.599925246788870936e-09
3.932286496421966149e-09,4.558598387660595108e-09,3.880130439171125545e-09,1.887007092591375113e-04,7.423353235935792327e-05,6.616887403652071953e-04,3.599925246788870936e-09
3.932286496421966149e-09,1.635126973269507289e-04,3.880130439171125545e-09,1.597740192664787173e-04,3.421817273974170348e-09,3.753921173910157449e-09,4.421086050570011139e-04
6.190394051373004913e-04,4.176171205472201109e-04,9.126241639023646712e-05,2.231815597042441368e-04,3.094947314821183681e-04,5.891378968954086304e-04,2.474737411830574274e-04
1.319616567343473434e-04,4.558598387660595108e-09,3.880130439171125545e-09,2.006311551667749882e-04,3.421817273974170348e-09,4.847564268857240677e-04,3.599925246788870936e-09
3.932286496421966149e-09,4.558598387660595108e-09,3.880130439171125545e-09,3.981384506914764643e-04,2.823842805810272694e-04,3.753921173910157449e-09,3.753452328965067863e-04
3.932286496421966149e-09,4.558598387660595108e-09,3.880130439171125545e-09,3.525660208225644965e-09,1.298754505114629865e-04,6.604467052966356277e-04,3.599925246788870936e-09
3.431741206441074610e-04,4.558598387660595108e-09,3.880130439171125545e-09,7.366945501416921616e-04,1.306805352214723825e-04,3.753921173910157449e-09,3.599925246788870936e-09
2.762742806226015091e-04,4.558598387660595108e-09,4.947497509419918060e-04,3.525660208225644965e-09,3.421817273974170348e-09,3.753921173910157449e-09,3.599925246788870936e-09
3.932286496421966149e-09,5.445807473734021187e-04,7.266448665177449584e-05,3.525660208225644965e-09,3.421817273974170348e-09,3.495623604976572096e-05,3.712992474902421236e-04
1.266188628505915403e-04,1.677987020229920745e-04,3.880130439171125545e-09,2.107024047290906310e-04,1.216290183947421610e-04,3.753921173910157449e-09,3.599925246788870936e-09
2.506378805264830589e-04,3.247203712817281485e-04,3.880130439171125545e-09,3.525660208225644965e-09,3.421817273974170348e-09,3.753921173910157449e-09,3.599925246788870936e-09
9.502865141257643700e-04,4.558598387660595108e-09,7.698487606830894947e-04,5.308144609443843365e-04,5.108905606903135777e-04,1.302662538364529610e-03,1.544404774904251099e-03
3.932286496421966149e-09,4.558598387660595108e-09,3.880130439171125545e-09,3.525660208225644965e-09,8.805225952528417110e-04,3.753921173910157449e-09,3.599925246788870936e-09
3.932286496421966149e-09,4.558598387660595108e-09,2.513120998628437519e-04,1.946319825947284698e-04,1.981858076760545373e-04,3.753921173910157449e-09,3.599925246788870936e-09
3.932286496421966149e-09,3.669578291010111570e-04,3.880130439171125545e-09,3.525660208225644965e-09,3.421817273974170348e-09,3.718805382959544659e-04,3.599925246788870936e-09
3.932286496421966149e-09,4.558598387660595108e-09,3.880130439171125545e-09,3.525660208225644965e-09,1.847110106609761715e-04,3.753921173910157449e-09,5.420330562628805637e-04
3.932286496421966149e-09,4.558598387660595108e-09,2.932723145931959152e-04,5.122037255205214024e-04,3.421817273974170348e-09,3.753921173910157449e-09,5.737970350310206413e-04
3.932286496421966149e-09,4.558598387660595108e-09,3.880130439171125545e-09,3.525660208225644965e-09,3.421817273974170348e-09,5.998761625960469246e-04,2.390184090472757816e-04
3.932286496421966149e-09,1.793484552763402462e-04,3.880130439171125545e-09,3.525660208225644965e-09,3.496094141155481339e-04,3.753921173910157449e-09,3.599925246788870936e-09
3.932286496421966149e-09,4.558598387660595108e-09,7.376615394605323672e-05,3.525660208225644965e-09,2.647434885147958994e-04,3.753921173910157449e-09,3.599925246788870936e-09
3.932286496421966149e-09,4.558598387660595108e-09,3.880130439171125545e-09,1.794445997802540660e-04,2.569663047324866056e-04,2.069524489343166351e-04,2.106134779751300812e-04
3.932286496421966149e-09,9.584337240085005760e-04,1.305725658312439919e-03,3.525660208225644965e-09,3.421817273974170348e-09,6.908515351824462414e-04,8.591208024881780148e-04
1.348203368252143264e-04,4.558598387660595108e-09,3.880130439171125545e-09,2.170893276343122125e-04,3.421817273974170348e-09,2.692971902433782816e-04,3.599925246788870936e-09
3.932286496421966149e-09,4.558598387660595108e-09,1.850536209531128407e-04,3.525660208225644965e-09,3.421817273974170348e-09,3.753921173910157449e-09,6.225942051969468594e-04
3.932286496421966149e-09,4.558598387660595108e-09,3.880130439171125545e-09,7.294779061339795589e-04,3.421817273974170348e-09,3.753921173910157449e-09,3.599925246788870936e-09
3.994599974248558283e-04,4.558598387660595108e-09,2.038897655438631773e-04,3.525660208225644965e-09,3.421817273974170348e-09,3.753921173910157449e-09,4.478652845136821270e-04
1.691665238467976451e-04,6.536318687722086906e-04,2.209909434895962477e-04,6.715205963701009750e-04,3.441995359025895596e-04,8.406502311117947102e-04,4.463014483917504549e-04
2.773222222458571196e-04,4.558598387660595108e-09,3.209148417226970196e-06,3.525660208225644965e-09,1.315174304181709886e-04,3.753921173910157449e-09,1.146016147686168551e-04
1.298050483455881476e-04,4.558598387660595108e-09,3.880130439171125545e-09,7.699121488258242607e-05,3.421817273974170348e-09,3.753921173910157449e-09,4.769193765241652727e-04
1.449594710720703006e-04,4.558598387660595108e-09,1.793184637790545821e-04,3.525660208225644965e-09,3.421817273974170348e-09,3.753921173910157449e-09,3.389579942449927330e-04
3.932286496421966149e-09,4.558598387660595108e-09,3.880130439171125545e-09,3.525660208225644965e-09,3.048040089197456837e-04,3.753921173910157449e-09,3.599925246788870936e-09
3.081942850258201361e-04,4.060465143993496895e-04,3.315953072160482407e-04,3.759916289709508419e-04,3.421817273974170348e-09,3.753921173910157449e-09,3.599925246788870936e-09
3.932286496421966149e-09,4.558598387660595108e-09,3.880130439171125545e-09,4.608320523402653635e-05,1.697089028311893344e-04,2.594026445876806974e-04,3.599925246788870936e-09
3.932286496421966149e-09,4.558598387660595108e-09,6.689252331852912903e-04,3.525660208225644965e-09,3.421817273974170348e-09,2.140918077202513814e-04,6.309571908786892891e-04
3.932286496421966149e-09,4.558598387660595108e-09,3.880130439171125545e-09,3.525660208225644965e-09,3.704231930896639824e-04,2.212672261521220207e-04,3.599925246788870936e-09
5.835592164658010006e-04,4.558598387660595108e-09,1.817065931390970945e-04,8.939230610849335790e-05,3.421817273974170348e-09,3.753921173910157449e-09,3.599925246788870936e-09
3.932286496421966149e-09,4.558598387660595108e-09,3.880130439171125545e-09,4.466717946343123913e-04,3.685977301159937269e-09,3.753921173910157449e-09,1.343200856354087591e-04
1.399299653712660074e-04,4.558598387660595108e-09,2.545058669056743383e-04,3.525660208225644965e-09,7.161065004765987396e-04,6.803815485909581184e-04,3.599925246788870936e-09
4.007422248832881451e-04,2.094176161335781217e-04,3.880130439171125545e-09,3.525660208225644965e-09,3.421817273974170348e-09,3.753921173910157449e-09,3.599925246788870936e-09
3.049869847018271685e-04,4.558598387660595108e-09,2.289147669216617942e-04,2.141492441296577454e-04,3.421817273974170348e-09,3.753921173910157449e-09,2.488607424311339855e-04
3.932286496421966149e-09,4.558598387660595108e-09,3.880130439171125545e-09,3.525660208225644965e-09,3.164645167998969555e-04,3.753921173910157449e-09,3.599925246788870936e-09
5.374681204557418823e-04,4.558598387660595108e-09,3.880130439171125545e-09,3.525660208225644965e-09,3.421817273974170348e-09,3.753921173910157449e-09,3.599925246788870936e-09
5.180132575333118439e-04,1.489030983066186309e-04,3.880130439171125545e-09,3.525660208225644965e-09,2.575193939264863729e-04,3.753921173910157449e-09,3.599925246788870936e-09
3.932286496421966149e-09,4.558598387660595108e-09,3.880130439171125545e-09,2.540545829106122255e-04,4.522976814769208431e-04,2.451872278470546007e-04,3.599925246788870936e-09
3.784412983804941177e-04,3.855016839224845171e-04,3.880130439171125545e-09,1.977103529497981071e-04,3.421817273974170348e-09,3.753921173910157449e-09,3.599925246788870936e-09
2.320549683645367622e-04,1.064374228008091450e-03,7.753089303150773048e-04,3.525660208225644965e-09,1.330222730757668614e-04,3.753921173910157449e-09,4.334203258622437716e-04
3.932286496421966149e-09,4.558598387660595108e-09,3.880130439171125545e-09,3.525660208225644965e-09,3.485761408228427172e-04,4.408655804581940174e-04,3.599925246788870936e-09
3.932286496421966149e-09,4.558598387660595108e-09,5.853067268617451191e-04,3.525660208225644965e-09,3.421817273974170348e-09,3.753921173910157449e-09,4.422141646500676870e-04
3.932286496421966149e-09,4.558598387660595108e-09,3.999430919066071510e-04,3.525660208225644965e-09,3.421817273974170348e-09,2.024174027610570192e-04,2.181570162065327168e-04
3.932286496421966149e-09,4.558598387660595108e-09,3.880130439171125545e-09,3.525660208225644965e-09,1.319935545325279236e-04,6.389480549842119217e-04,3.599925246788870936e-09
3.638768976088613272e-04,3.761020780075341463e-04,5.252812989056110382e-04,3.525660208225644965e-09,3.953456180170178413e-04,3.753921173910157449e-09,3.599925246788870936e-09
1.380587927997112274e-04,4.558598387660595108e-09,5.222979816608130932e-04,3.525660208225644965e-09,3.421817273974170348e-09,3.753921173910157449e-09,3.599925246788870936e-09
3.932286496421966149e-09,4.558598387660595108e-09,4.452124412637203932e-04,2.564611495472490788e-04,3.421817273974170348e-09,3.753921173910157449e-09,3.599925246788870936e-09
3.932286496421966149e-09,4.558598387660595108e-09,3.880130439171125545e-09,3.148008254356682301e-04,3.421817273974170348e-09,3.428717900533229113e-04,3.599925246788870936e-09
3.932286496421966149e-09,4.558598387660595108e-09,4.132260801270604134e-04,3.525660208225644965e-09,3.421817273974170348e-09,3.753921173910157449e-09,4.221026320010423660e-04
3.932286496421966149e-09,4.558598387660595108e-09,3.880130439171125545e-09,3.525660208225644965e-09,4.003335779998451471e-04,3.753921173910157449e-09,2.335096942260861397e-04
1.286204060306772590e-04,4.558598387660595108e-09,3.880130439171125545e-09,4.574056583805941045e-05,3.421817273974170348e-09,5.270491237752139568e-04,3.599925246788870936e-09
3.932286496421966149e-09,4.558598387660595108e-09,3.880130439171125545e-09,5.501824780367314816e-04,3.421817273974170348e-09,3.753921173910157449e-09,3.599925246788870936e-09
5.145798786543309689e-04,4.558598387660595108e-09,3.880130439171125545e-09,1.770110102370381355e-04,3.421817273974170348e-09,2.850971941370517015e-04,3.599925246788870936e-09
4.409525135997682810e-04,3.487173235043883324e-04,2.992096997331827879e-04,3.525660208225644965e-09,3.421817273974170348e-09,2.532119979150593281e-04,3.599925246788870936e-09
4.065790271852165461e-04,4.558598387660595108e-09,1.597011141711845994e-04,3.525660208225644965e-09,3.421817273974170348e-09,3.753921173910157449e-09,3.599925246788870936e-09
1.357231958536431193e-04,2.070422051474452019e-04,5.564984749071300030e-04,3.525660208225644965e-09,3.421817273974170348e-09,2.310009149368852377e-04,3.599925246788870936e-09
3.932286496421966149e-09,1.569201704114675522e-04,3.880130439171125545e-09,3.525660208225644965e-09,1.436405145796015859e-04,3.753921173910157449e-09,4.787575453519821167e-04
3.932286496421966149e-09,4.558598387660595108e-09,1.559262600494548678e-04,1.916396286105737090e-04,3.421817273974170348e-09,6.926868809387087822e-04,2.550202771089971066e-04
3.932286496421966149e-09,4.558598387660595108e-09,7.027240935713052750e-04,3.525660208225644965e-09,3.421817273974170348e-09,3.753921173910157449e-09,2.000230742851272225e-04
3.932286496421966149e-09,3.241944359615445137e-04,8.821481605991721153e-05,3.525660208225644965e-09,3.421817273974170348e-09,1.161297914222814143e-04,2.663495251908898354e-04
2.290398515469860286e-05,2.725002996157854795e-04,3.880130439171125545e-09,3.525660208225644965e-09,3.421817273974170348e-09,3.753921173910157449e-09,2.467374433763325214e-04
3.932286496421966149e-09,4.558598387660595108e-09,3.880130439171125545e-09,3.525660208225644965e-09,5.327100516296923161e-04,3.753921173910157449e-09,2.790078287944197655e-04
1.342470312692967127e-07,4.558598387660595108e-09,1.449073897674679756e-04,3.525660208225644965e-09,3.421817273974170348e-09,2.320890635019168258e-04,1.964254042832180858e-04
3.932286496421966149e-09,4.558598387660595108e-09,1.044660748448222876e-04,3.525660208225644965e-09,1.234228984685614705e-04,3.753921173910157449e-09,2.786781114991754293e-04
3.932286496421966149e-09,4.558598387660595108e-09,3.880130439171125545e-09,2.789329155348241329e-04,3.421817273974170348e-09,6.989564280956983566e-04,3.599925246788870936e-09
3.932286496421966149e-09,1.563005644129589200e-04,7.536291959695518017e-04,1.941955706570297480e-04,1.397252781316637993e-04,7.331753149628639221e-04,3.139850450679659843e-04
5.043530472903512418e-05,1.729367650113999844e-04,3.582001663744449615e-04,3.525660208225644965e-09,3.421817273974170348e-09,1.604775607120245695e-04,3.599925246788870936e-09
3.996347659267485142e-04,4.558598387660595108e-09,3.597770119085907936e-04,1.978214713744819164e-04,3.421817273974170348e-09,2.498094982001930475e-04,3.599925246788870936e-09
2.496011729817837477e-04,4.558598387660595108e-09,3.880130439171125545e-09,1.807150256354361773e-04,3.421817273974170348e-09,2.331255236640572548e-04,3.599925246788870936e-09
3.932286496421966149e-09,4.558598387660595108e-09,3.880130439171125545e-09,3.525660208225644965e-09,1.550744054839015007e-04,6.394161027856171131e-04,3.599925246788870936e-09
3.932286496421966149e-09,4.558598387660595108e-09,3.880130439171125545e-09,3.525660208225644965e-09,5.002767429687082767e-04,3.753921173910157449e-09,3.599925246788870936e-09
3.932286496421966149e-09,4.558598387660595108e-09,3.880130439171125545e-09,2.799621142912656069e-04,3.421817273974170348e-09,4.633635398931801319e-04,3.599925246788870936e-09
1.421503693563863635e-04,4.558598387660595108e-09,5.155116086825728416e-04,3.525660208225644965e-09,3.421817273974170348e-09,2.483328571543097496e-04,2.889957395382225513e-04
1.740564621286466718e-04,2.081314887618646026e-04,8.101667626760900021e-04,1.946014235727488995e-04,3.421817273974170348e-09,3.753921173910157449e-09,4.917096230201423168e-04
1.350381353404372931e-04,7.486373651772737503e-04,4.227249883115291595e-04,1.121487352065742016e-03,2.103102742694318295e-04,2.662922488525509834e-04,9.163630893453955650e-04
1.391219091601669788e-03,1.848598476499319077e-03,6.625471287406980991e-04,1.005359226837754250e-03,2.601124288048595190e-04,4.153911431785672903e-04,9.512322139926254749e-04
3.932286496421966149e-09,2.124735037796199322e-04,3.560051845852285624e-04,2.936246164608746767e-04,3.421817273974170348e-09,3.753921173910157449e-09,3.599925246788870936e-09
3.742888511624187231e-04,4.558598387660595108e-09,3.880130439171125545e-09,4.012008139397948980e-04,3.421817273974170348e-09,3.753921173910157449e-09,3.599925246788870936e-09
5.024516722187399864e-04,9.410331258550286293e-04,1.684651069808751345e-04,2.862715919036418200e-04,5.409432924352586269e-04,4.890211857855319977e-04,7.576599018648266792e-04
3.932286496421966149e-09,4.558598387660595108e-09,3.880130439171125545e-09,3.525660208225644965e-09,8.468431289543332241e-09,7.636982481926679611e-04,3.599925246788870936e-09
3.932286496421966149e-09,4.558598387660595108e-09,5.525661399587988853e-04,3.525660208225644965e-09,1.609700702829286456e-04,2.158585994038730860e-04,5.017617368139326572e-04
1.272871508263051510e-03,2.075704105664044619e-04,3.880130439171125545e-09,3.525660208225644965e-09,3.421817273974170348e-09,3.753921173910157449e-09,3.599925246788870936e-09
1.097464468330144882e-03,1.253983587957918644e-03,1.479281195315707009e-06,2.601376309030456468e-06,3.421817273974170348e-09,2.186940837418660522e-04,3.599925246788870936e-09
3.932286496421966149e-09,4.558598387660595108e-09,3.880130439171125545e-09,3.525660208225644965e-09,4.125176928937435150e-04,1.896497560665011406e-04,2.886700094677507877e-04
8.394707110710442066e-04,4.558598387660595108e-09,4.560485831461846828e-04,1.066232682205736637e-03,3.421817273974170348e-09,3.753921173910157449e-09,4.206179000902920961e-04
7.047988765407353640e-05,1.585523830726742744e-03,1.133945770561695099e-03,1.686217583483085036e-04,3.706343995872884989e-04,1.704406808130443096e-03,6.022599409334361553e-04
3.932286496421966149e-09,4.558598387660595108e-09,3.880130439171125545e-09,3.542078775353729725e-04,3.421817273974170348e-09,3.753921173910157449e-09,2.973922237288206816e-04
1.166147776530124247e-04,1.542228274047374725e-04,3.880130439171125545e-09,1.148642040789127350e-04,3.421817273974170348e-09,2.002929832087829709e-04,3.846795589197427034e-04
2.116694115102291107e-03,2.434595255181193352e-03,1.688484917394816875e-03,1.600212417542934418e-03,1.239734119735658169e-03,1.231536036357283592e-03,1.604094170033931732e-03
3.932286496421966149e-09,2.163365861633792520e-04,3.880130439171125545e-09,1.711153454380109906e-04,3.421817273974170348e-09,5.852197136846370995e-05,1.686650211922824383e-04
1.170995761640369892e-03,1.010592328384518623e-03,1.375377993099391460e-03,6.990189431235194206e-04,1.230035908520221710e-03,9.853948140516877174e-04,1.219561556354165077e-03
3.641295770648866892e-04,4.558598387660595108e-09,3.880130439171125545e-09,1.483211672166362405e-04,3.421817273974170348e-09,3.753921173910157449e-09,1.663117145653814077e-04
2.073580864816904068e-03,2.527298405766487122e-03,1.280326046980917454e-03,1.589523628354072571e-03,1.369533827528357506e-03,1.783944782800972462e-03,1.676256186328828335e-03
1.008544117212295532e-03,1.031577470712363720e-03,3.880130439171125545e-09,3.525660208225644965e-09,3.421817273974170348e-09,3.753921173910157449e-09,3.599925246788870936e-09
1.481156796216964722e-03,4.790224193129688501e-04,1.593420747667551041e-03,8.385740802623331547e-04,8.568441262468695641e-04,8.846667478792369366e-04,1.394997001625597477e-03
1.924159238114953041e-03,2.345961984246969223e-03,1.750373514369130135e-03,1.509605790488421917e-03,1.254380331374704838e-03,1.755038276314735413e-03,1.570606487803161144e-03
3.932286496421966149e-09,4.558598387660595108e-09,3.880130439171125545e-09,3.525660208225644965e-09,6.875398103147745132e-04,3.753921173910157449e-09,3.599925246788870936e-09
3.932286496421966149e-09,4.558598387660595108e-09,3.880130439171125545e-09,1.613454805919900537e-04,3.456335398368537426e-04,3.753921173910157449e-09,2.328514819964766502e-04
3.932286496421966149e-09,4.558598387660595108e-09,3.880130439171125545e-09,3.525660208225644965e-09,4.600885731633752584e-04,3.753921173910157449e-09,3.599925246788870936e-09
5.540334968827664852e-04,4.558598387660595108e-09,1.134711550548672676e-03,1.265404280275106430e-03,8.914483478292822838e-04,1.511593698523938656e-03,1.414480037055909634e-03
2.243867842480540276e-03,1.929929829202592373e-03,3.880130439171125545e-09,1.397862448357045650e-03,2.898157399613410234e-04,3.218445926904678345e-04,8.610296645201742649e-04
1.695961109362542629e-03,1.615918241441249847e-03,4.314506950322538614e-04,1.270390115678310394e-03,3.414024540688842535e-04,8.565051248297095299e-04,9.224071400240063667e-04
2.034408506006002426e-03,9.374599903821945190e-04,3.880130439171125545e-09,1.429479219950735569e-03,1.353224070044234395e-04,3.527500084601342678e-04,7.850282709114253521e-04
1.197432982735335827e-03,1.416216837242245674e-03,3.880130439171125545e-09,8.286347147077322006e-04,7.383077754639089108e-04,1.057380810379981995e-03,9.721440146677196026e-04
1.980909146368503571e-03,1.806766726076602936e-03,2.276352315675467253e-04,1.168465241789817810e-03,3.094160638283938169e-04,7.287199841812252998e-04,9.797097882255911827e-04
3.932286496421966149e-09,4.558598387660595108e-09,3.880130439171125545e-09,3.525660208225644965e-09,3.421817273974170348e-09,3.753921173910157449e-09,7.804683409631252289e-04
1.058680121786892414e-03,1.063464675098657608e-03,6.600560736842453480e-04,6.501234602183103561e-04,1.327125064563006163e-04,9.170736302621662617e-05,5.444133421406149864e-04
3.932286496421966149e-09,4.558598387660595108e-09,3.880130439171125545e-09,3.190857823938131332e-04,3.421817273974170348e-09,3.753921173910157449e-09,4.564083064906299114e-04
3.932286496421966149e-09,3.891344822477549314e-04,2.048305759672075510e-04,6.622769869863986969e-04,2.258052991237491369e-04,6.712448084726929665e-04,1.994325284613296390e-04
3.932286496421966149e-09,4.558598387660595108e-09,7.116716587916016579e-04,1.801045873435214162e-04,7.379457820206880569e-04,2.142470184480771422e-04,6.967471563257277012e-04
4.219650872983038425e-04,4.558598387660595108e-09,1.715257094474509358e-04,3.525660208225644965e-09,3.421817273974170348e-09,1.908518897835165262e-04,1.688317715888842940e-04
3.932286496421966149e-09,4.558598387660595108e-09,9.010127396322786808e-04,3.254050388932228088e-04,1.040652859956026077e-03,1.218099496327340603e-03,1.724013942293822765e-03
1.057584886439144611e-04,4.558598387660595108e-09,3.880130439171125545e-09,2.782108495011925697e-04,1.364630297757685184e-04,2.150756045011803508e-04,2.191108069382607937e-04
2.972105867229402065e-04,1.888042461359873414e-04,3.880130439171125545e-09,3.525660208225644965e-09,3.421817273974170348e-09,3.753921173910157449e-09,3.599925246788870936e-09
3.932286496421966149e-09,4.558598387660595108e-09,6.756625371053814888e-04,9.262661915272474289e-04,3.421817273974170348e-09,3.340184339322149754e-04,5.601910525001585484e-04
3.932286496421966149e-09,4.558598387660595108e-09,3.880130439171125545e-09,2.419525699224323034e-04,6.386468885466456413e-04,3.753921173910157449e-09,2.644141786731779575e-04
1.615816145204007626e-03,4.558598387660595108e-09,1.995879429159685969e-04,1.176649122498929501e-03,3.421817273974170348e-09,3.753921173910157449e-09,1.099954009987413883e-03
2.380768419243395329e-04,3.771605552174150944e-04,7.139376378972883685e-08,7.623299024999141693e-04,4.344713524915277958e-04,2.999998396262526512e-04,4.006588133051991463e-04
2.073251875117421150e-03,2.761194249615073204e-03,1.687176409177482128e-03,1.424557180143892765e-03,1.244070823304355145e-03,1.843936042860150337e-03,1.110291574150323868e-03
1.683220849372446537e-03,2.001832937821745872e-03,3.385702439118176699e-04,1.485118409618735313e-03,1.463017833884805441e-04,1.566640101373195648e-03,9.884054306894540787e-04
3.527351072989404202e-04,1.741492305882275105e-03,1.296084839850664139e-03,1.028364757075905800e-03,4.840879701077938080e-04,6.996366428211331367e-04,1.703688525594770908e-03
2.004907466471195221e-03,2.065048785880208015e-03,1.277668168768286705e-03,7.447015377692878246e-04,3.421817273974170348e-09,9.646157850511372089e-04,8.114412776194512844e-04
3.250022418797016144e-04,1.558496849611401558e-03,1.709021278657019138e-03,1.377356704324483871e-03,9.742510737851262093e-04,1.628782367333769798e-03,1.218625227920711040e-03
3.932286496421966149e-09,5.351097206585109234e-04,7.584018749184906483e-04,3.525660208225644965e-09,4.876259190496057272e-04,6.015959661453962326e-04,3.599925246788870936e-09
2.328189148101955652e-04,4.558598387660595108e-09,3.880130439171125545e-09,3.313161141704767942e-04,3.421817273974170348e-09,3.753921173910157449e-09,3.599925246788870936e-09
1.165234833024442196e-03,4.470070998650044203e-04,1.978106447495520115e-04,7.308429921977221966e-04,3.421817273974170348e-09,4.681417194660753012e-04,5.571769434027373791e-04
1.988133881241083145e-03,1.890973653644323349e-03,1.493495306931436062e-03,7.513234741054475307e-04,1.231347559951245785e-04,7.850835681892931461e-04,1.074004685506224632e-03
3.932286496421966149e-09,1.706970069790259004e-04,9.916636627167463303e-04,3.525660208225644965e-09,5.004800041206181049e-04,5.303971702232956886e-04,4.474441811908036470e-04
3.932286496421966149e-09,4.558598387660595108e-09,3.880130439171125545e-09,3.525660208225644965e-09,6.808461621403694153e-04,3.949474776163697243e-04,3.599925246788870936e-09
1.168657327070832253e-04,4.558598387660595108e-09,6.562189810210838914e-05,3.525660208225644965e-09,3.421817273974170348e-09,9.661866351962089539e-05,1.762414467521011829e-04
1.461457228288054466e-03,2.297917235409840941e-04,2.018536761170253158e-04,5.931109772063791752e-04,3.421817273974170348e-09,3.753921173910157449e-09,5.368285346776247025e-04
1.649821642786264420e-03,4.558598387660595108e-09,3.880130439171125545e-09,5.909174797125160694e-04,8.389931463170796633e-05,3.753921173910157449e-09,3.871538792736828327e-04
6.831129430793225765e-04,4.558598387660595108e-09,4.656658566091209650e-04,3.740008396562188864e-04,3.421817273974170348e-09,5.484670982696115971e-04,7.404654752463102341e-04
1.095165353035554290e-04,4.558598387660595108e-09,4.581038083415478468e-04,3.525660208225644965e-09,2.223041956312954426e-04,4.738534917123615742e-04,2.291130658704787493e-04
7.670707418583333492e-04,2.800980873871594667e-04,2.901192929130047560e-04,7.236862438730895519e-04,1.990566233871504664e-04,3.753921173910157449e-09,4.528804274741560221e-04
3.932286496421966149e-09,3.989475371781736612e-04,3.362032293807715178e-04,6.148450192995369434e-04,3.421817273974170348e-09,3.428731579333543777e-04,2.197460707975551486e-04
2.038486301898956299e-03,2.142030512914061546e-03,1.737924292683601379e-03,1.613328233361244202e-03,1.351913670077919960e-03,1.720659784041345119e-03,1.641844981350004673e-03
3.932286496421966149e-09,1.797957957023754716e-04,4.311315819904848468e-07,3.263936669100075960e-04,2.588659408502280712e-04,3.753921173910157449e-09,3.599925246788870936e-09
4.218031244818121195e-04,4.558598387660595108e-09,1.515044859843328595e-04,7.004641229286789894e-04,6.415343959815800190e-04,3.753921173910157449e-09,5.754458252340555191e-04
3.932286496421966149e-09,3.223807143513113260e-04,5.339977797120809555e-04,2.278153406223282218e-04,3.421817273974170348e-09,6.019131978973746300e-04,2.747039834503084421e-04
3.932286496421966149e-09,4.558598387660595108e-09,2.027318987529724836e-04,1.540301745990291238e-04,1.121815948863513768e-04,3.753921173910157449e-09,3.599925246788870936e-09
2.071152674034237862e-03,1.222323393449187279e-03,1.733955694362521172e-03,1.575050875544548035e-03,1.319199800491333008e-03,1.388858421705663204e-03,1.636366592720150948e-03
4.688107292167842388e-04,4.558598387660595108e-09,3.880130439171125545e-09,1.814315619412809610e-04,3.421817273974170348e-09,3.753921173910157449e-09,3.599925246788870936e-09
3.014135581906884909e-04,4.558598387660595108e-09,4.795646236743777990e-04,6.664539105258882046e-04,1.023410470224916935e-03,3.753921173910157449e-09,1.057434245012700558e-03
1.157698803581297398e-03,1.020233845338225365e-03,1.837040181271731853e-04,3.525660208225644965e-09,3.758987877517938614e-04,3.753921173910157449e-09,4.449291736818850040e-04
3.932286496421966149e-09,1.993117475649341941e-04,1.696305989753454924e-04,5.183857965107563359e-08,3.481590247247368097e-04,3.753921173910157449e-09,3.599925246788870936e-09
1.153817720478400588e-04,1.607574231456965208e-04,1.746466878103092313e-04,5.093697109259665012e-04,1.175691650132648647e-04,3.753921173910157449e-09,1.868916879175230861e-04
3.091399266850203276e-04,4.558598387660595108e-09,1.998950901906937361e-04,3.525660208225644965e-09,3.421817273974170348e-09,4.183027485851198435e-04,2.080077829305082560e-04
2.843394177034497261e-04,4.558598387660595108e-09,2.440926473354920745e-04,4.488577251322567463e-04,3.421817273974170348e-09,3.753921173910157449e-09,3.599925246788870936e-09
3.932286496421966149e-09,4.558598387660595108e-09,1.631291233934462070e-04,1.633733190828934312e-04,1.076248881872743368e-04,3.753921173910157449e-09,1.913514570333063602e-04
3.932286496421966149e-09,1.723837049212306738e-04,3.880130439171125545e-09,3.066845238208770752e-04,3.421817273974170348e-09,3.753921173910157449e-09,1.784015694283880293e-05
1.243316219188272953e-03,4.558598387660595108e-09,3.880130439171125545e-09,1.224353443831205368e-03,4.423405043780803680e-04,3.753921173910157449e-09,6.692503811791539192e-04
9.973276610253378749e-05,2.758507616817951202e-04,3.880130439171125545e-09,3.525660208225644965e-09,4.616578735294751823e-05,3.753921173910157449e-09,1.465279492549598217e-04
9.593400172889232635e-04,8.658379083499312401e-04,1.420721178874373436e-03,8.734819712117314339e-04,1.599028822965919971e-03,1.495113596320152283e-03,1.312406617216765881e-03
3.932286496421966149e-09,4.558598387660595108e-09,3.880130439171125545e-09,2.718522446230053902e-04,2.985365281347185373e-04,6.689809379167854786e-04,3.599925246788870936e-09
1.401847111992537975e-04,1.641280832700431347e-04,3.880130439171125545e-09,7.989549339981749654e-05,3.421817273974170348e-09,2.792813756968826056e-04,3.599925246788870936e-09
2.981393481604754925e-04,4.558598387660595108e-09,2.809795259963721037e-04,2.863867791802476859e-07,3.421817273974170348e-09,3.753921173910157449e-09,3.599925246788870936e-09
1.787029032129794359e-04,4.081489460077136755e-04,4.088660643901675940e-04,3.022001474164426327e-04,3.421817273974170348e-09,3.753921173910157449e-09,2.994010865222662687e-04
3.932286496421966149e-09,4.558598387660595108e-09,3.550912661012262106e-04,4.595418868120759726e-04,6.059237639419734478e-04,4.784847842529416084e-04,3.599925246788870936e-09
3.932286496421966149e-09,1.338205038337036967e-04,2.633960684761404991e-04,5.550155183300375938e-04,4.149998130742460489e-04,3.753921173910157449e-09,7.130654994398355484e-04
3.070057136937975883e-04,2.544526651035994291e-04,3.880130439171125545e-09,3.525660208225644965e-09,3.421817273974170348e-09,3.753921173910157449e-09,3.599925246788870936e-09
4.438476253199041821e-07,6.463705212809145451e-04,1.318315771641209722e-04,5.169120267964899540e-04,3.421817273974170348e-09,3.753921173910157449e-09,3.240771184209734201e-04
1.034096814692020416e-03,4.667940957006067038e-04,1.896169036626815796e-03,3.694459446705877781e-04,5.062129348516464233e-04,5.098234978504478931e-04,1.610259059816598892e-03
3.932286496421966149e-09,4.558598387660595108e-09,3.880130439171125545e-09,4.623668210115283728e-04,3.421817273974170348e-09,3.753921173910157449e-09,3.599925246788870936e-09
1.182028558105230331e-03,1.144676585681736469e-03,1.195362536236643791e-03,1.606181613169610500e-03,1.349107711575925350e-03,1.580730546265840530e-03,1.349558820948004723e-03
3.932286496421966149e-09,2.128637279383838177e-04,3.880130439171125545e-09,3.569501859601587057e-04,2.770077553577721119e-04,8.912470657378435135e-04,3.599925246788870936e-09
3.932286496421966149e-09,4.558598387660595108e-09,1.537423086119815707e-04,2.272196579724550247e-04,3.421817273974170348e-09,2.560511347837746143e-04,2.061764826066792011e-04
4.325227637309581041e-04,3.082085167989134789e-04,1.625792501727119088e-04,3.525660208225644965e-09,3.421817273974170348e-09,3.753921173910157449e-09,3.656676271930336952e-04
3.904312907252460718e-04,5.460318643599748611e-04,3.880130439171125545e-09,3.525660208225644965e-09,3.421817273974170348e-09,3.753921173910157449e-09,1.816996082197874784e-04
1.304716570302844048e-04,2.881297259591519833e-04,1.594137575011700392e-04,1.638758258195593953e-04,3.421817273974170348e-09,3.753921173910157449e-09,1.686024334048852324e-04
3.932286496421966149e-09,6.361060659401118755e-04,3.880130439171125545e-09,3.525660208225644965e-09,3.421817273974170348e-09,3.753921173910157449e-09,1.678764092503115535e-04
3.235007170587778091e-04,1.825014478527009487e-04,3.880130439171125545e-09,3.525660208225644965e-09,3.421817273974170348e-09,3.753921173910157449e-09,1.832216512411832809e-04
1.379539753543213010e-04,4.558598387660595108e-09,3.880130439171125545e-09,3.525660208225644965e-09,3.049422521144151688e-04,3.753921173910157449e-09,3.599925246788870936e-09
1.331683452008292079e-04,4.558598387660595108e-09,3.746885922737419605e-04,3.525660208225644965e-09,8.355216705240309238e-04,3.753921173910157449e-09,8.770683198235929012e-04
3.932286496421966149e-09,4.558598387660595108e-09,5.509577385964803398e-05,3.525660208225644965e-09,2.242125046905130148e-04,3.753921173910157449e-09,3.599925246788870936e-09
1.466861722292378545e-04,4.558598387660595108e-09,3.880130439171125545e-09,3.125756920780986547e-04,6.856041145510971546e-04,3.753921173910157449e-09,3.562708152458071709e-04
3.727441071532666683e-04,1.529893779661506414e-04,1.655662053963169456e-04,3.525660208225644965e-09,3.421817273974170348e-09,3.753921173910157449e-09,1.901912473840638995e-04
5.751065909862518311e-04,3.486132773105055094e-04,3.880130439171125545e-09,1.722496526781469584e-04,3.421817273974170348e-09,3.753921173910157449e-09,1.550517481518909335e-04
2.319280320079997182e-04,1.613704371266067028e-04,3.880130439171125545e-09,1.705125905573368073e-04,3.421817273974170348e-09,3.753921173910157449e-09,3.599925246788870936e-09
3.727840667124837637e-04,1.526630658190697432e-04,3.880130439171125545e-09,1.746148627717047930e-04,3.421817273974170348e-09,3.753921173910157449e-09,1.606128644198179245e-04
4.255631647538393736e-04,1.954036124516278505e-04,3.880130439171125545e-09,3.525660208225644965e-09,3.421817273974170348e-09,3.753921173910157449e-09,3.599925246788870936e-09
2.089387853629887104e-04,1.868585095508024096e-04,2.037410595221444964e-04,3.525660208225644965e-09,7.149206358008086681e-04,3.753921173910157449e-09,2.857769723050296307e-04
3.932286496421966149e-09,2.500266709830611944e-04,2.595667610876262188e-04,9.686000994406640530e-04,1.507534645497798920e-03,9.151038830168545246e-04,3.599925246788870936e-09
8.139733836287632585e-05,3.141280903946608305e-04,4.915646277368068695e-04,6.449530483223497868e-04,3.421817273974170348e-09,3.753921173910157449e-09,3.599925246788870936e-09
1.479719794588163495e-04,4.558598387660595108e-09,3.880130439171125545e-09,3.475788398645818233e-04,7.170036551542580128e-04,7.305947365239262581e-04,3.599925246788870936e-09
3.932286496421966149e-09,1.617020316189154983e-04,3.097826265729963779e-04,3.525660208225644965e-09,4.556625499390065670e-04,3.753921173910157449e-09,3.599925246788870936e-09
3.932286496421966149e-09,6.745038554072380066e-04,2.298185427207499743e-04,1.027745078317821026e-03,1.569199608638882637e-03,1.250335946679115295e-03,3.599925246788870936e-09
3.932286496421966149e-09,5.204963963478803635e-04,3.079257439821958542e-04,7.010141271166503429e-04,3.421817273974170348e-09,1.332940737484022975e-04,3.599925246788870936e-09
2.173552347812801600e-04,4.558598387660595108e-09,4.106913984287530184e-04,3.525660208225644965e-09,3.421817273974170348e-09,3.753921173910157449e-09,3.599925246788870936e-09
8.348400006070733070e-04,9.443159797228872776e-04,6.856512627564370632e-04,6.092849071137607098e-04,3.800679326815270542e-09,6.349874311126768589e-04,1.072080922313034534e-03
3.932286496421966149e-09,4.558598387660595108e-09,3.880130439171125545e-09,4.227604367770254612e-04,5.968995392322540283e-04,3.055909764952957630e-04,3.599925246788870936e-09
1.913387328386306763e-03,2.042861189693212509e-03,3.880130439171125545e-09,1.097429194487631321e-03,2.452429034747183323e-04,4.109171859454363585e-04,3.903894394170492887e-04
3.932286496421966149e-09,4.558598387660595108e-09,3.880130439171125545e-09,1.039025024510920048e-03,1.382971531711518764e-03,8.969929185695946217e-04,4.830870020668953657e-04
3.932286496421966149e-09,4.895529709756374359e-04,3.003214660566300154e-04,6.529975216835737228e-04,2.337926707696169615e-05,3.246798587497323751e-04,3.599925246788870936e-09
2.094521885737776756e-03,7.414244464598596096e-04,9.635022142902016640e-04,1.420885440893471241e-03,9.034574031829833984e-04,8.633665274828672409e-04,1.700363820418715477e-03
1.155579229816794395e-04,4.558598387660595108e-09,1.641169801587238908e-04,5.746520764660090208e-05,3.421817273974170348e-09,3.753921173910157449e-09,2.061232225969433784e-04
3.932286496421966149e-09,4.558598387660595108e-09,3.880130439171125545e-09,2.015001082327216864e-04,5.154638201929628849e-04,3.753921173910157449e-09,3.599925246788870936e-09
5.504737491719424725e-04,4.558598387660595108e-09,3.880130439171125545e-09,2.798444184008985758e-04,3.421817273974170348e-09,2.153095556423068047e-04,3.599925246788870936e-09
1.420306041836738586e-03,2.230464946478605270e-03,2.471777843311429024e-04,1.523503684438765049e-03,1.864523655967786908e-04,6.268924335017800331e-04,8.430149755440652370e-04
5.433310288935899734e-04,4.508756101131439209e-04,3.153547586407512426e-04,3.525660208225644965e-09,3.421817273974170348e-09,2.836256462614983320e-04,3.959554596804082394e-04
3.932286496421966149e-09,4.558598387660595108e-09,3.880130439171125545e-09,1.123926718719303608e-03,1.276629045605659485e-03,1.244339044205844402e-03,3.599925246788870936e-09
1.699873100733384490e-04,1.445507450625882484e-06,4.390785470604896545e-04,6.344550056383013725e-04,3.421817273974170348e-09,4.513706371653825045e-04,3.599925246788870936e-09
2.201562514528632164e-03,2.169294020859524608e-05,9.315976640209555626e-04,1.190696726553142071e-03,7.031135610304772854e-04,7.132858736440539360e-04,1.718790037557482719e-03
2.330679708393290639e-04,4.558598387660595108e-09,3.880130439171125545e-09,6.225638935575261712e-05,1.916818582685664296e-04,3.753921173910157449e-09,2.424804988550022244e-04
2.019594423472881317e-03,1.076413900591433048e-03,3.148022224195301533e-04,9.718224755488336086e-04,4.097652272321283817e-04,4.523225943557918072e-04,9.933341061696410179e-04
7.513986784033477306e-04,4.558598387660595108e-09,3.880130439171125545e-09,1.027303980663418770e-03,3.421817273974170348e-09,3.753921173910157449e-09,4.005002847407013178e-04
3.932286496421966149e-09,4.558598387660595108e-09,2.592687669675797224e-04,8.533814689144492149e-04,8.514801738783717155e-04,5.233599222265183926e-04,3.599925246788870936e-09
1.726951915770769119e-03,4.558598387660595108e-09,2.700193726923316717e-04,4.468217666726559401e-04,5.260100006125867367e-04,3.987628151662647724e-04,7.678209221921861172e-04
2.953092043753713369e-04,4.144069098401814699e-04,4.224827571306377649e-04,7.908443803898990154e-04,1.206789398565888405e-03,7.012538844719529152e-04,7.783737382851541042e-04
3.932286496421966149e-09,4.558598387660595108e-09,3.880130439171125545e-09,3.525660208225644965e-09,5.202329484745860100e-04,3.753921173910157449e-09,3.599925246788870936e-09
3.932286496421966149e-09,4.558598387660595108e-09,3.880130439171125545e-09,3.525660208225644965e-09,4.569308366626501083e-04,3.753921173910157449e-09,3.599925246788870936e-09
3.932286496421966149e-09,4.558598387660595108e-09,3.880130439171125545e-09,3.525660208225644965e-09,3.682874958030879498e-04,5.484515568241477013e-04,3.599925246788870936e-09
1.068373167072422802e-04,4.558598387660595108e-09,2.918072277680039406e-04,3.525660208225644965e-09,3.421817273974170348e-09,2.314093871973454952e-04,3.599925246788870936e-09
3.932286496421966149e-09,1.835363218560814857e-04,2.610344963613897562e-04,3.525660208225644965e-09,3.421817273974170348e-09,1.922170195030048490e-04,3.599925246788870936e-09
1.200163969770073891e-03,1.430845470167696476e-03,3.880130439171125545e-09,3.525660208225644965e-09,3.518093144521117210e-04,1.195388264022767544e-03,7.857097662054002285e-04
3.454868419794365764e-05,4.558598387660595108e-09,4.589196178130805492e-04,2.064389118459075689e-04,3.421817273974170348e-09,3.753921173910157449e-09,1.759538135956972837e-04
1.481025596149265766e-03,8.193831890821456909e-04,3.880130439171125545e-09,9.613547590561211109e-04,3.421817273974170348e-09,3.753921173910157449e-09,4.753446264658123255e-04
2.176970243453979492e-03,4.558598387660595108e-09,7.517514750361442566e-04,1.402898808009922504e-03,1.220483216457068920e-03,3.753921173910157449e-09,1.547635067254304886e-03
1.618023845367133617e-03,8.562481962144374847e-04,3.372172650415450335e-04,1.347440760582685471e-03,2.243025373900309205e-04,3.753921173910157449e-09,7.426190422847867012e-04
7.833267445676028728e-04,4.558598387660595108e-09,3.880130439171125545e-09,9.782366687431931496e-04,1.204810338094830513e-03,3.753921173910157449e-09,1.407299307174980640e-03
3.583863435778766870e-04,4.558598387660595108e-09,7.920927018858492374e-04,3.525660208225644965e-09,4.181048716418445110e-04,4.019036423414945602e-04,5.972558283247053623e-04
2.850758319254964590e-04,4.558598387660595108e-09,3.880130439171125545e-09,7.208064198493957520e-05,3.421817273974170348e-09,3.753921173910157449e-09,2.028173621511086822e-04
3.932286496421966149e-09,6.815149099566042423e-04,3.880130439171125545e-09,3.525660208225644965e-09,3.421817273974170348e-09,4.329627554398030043e-04,3.599925246788870936e-09
5.563190788961946964e-04,2.990908978972584009e-04,3.374631633050739765e-04,3.525660208225644965e-09,3.421817273974170348e-09,3.753921173910157449e-09,3.599925246788870936e-09
1.439003506675362587e-03,1.325625809840857983e-03,1.070499769411981106e-03,1.134435064159333706e-03,2.442895493004471064e-04,2.688599633984267712e-04,8.474428323097527027e-04
1.542514946777373552e-04,4.558598387660595108e-09,3.880130439171125545e-09,3.276194038335233927e-04,3.421817273974170348e-09,3.864122845698148012e-04,3.599925246788870936e-09
8.593056118115782738e-04,1.662698574364185333e-03,1.564988866448402405e-03,3.525660208225644965e-09,5.816384218633174896e-04,1.822120277211070061e-03,6.444011814892292023e-04
5.284384824335575104e-04,4.558598387660595108e-09,3.880130439171125545e-09,3.525660208225644965e-09,3.421817273974170348e-09,3.753921173910157449e-09,3.599925246788870936e-09
1.222756109200417995e-03,3.275180642958730459e-04,6.293788319453597069e-04,9.703411487862467766e-04,3.421817273974170348e-09,6.699850200675427914e-04,6.259378860704600811e-04
2.358679339522495866e-04,4.558598387660595108e-09,9.620455093681812286e-04,4.572093312162905931e-04,5.780664505437016487e-04,2.821424859575927258e-04,9.882746962830424309e-04
1.016386901028454304e-03,1.564450911246240139e-03,1.249301945790648460e-03,2.216786087956279516e-04,5.534222000278532505e-04,1.492543146014213562e-03,9.823108557611703873e-04
6.749750464223325253e-04,4.558598387660595108e-09,6.802865536883473396e-04,2.257913292851299047e-04,3.329475002828985453e-04,2.089363988488912582e-04,3.599925246788870936e-09
5.806871340610086918e-04,4.558598387660595108e-09,3.880130439171125545e-09,5.246317014098167419e-04,3.421817273974170348e-09,3.753921173910157449e-09,1.777383149601519108e-04
1.831340021453797817e-03,2.483122516423463821e-03,1.287053572013974190e-03,1.672278973273932934e-03,1.247250940650701523e-03,1.089446363039314747e-03,9.924998739734292030e-04
3.932286496421966149e-09,1.744472538121044636e-04,8.832532912492752075e-04,2.332557487534359097e-04,7.512668962590396404e-04,4.496677720453590155e-04,4.998599761165678501e-04
3.974299761466681957e-04,1.677520485827699304e-04,1.426397939212620258e-03,1.536583586130291224e-04,5.287596723064780235e-04,8.504560682922601700e-04,1.427963376045227051e-03
1.327922218479216099e-03,2.597094280645251274e-04,3.880130439171125545e-09,5.978227709420025349e-04,1.773847034201025963e-04,1.316298148594796658e-04,3.247185377404093742e-04
9.686175035312771797e-04,4.558598387660595108e-09,9.244106477126479149e-04,3.977778542321175337e-04,3.421817273974170348e-09,7.916746544651687145e-04,3.599925246788870936e-09
7.464821683242917061e-04,8.439543889835476875e-04,6.194352172315120697e-04,4.997143332730047405e-05,3.421817273974170348e-09,2.641186292748898268e-04,3.599925246788870936e-09
3.932286496421966149e-09,7.610597531311213970e-04,5.679640453308820724e-04,9.255282348021864891e-04,3.421817273974170348e-09,3.753921173910157449e-09,3.599925246788870936e-09
8.944207220338284969e-04,4.558598387660595108e-09,3.880130439171125545e-09,5.993350059725344181e-04,3.421817273974170348e-09,3.753921173910157449e-09,3.696531930472701788e-04
6.051375530660152435e-04,6.456867558881640434e-04,2.116469840984791517e-04,3.525660208225644965e-09,3.421817273974170348e-09,3.753921173910157449e-09,3.599925246788870936e-09
8.615744263806845993e-06,4.558598387660595108e-09,3.880130439171125545e-09,1.112196114263497293e-04,1.681993016973137856e-04,9.876919211819767952e-04,3.599925246788870936e-09
9.654648019932210445e-04,8.924545836634933949e-04,1.030570478178560734e-03,1.093709608539938927e-03,3.883152676280587912e-04,7.839017198421061039e-04,9.629689739085733891e-04
3.543950442690402269e-04,4.558598387660595108e-09,3.880130439171125545e-09,3.525660208225644965e-09,3.421817273974170348e-09,3.753921173910157449e-09,3.599925246788870936e-09
1.216443270095624030e-04,4.558598387660595108e-09,2.174723157111202454e-08,6.010875804349780083e-04,4.437358584254980087e-04,2.146235929103568196e-04,1.826681982493028045e-04
1.609149039722979069e-04,3.303631965536624193e-04,2.670314279384911060e-04,6.965272477827966213e-04,1.327139209024608135e-03,1.031362335197627544e-03,6.389060290530323982e-04
3.932286496421966149e-09,4.558598387660595108e-09,3.880130439171125545e-09,4.808215599041432142e-04,3.421817273974170348e-09,3.753921173910157449e-09,1.927164848893880844e-04
1.947181153809651732e-04,2.993057714775204659e-04,1.381420443067327142e-04,3.525660208225644965e-09,3.421817273974170348e-09,2.119889686582610011e-04,3.599925246788870936e-09
3.932286496421966149e-09,2.628327929414808750e-04,7.052458822727203369e-04,9.846659377217292786e-04,3.421817273974170348e-09,2.826426643878221512e-04,3.599925246788870936e-09
3.189858398400247097e-04,4.558598387660595108e-09,3.880130439171125545e-09,3.525660208225644965e-09,3.663095121737569571e-04,2.123914018739014864e-04,3.599925246788870936e-09
6.864457973279058933e-04,4.558598387660595108e-09,3.880130439171125545e-09,9.939219307852908969e-05,3.421817273974170348e-09,3.753921173910157449e-09,3.599925246788870936e-09
1.301538664847612381e-03,7.234804215840995312e-04,3.880130439171125545e-09,5.566402687691152096e-04,3.880603762809187174e-04,3.753921173910157449e-09,2.658495795913040638e-04
3.932286496421966149e-09,4.558598387660595108e-09,3.880130439171125545e-09,1.213749055750668049e-05,3.528539673425257206e-04,2.091616188408806920e-04,3.408638585824519396e-04
3.932286496421966149e-09,4.558598387660595108e-09,3.880130439171125545e-09,3.525660208225644965e-09,1.580329553689807653e-04,3.753921173910157449e-09,6.108335219323635101e-04
3.932286496421966149e-09,1.030293991789221764e-03,9.263393585570156574e-04,1.052477862685918808e-03,3.421817273974170348e-09,1.180476392619311810e-04,3.599925246788870936e-09
7.298741838894784451e-04,2.620377053972333670e-04,5.424692062661051750e-04,3.525660208225644965e-09,3.421817273974170348e-09,6.804513977840542793e-04,2.517034590709954500e-04
5.153861129656434059e-04,4.558598387660595108e-09,3.880130439171125545e-09,3.525660208225644965e-09,3.421817273974170348e-09,3.753921173910157449e-09,3.599925246788870936e-09
1.272596709895879030e-04,4.558598387660595108e-09,3.134428407065570354e-04,5.534484516829252243e-04,3.421817273974170348e-09,3.753921173910157449e-09,2.455685462336987257e-04
4.214599903207272291e-04,4.558598387660595108e-09,3.880130439171125545e-09,2.437589719193056226e-04,3.421817273974170348e-09,3.753921173910157449e-09,1.986900897463783622e-04
5.358546623028814793e-04,2.333670563530176878e-04,3.880130439171125545e-09,3.525660208225644965e-09,3.421817273974170348e-09,3.753921173910157449e-09,1.802756451070308685e-04
1.218443620018661022e-03,4.558598387660595108e-09,3.019808791577816010e-04,9.608038817532360554e-04,3.421817273974170348e-09,3.753921173910157449e-09,3.771274932660162449e-04
3.932286496421966149e-09,8.899741806089878082e-04,1.006052829325199127e-03,1.044772565364837646e-03,3.421817273974170348e-09,6.938891019672155380e-04,4.769860825035721064e-04
7.053228910081088543e-04,3.907317295670509338e-04,8.859116933308541775e-04,3.069513768423348665e-04,1.181667030323296785e-04,5.935509107075631618e-04,4.035145102534443140e-04
2.319189952686429024e-03,9.507962386123836040e-04,1.434728736057877541e-03,1.745032030157744884e-03,9.305930580012500286e-04,2.830887096934020519e-04,1.582259777933359146e-03
3.382084832992404699e-04,4.558598387660595108e-09,3.880130439171125545e-09,3.525660208225644965e-09,3.421817273974170348e-09,1.216499294969253242e-04,3.599925246788870936e-09
3.932286496421966149e-09,4.558598387660595108e-09,1.751871604938060045e-04,3.620871284510940313e-04,3.421817273974170348e-09,3.753921173910157449e-09,6.559465546160936356e-04
3.932286496421966149e-09,1.364585623377934098e-04,3.880130439171125545e-09,3.525660208225644965e-09,2.382721868343651295e-04,1.314656515205570031e-06,3.599925246788870936e-09
3.932286496421966149e-09,2.720767515711486340e-04,3.880130439171125545e-09,1.159723731689155102e-03,3.421817273974170348e-09,5.325800157152116299e-04,2.065276930807158351e-05
3.131784615106880665e-04,4.558598387660595108e-09,3.880130439171125545e-09,1.534690672997385263e-04,3.421817273974170348e-09,3.753921173910157449e-09,2.207620273111388087e-04
2.821374800987541676e-04,4.558598387660595108e-09,3.880130439171125545e-09,3.280152450315654278e-04,3.421817273974170348e-09,3.753921173910157449e-09,3.599925246788870936e-09
1.422766217729076743e-04,4.558598387660595108e-09,3.880130439171125545e-09,1.391684490954503417e-04,2.385342959314584732e-04,3.753921173910157449e-09,1.834106951719149947e-04
4.025216621812433004e-04,1.645700423978269100e-03,8.262605406343936920e-04,1.321712275967001915e-03,3.421817273974170348e-09,1.908194681163877249e-04,6.675112526863813400e-04
1.813480979762971401e-03,1.993515907088294625e-04,3.880130439171125545e-09,1.386617892421782017e-03,9.860241552814841270e-04,9.745584975462406874e-05,1.519681303761899471e-03
8.149650529958307743e-04,2.347764384467154741e-04,3.880130439171125545e-09,3.525660208225644965e-09,3.421817273974170348e-09,3.753921173910157449e-09,2.366543485550209880e-04
3.932286496421966149e-09,4.081401566509157419e-04,5.315891467034816742e-04,1.344636082649230957e-03,3.421817273974170348e-09,3.753921173910157449e-09,3.267310967203229666e-04
5.268552340567111969e-04,4.558598387660595108e-09,8.215107955038547516e-04,3.961958573199808598e-04,3.421817273974170348e-09,1.568406587466597557e-04,3.831928770523518324e-04
6.528336089104413986e-04,4.558598387660595108e-09,1.812061382224783301e-04,2.708533720578998327e-04,7.517995982198044658e-05,5.642178584821522236e-04,3.362526476848870516e-04
6.450574146583676338e-04,2.423659898340702057e-03,1.000457908958196640e-03,9.813380893319845200e-04,1.067674893420189619e-04,2.355239848839119077e-04,1.402011257596313953e-03
6.202880758792161942e-04,1.484872045693919063e-04,3.880130439171125545e-09,3.525660208225644965e-09,3.421817273974170348e-09,3.753921173910157449e-09,3.599925246788870936e-09
3.614856395870447159e-04,1.439953921362757683e-03,1.136214123107492924e-03,1.210466725751757622e-03,3.421817273974170348e-09,1.209650072269141674e-04,8.206898346543312073e-04
3.932286496421966149e-09,4.558598387660595108e-09,3.880130439171125545e-09,1.567189174238592386e-04,1.063425006577745080e-04,5.776265170425176620e-04,3.599925246788870936e-09
6.717219366692006588e-04,1.627626130357384682e-03,1.152398413978517056e-03,6.124792271293699741e-04,3.421817273974170348e-09,3.753921173910157449e-09,1.606286619789898396e-03
2.698285970836877823e-04,4.558598387660595108e-09,3.880130439171125545e-09,2.747550606727600098e-04,3.421817273974170348e-09,3.753921173910157449e-09,3.599925246788870936e-09
3.932286496421966149e-09,4.558598387660595108e-09,3.880130439171125545e-09,3.088798839598894119e-04,4.972153110429644585e-04,3.753921173910157449e-09,4.393984272610396147e-04
6.100251339375972748e-04,2.302780281752347946e-03,1.113310456275939941e-03,1.340193208307027817e-03,1.117240462917834520e-04,4.205129225738346577e-04,1.400368520990014076e-03
3.932286496421966149e-09,5.437484942376613617e-04,3.880130439171125545e-09,1.825719664338976145e-04,1.775179553078487515e-04,3.936553257517516613e-04,3.599925246788870936e-09
1.507943030446767807e-03,2.422970021143555641e-03,1.594452653080224991e-03,1.463284948840737343e-03,8.201650343835353851e-04,1.703828689642250538e-03,1.055277069099247456e-03
4.597887746058404446e-04,4.558598387660595108e-09,3.880130439171125545e-09,3.525660208225644965e-09,3.421817273974170348e-09,3.753921173910157449e-09,3.599925246788870936e-09
3.932286496421966149e-09,1.470582210458815098e-04,5.384214455261826515e-04,3.525660208225644965e-09,3.421817273974170348e-09,3.753921173910157449e-09,3.599925246788870936e-09
1.135373720899224281e-03,3.470979572739452124e-04,3.880130439171125545e-09,8.948477334342896938e-04,3.421817273974170348e-09,3.753921173910157449e-09,1.778855512384325266e-04
8.823093376122415066e-04,5.885853897780179977e-04,7.715585525147616863e-04,3.436914312260341831e-06,3.421817273974170348e-09,8.227555372286587954e-05,3.599925246788870936e-09
1.667802105657756329e-03,4.180905816610902548e-04,9.051986853592097759e-04,1.005390775389969349e-03,7.077810587361454964e-04,1.102646230719983578e-03,1.156166894361376762e-03
3.490468370728194714e-04,4.558598387660595108e-09,3.880130439171125545e-09,4.296094120945781469e-04,3.421817273974170348e-09,3.753921173910157449e-09,3.801503917202353477e-04
3.932286496421966149e-09,2.380182268097996712e-04,3.880130439171125545e-09,1.757940917741507292e-04,6.132839189376682043e-05,1.740672887535765767e-04,3.599925246788870936e-09
1.443848246708512306e-03,1.758263446390628815e-03,1.580476062372326851e-03,1.235686242580413818e-03,9.086601785384118557e-04,1.749903080053627491e-03,1.179312239401042461e-03
2.193762455135583878e-03,1.502859639003872871e-03,1.381374080665409565e-03,1.766619738191366196e-03,1.020619412884116173e-03,6.028629140928387642e-04,1.806120504625141621e-03
9.749076562002301216e-04,2.526221214793622494e-04,3.035351110156625509e-04,3.525660208225644965e-09,3.421817273974170348e-09,3.753921173910157449e-09,1.356314460281282663e-04
1.719998195767402649e-03,1.354646869003772736e-03,6.754176574759185314e-04,9.045387268997728825e-04,9.902006713673472404e-04,1.137941377237439156e-03,6.542033515870571136e-04
2.608818758744746447e-04,4.558598387660595108e-09,3.880130439171125545e-09,1.746446214383468032e-04,1.317032583756372333e-04,3.753921173910157449e-09,3.223527164664119482e-04
2.451140317134559155e-04,3.609963750932365656e-04,3.880130439171125545e-09,6.487581995315849781e-04,1.675147213973104954e-04,1.209563692100346088e-03,3.599925246788870936e-09
1.740974606946110725e-03,4.558598387660595108e-09,3.880130439171125545e-09,1.118357060477137566e-03,1.275107031688094139e-03,3.753921173910157449e-09,1.836061128415167332e-03
3.932286496421966149e-09,4.558598387660595108e-09,3.880130439171125545e-09,3.525660208225644965e-09,1.133641577325761318e-03,2.756013709586113691e-04,2.364626561757177114e-04
3.640055656433105469e-04,7.718250271864235401e-04,3.880130439171125545e-09,8.409949950873851776e-04,1.124179223552346230e-03,3.788333269767463207e-04,8.768559200689196587e-04
2.332547446712851524e-04,4.558598387660595108e-09,1.460305356886237860e-04,9.502658940618857741e-05,3.421817273974170348e-09,3.753921173910157449e-09,4.024980298709124327e-04
3.932286496421966149e-09,4.558598387660595108e-09,3.880130439171125545e-09,1.698673295322805643e-04,1.597436057636514306e-04,3.753921173910157449e-09,4.953245515935122967e-04
3.932286496421966149e-09,4.558598387660595108e-09,3.880130439171125545e-09,1.981133827939629555e-04,1.281032455153763294e-04,3.753921173910157449e-09,4.553367907647043467e-04
5.080016562715172768e-04,5.858372314833104610e-04,3.032931126654148102e-04,8.338479092344641685e-04,1.120112021453678608e-03,1.017668168060481548e-03,8.741142228245735168e-04
2.335037570446729660e-04,4.558598387660595108e-09,3.880130439171125545e-09,3.525660208225644965e-09,1.269098283955827355e-04,3.753921173910157449e-09,2.079110854538157582e-04
3.932286496421966149e-09,4.558598387660595108e-09,3.880130439171125545e-09,3.253989561926573515e-04,8.080425322987139225e-05,3.753921173910157449e-09,1.134617603383958340e-03
3.932286496421966149e-09,4.558598387660595108e-09,3.880130439171125545e-09,2.599169965833425522e-04,4.748872015625238419e-04,2.031498734140768647e-04,3.599925246788870936e-09
6.245438125915825367e-04,4.279541317373514175e-04,3.880130439171125545e-09,9.411797509528696537e-04,3.421817273974170348e-09,3.753921173910157449e-09,5.776088801212608814e-04
8.208935032598674297e-04,4.558598387660595108e-09,3.880130439171125545e-09,5.287313833832740784e-04,3.421817273974170348e-09,5.268943496048450470e-04,2.546775795053690672e-04
3.932286496421966149e-09,1.680150453466922045e-04,3.880130439171125545e-09,3.525660208225644965e-09,9.749170276336371899e-04,7.294173701666295528e-04,5.313241854310035706e-04
1.143773901276290417e-03,5.756789469160139561e-04,6.999476463533937931e-04,3.525660208225644965e-09,1.153503981186076999e-04,3.112828417215496302e-04,2.485415316186845303e-04
1.441429194528609514e-04,4.558598387660595108e-09,3.880130439171125545e-09,5.459591629914939404e-04,3.421817273974170348e-09,3.753921173910157449e-09,3.599925246788870936e-09
1.835408329498022795e-04,9.080794407054781914e-04,1.929926074808463454e-04,5.175573169253766537e-04,5.090796912554651499e-05,3.753921173910157449e-09,3.599925246788870936e-09
7.970068836584687233e-04,4.558598387660595108e-09,3.880130439171125545e-09,8.077183738350868225e-04,1.345963119092630222e-05,3.753921173910157449e-09,6.049813237041234970e-04
3.932286496421966149e-09,4.558598387660595108e-09,5.898879026062786579e-04,3.525660208225644965e-09,3.421817273974170348e-09,3.753921173910157449e-09,3.599925246788870936e-09
2.586140763014554977e-04,4.558598387660595108e-09,1.885953388409689069e-04,6.634681485593318939e-04,3.421817273974170348e-09,2.014422207139432430e-04,4.272941441740840673e-04
7.262413855642080307e-04,1.448909752070903778e-03,3.880130439171125545e-09,5.373268504627048969e-04,2.557598927523940802e-04,3.917603171430528164e-04,2.361104561714455485e-04
3.932286496421966149e-09,4.558598387660595108e-09,3.880130439171125545e-09,2.118280390277504921e-04,6.157988100312650204e-04,2.108945627696812153e-04,3.599925246788870936e-09
3.932286496421966149e-09,4.558598387660595108e-09,7.309672946576029062e-05,3.525660208225644965e-09,1.396232401020824909e-04,3.788428439293056726e-04,3.599925246788870936e-09
1.173293101601302624e-03,2.539241919293999672e-03,1.786604174412786961e-03,1.659573172219097614e-03,1.216604723595082760e-03,1.835524337366223335e-03,1.026710262522101402e-03
3.000952528964262456e-05,4.558598387660595108e-09,3.880130439171125545e-09,3.525660208225644965e-09,8.760046330280601978e-04,3.398020635358989239e-04,1.050958060659468174e-03
1.159861058113165200e-04,4.558598387660595108e-09,1.425576629117131233e-04,2.778412308543920517e-04,3.421817273974170348e-09,3.753921173910157449e-09,3.599925246788870936e-09
3.932286496421966149e-09,4.558598387660595108e-09,3.880130439171125545e-09,3.525660208225644965e-09,2.194087137468159199e-04,3.753921173910157449e-09,8.329067495651543140e-04
1.805664796847850084e-04,1.384098723065108061e-04,3.880130439171125545e-09,5.341626238077878952e-04,3.421817273974170348e-09,6.173315341584384441e-05,1.822581398300826550e-04
3.932286496421966149e-09,2.080788835883140564e-03,1.746096182614564896e-03,6.411914946511387825e-04,1.330484403297305107e-03,1.377025735564529896e-03,7.183535490185022354e-04
3.932286496421966149e-09,4.558598387660595108e-09,1.423241628799587488e-04,3.525660208225644965e-09,3.721311513800173998e-04,1.944483956322073936e-04,5.538146360777318478e-04
1.549068692838773131e-04,1.316695124842226505e-04,3.880130439171125545e-09,9.420051937922835350e-04,1.429587864549830556e-04,3.753921173910157449e-09,2.451620239298790693e-04
2.610332448966801167e-04,4.558598387660595108e-09,3.880130439171125545e-09,3.525660208225644965e-09,1.076843356713652611e-03,3.753921173910157449e-09,3.599925246788870936e-09
1.104938201024197042e-04,4.558598387660595108e-09,3.880130439171125545e-09,1.986693678190931678e-04,2.872732293326407671e-04,2.739168703556060791e-04,1.926924305735155940e-04
7.171774996095336974e-06,2.482347190380096436e-04,8.280373294837772846e-04,2.422804245725274086e-04,3.421817273974170348e-09,3.753921173910157449e-09,4.026467795483767986e-04
4.301141307223588228e-04,4.558598387660595108e-09,3.880130439171125545e-09,8.924759458750486374e-05,6.097354344092309475e-04,3.753921173910157449e-09,7.700455025769770145e-04
3.932286496421966149e-09,1.808042579796165228e-04,6.168339168652892113e-04,3.312486805953085423e-04,2.016175421886146069e-04,6.263292161747813225e-04,6.569230463355779648e-04
1.066319295205175877e-03,9.777228115126490593e-04,1.242264406755566597e-03,1.016817637719213963e-03,1.396312436554580927e-04,6.348500028252601624e-04,4.231795610394328833e-04
3.761223342735320330e-04,4.558598387660595108e-09,3.880130439171125545e-09,7.063515658956021070e-05,3.421817273974170348e-09,5.459887906908988953e-04,3.599925246788870936e-09
1.635212684050202370e-04,4.558598387660595108e-09,3.880130439171125545e-09,1.499523059464991093e-04,1.236954558407887816e-04,3.753921173910157449e-09,1.718524144962430000e-04
1.354519190499559045e-04,4.558598387660595108e-09,3.880130439171125545e-09,3.344640426803380251e-04,3.061223833356052637e-04,3.753921173910157449e-09,3.366944729350507259e-04
3.932286496421966149e-09,4.558598387660595108e-09,1.760383602231740952e-04,1.942122617037966847e-05,3.421817273974170348e-09,2.083191648125648499e-04,1.967109710676595569e-04
1.228909095516428351e-04,4.558598387660595108e-09,3.880130439171125545e-09,3.525660208225644965e-09,7.932523149065673351e-04,3.753921173910157449e-09,1.123452675528824329e-03
3.932286496421966149e-09,5.299510667100548744e-04,2.927127934526652098e-04,3.404073941055685282e-04,3.421817273974170348e-09,5.506036686711013317e-04,4.759084258694201708e-04
8.994695963338017464e-04,1.910260412842035294e-03,8.760889759287238121e-04,8.704932406544685364e-04,1.351807877654209733e-04,7.938877679407596588e-04,1.189712929772213101e-05
3.932286496421966149e-09,4.558598387660595108e-09,3.880130439171125545e-09,3.525660208225644965e-09,3.678631910588592291e-04,3.753921173910157449e-09,4.868177056778222322e-04
2.262323832837864757e-04,4.558598387660595108e-09,3.880130439171125545e-09,4.590197640936821699e-04,3.421817273974170348e-09,3.753921173910157449e-09,4.584645503200590611e-04
3.932286496421966149e-09,4.558598387660595108e-09,1.802432525437325239e-04,1.848754764068871737e-04,3.421817273974170348e-09,3.753921173910157449e-09,3.380938433110713959e-04
3.932286496421966149e-09,4.558598387660595108e-09,3.880130439171125545e-09,3.525660208225644965e-09,3.421817273974170348e-09,3.753921173910157449e-09,7.801132742315530777e-04
3.932286496421966149e-09,4.558598387660595108e-09,3.880130439171125545e-09,4.837581655010581017e-04,1.277127594221383333e-04,2.206240023951977491e-04,2.014014025917276740e-04
1.836781622841954231e-03,4.558598387660595108e-09,4.965143743902444839e-04,1.488526817411184311e-03,1.198062207549810410e-03,3.753921173910157449e-09,1.519637880846858025e-03
1.131210519815795124e-04,4.558598387660595108e-09,3.880130439171125545e-09,3.354392247274518013e-04,1.673629158176481724e-04,3.753921173910157449e-09,2.588877978269010782e-04
1.189772956422530115e-04,4.558598387660595108e-09,3.675681364256888628e-04,3.145566442981362343e-04,3.421817273974170348e-09,3.753921173910157449e-09,3.599925246788870936e-09
1.020201831124722958e-03,1.872575812740251422e-04,3.880130439171125545e-09,6.677773781120777130e-04,3.421817273974170348e-09,3.753921173910157449e-09,2.178187860408797860e-04
2.575895341578871012e-04,3.783332358580082655e-04,3.880130439171125545e-09,3.525660208225644965e-09,3.421817273974170348e-09,3.753921173910157449e-09,3.599925246788870936e-09
2.838163054548203945e-04,4.558598387660595108e-09,6.737656076438724995e-05,3.525660208225644965e-09,3.421817273974170348e-09,3.753921173910157449e-09,3.173459845129400492e-04
3.189957060385495424e-04,4.558598387660595108e-09,3.880130439171125545e-09,3.525660208225644965e-09,3.421817273974170348e-09,3.753921173910157449e-09,6.363721331581473351e-04
2.088261302560567856e-03,2.819260815158486366e-03,3.880130439171125545e-09,1.369428006000816822e-03,1.076914835721254349e-03,1.804498257115483284e-03,3.599925246788870936e-09
3.932286496421966149e-09,4.558598387660595108e-09,3.880130439171125545e-09,3.525660208225644965e-09,3.421817273974170348e-09,3.753921173910157449e-09,7.597294170409440994e-04
1.944736810401082039e-03,2.049442846328020096e-03,2.068144531222060323e-04,1.437469851225614548e-03,1.159521634690463543e-03,1.358018373139202595e-03,1.231724279932677746e-03
3.932286496421966149e-09,1.657557731959968805e-04,1.839807810029014945e-04,8.353168232133612037e-05,3.421817273974170348e-09,3.753921173910157449e-09,1.574995985720306635e-04
3.932286496421966149e-09,4.558598387660595108e-09,3.880130439171125545e-09,4.255056846886873245e-04,3.421817273974170348e-09,4.430849221535027027e-04,3.599925246788870936e-09
1.610489911399781704e-03,1.745463465340435505e-03,2.648512891028076410e-04,1.334962900727987289e-03,6.540664471685886383e-04,1.347975106909871101e-03,3.885680926032364368e-04
3.932286496421966149e-09,2.345358661841601133e-04,3.880130439171125545e-09,3.911354870069772005e-04,4.034234990513141383e-08,2.381493395660072565e-04,3.599925246788870936e-09
3.932286496421966149e-09,4.558598387660595108e-09,3.880130439171125545e-09,3.413301019463688135e-04,3.421817273974170348e-09,3.753921173910157449e-09,3.270507440902292728e-04
1.480885664932429790e-03,4.558598387660595108e-09,2.276368468301370740e-04,1.044896896928548813e-03,8.608715725131332874e-04,3.753921173910157449e-09,1.399978180415928364e-03
1.509907655417919159e-03,4.558598387660595108e-09,3.880130439171125545e-09,1.108861179091036320e-03,1.157263177447021008e-03,3.753921173910157449e-09,1.008634339086711407e-03
3.306824655737727880e-04,4.558598387660595108e-09,1.566724036820232868e-03,3.525660208225644965e-09,5.531056667678058147e-04,1.608066959306597710e-03,3.599925246788870936e-09
1.587217411724850535e-04,7.658329559490084648e-04,8.680279715918004513e-04,1.322215190157294273e-03,3.759911342058330774e-04,8.430813322775065899e-04,1.370587036944925785e-03
3.932286496421966149e-09,4.558598387660595108e-09,5.797310150228440762e-04,1.028077676892280579e-03,1.918023917824029922e-04,7.214650977402925491e-04,3.599925246788870936e-09
1.207009045174345374e-04,4.558598387660595108e-09,5.522441615113393709e-09,7.146615535020828247e-04,4.096349584870040417e-04,3.753921173910157449e-09,5.333507433533668518e-04
6.553024868480861187e-04,6.282830145210027695e-04,3.880130439171125545e-09,3.525660208225644965e-09,3.421817273974170348e-09,3.753921173910157449e-09,3.599925246788870936e-09
1.126136266975663602e-04,4.558598387660595108e-09,3.880130439171125545e-09,2.100622659781947732e-04,2.942714781966060400e-04,3.753921173910157449e-09,7.282010483322665095e-05
5.811621085740625858e-04,1.386657357215881348e-03,1.757047721184790134e-03,3.525660208225644965e-09,1.100739114917814732e-03,1.480181468650698662e-03,1.232951181009411812e-03
2.924131695181131363e-04,1.275568269193172455e-03,7.845899090170860291e-04,9.259177022613584995e-04,5.409374716691672802e-04,1.089801779016852379e-03,1.421728404238820076e-03
3.932286496421966149e-09,4.558598387660595108e-09,3.880130439171125545e-09,1.644822914386168122e-04,1.138758598244749010e-04,3.816004609689116478e-04,3.599925246788870936e-09
2.543579903431236744e-04,4.558598387660595108e-09,3.880130439171125545e-09,1.519013603683561087e-04,2.252753765787929296e-04,6.334963836707174778e-04,3.599925246788870936e-09
3.205574175808578730e-04,4.558598387660595108e-09,1.855870941653847694e-04,4.024560330435633659e-04,2.746195532381534576e-04,2.917154924944043159e-04,2.653520205058157444e-04
3.932286496421966149e-09,4.558598387660595108e-09,2.642116160131990910e-04,3.525660208225644965e-09,1.343542971881106496e-04,3.753921173910157449e-09,3.599925246788870936e-09
8.491180778946727514e-05,3.927483048755675554e-04,1.394063001498579979e-03,3.525660208225644965e-09,4.868614196311682463e-04,6.845727912150323391e-04,8.029689342947676778e-05
3.932286496421966149e-09,4.558598387660595108e-09,3.880130439171125545e-09,1.738454739097505808e-04,1.249728666152805090e-05,4.386803484521806240e-04,3.599925246788870936e-09
1.181508778245188296e-04,4.558598387660595108e-09,3.880130439171125545e-09,4.716812400147318840e-04,3.421817273974170348e-09,9.342552511952817440e-04,3.599925246788870936e-09
1.953725004568696022e-03,2.155235270038247108e-03,1.734183053486049175e-03,1.302741351537406445e-03,1.253195805475115776e-03,1.786645851098001003e-03,1.568081439472734928e-03
3.932286496421966149e-09,1.416361919837072492e-04,7.153640617616474628e-04,3.149342664983123541e-04,1.287808970573678380e-07,3.753921173910157449e-09,3.599925246788870936e-09
1.973844919120892882e-04,5.454767378978431225e-04,3.880130439171125545e-09,2.280159969814121723e-04,3.421817273974170348e-09,2.369132416788488626e-04,3.599925246788870936e-09
2.164587203878909349e-04,3.368965190020389855e-05,4.432030254974961281e-04,7.954778266139328480e-04,3.421817273974170348e-09,4.703185113612562418e-04,5.402516690082848072e-04
2.140006399713456631e-04,6.897281855344772339e-04,1.184549109893850982e-04,4.592583863995969296e-04,5.950494087301194668e-04,6.825017044320702553e-04,3.599925246788870936e-09
1.378840184770524502e-03,4.469885316211730242e-04,3.756228252314031124e-04,1.195025397464632988e-03,2.508299985493067652e-05,3.753921173910157449e-09,9.636848699301481247e-04
5.828138673678040504e-04,4.558598387660595108e-09,3.880130439171125545e-09,3.525660208225644965e-09,3.421817273974170348e-09,3.753921173910157449e-09,3.599925246788870936e-09
5.264172796159982681e-04,4.558598387660595108e-09,1.576385111548006535e-04,6.424657185561954975e-04,3.421817273974170348e-09,3.753921173910157449e-09,2.132188092218711972e-04
1.217117751366458833e-04,4.558598387660595108e-09,1.847305247792974114e-04,2.245616051368415356e-04,3.421817273974170348e-09,3.753921173910157449e-09,2.185273333452641964e-04
2.017291961237788200e-03,2.406746847555041313e-03,1.793652540072798729e-03,1.571825589053332806e-03,1.290043583139777184e-03,1.771401031874120235e-03,1.621733186766505241e-03
1.198382742586545646e-04,4.558598387660595108e-09,3.880130439171125545e-09,1.756334240781143308e-04,3.421817273974170348e-09,2.063689607894048095e-04,1.605944271432235837e-04
3.990581899415701628e-04,4.558598387660595108e-09,3.880130439171125545e-09,2.393732429482042789e-04,3.421817273974170348e-09,4.942082450725138187e-04,3.794019576162099838e-04
3.932286496421966149e-09,4.558598387660595108e-09,2.491088816896080971e-04,2.538242843002080917e-04,3.421817273974170348e-09,3.753921173910157449e-09,3.197719925083220005e-04
1.432326156646013260e-03,3.402330621611326933e-04,5.071143968962132931e-04,1.054407213814556599e-03,3.568476240616291761e-04,3.753921173910157449e-09,5.616696435026824474e-04
3.932286496421966149e-09,4.558598387660595108e-09,6.515887798741459846e-04,2.253874845337122679e-04,8.201639866456389427e-04,3.753921173910157449e-09,3.599925246788870936e-09
1.967609161511063576e-03,2.384598599746823311e-03,1.767832902260124683e-03,1.396041130647063255e-03,1.257116557098925114e-03,1.310497173108160496e-03,1.551894238218665123e-03
1.081831986084580421e-03,2.488898811861872673e-03,1.651092781685292721e-03,7.636771770194172859e-04,1.231815898790955544e-03,1.843208796344697475e-03,9.282053797505795956e-04
9.752811165526509285e-04,1.213825307786464691e-03,3.880130439171125545e-09,3.525660208225644965e-09,2.387214626651257277e-04,1.709472271613776684e-03,3.599925246788870936e-09
3.932286496421966149e-09,3.126397787127643824e-04,2.324809902347624302e-04,3.525660208225644965e-09,3.421817273974170348e-09,4.265597381163388491e-04,3.599925246788870936e-09
3.932286496421966149e-09,6.187491817399859428e-04,3.880130439171125545e-09,3.525660208225644965e-09,3.421817273974170348e-09,7.113398169167339802e-04,3.599925246788870936e-09
1.150786047219298780e-04,4.558598387660595108e-09,3.880130439171125545e-09,5.598063944489695132e-05,3.421817273974170348e-09,4.091357695870101452e-04,3.599925246788870936e-09
3.932286496421966149e-09,5.548936896957457066e-04,1.629510195925831795e-03,3.525660208225644965e-09,2.105957246385514736e-04,8.992752991616725922e-04,8.465286373393610120e-05
6.819595000706613064e-04,3.305650316178798676e-04,1.296620321227237582e-04,8.895503560779616237e-05,8.205612544998075464e-08,6.885931361466646194e-04,2.138146228389814496e-04
1.533426926471292973e-03,9.477358544245362282e-04,1.400330336764454842e-03,6.552062695845961571e-04,8.679479942657053471e-04,1.090988982468843460e-03,8.818947826512157917e-04
9.487740462645888329e-04,2.573657082393765450e-03,1.799506717361509800e-03,7.790600066073238850e-04,1.290569547563791275e-03,1.842358731664717197e-03,1.069861464202404022e-03
3.932286496421966149e-09,7.513434975408017635e-04,3.880130439171125545e-09,9.241524094250053167e-05,3.421817273974170348e-09,2.589465584605932236e-04,3.599925246788870936e-09
3.932286496421966149e-09,4.558598387660595108e-09,7.133951294235885143e-04,2.574325480964034796e-04,3.421817273974170348e-09,3.753921173910157449e-09,3.599925246788870936e-09
3.932286496421966149e-09,4.558598387660595108e-09,1.692217047093436122e-04,3.813264484051615000e-04,3.939323069062083960e-04,3.753921173910157449e-09,3.599925246788870936e-09
1.218605539179407060e-04,4.558598387660595108e-09,3.056300629395991564e-04,1.879591291071847081e-04,2.295212616445496678e-04,3.753921173910157449e-09,3.655110485851764679e-04
3.932286496421966149e-09,5.621105083264410496e-04,1.468272530473768711e-03,3.525660208225644965e-09,2.920163969974964857e-04,9.141771588474512100e-04,3.599925246788870936e-09
3.932286496421966149e-09,4.558598387660595108e-09,3.880130439171125545e-09,3.525660208225644965e-09,8.262015762738883495e-04,3.753921173910157449e-09,3.021648735739290714e-04
1.307557540712878108e-04,4.558598387660595108e-09,3.880130439171125545e-09,7.474736776202917099e-05,3.421817273974170348e-09,3.753921173910157449e-09,3.810392518062144518e-04
6.925132038304582238e-05,2.166156889870762825e-03,1.725569949485361576e-03,3.525660208225644965e-09,1.176920835860073566e-03,1.772927585989236832e-03,3.900203446391969919e-04
3.932286496421966149e-09,5.266129155643284321e-04,3.880130439171125545e-09,3.525660208225644965e-09,1.254095259355381131e-04,3.753921173910157449e-09,2.093126095132902265e-04
3.932286496421966149e-09,4.558598387660595108e-09,2.041964326053857803e-04,2.799488720484077930e-04,3.421817273974170348e-09,1.022000724333338439e-04,3.599925246788870936e-09
3.488887741696089506e-04,1.707021147012710571e-04,3.880130439171125545e-09,5.742719513364136219e-04,2.832278842106461525e-04,3.466723137535154819e-04,4.528922145254909992e-04
3.932286496421966149e-09,4.558598387660595108e-09,3.880130439171125545e-09,1.622680138098075986e-04,1.296170376008376479e-04,4.148742882534861565e-04,3.599925246788870936e-09
3.146761446259915829e-04,4.558598387660595108e-09,2.492656058166176081e-04,3.525660208225644965e-09,3.421817273974170348e-09,3.753921173910157449e-09,3.599925246788870936e-09
6.884201866341754794e-07,1.535419141873717308e-04,4.669237532652914524e-04,2.043689164565876126e-04,3.421817273974170348e-09,3.753921173910157449e-09,3.599925246788870936e-09
3.932286496421966149e-09,4.558598387660595108e-09,1.785353815648704767e-04,3.525660208225644965e-09,1.495167671237140894e-04,2.480190014466643333e-04,2.428819134365767241e-04
2.037751022726297379e-03,2.491154475137591362e-03,1.829467481002211571e-03,1.608608989045023918e-03,1.315067405812442303e-03,1.537365256808698177e-03,1.613063621334731579e-03
3.932286496421966149e-09,4.558598387660595108e-09,8.148875785991549492e-04,3.525660208225644965e-09,3.421817273974170348e-09,3.753921173910157449e-09,3.599925246788870936e-09
1.452999771572649479e-03,2.246635034680366516e-03,3.880130439171125545e-09,1.830919209169223905e-04,3.421817273974170348e-09,8.648312650620937347e-04,3.599925246788870936e-09
4.747548955492675304e-04,1.102526672184467316e-03,6.245352560654282570e-04,3.308898885734379292e-04,5.122672300785779953e-04,4.451871500350534916e-04,6.441485020332038403e-04
4.716471303254365921e-04,4.547804419416934252e-04,5.678994930349290371e-04,3.525660208225644965e-09,3.421817273974170348e-09,3.753921173910157449e-09,3.599925246788870936e-09
2.945677260868251324e-04,4.558598387660595108e-09,3.880130439171125545e-09,7.340511074289679527e-04,3.421817273974170348e-09,3.753921173910157449e-09,3.599925246788870936e-09
2.561892033554613590e-04,4.558598387660595108e-09,1.720816944725811481e-04,3.525660208225644965e-09,3.421817273974170348e-09,6.183477817103266716e-04,3.599925246788870936e-09
2.314179582754150033e-04,2.032426418736577034e-04,1.349582686088979244e-03,2.704588987398892641e-04,3.209560527466237545e-04,6.473529501818120480e-04,6.443771999329328537e-04
3.980202018283307552e-04,2.814181789290159941e-04,3.880130439171125545e-09,1.084055751562118530e-03,1.174856806755997241e-04,3.753921173910157449e-09,4.107054264750331640e-04
3.932286496421966149e-09,4.558598387660595108e-09,7.372971158474683762e-04,4.893695004284381866e-04,1.523370738141238689e-04,3.753921173910157449e-09,4.429035107023082674e-05
1.970366138266399503e-04,9.571780683472752571e-04,3.811259230133146048e-04,2.476525551173835993e-04,3.421817273974170348e-09,6.907514034537598491e-05,2.983156882692128420e-04
2.062044572085142136e-03,2.571100369095802307e-03,1.688676420599222183e-03,1.590204541571438313e-03,1.349471043795347214e-03,1.490218914113938808e-03,1.629865728318691254e-03
1.148502778960391879e-04,4.558598387660595108e-09,3.192661388311535120e-04,1.530289155198261142e-04,1.207328605232760310e-04,2.283714857185259461e-04,1.807399385143071413e-04
3.435915568843483925e-04,4.558598387660595108e-09,3.962614937336184084e-05,1.971881283679977059e-04,3.421817273974170348e-09,5.665323697030544281e-04,8.790212450549006462e-04
9.344908175989985466e-04,6.571860867552459240e-04,1.566184218972921371e-03,6.058447179384529591e-04,6.343764835037291050e-04,1.030215644277632236e-03,4.807368095498532057e-04
3.932286496421966149e-09,4.558598387660595108e-09,3.880130439171125545e-09,3.525660208225644965e-09,2.142491284757852554e-04,1.885427191155031323e-04,1.856264425441622734e-04
1.039797207340598106e-03,4.558598387660595108e-09,3.880130439171125545e-09,7.581946556456387043e-04,2.800279071379918605e-05,3.753921173910157449e-09,4.412221896927803755e-04
3.932286496421966149e-09,4.558598387660595108e-09,1.335656561423093081e-04,3.107904922217130661e-04,1.132555917138233781e-04,3.753921173910157449e-09,3.599925246788870936e-09
3.932286496421966149e-09,4.558598387660595108e-09,3.880130439171125545e-09,2.306725218659266829e-04,1.313390093855559826e-04,3.753921173910157449e-09,3.779619873967021704e-04
1.980602508410811424e-03,2.446271944791078568e-03,1.423860783688724041e-03,1.566746155731379986e-03,1.201442210003733635e-03,1.798532903194427490e-03,1.282438635826110840e-03
8.711845730431377888e-04,2.727281767874956131e-03,1.930025406181812286e-03,1.506913569755852222e-03,1.392790232785046101e-03,1.924979267641901970e-03,1.122840214520692825e-03
4.993164329789578915e-04,4.558598387660595108e-09,3.880130439171125545e-09,4.617869271896779537e-04,3.421817273974170348e-09,3.753921173910157449e-09,3.599925246788870936e-09
3.932286496421966149e-09,4.558598387660595108e-09,3.880130439171125545e-09,3.337737289257347584e-04,1.843665231717750430e-04,3.753921173910157449e-09,7.992304745130240917e-04
2.392947062617167830e-04,4.558598387660595108e-09,1.760088489390909672e-04,3.144237562082707882e-04,1.320724841207265854e-04,3.753921173910157449e-09,3.599925246788870936e-09
1.318572030868381262e-04,4.558598387660595108e-09,3.880130439171125545e-09,3.194902965333312750e-04,1.586308208061382174e-04,3.753921173910157449e-09,3.599925246788870936e-09
2.634105912875384092e-04,4.558598387660595108e-09,3.241064841859042645e-04,4.766728379763662815e-04,3.421817273974170348e-09,9.658940834924578667e-04,3.544058417901396751e-04
5.624275072477757931e-04,4.558598387660595108e-09,1.946203265106305480e-04,6.661927727691363543e-06,4.500021750573068857e-04,8.751059067435562611e-04,8.050242322497069836e-04
4.364079795777797699e-04,4.558598387660595108e-09,3.880130439171125545e-09,1.451352993342425179e-08,4.899442428722977638e-04,3.753921173910157449e-09,2.503811265341937542e-04
3.932286496421966149e-09,1.240768702700734138e-03,1.840845332480967045e-03,3.525660208225644965e-09,1.120066619478166103e-03,1.704646623693406582e-03,5.093786166980862617e-04
8.243195992463370203e-08,2.035424346104264259e-03,1.294767949730157852e-03,1.635531429201364517e-03,7.334084948524832726e-04,1.040313858538866043e-03,1.686504692770540714e-03
1.329198363237082958e-03,1.937844906933605671e-03,1.578862662427127361e-03,9.136835578829050064e-04,5.336367757990956306e-04,1.227495144121348858e-03,7.937772898003458977e-04
4.460487689357250929e-04,2.784092910587787628e-03,1.959887798875570297e-03,3.897393180523067713e-04,1.259573153220117092e-03,1.934664091095328331e-03,1.239225617609918118e-03
3.932286496421966149e-09,1.759386796038597822e-04,3.880130439171125545e-09,3.525660208225644965e-09,2.354765310883522034e-04,3.753921173910157449e-09,3.599925246788870936e-09
1.777462166501209140e-04,7.836158038116991520e-04,1.188910915516316891e-03,1.207019551657140255e-03,6.075170822441577911e-04,6.090172100812196732e-04,1.167190028354525566e-03
3.932286496421966149e-09,1.140556647442281246e-03,1.685269759036600590e-03,3.525660208225644965e-09,1.048869919031858444e-03,1.512393471784889698e-03,3.063557087443768978e-04
3.932286496421966149e-09,1.716630184091627598e-03,1.583908451721072197e-03,1.388804404996335506e-03,3.239037177991122007e-04,3.496444842312484980e-04,1.861813594587147236e-03
3.517064615152776241e-04,4.558598387660595108e-09,4.435812879819422960e-04,4.128785512875765562e-04,3.421817273974170348e-09,3.753921173910157449e-09,4.032500728499144316e-04
1.170611576526425779e-04,4.558598387660595108e-09,3.880130439171125545e-09,3.294460766483098269e-04,2.789406571537256241e-04,3.753921173910157449e-09,6.834847736172378063e-04
3.932286496421966149e-09,1.923762611113488674e-03,1.831764471717178822e-03,3.525660208225644965e-09,1.052790321409702301e-03,1.691185403615236282e-03,3.808157052844762802e-04
3.932286496421966149e-09,4.558598387660595108e-09,3.880130439171125545e-09,1.620978146092966199e-04,5.400195368565618992e-04,3.753921173910157449e-09,3.599925246788870936e-09
2.180338633479550481e-04,3.067601355724036694e-04,1.134144549723714590e-04,3.525660208225644965e-09,3.421817273974170348e-09,2.780842478387057781e-04,3.599925246788870936e-09
1.696159015409648418e-04,6.177910836413502693e-04,4.043773515149950981e-04,9.343720012111589313e-05,2.904237480834126472e-04,5.407624412328004837e-04,2.254045393783599138e-04
2.397681091679260135e-04,4.558598387660595108e-09,3.880130439171125545e-09,2.167417405871674418e-04,3.421817273974170348e-09,3.753921173910157449e-09,3.599925246788870936e-09
1.815456926124170423e-04,3.367593744769692421e-04,1.493446616223081946e-04,3.525660208225644965e-09,1.197508318000473082e-04,3.753921173910157449e-09,3.599925246788870936e-09
3.932286496421966149e-09,4.558598387660595108e-09,1.623844582354649901e-04,5.683782510459423065e-04,3.421817273974170348e-09,3.753921173910157449e-09,3.599925246788870936e-09
3.932286496421966149e-09,3.633117594290524721e-04,1.737916492857038975e-03,3.525660208225644965e-09,7.303312304429709911e-05,1.229807501658797264e-03,3.599925246788870936e-09
1.269541389774531126e-04,4.558598387660595108e-09,1.589149323990568519e-04,1.878018083516508341e-04,3.421817273974170348e-09,6.058604922145605087e-04,3.599925246788870936e-09
1.850686530815437436e-04,8.589018834754824638e-04,1.144351321272552013e-03,3.757053345907479525e-04,8.487916202284395695e-04,3.013639652635902166e-04,6.207927945069968700e-04
3.932286496421966149e-09,4.558598387660595108e-09,3.904486366081982851e-04,3.525660208225644965e-09,1.115488630603067577e-04,3.753921173910157449e-09,3.599925246788870936e-09
3.932286496421966149e-09,4.558598387660595108e-09,3.880130439171125545e-09,1.411957200616598129e-04,1.780255988705903292e-04,2.587820636108517647e-04,3.599925246788870936e-09
3.932286496421966149e-09,5.943088035564869642e-05,3.880130439171125545e-09,3.525660208225644965e-09,2.208391233580186963e-04,2.047448506345972419e-04,3.599925246788870936e-09
1.011283675325103104e-04,4.558598387660595108e-09,2.176428824895992875e-04,4.898400220554322004e-05,3.421817273974170348e-09,3.305397694930434227e-05,3.599925246788870936e-09
1.019989867927506566e-04,4.558598387660595108e-09,3.880130439171125545e-09,3.525660208225644965e-09,1.111510646296665072e-04,3.753921173910157449e-09,1.854765869211405516e-04
3.932286496421966149e-09,1.608713530004024506e-03,1.610569772310554981e-03,1.445403671823441982e-03,5.312240682542324066e-04,8.401292143389582634e-04,1.683703507296741009e-03
2.070081885904073715e-03,2.497824840247631073e-03,1.485289307311177254e-03,1.663547707721590996e-03,1.352517167106270790e-03,1.387237454764544964e-03,1.672870712354779243e-03
3.932286496421966149e-09,4.558598387660595108e-09,3.477668215055018663e-04,3.088726953137665987e-04,1.327760799085808685e-07,3.412190708331763744e-04,1.221990169142372906e-05
3.932286496421966149e-09,4.558598387660595108e-09,3.880130439171125545e-09,3.525660208225644965e-09,2.746891113929450512e-04,3.753921173910157449e-09,6.523631163872778416e-04
1.086907068383879960e-04,4.558598387660595108e-09,3.880130439171125545e-09,8.993139490485191345e-04,3.180633066222071648e-04,2.723075158428400755e-04,4.692526999861001968e-04
3.932286496421966149e-09,4.558598387660595108e-09,3.880130439171125545e-09,3.637576010078191757e-04,3.421817273974170348e-09,2.667884691618382931e-04,3.599925246788870936e-09
4.745944170281291008e-04,7.921043434180319309e-04,1.190481241792440414e-03,1.078808098100125790e-03,1.247770705958828330e-04,6.641184445470571518e-04,2.333640732103958726e-04
1.454216777347028255e-03,7.367066573351621628e-04,2.515867163310758770e-05,1.246669446118175983e-03,1.457391481380909681e-04,2.566539042163640261e-04,7.484735397156327963e-05
3.932286496421966149e-09,3.680636000353842974e-04,9.320150275016203523e-05,3.525660208225644965e-09,3.421817273974170348e-09,1.910772261908277869e-04,3.599925246788870936e-09
3.888887586072087288e-04,2.097590593621134758e-03,1.832826761528849602e-03,1.538709620945155621e-03,1.296191709116101265e-03,7.460011402145028114e-04,1.543503021821379662e-03
1.974666491150856018e-03,2.411720808595418930e-03,1.827148837037384510e-03,1.283820951357483864e-03,6.542510236613452435e-04,1.857916126027703285e-03,1.689695753157138824e-03
2.074226504191756248e-03,2.515455475077033043e-03,1.235483563505113125e-03,1.534461160190403461e-03,1.360510475933551788e-03,1.363982213661074638e-03,1.619509072043001652e-03
3.326413279864937067e-04,4.558598387660595108e-09,3.880130439171125545e-09,3.807340399362146854e-04,3.421817273974170348e-09,3.753921173910157449e-09,3.599925246788870936e-09
1.137753642979077995e-04,4.558598387660595108e-09,3.880130439171125545e-09,3.525660208225644965e-09,3.272836329415440559e-04,2.048638853011652827e-04,3.599925246788870936e-09
7.033005240373313427e-04,1.042512827552855015e-03,9.765692520886659622e-04,3.419057757128030062e-04,4.227350291330367327e-04,5.894264904782176018e-04,4.518342320807278156e-04
1.341808238066732883e-03,1.951356884092092514e-03,8.977682446129620075e-04,1.228714361786842346e-03,2.732918364927172661e-04,4.009637341368943453e-04,1.007223501801490784e-03
2.112717833369970322e-03,2.461525844410061836e-03,1.852017361670732498e-03,1.354434527456760406e-03,3.746894653886556625e-04,1.559329684823751450e-03,1.556212664581835270e-03
1.839225064031779766e-03,2.239992842078208923e-03,1.157189486548304558e-03,1.440275576896965504e-03,1.303578843362629414e-03,1.527132932096719742e-03,1.243047532625496387e-03
3.932286496421966149e-09,1.839143340475857258e-03,1.947338110767304897e-03,7.137119537219405174e-04,1.305136946029961109e-03,1.622848212718963623e-03,6.699411314912140369e-04
3.932286496421966149e-09,4.558598387660595108e-09,3.880130439171125545e-09,3.525660208225644965e-09,3.170893469359725714e-04,3.753921173910157449e-09,5.061225383542478085e-04
2.647446526680141687e-04,4.558598387660595108e-09,3.880130439171125545e-09,1.556821051053702831e-03,3.421817273974170348e-09,3.753921173910157449e-09,3.599925246788870936e-09
3.932286496421966149e-09,4.558598387660595108e-09,3.880130439171125545e-09,3.525660208225644965e-09,2.444387355353683233e-04,3.753921173910157449e-09,4.001839261036366224e-04
3.932286496421966149e-09,1.666548196226358414e-04,7.093272288329899311e-04,3.525660208225644965e-09,2.482621057424694300e-04,1.983098190976306796e-04,2.341070940019562840e-04
1.907889847643673420e-03,2.229643519967794418e-03,1.825078390538692474e-03,1.507702865637838840e-03,4.560331290122121572e-04,1.829768531024456024e-03,1.750330673530697823e-03
3.932286496421966149e-09,8.979255217127501965e-04,5.593280657194554806e-04,8.726842352189123631e-04,6.852554506622254848e-04,5.835450137965381145e-04,8.152094669640064240e-04
3.932286496421966149e-09,1.579517847858369350e-04,2.190980303566902876e-04,1.584286073921248317e-04,3.421817273974170348e-09,3.753921173910157449e-09,3.599925246788870936e-09
3.932286496421966149e-09,4.558598387660595108e-09,4.463469958864152431e-04,3.525660208225644965e-09,3.421817273974170348e-09,3.753921173910157449e-09,3.599925246788870936e-09
3.932286496421966149e-09,1.262338715605437756e-03,1.625551725737750530e-03,2.926166926044970751e-04,1.156171900220215321e-03,1.137081882916390896e-03,4.867137176916003227e-04
3.932286496421966149e-09,4.558598387660595108e-09,3.880130439171125545e-09,3.525660208225644965e-09,3.421817273974170348e-09,7.614893256686627865e-04,3.599925246788870936e-09
3.932286496421966149e-09,8.537776884622871876e-04,3.689849108923226595e-04,3.525660208225644965e-09,3.421817273974170348e-09,3.753921173910157449e-09,3.599925246788870936e-09
3.932286496421966149e-09,4.558598387660595108e-09,3.880130439171125545e-09,3.525660208225644965e-09,2.358839119551703334e-04,4.552401951514184475e-04,3.599925246788870936e-09
2.879295498132705688e-04,3.099115274380892515e-04,4.031410499010235071e-04,3.525660208225644965e-09,3.421817273974170348e-09,2.417752148176077753e-05,2.268626558361575007e-04
1.630476763239130378e-04,4.558598387660595108e-09,4.680689016822725534e-04,4.086192348040640354e-04,1.248066109837964177e-04,6.012722151353955269e-04,3.599925246788870936e-09
3.932286496421966149e-09,4.558598387660595108e-09,3.880130439171125545e-09,1.810008834581822157e-04,3.421817273974170348e-09,7.776470738463103771e-04,3.599925246788870936e-09
1.395859057083725929e-03,1.088149263523519039e-03,1.022152020595967770e-03,8.416529162786900997e-04,7.074425229802727699e-04,1.242479775100946426e-03,1.349103404209017754e-03
3.932286496421966149e-09,7.539344951510429382e-04,1.025318517349660397e-03,9.810496121644973755e-04,5.029578460380434990e-04,3.753921173910157449e-09,2.980525023303925991e-04
3.932286496421966149e-09,4.558598387660595108e-09,4.806938813999295235e-04,3.525660208225644965e-09,3.421817273974170348e-09,3.753921173910157449e-09,1.854422735050320625e-04
5.848371074534952641e-04,1.005061320029199123e-03,3.970168763771653175e-04,1.916592009365558624e-04,3.140521002933382988e-04,3.890328225679695606e-04,3.599925246788870936e-09
4.410605761222541332e-04,4.558598387660595108e-09,3.880130439171125545e-09,1.046515535563230515e-03,1.083023613318800926e-03,3.753921173910157449e-09,8.324243244715034962e-04
1.118125073844566941e-04,4.558598387660595108e-09,3.880130439171125545e-09,3.525660208225644965e-09,1.691320940153673291e-04,3.753921173910157449e-09,4.320407169871032238e-04
6.909967487445101142e-05,6.301035755313932896e-04,1.000455886241979897e-04,3.525660208225644965e-09,3.421817273974170348e-09,3.753921173910157449e-09,9.361703945387489512e-08
3.932286496421966149e-09,4.558598387660595108e-09,3.880130439171125545e-09,2.532123471610248089e-04,3.421817273974170348e-09,5.709992256015539169e-04,3.599925246788870936e-09
1.477433834224939346e-04,4.558598387660595108e-09,3.880130439171125545e-09,4.826874064747244120e-04,3.421817273974170348e-09,4.463489749468863010e-04,4.477562033571302891e-04
3.932286496421966149e-09,4.558598387660595108e-09,3.880130439171125545e-09,3.525660208225644965e-09,3.277925134170800447e-04,3.753921173910157449e-09,4.551142046693712473e-04
3.932286496421966149e-09,1.176607795059680939e-03,7.570997695438563824e-04,1.264772377908229828e-03,6.730880122631788254e-04,4.456017923075705767e-04,3.331239568069577217e-04
1.261780998902395368e-04,4.558598387660595108e-09,3.880130439171125545e-09,2.465598226990550756e-04,3.421817273974170348e-09,3.753921173910157449e-09,4.008684772998094559e-04
1.952934660948812962e-03,2.668541856110095978e-03,1.390237361192703247e-03,1.623539486899971962e-03,6.621961947530508041e-04,1.754535594955086708e-03,1.104570226743817329e-03
7.881996571086347103e-04,1.583195989951491356e-03,1.341810333542525768e-03,3.525660208225644965e-09,3.088522353209555149e-04,1.588969840668141842e-03,5.305944941937923431e-04
3.932286496421966149e-09,4.558598387660595108e-09,3.880130439171125545e-09,6.803829455748200417e-04,3.421817273974170348e-09,2.209666272392496467e-04,3.599925246788870936e-09
1.112159734475426376e-04,4.558598387660595108e-09,3.880130439171125545e-09,1.069598947651684284e-03,2.070427872240543365e-04,6.829587509855628014e-04,3.599925246788870936e-09
3.932286496421966149e-09,4.558598387660595108e-09,8.837328641675412655e-04,5.530965863727033138e-04,3.421817273974170348e-09,3.753921173910157449e-09,5.116671090945601463e-04
1.883845397969707847e-04,1.211384733323939145e-04,1.475871977163478732e-04,3.525660208225644965e-09,3.421817273974170348e-09,2.012549521168693900e-04,3.599925246788870936e-09
3.932286496421966149e-09,4.558598387660595108e-09,3.880130439171125545e-09,3.525660208225644965e-09,1.403119531460106373e-04,3.405714815016835928e-04,2.020315878326073289e-04
3.932286496421966149e-09,4.558598387660595108e-09,3.880130439171125545e-09,3.525660208225644965e-09,2.147401100955903530e-04,3.753921173910157449e-09,4.064944805577397346e-04
1.272831723326817155e-04,2.011918259086087346e-04,6.049028525012545288e-05,6.957260484341531992e-05,3.421817273974170348e-09,2.525542513467371464e-04,2.111336361849680543e-04
3.712732868734747171e-04,4.558598387660595108e-09,3.880130439171125545e-09,1.700738794170320034e-04,3.421817273974170348e-09,3.753921173910157449e-09,3.599925246788870936e-09
5.723390495404601097e-04,2.284630201756954193e-03,4.642143903765827417e-04,8.614534162916243076e-04,1.152698299847543240e-03,1.344885327853262424e-03,7.759880973026156425e-04
3.932286496421966149e-09,4.558598387660595108e-09,3.249701985623687506e-04,3.525660208225644965e-09,2.530195924919098616e-04,3.753921173910157449e-09,2.394946641288697720e-04
6.784096476621925831e-04,3.720442764461040497e-04,1.161850406788289547e-03,7.302853628061711788e-04,1.676373503869399428e-04,3.753921173910157449e-09,4.460701893549412489e-04
2.310180425411090255e-04,1.582553959451615810e-03,9.951692773029208183e-04,1.041995128616690636e-03,1.086953096091747284e-03,3.723159315995872021e-04,1.087891636416316032e-03
1.816116273403167725e-03,2.164551522582769394e-03,1.480466453358530998e-03,1.034342800267040730e-03,4.545171104837208986e-04,1.514535862952470779e-03,1.646069344133138657e-03
8.135397220030426979e-04,1.029076869599521160e-03,1.084790565073490143e-03,2.515659434720873833e-04,2.490838814992457628e-04,8.985425811260938644e-04,1.367001386824995279e-04
1.854846021160483360e-03,1.574267400428652763e-03,1.253354013897478580e-03,1.358083449304103851e-03,9.405477903783321381e-04,1.239237957634031773e-03,7.873317808844149113e-04
4.091883893124759197e-04,4.828427045140415430e-04,1.108461176045238972e-03,7.356723072007298470e-04,3.421817273974170348e-09,2.500096452422440052e-04,9.649370622355490923e-05
1.474652526667341590e-04,4.558598387660595108e-09,3.880130439171125545e-09,2.765845856629312038e-04,1.243686565430834889e-04,3.753921173910157449e-09,3.599925246788870936e-09
1.299555733567103744e-04,1.768143556546419859e-04,3.880130439171125545e-09,6.489633815363049507e-04,1.663461443968117237e-04,1.934243919095024467e-04,3.329633327666670084e-04
3.932286496421966149e-09,4.558598387660595108e-09,4.325888585299253464e-04,3.250584995839744806e-04,3.421817273974170348e-09,3.753921173910157449e-09,2.071221970254555345e-04
3.932286496421966149e-09,1.535750692710280418e-03,4.701376019511371851e-04,3.525660208225644965e-09,9.941627504304051399e-04,1.025037840008735657e-03,2.114797825925052166e-04
3.932286496421966149e-09,4.558598387660595108e-09,2.779383794404566288e-04,3.525660208225644965e-09,3.229416615795344114e-04,3.753921173910157449e-09,3.599925246788870936e-09
3.932286496421966149e-09,4.558598387660595108e-09,3.880130439171125545e-09,3.525660208225644965e-09,9.140211041085422039e-04,3.753921173910157449e-09,3.599925246788870936e-09
3.932286496421966149e-09,3.783555584959685802e-04,2.691852278076112270e-04,1.623942371224984527e-04,3.886069171130657196e-04,5.386051489040255547e-04,4.343598266132175922e-04
3.932286496421966149e-09,4.558598387660595108e-09,1.594464265508577228e-04,3.525660208225644965e-09,3.421817273974170348e-09,4.341807216405868530e-04,3.599925246788870936e-09
3.932286496421966149e-09,4.558598387660595108e-09,3.880130439171125545e-09,2.681019250303506851e-04,1.111297970055602491e-04,3.101742477156221867e-04,3.599925246788870936e-09
2.467431186232715845e-04,1.605026656761765480e-03,1.397295505739748478e-03,8.105460437946021557e-04,2.598486025817692280e-04,3.753921173910157449e-09,8.767935796640813351e-04
3.493537078611552715e-04,9.813238866627216339e-04,8.144268649630248547e-04,6.413512164726853371e-04,1.887944526970386505e-04,4.670642083510756493e-04,2.972857328131794930e-04
1.985040493309497833e-03,2.408537315204739571e-03,1.606526086106896400e-03,1.124160597100853920e-03,2.465634024702012539e-04,1.487938570789992809e-03,1.612902502529323101e-03
1.615579007193446159e-03,2.248235512524843216e-03,6.468573119491338730e-04,1.417562831193208694e-03,1.148956245742738247e-03,1.538017182610929012e-03,1.025193952955305576e-03
3.932286496421966149e-09,4.558598387660595108e-09,3.880130439171125545e-09,3.525660208225644965e-09,3.421817273974170348e-09,3.753921173910157449e-09,7.544164545834064484e-04
1.195661679957993329e-04,4.558598387660595108e-09,3.880130439171125545e-09,1.609046012163162231e-04,3.421817273974170348e-09,1.566843129694461823e-04,2.468629681970924139e-04
3.932286496421966149e-09,4.558598387660595108e-09,5.594027461484074593e-04,4.847534000873565674e-04,3.421817273974170348e-09,3.753921173910157449e-09,3.599925246788870936e-09
3.932286496421966149e-09,7.976756751304492354e-05,5.524878506548702717e-04,3.525660208225644965e-09,3.421817273974170348e-09,3.753921173910157449e-09,3.599925246788870936e-09
1.097894637496210635e-04,4.558598387660595108e-09,3.880130439171125545e-09,3.525660208225644965e-09,1.393825514242053032e-04,2.266009541926905513e-04,3.599925246788870936e-09
3.932286496421966149e-09,4.558598387660595108e-09,2.199274749727919698e-04,3.525660208225644965e-09,3.605097008403390646e-04,4.894782905466854572e-04,3.599925246788870936e-09
1.141761458711698651e-04,4.558598387660595108e-09,3.880130439171125545e-09,3.525660208225644965e-09,2.269857941428199410e-04,3.753921173910157449e-09,2.566002949606627226e-04
7.531340233981609344e-04,4.558598387660595108e-09,1.050238264724612236e-03,7.957006455399096012e-04,5.810366201330907643e-05,3.753921173910157449e-09,2.329679409740492702e-04
1.578069292008876801e-03,1.773203490301966667e-03,1.173632568679749966e-03,8.481724071316421032e-04,1.718619460007175803e-04,1.260308665223419666e-03,9.198660263791680336e-04
3.932286496421966149e-09,4.558598387660595108e-09,3.880130439171125545e-09,8.708634413778781891e-04,1.427420920663280413e-05,3.753921173910157449e-09,1.762481406331062317e-04
3.932286496421966149e-09,4.558598387660595108e-09,1.659709232626482844e-04,3.056489222217351198e-04,4.440263437572866678e-04,9.210216376231983304e-06,3.599925246788870936e-09
1.461120700696483254e-04,4.558598387660595108e-09,3.880130439171125545e-09,7.785139023326337337e-04,3.049956285394728184e-04,3.753921173910157449e-09,5.142810987308621407e-04
3.932286496421966149e-09,5.279615288600325584e-04,2.778077905531972647e-04,5.557913100346922874e-04,5.508138565346598625e-04,1.395221188431605697e-04,3.004862228408455849e-04
3.464001347310841084e-04,4.558598387660595108e-09,3.880130439171125545e-09,4.150210006628185511e-04,3.421817273974170348e-09,3.753921173910157449e-09,3.599925246788870936e-09
1.737772254273295403e-04,1.683517330093309283e-04,3.461968444753438234e-04,3.069250087719410658e-04,3.421817273974170348e-09,6.160586490295827389e-04,2.089794725179672241e-04
3.932286496421966149e-09,2.586264163255691528e-04,1.379845343763008714e-04,2.967368345707654953e-04,3.421817273974170348e-09,3.753921173910157449e-09,3.599925246788870936e-09
3.932286496421966149e-09,4.558598387660595108e-09,1.068945275619626045e-03,5.272193229757249355e-04,7.719298591837286949e-04,3.753921173910157449e-09,8.363785455003380775e-04
3.514850395731627941e-04,4.558598387660595108e-09,3.880130439171125545e-09,3.019838186446577311e-04,3.421817273974170348e-09,2.133211382897570729e-04,1.981765963137149811e-04
3.932286496421966149e-09,4.558598387660595108e-09,3.880130439171125545e-09,9.011559304781258106e-04,3.421817273974170348e-09,3.753921173910157449e-09,2.837429055944085121e-04
7.493700832128524780e-04,4.558598387660595108e-09,3.880130439171125545e-09,9.275287156924605370e-04,4.967603599652647972e-04,3.753921173910157449e-09,8.976850658655166626e-04
3.932286496421966149e-09,4.558598387660595108e-09,3.880130439171125545e-09,6.208869162946939468e-04,3.421817273974170348e-09,3.753921173910157449e-09,3.599925246788870936e-09
3.932286496421966149e-09,4.558598387660595108e-09,3.880130439171125545e-09,4.243375733494758606e-04,4.487551996135152876e-05,3.753921173910157449e-09,3.058950533159077168e-04
3.932286496421966149e-09,4.558598387660595108e-09,3.880130439171125545e-09,3.525660208225644965e-09,5.288690445013344288e-04,3.753921173910157449e-09,3.599925246788870936e-09
3.932286496421966149e-09,4.558598387660595108e-09,3.880130439171125545e-09,3.525660208225644965e-09,1.522652019048109651e-04,3.756904916372150183e-04,2.200633898610249162e-04
4.002962668891996145e-04,2.653480332810431719e-04,8.340718923136591911e-04,2.807381388265639544e-04,1.618772803340107203e-04,3.689086588565260172e-04,3.599925246788870936e-09
1.657996763242408633e-04,5.654804990626871586e-04,5.641029565595090389e-04,3.525660208225644965e-09,3.421817273974170348e-09,3.753921173910157449e-09,3.599925246788870936e-09
3.932286496421966149e-09,4.558598387660595108e-09,1.114879341912455857e-04,3.525660208225644965e-09,4.738435382023453712e-04,4.179761162959039211e-04,7.462177309207618237e-04
7.923720841063186526e-05,4.058080376125872135e-04,3.880130439171125545e-09,1.654791412875056267e-04,3.421817273974170348e-09,3.753921173910157449e-09,3.599925246788870936e-09
6.121281185187399387e-04,1.468368282075971365e-04,8.087696623988449574e-04,2.074743242701515555e-04,5.560838035307824612e-04,3.753921173910157449e-09,7.290184148587286472e-04
5.847391439601778984e-04,4.558598387660595108e-09,3.880130439171125545e-09,2.003208792302757502e-04,3.421817273974170348e-09,3.753921173910157449e-09,2.024317509494721889e-04
5.646894569508731365e-04,4.558598387660595108e-09,7.139628869481384754e-04,1.162383588962256908e-03,1.265746890567243099e-03,1.265758532099425793e-03,1.301811542361974716e-03
1.261193101527169347e-04,4.558598387660595108e-09,3.880130439171125545e-09,3.525660208225644965e-09,2.453145862091332674e-04,3.753921173910157449e-09,4.636830417439341545e-04
6.460521253757178783e-04,7.281920989044010639e-04,1.364829717203974724e-03,6.494121626019477844e-04,6.489288643933832645e-04,1.539057237096130848e-03,1.418592408299446106e-03
3.932286496421966149e-09,4.558598387660595108e-09,3.880130439171125545e-09,3.525660208225644965e-09,3.321394324302673340e-04,1.842484198277816176e-04,3.599925246788870936e-09
1.238796510733664036e-03,1.579447853146120906e-04,3.880130439171125545e-09,6.844862946309149265e-04,1.087422569980844855e-04,3.753921173910157449e-09,5.718671018257737160e-04
3.932286496421966149e-09,4.558598387660595108e-09,1.682028814684599638e-04,6.239836220629513264e-04,3.421817273974170348e-09,2.613679971545934677e-04,3.599925246788870936e-09
6.499094306491315365e-04,3.641302173491567373e-04,5.738701438531279564e-04,6.001263391226530075e-04,3.421817273974170348e-09,3.191345313098281622e-04,2.413144829915836453e-04
3.932286496421966149e-09,5.190893425606191158e-04,3.880130439171125545e-09,3.205596294719725847e-04,3.421817273974170348e-09,1.418672181898728013e-04,2.430707099847495556e-04
2.500163100194185972e-04,4.558598387660595108e-09,1.256897521670907736e-04,3.525660208225644965e-09,3.421817273974170348e-09,1.663581642787903547e-04,2.893033088184893131e-04
1.880564377643167973e-04,4.558598387660595108e-09,3.880130439171125545e-09,3.396913525648415089e-04,3.421817273974170348e-09,3.753921173910157449e-09,3.716996579896658659e-04
2.137457951903343201e-03,2.390325302258133888e-03,1.757762744091451168e-03,1.759981620125472546e-03,1.433501834981143475e-03,1.469230744987726212e-03,1.448034890927374363e-03
1.223610888700932264e-04,4.558598387660595108e-09,3.880130439171125545e-09,1.443617948098108172e-04,3.446965129114687443e-04,3.753921173910157449e-09,2.801248047035187483e-04
3.932286496421966149e-09,1.410692493664100766e-04,3.880130439171125545e-09,1.731334486976265907e-04,4.469170526135712862e-04,3.753921173910157449e-09,2.133275993401184678e-04
5.283728823997080326e-04,2.357397461310029030e-03,1.712297205813229084e-03,1.062988652847707272e-03,1.269589993171393871e-03,1.476107980124652386e-03,6.338906241580843925e-04
3.932286496421966149e-09,4.558598387660595108e-09,7.986930431798100471e-04,3.525660208225644965e-09,7.436678861267864704e-04,3.753921173910157449e-09,3.599925246788870936e-09
1.275121612707152963e-04,6.044341716915369034e-04,3.880130439171125545e-09,1.758339058142155409e-04,2.760633651632815599e-04,2.995648246724158525e-04,3.599925246788870936e-09
5.911707994528114796e-04,4.558598387660595108e-09,3.880130439171125545e-09,1.605420839041471481e-04,3.421817273974170348e-09,3.753921173910157449e-09,3.599925246788870936e-09
3.932286496421966149e-09,6.070388481020927429e-04,1.388934557326138020e-03,3.780384722631424665e-04,3.421817273974170348e-09,4.373671254143118858e-04,3.599925246788870936e-09
3.932286496421966149e-09,6.356906378641724586e-04,2.547957119531929493e-04,1.187316840514540672e-03,7.907320396043360233e-04,3.753921173910157449e-09,4.537045897450298071e-04
5.335374735295772552e-04,2.070306567475199699e-03,1.615122426301240921e-03,9.552332339808344841e-04,4.350583476480096579e-04,1.217322191223502159e-03,8.018108783289790154e-04
1.919800182804465294e-03,1.799892866984009743e-03,1.652217004448175430e-03,1.482343068346381187e-03,1.388917095027863979e-03,1.906270976178348064e-03,1.109824166633188725e-03
2.202745090471580625e-04,4.558598387660595108e-09,6.730462191626429558e-04,5.631179665215313435e-04,1.231325441040098667e-03,1.538013108074665070e-03,3.599925246788870936e-09
1.212133211083710194e-04,4.558598387660595108e-09,3.880130439171125545e-09,1.643589203013107181e-04,3.421817273974170348e-09,6.617755279876291752e-04,3.599925246788870936e-09
3.932286496421966149e-09,4.558598387660595108e-09,1.630323822610080242e-04,4.924522363580763340e-04,6.224701646715402603e-04,6.979678873904049397e-04,3.599925246788870936e-09
2.161736600100994110e-03,1.203184132464230061e-03,1.507100299932062626e-03,1.413375721313059330e-03,1.199190272018313408e-03,5.446256254799664021e-04,1.272477675229310989e-03
3.932286496421966149e-09,4.558598387660595108e-09,5.606526974588632584e-04,1.489197165938094258e-04,1.297597482334822416e-04,3.753921173910157449e-09,3.599925246788870936e-09
1.632083585718646646e-04,4.611380863934755325e-04,1.778113301043049432e-07,3.525660208225644965e-09,1.398650638293474913e-04,3.753921173910157449e-09,3.599925246788870936e-09
3.932286496421966149e-09,9.904974140226840973e-04,7.080356008373200893e-04,4.247030883561819792e-04,3.421817273974170348e-09,3.753921173910157449e-09,2.339740894967690110e-04
6.760370451956987381e-04,2.263818401843309402e-03,1.715069753117859364e-03,1.160796848125755787e-03,1.077775232261046767e-04,1.170711475424468517e-03,1.408570562489330769e-03
3.932286496421966149e-09,3.795540542341768742e-04,9.160115732811391354e-04,3.525660208225644965e-09,7.605868158861994743e-04,2.430730964988470078e-04,4.560733505059033632e-04
3.932286496421966149e-09,4.558598387660595108e-09,7.342842291109263897e-04,3.525660208225644965e-09,3.421817273974170348e-09,3.753921173910157449e-09,3.599925246788870936e-09
6.581621128134429455e-04,4.558598387660595108e-09,8.146550972014665604e-04,1.691340003162622452e-04,3.421817273974170348e-09,3.753921173910157449e-09,7.945871911942958832e-04
3.932286496421966149e-09,4.558598387660595108e-09,1.709296921035274863e-04,3.525660208225644965e-09,1.110412529669702053e-03,6.842591683380305767e-04,3.599925246788870936e-09
1.936781220138072968e-03,1.865631551481783390e-03,1.536405063234269619e-03,1.628043362870812416e-03,1.313711865805089474e-03,1.293966895900666714e-03,1.318137510679662228e-03
3.932286496421966149e-09,4.558598387660595108e-09,3.880130439171125545e-09,4.892791039310395718e-04,3.421817273974170348e-09,3.753921173910157449e-09,2.201874740421772003e-04
3.932286496421966149e-09,4.558598387660595108e-09,3.433075326029211283e-04,2.324997185496613383e-04,3.421817273974170348e-09,3.753921173910157449e-09,3.055085835512727499e-04
3.932286496421966149e-09,4.558598387660595108e-09,3.880130439171125545e-09,3.525660208225644965e-09,1.899036578834056854e-04,6.020166911184787750e-04,3.599925246788870936e-09
4.848374228458851576e-04,4.558598387660595108e-09,2.843113616108894348e-04,2.335474273422732949e-04,3.421817273974170348e-09,3.753921173910157449e-09,3.599925246788870936e-09
3.932286496421966149e-09,2.803538227453827858e-04,7.593596237711608410e-04,3.525660208225644965e-09,4.250655474606901407e-04,4.852869606111198664e-04,2.365700929658487439e-04
3.086670476477593184e-04,1.257298630662262440e-03,3.555849252734333277e-04,4.298540879972279072e-04,4.396443255245685577e-04,1.172115560621023178e-03,3.389907651580870152e-04
1.495432108640670776e-03,2.400452038273215294e-03,1.971823163330554962e-03,1.041820738464593887e-03,7.874709554016590118e-04,1.434314530342817307e-03,4.422744386829435825e-04
4.177259979769587517e-04,1.941041846293956041e-04,1.310790394200012088e-04,2.194123808294534683e-04,3.421817273974170348e-09,5.318659823387861252e-04,3.083996125496923923e-04
2.166909544030204415e-04,4.558598387660595108e-09,3.880130439171125545e-09,3.418579290155321360e-04,3.606624377425760031e-04,3.753921173910157449e-09,3.599925246788870936e-09
1.045575598254799843e-03,1.108125667087733746e-03,8.714785799384117126e-04,6.291934405453503132e-04,1.774282136466354132e-04,4.192912892904132605e-04,5.559616256505250931e-04
3.932286496421966149e-09,5.847180145792663097e-04,3.880130439171125545e-09,3.525660208225644965e-09,3.421817273974170348e-09,4.350547969806939363e-04,3.599925246788870936e-09
3.932286496421966149e-09,3.224605752620846033e-04,4.707885818788781762e-05,3.525660208225644965e-09,2.281263587065041065e-04,3.899640578310936689e-04,3.599925246788870936e-09
3.932286496421966149e-09,4.558598387660595108e-09,3.880130439171125545e-09,1.623240095796063542e-04,3.206143446732312441e-04,3.753921173910157449e-09,2.621874155011028051e-04
3.932286496421966149e-09,4.558598387660595108e-09,3.880130439171125545e-09,3.525660208225644965e-09,3.421817273974170348e-09,1.082177856005728245e-03,3.599925246788870936e-09
5.303234211169183254e-04,4.558598387660595108e-09,4.299197171349078417e-04,1.003407523967325687e-03,3.421817273974170348e-09,6.730947643518447876e-04,6.036048871465027332e-04
2.042302628979086876e-03,4.710137145593762398e-04,1.108261989429593086e-03,1.156971906311810017e-03,1.176429097540676594e-03,1.167035225080326200e-04,1.561091747134923935e-03
1.761118910508230329e-04,1.633280189707875252e-04,5.504905711859464645e-04,3.525660208225644965e-09,9.246757836081087589e-04,3.753921173910157449e-09,3.373879299033433199e-04
5.810586735606193542e-04,4.558598387660595108e-09,2.337801561225205660e-04,5.586162442341446877e-04,8.762890938669443130e-04,2.350364957237616181e-04,4.241417336743324995e-04
2.615006815176457167e-04,4.558598387660595108e-09,3.880130439171125545e-09,4.175116773694753647e-04,3.047834907192736864e-04,3.753921173910157449e-09,3.416235558688640594e-04
2.377840719418600202e-04,5.709300749003887177e-04,3.880130439171125545e-09,2.431304455967620015e-04,3.801114216912537813e-04,3.753921173910157449e-09,5.045468569733202457e-04
3.932286496421966149e-09,1.671177014941349626e-04,3.880130439171125545e-09,3.525660208225644965e-09,3.421817273974170348e-09,5.397862405516207218e-04,3.599925246788870936e-09
2.288379328092560172e-04,4.558598387660595108e-09,3.880130439171125545e-09,7.425989315379410982e-05,3.421817273974170348e-09,2.227112854598090053e-04,3.599925246788870936e-09
3.932286496421966149e-09,3.923939366359263659e-04,3.880130439171125545e-09,1.537286880193278193e-04,3.421817273974170348e-09,3.753921173910157449e-09,1.931008446263149381e-04
1.991364988498389721e-04,4.558598387660595108e-09,3.880130439171125545e-09,2.445470890961587429e-04,6.281263194978237152e-04,9.034358663484454155e-04,3.599925246788870936e-09
3.932286496421966149e-09,4.558598387660595108e-09,3.880130439171125545e-09,2.180199808208271861e-04,1.194930446217767894e-04,2.575673570390790701e-04,1.926966797327622771e-04
6.115796277299523354e-04,1.175393350422382355e-03,3.998173633590340614e-04,3.525660208225644965e-09,8.101706625893712044e-04,4.569931188598275185e-04,3.330004110466688871e-04
8.502982673235237598e-04,2.426279010251164436e-03,1.799362245947122574e-03,1.198091777041554451e-03,5.925527657382190228e-04,6.874299724586308002e-04,1.258910342585295439e-04
3.932286496421966149e-09,4.558598387660595108e-09,3.880130439171125545e-09,4.251661885064095259e-04,2.141773438779637218e-04,3.513621923048049212e-04,3.599925246788870936e-09
3.932286496421966149e-09,4.558598387660595108e-09,1.226309450430562720e-05,3.525660208225644965e-09,3.421817273974170348e-09,4.874511505477130413e-04,3.599925246788870936e-09
2.343866362934932113e-04,1.710089709376916289e-04,1.598083763383328915e-04,1.536677882540971041e-04,4.100983787793666124e-04,5.521845305338501930e-04,2.901529660448431969e-04
1.377023290842771530e-04,1.971156307263299823e-04,3.880130439171125545e-09,1.459297345718368888e-04,2.453330962453037500e-04,1.295290421694517136e-04,4.709244240075349808e-04
3.932286496421966149e-09,1.472670555813238025e-04,2.412956673651933670e-04,8.159037679433822632e-04,3.421817273974170348e-09,3.753921173910157449e-09,3.058517468161880970e-04
5.632080137729644775e-04,4.558598387660595108e-09,3.880130439171125545e-09,3.525660208225644965e-09,3.421817273974170348e-09,3.753921173910157449e-09,1.970020966837182641e-04
2.298242761753499508e-04,4.558598387660595108e-09,3.880130439171125545e-09,7.078729686327278614e-04,3.421817273974170348e-09,3.753921173910157449e-09,1.809129462344571948e-04
3.932286496421966149e-09,4.558598387660595108e-09,3.734946367330849171e-04,3.525660208225644965e-09,8.346945978701114655e-04,3.753921173910157449e-09,2.620599989313632250e-04
1.064386815414763987e-04,4.558598387660595108e-09,2.085740561597049236e-04,2.261156187159940600e-04,5.772380391135811806e-04,3.753921173910157449e-09,3.599925246788870936e-09
8.081387932179495692e-05,2.519287168979644775e-03,1.472555682994425297e-03,2.109337656293064356e-04,1.951945450855419040e-04,1.177784637548029423e-03,2.063554857159033418e-04
4.486847319640219212e-04,4.558598387660595108e-09,1.039228402078151703e-03,5.453784833662211895e-04,6.952538387849926949e-04,4.124299157410860062e-04,2.306298119947314262e-05
3.932286496421966149e-09,4.558598387660595108e-09,4.958030767738819122e-04,3.525660208225644965e-09,2.292000863235443830e-04,2.210194797953590751e-04,8.418751531280577183e-04
4.553156613837927580e-04,4.558598387660595108e-09,3.880130439171125545e-09,7.784779882058501244e-04,5.679510068148374557e-04,3.753921173910157449e-09,4.212622006889432669e-04
2.340983337489888072e-04,2.387101529166102409e-03,1.017578528262674809e-03,8.441649843007326126e-04,3.421817273974170348e-09,1.232300419360399246e-03,3.595430171117186546e-04
1.155052377725951374e-04,4.558598387660595108e-09,1.532541064079850912e-04,3.525660208225644965e-09,3.421817273974170348e-09,3.866522456519305706e-04,3.599925246788870936e-09
3.932286496421966149e-09,4.558598387660595108e-09,1.698634878266602755e-04,3.525660208225644965e-09,3.421817273974170348e-09,5.987472250126302242e-04,3.599925246788870936e-09
3.932286496421966149e-09,4.558598387660595108e-09,3.711256431415677071e-04,2.426417777314782143e-04,3.421817273974170348e-09,5.911886091780615970e-07,3.599925246788870936e-09
3.667937417048960924e-04,4.558598387660595108e-09,4.219286493025720119e-04,3.525660208225644965e-09,3.421817273974170348e-09,3.753921173910157449e-09,3.599925246788870936e-09
3.304666315671056509e-04,4.558598387660595108e-09,4.455748421605676413e-04,4.146073479205369949e-04,4.805640492122620344e-04,2.430366730550304055e-04,3.525377542246133089e-04
1.807807595469057560e-03,2.384056802839040756e-03,9.014042443595826626e-04,1.572308829054236412e-03,8.681637118570506573e-04,1.391986501403152943e-03,1.158739556558430195e-03
3.119514731224626303e-04,1.179960323497653008e-03,1.526645268313586712e-03,3.860078577417880297e-04,1.433751604054123163e-04,1.092866994440555573e-03,3.777301753871142864e-04
9.741961257532238960e-04,4.558598387660595108e-09,3.880130439171125545e-09,5.217659054324030876e-04,3.614626184571534395e-04,1.819532371882814914e-05,1.090250443667173386e-03
3.932286496421966149e-09,4.558598387660595108e-09,3.880130439171125545e-09,3.431888180784881115e-04,3.421817273974170348e-09,9.217949991580098867e-05,3.599925246788870936e-09
3.932286496421966149e-09,4.558598387660595108e-09,2.934358490165323019e-04,3.525660208225644965e-09,1.027159742079675198e-04,2.325060922885313630e-04,3.599925246788870936e-09
3.932286496421966149e-09,4.558598387660595108e-09,4.297219857107847929e-04,3.525660208225644965e-09,3.421817273974170348e-09,3.753921173910157449e-09,3.915014967788010836e-04
1.217273995280265808e-03,2.344928681850433350e-03,6.549429963342845440e-04,1.793910865671932697e-03,8.615420665591955185e-04,1.629712060093879700e-03,9.550501126796007156e-04
2.530310302972793579e-04,4.558598387660595108e-09,3.880130439171125545e-09,5.616386188194155693e-04,3.705072449520230293e-04,3.753921173910157449e-09,2.059885446215048432e-04
3.932286496421966149e-09,4.558598387660595108e-09,3.880130439171125545e-09,6.795379449613392353e-04,3.421817273974170348e-09,3.753921173910157449e-09,2.296105521963909268e-04
1.865206053480505943e-03,1.228431821800768375e-03,1.071602455340325832e-03,1.720250002108514309e-03,1.350572681985795498e-03,1.467692782171070576e-03,1.666939351707696915e-03
2.426673745503649116e-04,4.558598387660595108e-09,4.431885899975895882e-04,3.525660208225644965e-09,1.780924212653189898e-04,8.648065850138664246e-04,1.788195913832169026e-05
1.081548543879762292e-04,4.558598387660595108e-09,3.880130439171125545e-09,3.525660208225644965e-09,1.853514695540070534e-04,3.753921173910157449e-09,4.285834802431054413e-05
5.658278823830187321e-04,4.558598387660595108e-09,3.880130439171125545e-09,1.485972316004335880e-03,1.327872741967439651e-03,8.849169826135039330e-04,9.463108726777136326e-04
1.921787159517407417e-03,2.502170624211430550e-03,3.880130439171125545e-09,1.599481096491217613e-03,1.291751977987587452e-03,1.538359560072422028e-03,4.749696236103773117e-04
2.614743716549128294e-04,4.558598387660595108e-09,3.880130439171125545e-09,3.525660208225644965e-09,3.421817273974170348e-09,1.871096756076440215e-04,1.816309231799095869e-04
3.932286496421966149e-09,4.558598387660595108e-09,3.880130439171125545e-09,5.527457688003778458e-04,3.699907392729073763e-04,4.915247554890811443e-04,3.599925246788870936e-09
1.326652418356388807e-04,4.558598387660595108e-09,4.757441638503223658e-04,3.465332265477627516e-04,3.421817273974170348e-09,3.753921173910157449e-09,3.599925246788870936e-09
3.932286496421966149e-09,4.558598387660595108e-09,3.880130439171125545e-09,4.618316597770899534e-04,3.421817273974170348e-09,3.753921173910157449e-09,1.899964699987322092e-04
1.101092086173593998e-03,4.558598387660595108e-09,5.959579139016568661e-04,1.321752788498997688e-03,8.873027400113642216e-04,6.904142792336642742e-04,1.136337057687342167e-03
1.309650106122717261e-04,4.558598387660595108e-09,3.337309462949633598e-04,1.413076097378507257e-04,3.421817273974170348e-09,2.748653641901910305e-04,2.285096561536192894e-04
3.603599907364696264e-04,4.558598387660595108e-09,3.542519116308540106e-04,3.525660208225644965e-09,7.467780378647148609e-04,1.177231664769351482e-03,9.659166098572313786e-04
3.932286496421966149e-09,4.558598387660595108e-09,3.880130439171125545e-09,3.525660208225644965e-09,3.421817273974170348e-09,7.856578449718654156e-04,3.599925246788870936e-09
2.005835995078086853e-03,1.376251690089702606e-03,1.290532876737415791e-03,1.153542660176753998e-03,1.093258499167859554e-03,1.129601732827723026e-03,6.262940587475895882e-04
2.566326002124696970e-04,4.558598387660595108e-09,4.175206242962303804e-07,3.525660208225644965e-09,2.829414734151214361e-04,3.753921173910157449e-09,7.402767660096287727e-04
3.932286496421966149e-09,4.558598387660595108e-09,9.118033631239086390e-06,3.525660208225644965e-09,2.880767569877207279e-04,3.753921173910157449e-09,2.695442526601254940e-04
3.932286496421966149e-09,7.150539313443005085e-04,3.880130439171125545e-09,3.525660208225644965e-09,3.421817273974170348e-09,3.753921173910157449e-09,3.669963334687054157e-04
3.692146565299481153e-04,3.120668698102235794e-04,2.724158985074609518e-04,3.525660208225644965e-09,3.421817273974170348e-09,3.753921173910157449e-09,3.599925246788870936e-09
1.834495778894051909e-04,2.440963726257905364e-04,2.798834466375410557e-04,3.525660208225644965e-09,3.421817273974170348e-09,3.753921173910157449e-09,3.599925246788870936e-09
3.932286496421966149e-09,4.501687653828412294e-04,2.869699965231120586e-04,3.525660208225644965e-09,3.421817273974170348e-09,3.753921173910157449e-09,3.599925246788870936e-09
3.140027401968836784e-04,4.425424849614500999e-04,1.167935042758472264e-04,3.525660208225644965e-09,3.421817273974170348e-09,3.753921173910157449e-09,3.599925246788870936e-09
5.522141582332551479e-04,1.961525267688557506e-04,3.880130439171125545e-09,3.525660208225644965e-09,3.421817273974170348e-09,3.753921173910157449e-09,3.599925246788870936e-09
2.025647845584899187e-04,6.955330027267336845e-04,7.702303992118686438e-05,3.525660208225644965e-09,3.421817273974170348e-09,3.753921173910157449e-09,3.599925246788870936e-09
2.335612225579097867e-04,1.641296548768877983e-04,1.333875989075750113e-04,3.525660208225644965e-09,3.421817273974170348e-09,3.753921173910157449e-09,3.599925246788870936e-09
2.467758604325354099e-04,1.435492449672892690e-04,1.618637179490178823e-04,3.525660208225644965e-09,3.421817273974170348e-09,3.753921173910157449e-09,3.599925246788870936e-09
3.902848984580487013e-04,5.854090559296309948e-04,9.980249160435050726e-05,6.220466457307338715e-04,2.410967572359368205e-04,5.230449605733156204e-04,2.045776345767080784e-04
3.932286496421966149e-09,4.558598387660595108e-09,3.880130439171125545e-09,4.119286313652992249e-04,1.160023311967961490e-04,3.753921173910157449e-09,3.599925246788870936e-09
1.312420819886028767e-03,1.994740159716457129e-04,1.071976381354033947e-03,5.245538195595145226e-04,8.315479499287903309e-04,7.914141751825809479e-04,7.173577905632555485e-04
6.099812453612685204e-04,5.992982769384980202e-04,4.634180513676255941e-04,1.507822424173355103e-03,1.039493479765951633e-03,2.778915222734212875e-04,1.045916811563074589e-03
1.567937666550278664e-03,6.694076000712811947e-04,3.880130439171125545e-09,8.881126996129751205e-04,5.480485851876437664e-04,9.252244490198791027e-04,4.180408141110092402e-04
3.932286496421966149e-09,4.558598387660595108e-09,4.551034653559327126e-04,1.849998370744287968e-04,2.942310820799320936e-04,3.753921173910157449e-09,3.599925246788870936e-09
3.193485899828374386e-04,4.558598387660595108e-09,3.880130439171125545e-09,3.415902319829910994e-04,3.421817273974170348e-09,3.753921173910157449e-09,5.361535004340112209e-04
1.226938620675355196e-04,4.558598387660595108e-09,3.880130439171125545e-09,4.767844511661678553e-04,1.847644889494404197e-04,9.562409250065684319e-04,6.637795013375580311e-04
3.932286496421966149e-09,4.558598387660595108e-09,3.880130439171125545e-09,1.284279278479516506e-04,3.421817273974170348e-09,5.658572190441191196e-04,3.599925246788870936e-09
1.423518406227231026e-04,3.528467204887419939e-04,3.940183378290385008e-04,3.035405243281275034e-04,1.826468651415780187e-04,3.753921173910157449e-09,2.440186217427253723e-04
8.034247002797201276e-05,4.516744520515203476e-04,3.880130439171125545e-09,3.525660208225644965e-09,3.421817273974170348e-09,3.753921173910157449e-09,3.599925246788870936e-09
3.932286496421966149e-09,4.558598387660595108e-09,3.880130439171125545e-09,5.309765692800283432e-04,1.424374204361811280e-04,3.753921173910157449e-09,3.599925246788870936e-09
1.765541266649961472e-03,2.113319234922528267e-03,1.673030550591647625e-03,1.430894131772220135e-03,1.247804379090666771e-03,1.736298203468322754e-03,1.305778394453227520e-03
4.393180133774876595e-04,1.634162967093288898e-03,7.580107194371521473e-04,3.543689090292900801e-04,3.691614547278732061e-04,3.747539303731173277e-04,7.312661618925631046e-04
3.932286496421966149e-09,4.558598387660595108e-09,7.546520209871232510e-04,1.971339370356872678e-04,7.314977119676768780e-04,3.753921173910157449e-09,3.000471624545753002e-04
3.932286496421966149e-09,4.558598387660595108e-09,5.843853577971458435e-04,3.525660208225644965e-09,4.572738544084131718e-04,1.646710094064474106e-03,3.599925246788870936e-09
3.932286496421966149e-09,1.684651651885360479e-04,3.880130439171125545e-09,3.525660208225644965e-09,8.334458107128739357e-04,1.557262265123426914e-03,3.599925246788870936e-09
3.932286496421966149e-09,3.588214458432048559e-04,3.880130439171125545e-09,3.525660208225644965e-09,3.421817273974170348e-09,3.509273519739508629e-04,3.599925246788870936e-09
1.296231494052335620e-04,4.558598387660595108e-09,6.140014193078968674e-06,4.153192858211696148e-04,2.533033548388630152e-04,3.753921173910157449e-09,3.599925246788870936e-09
1.158535669674165547e-04,4.558598387660595108e-09,1.686735340626910329e-04,4.256732645444571972e-04,3.980631008744239807e-04,6.404386949725449085e-04,4.031696007587015629e-04
3.932286496421966149e-09,4.558598387660595108e-09,4.269229248166084290e-04,3.325510770082473755e-04,3.421817273974170348e-09,3.753921173910157449e-09,3.599925246788870936e-09
1.613475615158677101e-03,1.816005096770823002e-03,1.289429259486496449e-03,1.241908641532063484e-03,1.258279546163976192e-03,1.736113801598548889e-03,1.328095444478094578e-03
1.044398173689842224e-03,1.767571549862623215e-03,7.386447396129369736e-04,1.235982053913176060e-03,4.142668331041932106e-04,1.004261430352926254e-03,7.258784025907516479e-04
3.282472316641360521e-04,3.011002554558217525e-04,2.672785485628992319e-04,3.525660208225644965e-09,3.421817273974170348e-09,3.753921173910157449e-09,7.224679575301706791e-05
3.932286496421966149e-09,4.558598387660595108e-09,3.880130439171125545e-09,3.813437651842832565e-04,2.678569871932268143e-04,9.316724026575684547e-05,3.599925246788870936e-09
3.932286496421966149e-09,4.558598387660595108e-09,3.332353371661156416e-04,3.525660208225644965e-09,1.814104762161150575e-04,4.355883866082876921e-04,2.608255890663713217e-04
1.322663621976971626e-03,1.433233497664332390e-03,7.304557366296648979e-04,1.171360141597688198e-03,5.081787821836769581e-04,5.389625439420342445e-04,2.126261097146198153e-05
1.201537088491022587e-04,4.558598387660595108e-09,2.775146822386886925e-05,1.778229634510353208e-04,4.051072755828499794e-05,4.157224902883172035e-04,5.186070338822901249e-04
4.081871884409338236e-04,4.558598387660595108e-09,4.558409273158758879e-04,2.171871892642229795e-04,3.421817273974170348e-09,3.753921173910157449e-09,3.599925246788870936e-09
1.052724430337548256e-03,4.170504107605665922e-04,1.247280510142445564e-03,4.783397016581147909e-04,8.973342482931911945e-04,9.079207666218280792e-04,1.297768438234925270e-03
3.295071655884385109e-04,8.604514296166598797e-04,1.135008176788687706e-03,9.831176139414310455e-04,1.023209886625409126e-03,1.030848827213048935e-03,4.166738071944564581e-04
3.932286496421966149e-09,4.558598387660595108e-09,3.880130439171125545e-09,1.562520192237570882e-04,2.138977579306811094e-04,2.006511931540444493e-04,3.599925246788870936e-09
1.114183687604963779e-04,3.806256358984683175e-07,3.880130439171125545e-09,3.525660208225644965e-09,3.421817273974170348e-09,9.744602721184492111e-04,3.599925246788870936e-09
1.394846825860440731e-03,2.063535153865814209e-03,1.015445799566805363e-03,1.432364806532859802e-03,3.864961036015301943e-04,6.985859363339841366e-04,3.599925246788870936e-09
2.420983655611053109e-04,4.558598387660595108e-09,1.572399341966956854e-04,3.525660208225644965e-09,1.210768896271474659e-04,3.753921173910157449e-09,3.599925246788870936e-09
3.932286496421966149e-09,4.558598387660595108e-09,4.202271229587495327e-04,3.525660208225644965e-09,2.608720678836107254e-04,3.753921173910157449e-09,7.008086540736258030e-04
1.017674687318503857e-03,4.095037293154746294e-04,2.027139913707287633e-07,2.456491347402334213e-04,1.211167109431698918e-04,3.753921173910157449e-09,5.151441437192261219e-04
1.371751422993838787e-03,3.643869422376155853e-04,1.483920961618423462e-03,7.987016579136252403e-04,4.865313239861279726e-04,8.130570058710873127e-04,8.442446705885231495e-04
3.932286496421966149e-09,4.558598387660595108e-09,3.880130439171125545e-09,4.475883324630558491e-04,3.421817273974170348e-09,3.753921173910157449e-09,3.261260862927883863e-04
1.165299909189343452e-04,1.603519340278580785e-04,3.880130439171125545e-09,1.227294560521841049e-03,5.389602738432586193e-04,9.798521641641855240e-04,9.423425944987684488e-05
2.587468770798295736e-04,4.558598387660595108e-09,3.880130439171125545e-09,5.958073306828737259e-04,3.421817273974170348e-09,3.753921173910157449e-09,3.599925246788870936e-09
1.905157696455717087e-04,4.558598387660595108e-09,3.880130439171125545e-09,2.297307073604315519e-04,3.629374550655484200e-04,3.753921173910157449e-09,3.599925246788870936e-09
1.641991082578897476e-03,2.356135752052068710e-03,1.563307596370577812e-03,1.446566078811883926e-03,1.231975620612502098e-03,1.698752283118665218e-03,1.274887006729841232e-03
1.473825192078948021e-03,4.558598387660595108e-09,3.880130439171125545e-09,1.147269387729465961e-03,1.025811769068241119e-03,3.753921173910157449e-09,1.259587123058736324e-03
9.594606817699968815e-04,1.045440556481480598e-03,6.303771078819409013e-05,1.833043497754260898e-04,3.421817273974170348e-09,3.753921173910157449e-09,3.599925246788870936e-09
1.225418818648904562e-04,4.558598387660595108e-09,3.880130439171125545e-09,1.865598023869097233e-04,3.421817273974170348e-09,4.854996514040976763e-04,3.599925246788870936e-09
3.932286496421966149e-09,4.558598387660595108e-09,1.394202263327315450e-04,2.565075701568275690e-04,3.019131099790683948e-06,3.875211987178772688e-04,3.846057250456169641e-09
3.932286496421966149e-09,3.998899192083626986e-04,3.880130439171125545e-09,3.525660208225644965e-09,9.002491133287549019e-04,3.753921173910157449e-09,2.290731499670073390e-04
3.932286496421966149e-09,4.558598387660595108e-09,1.624032665858976543e-05,3.525660208225644965e-09,3.220236103516072035e-04,3.753921173910157449e-09,2.891593903768807650e-04
1.685058465227484703e-03,1.433071331121027470e-03,1.514327595941722393e-03,9.923840407282114029e-04,1.065749558620154858e-03,1.339005189947783947e-03,1.116866013035178185e-03
1.243159873411059380e-03,4.558598387660595108e-09,3.880130439171125545e-09,1.130808843299746513e-03,6.366189918480813503e-04,3.753921173910157449e-09,1.099869492463767529e-03
3.932286496421966149e-09,6.014861282892525196e-04,3.880130439171125545e-09,1.757147110765799880e-04,3.421817273974170348e-09,1.923304371302947402e-04,3.461677115410566330e-04
3.932286496421966149e-09,3.329075698275119066e-04,1.914716121973469853e-04,1.878925104392692447e-04,3.421817273974170348e-09,3.753921173910157449e-09,3.599925246788870936e-09
3.932286496421966149e-09,4.558598387660595108e-09,3.970863763242959976e-04,3.525660208225644965e-09,3.421817273974170348e-09,2.188280050177127123e-04,2.237993903690949082e-04
1.498463330790400505e-03,2.457588911056518555e-03,3.027534985449165106e-04,7.049475098028779030e-04,9.749885648488998413e-04,1.448312308639287949e-03,1.261687604710459709e-03
3.932286496421966149e-09,4.558598387660595108e-09,7.424215436913073063e-04,2.396307536400854588e-04,3.421817273974170348e-09,3.753921173910157449e-09,3.599925246788870936e-09
3.932286496421966149e-09,4.558598387660595108e-09,3.880130439171125545e-09,3.525660208225644965e-09,3.707561409100890160e-04,3.753921173910157449e-09,1.968184224097058177e-04
3.932286496421966149e-09,4.558598387660595108e-09,3.880130439171125545e-09,3.525660208225644965e-09,4.945610999129712582e-04,3.753921173910157449e-09,3.599925246788870936e-09
1.181298212031833827e-04,4.558598387660595108e-09,3.880130439171125545e-09,2.840795204974710941e-04,3.421817273974170348e-09,3.753921173910157449e-09,4.966531996615231037e-04
3.932286496421966149e-09,4.558598387660595108e-09,2.128775522578507662e-04,3.043180913664400578e-04,2.635238342918455601e-04,3.268599393777549267e-04,1.131175522459670901e-04
3.932286496421966149e-09,4.558598387660595108e-09,3.880130439171125545e-09,2.358119672862812877e-04,1.316077541559934616e-04,2.973638765979558229e-04,3.599925246788870936e-09
3.932286496421966149e-09,4.558598387660595108e-09,2.248333039460703731e-04,3.525660208225644965e-09,2.347333065699785948e-04,1.911669533001258969e-04,1.044704331434331834e-04
1.025658915750682354e-03,8.032546029426157475e-04,8.498488459736108780e-04,1.222209539264440536e-03,7.112339953891932964e-04,4.519893554970622063e-04,4.390451431390829384e-05
1.075568725354969501e-03,1.815757132135331631e-03,3.880130439171125545e-09,5.513069918379187584e-04,9.006257168948650360e-04,1.338559435680508614e-03,3.112143604084849358e-04
9.463719325140118599e-04,2.350940369069576263e-03,1.621361123397946358e-03,1.617255504243075848e-03,1.038799993693828583e-03,1.611124258488416672e-03,1.414458849467337132e-03
1.128085714299231768e-04,4.558598387660595108e-09,2.767713449429720640e-04,3.525660208225644965e-09,3.421817273974170348e-09,3.753921173910157449e-09,1.745257904985919595e-04
3.314578498248010874e-04,4.558598387660595108e-09,3.880130439171125545e-09,1.178465317934751511e-04,6.002910231472924352e-05,3.753921173910157449e-09,5.835801712237298489e-04
4.714144743047654629e-04,4.558598387660595108e-09,3.880130439171125545e-09,3.525660208225644965e-09,3.421817273974170348e-09,3.753921173910157449e-09,1.372761180391535163e-04
3.932286496421966149e-09,4.558598387660595108e-09,3.880130439171125545e-09,3.525660208225644965e-09,3.656741755548864603e-04,3.753921173910157449e-09,7.929681451059877872e-04
9.311664034612476826e-04,2.291560667799785733e-04,3.880130439171125545e-09,2.879272506106644869e-04,3.421817273974170348e-09,2.454789937473833561e-04,8.108544861897826195e-04
2.786153345368802547e-04,5.409351433627307415e-04,3.880130439171125545e-09,5.321066128090023994e-04,3.421817273974170348e-09,3.754073986783623695e-04,1.999284868361428380e-04
3.932286496421966149e-09,1.409456017427146435e-04,3.880130439171125545e-09,3.525660208225644965e-09,1.273341767955571413e-04,3.753921173910157449e-09,1.092086822609417140e-04
3.932286496421966149e-09,3.741976688615977764e-04,4.457857576198875904e-04,1.856122617027722299e-05,2.036897785728797317e-04,9.527528309263288975e-04,5.386737757362425327e-04
3.932286496421966149e-09,4.558598387660595108e-09,1.706700277281925082e-04,5.348563427105545998e-04,3.421817273974170348e-09,3.753921173910157449e-09,2.846553688868880272e-04
3.932286496421966149e-09,4.558598387660595108e-09,3.880130439171125545e-09,3.356334927957504988e-04,2.168756764149293303e-04,3.753921173910157449e-09,3.599925246788870936e-09
3.932286496421966149e-09,7.490766583941876888e-04,1.669074117671698332e-04,3.525660208225644965e-09,3.421817273974170348e-09,1.861207420006394386e-04,3.599925246788870936e-09
3.932286496421966149e-09,1.716664264677092433e-04,3.880130439171125545e-09,3.525660208225644965e-09,3.421817273974170348e-09,5.781009676866233349e-04,3.599925246788870936e-09
1.991448923945426941e-03,1.895395806059241295e-03,1.062803668901324272e-03,1.014025881886482239e-03,1.313995744567364454e-04,8.924679132178425789e-04,3.599925246788870936e-09
1.197948513436131179e-04,4.558598387660595108e-09,4.294702957849949598e-04,5.650919047184288502e-05,3.421817273974170348e-09,3.753921173910157449e-09,5.561307189054787159e-04
2.449921157676726580e-04,4.558598387660595108e-09,3.880130439171125545e-09,3.764136054087430239e-04,1.376556756440550089e-04,3.753921173910157449e-09,5.263979546725749969e-04
3.932286496421966149e-09,4.558598387660595108e-09,3.880130439171125545e-09,5.072563653811812401e-04,1.103254617191851139e-04,3.753921173910157449e-09,3.599925246788870936e-09
3.932286496421966149e-09,6.251279410207644105e-05,1.807658991310745478e-04,3.525660208225644965e-09,2.653491974342614412e-04,4.357729339972138405e-04,4.481494252104312181e-04
2.213132247561588883e-04,4.558598387660595108e-09,1.477117766626179218e-04,2.659535093698650599e-04,3.421817273974170348e-09,3.753921173910157449e-09,3.599925246788870936e-09
1.076895932783372700e-04,4.558598387660595108e-09,1.389814860885962844e-04,3.003094752784818411e-04,3.421817273974170348e-09,3.753921173910157449e-09,1.793765986803919077e-04
1.243663951754570007e-03,2.415350638329982758e-03,1.542410696856677532e-03,1.603904878720641136e-03,9.065624908544123173e-04,8.049299940466880798e-04,1.533672446385025978e-03
9.318194934166967869e-04,4.101939266547560692e-04,1.491054426878690720e-04,1.518237986601889133e-04,7.928957347758114338e-04,6.703822291456162930e-04,3.599925246788870936e-09
2.821480447892099619e-04,4.558598387660595108e-09,3.880130439171125545e-09,7.812567055225372314e-04,3.421817273974170348e-09,3.753921173910157449e-09,5.006780847907066345e-04
3.932286496421966149e-09,4.558598387660595108e-09,3.880130439171125545e-09,3.525660208225644965e-09,1.221265760250389576e-03,1.195746124722063541e-03,9.549906098982319236e-05
2.212487306678667665e-04,1.891137799248099327e-04,3.880130439171125545e-09,3.525660208225644965e-09,1.131921671913005412e-04,3.753921173910157449e-09,3.599925246788870936e-09
2.278156171087175608e-04,1.895178720587864518e-04,3.880130439171125545e-09,2.384877734584733844e-04,2.374985342612490058e-04,4.723017336800694466e-04,3.599925246788870936e-09
7.474598824046552181e-04,4.558598387660595108e-09,2.676808799151331186e-04,3.525660208225644965e-09,3.421817273974170348e-09,3.753921173910157449e-09,3.599925246788870936e-09
3.932286496421966149e-09,1.947152777574956417e-04,4.762032767757773399e-04,2.365829568589106202e-04,1.612278138054534793e-04,1.450623094569891691e-04,5.755939055234193802e-04
3.932286496421966149e-09,4.558598387660595108e-09,3.880130439171125545e-09,3.525660208225644965e-09,6.232947343960404396e-04,3.753921173910157449e-09,1.438120816601440310e-04
3.932286496421966149e-09,4.558598387660595108e-09,3.880130439171125545e-09,3.525660208225644965e-09,1.377152948407456279e-04,3.159965563099831343e-04,2.087707543978467584e-04
1.344050979241728783e-03,2.671145368367433548e-03,1.903156866319477558e-03,1.507755718193948269e-03,8.512315689586102962e-04,1.248084241524338722e-03,1.722026849165558815e-03
1.048495993018150330e-03,1.339328708127140999e-03,8.339242194779217243e-04,7.505630492232739925e-04,9.755880455486476421e-04,1.056513865478336811e-03,6.113732815720140934e-04
1.847281353548169136e-03,1.553099253214895725e-03,3.880130439171125545e-09,3.525660208225644965e-09,3.421817273974170348e-09,9.939157171174883842e-04,3.599925246788870936e-09
2.419656811980530620e-04,2.119648997904732823e-04,3.880130439171125545e-09,2.821163798216730356e-04,3.421817273974170348e-09,2.290593693032860756e-04,3.599925246788870936e-09
5.427298019640147686e-04,4.558598387660595108e-09,3.880130439171125545e-09,3.525660208225644965e-09,1.201657796627841890e-04,1.788650406524538994e-04,3.599925246788870936e-09
8.605298353359103203e-04,4.558598387660595108e-09,1.980698143597692251e-04,8.003891562111675739e-04,3.421817273974170348e-09,3.753921173910157449e-09,2.859532833099365234e-04
4.503573291003704071e-04,4.558598387660595108e-09,5.479607498273253441e-04,4.478454065974801779e-04,3.421817273974170348e-09,3.753921173910157449e-09,1.746607158565893769e-04
3.932286496421966149e-09,4.558598387660595108e-09,3.880130439171125545e-09,4.789514059666544199e-04,3.421817273974170348e-09,3.753921173910157449e-09,1.580176467541605234e-04
1.568914391100406647e-03,2.469476312398910522e-03,1.742582651786506176e-03,1.701507950201630592e-03,1.296564005315303802e-03,1.267625833861529827e-03,1.626705867238342762e-03
5.488953320309519768e-04,4.558598387660595108e-09,3.880130439171125545e-09,3.069457015953958035e-04,3.421817273974170348e-09,3.753921173910157449e-09,3.870603395625948906e-04
1.766762114129960537e-03,1.690760953351855278e-03,1.704712049104273319e-03,1.504928339272737503e-03,1.059568370692431927e-03,1.155988546088337898e-03,1.228347537107765675e-03
2.154125366359949112e-03,7.101285154931247234e-04,7.312934030778706074e-04,1.365024829283356667e-03,1.031617284752428532e-03,2.650216338224709034e-04,1.496856333687901497e-03
1.129782642237842083e-03,4.558598387660595108e-09,1.660472014918923378e-03,2.651226532179862261e-04,4.350982271716929972e-05,3.988888347521424294e-04,1.233600312843918800e-03
6.563788047060370445e-04,4.558598387660595108e-09,3.880130439171125545e-09,3.525660208225644965e-09,3.421817273974170348e-09,3.753921173910157449e-09,3.599925246788870936e-09
3.932286496421966149e-09,4.558598387660595108e-09,4.345166671555489302e-04,3.525660208225644965e-09,3.769375616684556007e-04,3.753921173910157449e-09,3.599925246788870936e-09
3.085818898398429155e-04,4.558598387660595108e-09,3.880130439171125545e-09,7.544737309217453003e-05,3.421817273974170348e-09,1.690430764256234397e-07,3.599925246788870936e-09
1.208571338793262839e-04,4.558598387660595108e-09,3.880130439171125545e-09,3.525660208225644965e-09,4.705728206317871809e-04,3.753921173910157449e-09,2.727250684984028339e-04
3.932286496421966149e-09,4.558598387660595108e-09,3.880130439171125545e-09,3.525660208225644965e-09,5.589769571088254452e-04,1.032540574669837952e-03,3.599925246788870936e-09
1.777013996616005898e-03,1.196637284010648727e-03,8.623392786830663681e-04,1.155527657829225063e-03,9.080158779397606850e-04,9.092841064557433128e-04,1.549516106024384499e-03
1.558866701088845730e-03,3.133029676973819733e-04,1.278395997360348701e-03,7.740979781374335289e-04,5.648777587339282036e-04,6.573412101715803146e-04,7.698356057517230511e-04
1.466736139263957739e-04,1.417564461007714272e-03,7.839267491362988949e-04,3.525660208225644965e-09,9.007035987451672554e-04,1.059326343238353729e-03,3.599925246788870936e-09
2.061356790363788605e-03,4.558598387660595108e-09,6.388244801200926304e-04,1.315587782301008701e-03,9.694551699794828892e-04,3.753921173910157449e-09,1.460749888792634010e-03
3.932286496421966149e-09,4.127459833398461342e-04,1.269183587282896042e-03,4.297294071875512600e-04,1.846042723627761006e-04,5.212276009842753410e-04,1.166693982668220997e-03
3.932286496421966149e-09,4.558598387660595108e-09,3.880130439171125545e-09,3.525660208225644965e-09,4.856770974583923817e-04,3.753921173910157449e-09,4.850469995290040970e-04
3.932286496421966149e-09,1.927199773490428925e-04,1.456747646443545818e-03,2.727655810303986073e-04,6.347278249450027943e-04,1.602060277946293354e-03,3.599925246788870936e-09
3.932286496421966149e-09,4.558598387660595108e-09,5.437326035462319851e-04,3.525660208225644965e-09,3.444728499744087458e-04,3.753921173910157449e-09,9.404831216670572758e-04
2.776559267658740282e-04,4.558598387660595108e-09,1.607098820386454463e-04,9.363945719087496400e-05,4.341045132605358958e-05,3.753921173910157449e-09,3.368328907527029514e-04
1.967608695849776268e-03,2.383962273597717285e-03,1.202412298880517483e-03,1.408081152476370335e-03,3.389284247532486916e-04,1.174513367004692554e-03,3.386853495612740517e-04
3.932286496421966149e-09,4.558598387660595108e-09,4.694270610343664885e-04,3.525660208225644965e-09,3.106346703134477139e-04,6.356894737109541893e-04,3.599925246788870936e-09
1.057118992321193218e-03,4.558598387660595108e-09,6.563381757587194443e-04,7.939141942188143730e-04,1.984948903555050492e-04,3.188622649759054184e-04,9.563263156451284885e-04
1.156285521574318409e-03,2.253039041534066200e-03,7.961143273860216141e-04,1.359061338007450104e-03,7.242759456858038902e-04,1.377407694235444069e-03,1.456533209420740604e-03
3.757485537789762020e-04,4.558598387660595108e-09,3.880130439171125545e-09,1.867342798504978418e-04,8.118274854496121407e-05,3.753921173910157449e-09,6.364490254782140255e-04
4.229075275361537933e-04,7.930448045954108238e-04,3.880130439171125545e-09,3.525660208225644965e-09,1.017433751258067787e-04,3.753921173910157449e-09,3.599925246788870936e-09
4.623661225195974112e-04,4.558598387660595108e-09,1.237077356108784443e-07,3.791034687310457230e-04,3.272206231486052275e-04,3.753921173910157449e-09,7.727453485131263733e-04
3.166768583469092846e-04,3.881752199959009886e-04,1.906140678329393268e-04,5.205179913900792599e-04,3.421817273974170348e-09,3.753921173910157449e-09,3.599925246788870936e-09
3.932286496421966149e-09,4.558598387660595108e-09,3.880130439171125545e-09,3.525660208225644965e-09,4.541589878499507904e-04,3.753921173910157449e-09,3.599925246788870936e-09
1.827489584684371948e-03,8.988303015939891338e-04,9.014405659399926662e-04,4.081824445165693760e-04,3.421817273974170348e-09,3.753921173910157449e-09,1.040521077811717987e-03
9.313403861597180367e-04,1.157838036306202412e-03,1.096709980629384518e-03,6.415503448806703091e-04,4.322443855926394463e-04,4.845010407734662294e-04,6.715910858474671841e-04
3.932286496421966149e-09,4.558598387660595108e-09,3.880130439171125545e-09,8.074775687418878078e-04,3.421817273974170348e-09,3.753921173910157449e-09,3.599925246788870936e-09
4.361864121165126562e-04,4.558598387660595108e-09,3.880130439171125545e-09,3.525660208225644965e-09,3.421817273974170348e-09,3.753921173910157449e-09,3.599925246788870936e-09
2.361297374591231346e-04,4.558598387660595108e-09,3.880130439171125545e-09,4.415130533743649721e-04,3.421817273974170348e-09,3.753921173910157449e-09,1.956617634277790785e-04
9.259691578336060047e-04,1.482634455896914005e-03,3.234476607758551836e-04,1.731105847284197807e-03,1.204149681143462658e-03,2.725095546338707209e-04,1.163140870630741119e-03
3.932286496421966149e-09,4.558598387660595108e-09,7.124247495085000992e-04,3.525660208225644965e-09,3.421817273974170348e-09,2.551122452132403851e-04,3.599925246788870936e-09
3.932286496421966149e-09,4.558598387660595108e-09,3.880130439171125545e-09,3.525660208225644965e-09,2.381681697443127632e-04,2.283809008076786995e-04,2.286669478053227067e-04
3.932286496421966149e-09,4.558598387660595108e-09,3.880130439171125545e-09,3.136922023259103298e-04,3.421817273974170348e-09,2.285464142914861441e-04,1.842548372223973274e-04
3.932286496421966149e-09,4.517341731116175652e-04,3.880130439171125545e-09,4.482824006117880344e-04,3.421817273974170348e-09,2.125749306287616491e-04,3.599925246788870936e-09
6.026570335961878300e-04,2.044708235189318657e-04,3.880130439171125545e-09,3.151039418298751116e-04,1.031248118010807957e-07,2.628975489642471075e-04,3.599925246788870936e-09
4.809840174857527018e-04,1.761991530656814575e-03,6.140277255326509476e-04,1.623008050955832005e-03,1.388074364513158798e-03,1.492795650847256184e-03,1.413794700056314468e-03
4.307454801164567471e-04,2.274353522807359695e-03,1.600214280188083649e-03,4.245265736244618893e-04,1.096074935048818588e-03,1.556589850224554539e-03,4.817324806936085224e-04
1.352115214103832841e-04,4.558598387660595108e-09,3.880130439171125545e-09,7.246409495564876124e-06,3.421817273974170348e-09,1.179083948954939842e-03,3.599925246788870936e-09
2.294328005518764257e-04,1.466829562559723854e-04,3.880130439171125545e-09,3.009563370142132044e-04,3.421817273974170348e-09,3.753921173910157449e-09,1.996981591219082475e-04
1.417113817296922207e-04,4.558598387660595108e-09,4.896885366179049015e-04,6.365923909470438957e-04,4.435005539562553167e-04,2.265132497996091843e-04,3.252700844313949347e-04
3.932286496421966149e-09,4.558598387660595108e-09,1.500404672697186470e-03,4.484888922888785601e-04,1.090224599465727806e-03,2.721812343224883080e-04,3.940372844226658344e-04
3.932286496421966149e-09,5.592150846496224403e-04,6.114927236922085285e-05,3.525660208225644965e-09,3.421817273974170348e-09,6.243849638849496841e-04,3.599925246788870936e-09
3.932286496421966149e-09,3.516964206937700510e-04,1.754742261255159974e-04,3.327912418171763420e-04,3.421817273974170348e-09,3.753921173910157449e-09,3.599925246788870936e-09
3.932286496421966149e-09,5.577752599492669106e-04,3.880130439171125545e-09,1.697936968412250280e-04,3.421817273974170348e-09,3.753921173910157449e-09,3.599925246788870936e-09
2.111278707161545753e-03,2.770788851194083691e-04,9.341240511275827885e-04,1.139374915510416031e-03,1.261792640434578061e-04,3.753921173910157449e-09,8.427494904026389122e-04
1.185455359518527985e-03,1.054641441442072392e-03,1.086355769075453281e-03,7.279064157046377659e-04,9.593697031959891319e-04,1.204597996547818184e-03,6.809469196014106274e-04
2.242954215034842491e-03,2.655522199347615242e-03,1.984035829082131386e-03,1.811398426070809364e-03,1.478500780649483204e-03,2.025804948061704636e-03,1.797558623366057873e-03
3.932286496421966149e-09,4.558598387660595108e-09,9.395572706125676632e-04,3.128992684651166201e-04,3.867076011374592781e-04,4.488874401431530714e-04,4.091989248991012573e-04
3.932286496421966149e-09,4.558598387660595108e-09,5.995138199068605900e-04,3.340046969242393970e-04,1.198012731038033962e-03,2.240693138446658850e-04,4.988083965145051479e-04
3.932286496421966149e-09,4.734000540338456631e-04,3.880130439171125545e-09,3.525660208225644965e-09,3.421817273974170348e-09,5.840855883434414864e-04,3.599925246788870936e-09
7.274561794474720955e-04,4.558598387660595108e-09,1.215317606693133712e-04,4.695516836363822222e-04,3.421817273974170348e-09,3.753921173910157449e-09,3.599925246788870936e-09
1.703920774161815643e-03,1.917213317938148975e-03,1.086931210011243820e-03,1.397591666318476200e-03,9.458607528358697891e-04,1.448866329155862331e-03,1.308665028773248196e-03
1.201065097120590508e-04,4.558598387660595108e-09,3.880130439171125545e-09,3.542054910212755203e-04,3.421817273974170348e-09,3.753921173910157449e-09,3.940660972148180008e-04
3.932286496421966149e-09,4.558598387660595108e-09,3.880130439171125545e-09,3.525660208225644965e-09,4.329463990870863199e-04,3.753921173910157449e-09,3.599925246788870936e-09
6.330132600851356983e-04,2.489385893568396568e-03,1.750963507220149040e-03,8.293078280985355377e-04,1.288088969886302948e-03,1.523271552287042141e-03,9.907410712912678719e-04
2.177137648686766624e-03,5.808317218907177448e-04,9.040466393344104290e-04,1.357540371827781200e-03,1.316353329457342625e-03,2.658133744262158871e-04,1.439055544324219227e-03
1.384192291880026460e-04,4.558598387660595108e-09,3.880130439171125545e-09,3.525660208225644965e-09,3.421817273974170348e-09,3.753921173910157449e-09,5.514804506674408913e-04
1.369867473840713501e-03,4.558598387660595108e-09,4.981551901437342167e-04,1.197426812723278999e-03,8.517664973624050617e-04,1.092260587029159069e-03,7.706885808147490025e-04
1.940691261552274227e-03,1.790042966604232788e-03,1.738928374834358692e-03,1.454267068766057491e-03,1.215168973430991173e-03,1.698086271062493324e-03,7.937534246593713760e-04
3.932286496421966149e-09,4.558598387660595108e-09,4.573336045723408461e-04,3.525660208225644965e-09,3.421817273974170348e-09,7.232604548335075378e-04,3.599925246788870936e-09
3.227965207770466805e-04,4.558598387660595108e-09,1.340777816949412227e-04,3.525660208225644965e-09,3.421817273974170348e-09,3.753921173910157449e-09,3.599925246788870936e-09
3.932286496421966149e-09,4.558598387660595108e-09,3.880130439171125545e-09,3.525660208225644965e-09,2.272729907417669892e-04,3.753921173910157449e-09,3.599925246788870936e-09
1.611051848158240318e-03,3.389355551917105913e-04,1.447806949727237225e-03,1.519463839940726757e-03,1.251063658855855465e-03,1.795912627130746841e-03,1.511446433141827583e-03
2.130433276761323214e-04,2.672656555660068989e-04,1.113920123316347599e-03,9.984958451241254807e-04,4.604019341059029102e-04,2.985724422615021467e-04,6.925050984136760235e-04
5.053274799138307571e-04,3.467647184152156115e-04,3.480490995571017265e-04,4.456411988940089941e-04,1.140462991315871477e-04,6.189170526340603828e-04,4.705860046669840813e-04
3.932286496421966149e-09,5.558147677220404148e-04,1.315564732067286968e-03,3.525660208225644965e-09,2.333022857783362269e-04,3.753921173910157449e-09,3.599925246788870936e-09
1.570215914398431778e-03,4.558598387660595108e-09,3.873639798257499933e-04,1.064391923137009144e-03,1.079568057321012020e-03,3.753921173910157449e-09,1.221836777403950691e-03
3.483216278254985809e-04,4.558598387660595108e-09,1.766456989571452141e-04,2.302560169482603669e-04,1.177794620161876082e-04,1.258213014807552099e-04,3.599925246788870936e-09
7.481159991584718227e-04,6.562901544384658337e-04,8.249521488323807716e-04,1.314749242737889290e-03,3.421817273974170348e-09,3.753921173910157449e-09,6.127658416517078876e-04
3.458197752479463816e-04,4.558598387660595108e-09,1.531168090878054500e-04,8.667619840707629919e-05,3.421817273974170348e-09,3.753921173910157449e-09,2.194232511101290584e-04
1.089560100808739662e-03,1.535762101411819458e-03,5.555699463002383709e-04,1.158797531388700008e-03,8.488001185469329357e-04,7.671301136724650860e-04,8.629774092696607113e-04
3.932286496421966149e-09,4.558598387660595108e-09,1.746988855302333832e-04,3.525660208225644965e-09,3.407741023693233728e-04,1.124723115935921669e-03,3.599925246788870936e-09
1.528158172732219100e-04,4.558598387660595108e-09,1.420619955752044916e-04,4.217703826725482941e-04,1.098646243917755783e-04,3.753921173910157449e-09,3.599925246788870936e-09
3.932286496421966149e-09,4.558598387660595108e-09,3.518242010613903403e-05,3.525660208225644965e-09,2.304566733073443174e-04,3.753921173910157449e-09,4.397752054501324892e-04
1.515405892860144377e-04,4.558598387660595108e-09,3.880130439171125545e-09,3.509894013404846191e-04,3.421817273974170348e-09,3.753921173910157449e-09,3.599925246788870936e-09
3.691600286401808262e-04,1.720863510854542255e-03,1.113704405725002289e-03,8.042288827709853649e-04,4.504097450990229845e-04,1.190148759633302689e-03,8.855449268594384193e-04
3.932286496421966149e-09,4.558598387660595108e-09,5.100319394841790199e-04,2.946736931335180998e-04,6.833700463175773621e-04,1.624597469344735146e-03,4.940517246723175049e-04
3.932286496421966149e-09,4.558598387660595108e-09,3.880130439171125545e-09,3.659307549241930246e-04,3.585634985938668251e-04,2.147399645764380693e-04,3.599925246788870936e-09
3.776576777454465628e-04,4.558598387660595108e-09,3.880130439171125545e-09,3.525660208225644965e-09,3.421817273974170348e-09,3.753921173910157449e-09,3.407683689147233963e-04
3.932286496421966149e-09,4.558598387660595108e-09,3.880130439171125545e-09,4.161393444519490004e-04,2.021731779677793384e-04,3.753921173910157449e-09,3.599925246788870936e-09
3.889627987518906593e-04,1.925719087012112141e-03,5.884448764845728874e-04,1.540570869110524654e-03,6.495875422842800617e-04,1.015047309920191765e-03,8.055603248067200184e-04
3.932286496421966149e-09,1.926530967466533184e-03,1.802926068194210529e-03,3.525660208225644965e-09,7.163957343436777592e-04,1.754760160110890865e-03,8.754673181101679802e-04
3.932286496421966149e-09,4.558598387660595108e-09,3.880130439171125545e-09,3.525660208225644965e-09,1.175356956082396209e-04,5.869175074622035027e-04,3.599925246788870936e-09
3.932286496421966149e-09,4.558598387660595108e-09,4.693954833783209324e-04,3.525660208225644965e-09,3.421817273974170348e-09,4.397674347274005413e-04,3.599925246788870936e-09
3.532981500029563904e-04,4.558598387660595108e-09,3.880130439171125545e-09,3.525660208225644965e-09,3.421817273974170348e-09,3.753921173910157449e-09,7.054609013721346855e-04
1.206171145895496011e-04,4.558598387660595108e-09,1.084651448763906956e-04,5.052366177551448345e-04,3.421817273974170348e-09,2.336791658308357000e-04,6.379165570251643658e-04
3.932286496421966149e-09,4.558598387660595108e-09,3.880130439171125545e-09,1.966870622709393501e-04,3.421817273974170348e-09,2.199264999944716692e-04,3.113937273155897856e-04
6.848294287919998169e-04,2.314564626431092620e-04,3.880130439171125545e-09,8.683399064466357231e-04,3.421817273974170348e-09,2.114574162987992167e-04,3.599925246788870936e-09
3.932286496421966149e-09,5.610305233858525753e-04,3.880130439171125545e-09,3.525660208225644965e-09,3.421817273974170348e-09,3.753921173910157449e-09,3.599925246788870936e-09
2.944860898423939943e-04,4.558598387660595108e-09,3.880130439171125545e-09,2.949700283352285624e-04,3.421817273974170348e-09,3.753921173910157449e-09,3.599925246788870936e-09
1.277187111554667354e-04,1.617807778529822826e-03,1.832562033087015152e-03,2.517347456887364388e-04,1.350299571640789509e-03,1.490352675318717957e-03,6.719212979078292847e-04
2.198497299104928970e-03,1.263437909074127674e-03,1.073650084435939789e-03,1.348578603938221931e-03,1.129853888414800167e-03,5.414134939201176167e-04,1.400777953676879406e-03
6.732928450219333172e-04,7.962685776874423027e-04,1.529519067844375968e-04,5.612205131910741329e-04,3.678660432342439890e-04,1.715696416795253754e-04,6.379885016940534115e-04
3.932286496421966149e-09,4.558598387660595108e-09,3.880130439171125545e-09,3.525660208225644965e-09,3.623693482950329781e-04,3.984521317761391401e-04,3.599925246788870936e-09
3.932286496421966149e-09,4.558598387660595108e-09,3.880130439171125545e-09,2.059827966149896383e-04,2.562752924859523773e-04,2.215810673078522086e-04,2.602149907033890486e-04
3.932286496421966149e-09,4.558598387660595108e-09,3.880130439171125545e-09,1.843657228164374828e-04,1.323786273133009672e-04,4.664415901061147451e-04,3.599925246788870936e-09
3.932286496421966149e-09,4.558598387660595108e-09,3.880130439171125545e-09,3.525660208225644965e-09,1.031525753205642104e-04,3.753921173910157449e-09,5.360462237149477005e-04
1.732253353111445904e-03,2.893120690714567900e-04,9.103214251808822155e-04,1.156354323029518127e-03,1.066561206243932247e-03,1.075021646101959050e-04,1.555007300339639187e-03
3.932286496421966149e-09,1.725432375678792596e-04,3.109435201622545719e-04,3.525660208225644965e-09,1.097622225643135607e-04,1.401946065016090870e-04,2.065234730252996087e-04
5.431886529549956322e-04,1.898852991871535778e-03,3.880130439171125545e-09,4.278302076272666454e-04,2.804818213917315006e-04,5.804988322779536247e-04,3.599925246788870936e-09
3.932286496421966149e-09,4.558598387660595108e-09,3.880130439171125545e-09,3.525660208225644965e-09,4.957389319315552711e-04,3.753921173910157449e-09,3.599925246788870936e-09
3.932286496421966149e-09,4.558598387660595108e-09,1.667301869019865990e-03,7.011488196440041065e-04,2.524438896216452122e-04,3.753921173910157449e-09,3.599925246788870936e-09
5.364248645491898060e-04,8.437589858658611774e-04,8.013106416910886765e-04,3.525660208225644965e-09,5.899323878111317754e-05,9.698792127892374992e-04,5.793020245619118214e-04
1.272692170459777117e-04,4.558598387660595108e-09,3.390712954569607973e-04,3.825124586001038551e-04,1.515763287898153067e-04,3.753921173910157449e-09,3.599925246788870936e-09
5.547619002754800022e-05,2.268988901050761342e-04,3.880130439171125545e-09,2.081906859530135989e-04,3.421817273974170348e-09,2.253467537229880691e-04,3.599925246788870936e-09
1.755436416715383530e-03,6.423979066312313080e-04,1.046364544890820980e-03,1.520307618193328381e-03,1.317900721915066242e-03,6.385619635693728924e-04,1.397624844685196877e-03
3.932286496421966149e-09,4.558598387660595108e-09,3.880130439171125545e-09,3.525660208225644965e-09,5.404395633377134800e-04,3.753921173910157449e-09,3.599925246788870936e-09
1.202346102218143642e-04,1.406160008627921343e-04,3.880130439171125545e-09,2.201841125497594476e-04,3.421817273974170348e-09,2.648086228873580694e-04,3.599925246788870936e-09
1.831565983593463898e-03,1.141632557846605778e-03,1.145331538282334805e-03,1.692255958914756775e-03,1.198880490846931934e-03,1.248002634383738041e-03,1.594123430550098419e-03
3.932286496421966149e-09,4.558598387660595108e-09,3.880130439171125545e-09,2.057625970337539911e-04,1.114800223149359226e-03,1.224850857397541404e-04,3.162786888424307108e-04
3.932286496421966149e-09,3.210926952306181192e-04,1.183651911560446024e-04,3.525660208225644965e-09,2.085198939312249422e-04,3.774889628402888775e-04,3.045501944143325090e-04
3.932286496421966149e-09,4.558598387660595108e-09,2.534068189561367035e-04,3.525660208225644965e-09,2.663360210135579109e-04,3.753921173910157449e-09,3.599925246788870936e-09
3.932286496421966149e-09,4.558598387660595108e-09,3.880130439171125545e-09,3.525660208225644965e-09,3.421817273974170348e-09,1.071082777343690395e-03,3.599925246788870936e-09
1.354027626803144813e-04,7.101095397956669331e-04,1.058682566508650780e-03,9.419410489499568939e-04,3.421817273974170348e-09,8.010709425434470177e-04,3.599925246788870936e-09
3.932286496421966149e-09,2.857750805560499430e-04,1.414175785612314939e-04,1.611272018635645509e-04,3.421817273974170348e-09,1.713824603939428926e-04,3.599925246788870936e-09
1.517650205641984940e-03,2.278673229739069939e-03,8.282361668534576893e-04,1.758254365995526314e-03,1.196216209791600704e-03,1.861608121544122696e-03,1.548755681142210960e-03
5.543730221688747406e-04,4.558598387660595108e-09,3.880130439171125545e-09,2.127102488884702325e-04,3.421817273974170348e-09,3.753921173910157449e-09,3.599925246788870936e-09
3.932286496421966149e-09,4.558598387660595108e-09,3.880130439171125545e-09,3.525660208225644965e-09,1.577327348059043288e-04,3.753921173910157449e-09,1.332434592768549919e-03
3.932286496421966149e-09,4.558598387660595108e-09,3.639168280642479658e-04,1.612136402400210500e-04,6.673503230558708310e-05,3.106107760686427355e-04,3.801276616286486387e-04
3.460189618635922670e-04,4.558598387660595108e-09,5.146957701072096825e-04,1.955831830855458975e-04,3.088990342803299427e-04,4.519551293924450874e-04,3.599925246788870936e-09
2.559989516157656908e-04,6.867113552289083600e-05,1.611628977116197348e-04,1.697266125120222569e-04,3.421817273974170348e-09,4.008789255749434233e-04,3.599925246788870936e-09
1.427980954758822918e-03,3.844442544505000114e-04,3.880130439171125545e-09,1.005340483970940113e-03,1.273274538107216358e-03,3.753921173910157449e-09,1.229756046086549759e-03
1.032854925142601132e-04,4.558598387660595108e-09,1.338960573775693774e-04,1.643307914491742849e-04,3.421817273974170348e-09,3.753921173910157449e-09,3.599925246788870936e-09
3.932286496421966149e-09,4.558598387660595108e-09,3.880130439171125545e-09,3.525660208225644965e-09,3.421817273974170348e-09,1.087017357349395752e-03,3.599925246788870936e-09
1.631547580473124981e-03,2.696694282349199057e-04,8.045616559684276581e-04,1.637964625842869282e-03,1.104997703805565834e-03,1.191747025586664677e-03,1.478119171224534512e-03
3.932286496421966149e-09,4.558598387660595108e-09,3.880130439171125545e-09,3.525660208225644965e-09,4.476588801480829716e-04,3.753921173910157449e-09,5.998295382596552372e-04
3.651582810562103987e-04,1.508203917182981968e-03,7.718000560998916626e-04,7.711324142292141914e-04,1.116721032303757966e-04,6.630931166000664234e-04,8.468098531011492014e-05
3.932286496421966149e-09,4.558598387660595108e-09,3.880130439171125545e-09,3.525660208225644965e-09,3.196625621058046818e-04,2.037273225141689181e-04,3.599925246788870936e-09
2.076303353533148766e-04,2.015607024077326059e-04,3.555609728209674358e-04,1.830629626056179404e-04,5.225678705755854025e-06,5.869900924153625965e-04,2.102363068843260407e-04
3.932286496421966149e-09,4.558598387660595108e-09,3.880130439171125545e-09,3.525660208225644965e-09,2.582924789749085903e-04,3.355147200636565685e-04,3.599925246788870936e-09
2.331989089725539088e-04,4.558598387660595108e-09,3.880130439171125545e-09,9.001682628877460957e-04,3.421817273974170348e-09,9.830157068790867925e-05,3.599925246788870936e-09
3.932286496421966149e-09,4.558598387660595108e-09,3.880130439171125545e-09,3.525660208225644965e-09,4.451848508324474096e-04,3.753921173910157449e-09,2.654330455698072910e-04
3.077124711126089096e-04,4.558598387660595108e-09,3.880130439171125545e-09,5.391665035858750343e-04,1.870126870926469564e-04,3.753921173910157449e-09,6.230114377103745937e-04
6.483624456450343132e-04,4.558598387660595108e-09,3.880130439171125545e-09,2.542668953537940979e-04,2.045989531325176358e-04,3.753921173910157449e-09,1.081362832337617874e-03
8.279354078695178032e-04,4.558598387660595108e-09,1.713011006359010935e-04,1.044013886712491512e-03,2.928692556452006102e-04,2.716823946684598923e-04,9.317535441368818283e-04
2.251636906294152141e-04,2.166535472497344017e-03,1.822800957597792149e-03,1.101617468520998955e-03,1.397709012962877750e-03,1.387116964906454086e-03,7.373057887889444828e-04
1.765988999977707863e-04,4.558598387660595108e-09,1.369112142128869891e-04,3.525660208225644965e-09,3.421817273974170348e-09,2.063745632767677307e-04,3.599925246788870936e-09
1.243724982487037778e-04,4.558598387660595108e-09,3.880130439171125545e-09,3.671169688459485769e-04,2.028086018981412053e-04,2.418570802547037601e-04,3.599925246788870936e-09
3.932286496421966149e-09,4.558598387660595108e-09,3.880130439171125545e-09,3.525660208225644965e-09,2.291629498358815908e-04,3.769455943256616592e-04,3.599925246788870936e-09
1.204738000524230301e-04,4.558598387660595108e-09,3.880130439171125545e-09,2.426500723231583834e-04,3.421817273974170348e-09,3.753921173910157449e-09,2.090288471663370728e-04
8.651491953060030937e-04,2.040206018136814237e-04,1.634682848816737533e-04,3.525660208225644965e-09,3.421817273974170348e-09,3.753921173910157449e-09,3.847396874334663153e-04
6.796415545977652073e-04,4.558598387660595108e-09,3.880130439171125545e-09,3.525660208225644965e-09,3.421817273974170348e-09,3.753921173910157449e-09,3.599925246788870936e-09
6.454191752709448338e-04,4.558598387660595108e-09,6.795827648602426052e-04,3.525660208225644965e-09,4.144596168771386147e-04,3.753921173910157449e-09,3.599925246788870936e-09
3.932286496421966149e-09,9.598092874512076378e-04,1.263248850591480732e-03,3.525660208225644965e-09,1.252830843441188335e-03,3.563725913409143686e-04,6.989724934101104736e-04
3.932286496421966149e-09,4.558598387660595108e-09,3.880130439171125545e-09,2.750770654529333115e-04,1.265949103981256485e-04,3.753921173910157449e-09,4.018569889012724161e-04
3.932286496421966149e-09,4.558598387660595108e-09,3.880130439171125545e-09,1.641771086724475026e-04,4.864767252001911402e-04,4.930953728035092354e-04,3.599925246788870936e-09
3.932286496421966149e-09,1.801669423002749681e-04,1.376584870740771294e-03,4.837416927330195904e-04,9.829665068536996841e-04,1.168260467238724232e-03,3.599925246788870936e-09
6.409333436749875546e-04,2.881916298065334558e-04,4.285646427888423204e-04,3.898657450918108225e-04,8.908301242627203465e-04,3.753921173910157449e-09,6.932336837053298950e-04
3.932286496421966149e-09,4.558598387660595108e-09,5.281688063405454159e-04,3.525660208225644965e-09,3.032683453056961298e-04,3.753921173910157449e-09,3.599925246788870936e-09
4.693863229476846755e-05,4.558598387660595108e-09,3.880130439171125545e-09,3.525660208225644965e-09,2.081930579151958227e-04,3.753921173910157449e-09,6.094403797760605812e-04
1.640789560042321682e-03,2.340912818908691406e-03,1.657674671150743961e-03,1.145296497270464897e-03,1.225734944455325603e-03,1.484018401242792606e-03,1.236477517522871494e-03
3.932286496421966149e-09,4.310485091991722584e-04,7.909835549071431160e-04,3.525660208225644965e-09,3.421817273974170348e-09,3.753921173910157449e-09,3.599925246788870936e-09
3.932286496421966149e-09,4.558598387660595108e-09,3.880130439171125545e-09,3.728025476448237896e-04,3.466260095592588186e-04,2.259119210066273808e-04,3.599925246788870936e-09
3.932286496421966149e-09,4.558598387660595108e-09,3.880130439171125545e-09,7.230010814964771271e-04,3.421817273974170348e-09,2.021856344072148204e-04,3.275739727541804314e-04
8.848834550008177757e-04,3.820388810709118843e-04,9.313452173955738544e-04,8.706414955668151379e-04,8.046874427236616611e-04,3.753921173910157449e-09,7.844052743166685104e-04
1.945172203704714775e-03,1.533133210614323616e-03,1.515546115115284920e-03,1.192388823255896568e-03,1.245180726982653141e-03,1.776158227585256100e-03,1.249422552064061165e-03
3.932286496421966149e-09,3.119382308796048164e-04,3.880130439171125545e-09,4.789583035744726658e-04,3.947130753658711910e-04,6.363196880556643009e-04,3.237456839997321367e-04
1.923991949297487736e-04,6.114362622611224651e-04,3.880130439171125545e-09,3.525660208225644965e-09,3.421817273974170348e-09,3.753921173910157449e-09,3.599925246788870936e-09
3.932286496421966149e-09,4.558598387660595108e-09,1.047426194418221712e-04,1.885365345515310764e-04,2.012079930864274502e-04,3.753921173910157449e-09,1.887167891254648566e-04
3.932286496421966149e-09,4.558598387660595108e-09,6.968327215872704983e-04,3.525660208225644965e-09,6.918780854903161526e-04,3.753921173910157449e-09,3.599925246788870936e-09
3.932286496421966149e-09,4.558598387660595108e-09,6.835507811047136784e-04,3.525660208225644965e-09,9.492380195297300816e-04,3.753921173910157449e-09,3.599925246788870936e-09
1.275142567465081811e-04,4.558598387660595108e-09,3.880130439171125545e-09,7.058170740492641926e-05,3.421817273974170348e-09,7.783701505559292855e-08,3.808641340583562851e-04
3.932286496421966149e-09,4.558598387660595108e-09,3.880130439171125545e-09,4.584582929965108633e-04,3.421817273974170348e-09,3.733907651621848345e-04,3.599925246788870936e-09
3.932286496421966149e-09,4.558598387660595108e-09,3.880130439171125545e-09,1.830387773225083947e-04,3.421817273974170348e-09,2.164913894375786185e-04,3.047958598472177982e-04
1.468489761464297771e-03,1.176106743514537811e-03,1.178743550553917885e-03,7.744214963167905807e-04,5.602952442131936550e-04,6.555843865498900414e-04,8.230406674556434155e-04
1.452069700462743640e-04,4.558598387660595108e-09,3.880130439171125545e-09,7.849410758353769779e-04,5.537954275496304035e-04,6.162346107885241508e-04,3.599925246788870936e-09
3.932286496421966149e-09,4.558598387660595108e-09,1.796552096493542194e-04,3.525660208225644965e-09,3.421817273974170348e-09,5.851065507158637047e-04,3.370280319359153509e-04
3.932286496421966149e-09,4.558598387660595108e-09,3.880130439171125545e-09,3.525660208225644965e-09,5.423875409178435802e-04,3.753921173910157449e-09,4.544115508906543255e-04
3.932286496421966149e-09,4.558598387660595108e-09,3.880130439171125545e-09,3.525660208225644965e-09,1.207186141982674599e-04,6.409772904589772224e-04,3.599925246788870936e-09
5.213685799390077591e-04,2.640474122017621994e-04,7.040095515549182892e-04,5.045313155278563499e-04,2.384190302109345794e-04,5.022520781494677067e-04,3.961597685702145100e-04
1.402260677423328161e-04,4.558598387660595108e-09,1.237461838172748685e-04,3.962088376283645630e-04,7.064879173412919044e-05,1.378038432449102402e-04,2.207257784903049469e-04
3.932286496421966149e-09,4.558598387660595108e-09,3.880130439171125545e-09,3.525660208225644965e-09,2.047662128461524844e-04,5.757077015005052090e-04,3.599925246788870936e-09
3.932286496421966149e-09,1.916652836371213198e-04,3.880130439171125545e-09,3.525660208225644965e-09,4.221406998112797737e-04,1.256900024600327015e-03,2.371670852880924940e-04
5.546178435906767845e-04,4.558598387660595108e-09,3.880130439171125545e-09,2.421013632556423545e-04,3.421817273974170348e-09,3.753921173910157449e-09,6.211575819179415703e-04
3.932286496421966149e-09,3.159436164423823357e-04,1.169983297586441040e-03,3.567604289855808020e-04,4.206254379823803902e-04,3.753921173910157449e-09,2.359670470468699932e-04
7.382277981378138065e-04,7.001312915235757828e-04,6.179411429911851883e-04,3.052618121728301048e-04,5.193795077502727509e-04,6.431078072637319565e-04,9.702810348244383931e-05
1.538956188596785069e-03,1.883892808109521866e-03,3.880130439171125545e-09,7.854592986404895782e-04,2.182120661018416286e-04,8.522287826053798199e-04,1.418661122443154454e-05
3.932286496421966149e-09,4.558598387660595108e-09,3.880130439171125545e-09,9.166489576273306739e-07,1.262626174138858914e-04,4.994336632080376148e-04,3.830476780422031879e-04
3.932286496421966149e-09,4.558598387660595108e-09,4.772026732098311186e-04,1.840841723605990410e-04,2.866333234123885632e-04,3.753921173910157449e-09,5.625308840535581112e-04
3.932286496421966149e-09,4.558598387660595108e-09,3.880130439171125545e-09,3.525660208225644965e-09,3.198585181962698698e-04,3.753921173910157449e-09,1.234707451658323407e-04
3.932286496421966149e-09,3.616785688791424036e-04,3.880130439171125545e-09,3.525660208225644965e-09,1.102234527934342623e-04,2.213694824604317546e-04,3.599925246788870936e-09
5.421328241936862469e-04,1.329087768681347370e-03,3.880130439171125545e-09,6.254668696783483028e-04,2.332816802663728595e-04,9.287922875955700874e-04,2.639052399899810553e-04
9.497226565144956112e-04,4.558598387660595108e-09,8.296228479593992233e-04,7.408073288388550282e-04,9.535186109133064747e-04,1.850784756243228912e-04,1.016833120957016945e-03
1.170834075310267508e-04,4.558598387660595108e-09,3.880130439171125545e-09,1.527511049062013626e-04,3.421817273974170348e-09,3.753921173910157449e-09,3.501385508570820093e-04
1.348296209471300244e-04,2.235185529571026564e-04,9.111534454859793186e-04,2.843423681042622775e-05,3.421817273974170348e-09,4.175377544015645981e-04,3.599925246788870936e-09
3.932286496421966149e-09,4.558598387660595108e-09,3.880130439171125545e-09,3.525660208225644965e-09,3.441942099016159773e-04,3.753921173910157449e-09,1.960013469215482473e-04
1.065361429937183857e-03,1.757976366207003593e-03,3.880130439171125545e-09,5.452910554595291615e-04,5.534359952434897423e-04,1.144721056334674358e-03,3.257517819292843342e-04
3.932286496421966149e-09,3.173881850671023130e-04,3.880130439171125545e-09,1.641259441385045648e-04,3.164988884236663580e-04,8.697056910023093224e-04,3.599925246788870936e-09
2.533969527576118708e-04,4.558598387660595108e-09,3.880130439171125545e-09,1.738576975185424089e-04,3.421817273974170348e-09,3.753921173910157449e-09,3.613156441133469343e-04
3.143651993013918400e-04,2.915132608904968947e-05,3.880130439171125545e-09,1.567137660458683968e-04,3.421817273974170348e-09,2.166397462133318186e-04,3.599925246788870936e-09
9.929396910592913628e-04,4.558598387660595108e-09,1.512022106908261776e-03,1.018820912577211857e-03,3.421817273974170348e-09,2.260301116621121764e-04,8.646862697787582874e-04
3.447266935836523771e-04,4.558598387660595108e-09,1.434658624930307269e-04,3.525660208225644965e-09,1.122912508435547352e-04,3.753921173910157449e-09,3.599925246788870936e-09
8.266168297268450260e-04,1.775995246134698391e-03,1.572174252942204475e-03,7.327829953283071518e-04,9.044931503012776375e-04,1.481503481045365334e-03,5.869506276212632656e-04
5.177669227123260498e-04,4.558598387660595108e-09,3.880130439171125545e-09,3.525660208225644965e-09,3.421817273974170348e-09,2.867701696231961250e-04,3.599925246788870936e-09
2.435583592159673572e-04,4.558598387660595108e-09,2.418874646537005901e-04,3.525660208225644965e-09,3.421817273974170348e-09,3.753921173910157449e-09,2.643958723638206720e-04
9.464888134971261024e-04,1.182468025945127010e-03,1.438742503523826599e-03,4.521920054685324430e-04,4.914050223305821419e-04,1.394782797433435917e-03,3.926183271687477827e-04
2.182949829148128629e-04,5.378203932195901871e-04,4.502736264839768410e-04,3.525660208225644965e-09,3.421817273974170348e-09,3.753921173910157449e-09,3.599925246788870936e-09
3.142495697829872370e-04,5.554498056881129742e-04,1.191555405966937542e-03,1.338472822681069374e-03,9.524180786684155464e-04,6.464025354944169521e-04,1.611115294508635998e-03
2.078968333080410957e-03,2.249503275379538536e-03,3.880130439171125545e-09,1.441379892639815807e-03,8.791244472377002239e-04,1.696654944680631161e-03,8.523259311914443970e-04
2.083768631564453244e-04,4.371735267341136932e-04,3.880130439171125545e-09,2.173939137719571590e-04,1.879878691397607327e-04,1.932725426740944386e-04,3.599925246788870936e-09
1.188744281535036862e-04,4.558598387660595108e-09,1.531128073111176491e-04,3.525660208225644965e-09,3.421817273974170348e-09,3.753921173910157449e-09,2.910386538133025169e-04
3.932286496421966149e-09,4.558598387660595108e-09,3.880130439171125545e-09,3.525660208225644965e-09,3.558339667506515980e-04,6.495243869721889496e-04,3.599925246788870936e-09
3.932286496421966149e-09,4.558598387660595108e-09,3.880130439171125545e-09,3.525660208225644965e-09,2.155256661353632808e-04,8.316488238051533699e-04,3.599925246788870936e-09
5.710762925446033478e-04,4.558598387660595108e-09,5.911996122449636459e-04,6.599169573746621609e-04,2.073926734738051891e-04,3.753921173910157449e-09,3.599925246788870936e-09
1.735229016048833728e-04,3.476456622593104839e-04,8.600605360697954893e-05,5.036236834712326527e-04,2.254452847409993410e-04,3.753921173910157449e-09,3.599925246788870936e-09
1.248108805157244205e-03,2.230040961876511574e-03,1.647630473598837852e-03,1.216770731844007969e-03,1.104410155676305294e-03,1.246950472705066204e-03,1.290625310502946377e-03
3.932286496421966149e-09,3.826463653240352869e-04,6.130213150754570961e-04,1.438017789041623473e-04,3.421817273974170348e-09,2.607936621643602848e-04,3.599925246788870936e-09
2.187185455113649368e-04,8.967776666395366192e-04,2.024318964686244726e-04,9.799933759495615959e-04,3.103464841842651367e-04,2.844377013389021158e-04,8.886239374987781048e-04
6.891791708767414093e-04,2.261663321405649185e-04,3.880130439171125545e-09,1.025541350827552378e-04,3.421817273974170348e-09,3.753921173910157449e-09,3.599925246788870936e-09
1.427956740371882915e-04,5.135222454555332661e-04,3.880130439171125545e-09,1.484915497712790966e-03,1.337543246336281300e-03,9.911214001476764679e-04,5.117434193380177021e-04
1.297439885092899203e-04,4.558598387660595108e-09,3.880130439171125545e-09,3.525660208225644965e-09,4.400811740197241306e-04,3.753921173910157449e-09,5.356051260605454445e-04
3.932286496421966149e-09,4.558598387660595108e-09,2.541367430239915848e-04,2.588351781014353037e-04,1.550146698718890548e-04,2.908089081756770611e-04,5.755949532613158226e-04
6.479629519162699580e-05,2.051430492429062724e-04,3.880130439171125545e-09,3.525660208225644965e-09,3.421817273974170348e-09,3.753921173910157449e-09,2.044465654762461782e-04
6.156993913464248180e-04,2.646509557962417603e-03,1.819596742279827595e-03,1.648928853683173656e-03,1.280765631236135960e-03,1.144590787589550018e-03,1.523802406154572964e-03
3.262734098825603724e-04,4.558598387660595108e-09,3.880130439171125545e-09,3.525660208225644965e-09,3.421817273974170348e-09,1.739969593472778797e-04,2.080967242363840342e-04
2.506334858480840921e-04,4.558598387660595108e-09,3.880130439171125545e-09,3.178939805366098881e-04,2.673979033716022968e-04,3.753921173910157449e-09,7.036174647510051727e-04
3.932286496421966149e-09,4.558598387660595108e-09,3.880130439171125545e-09,6.664179381914436817e-04,3.421017609070986509e-04,4.280443827155977488e-04,2.840236993506550789e-04
1.083453185856342316e-03,2.582127461209893227e-03,1.720636151731014252e-03,1.604661112651228905e-03,1.321776653639972210e-03,9.281618986278772354e-04,1.282886601984500885e-03
1.483444240875542164e-03,2.443112898617982864e-03,1.717002247460186481e-03,7.148297736421227455e-04,1.002779696136713028e-03,1.718741026706993580e-03,7.967550191096961498e-04
9.662625379860401154e-04,4.558598387660595108e-09,3.880130439171125545e-09,6.213589222170412540e-04,4.200871044304221869e-04,3.753921173910157449e-09,1.106254523620009422e-03
3.932286496421966149e-09,4.558598387660595108e-09,3.880130439171125545e-09,2.829711593221873045e-04,1.227851957082748413e-03,3.753921173910157449e-09,3.599925246788870936e-09
6.311363540589809418e-05,6.115306750871241093e-04,3.880130439171125545e-09,3.525660208225644965e-09,3.421817273974170348e-09,3.753921173910157449e-09,3.599925246788870936e-09
3.932286496421966149e-09,4.558598387660595108e-09,3.880130439171125545e-09,3.525660208225644965e-09,2.261879999423399568e-04,2.144981699530035257e-04,1.357369328616186976e-04
3.932286496421966149e-09,4.558598387660595108e-09,2.956939861178398132e-04,3.525660208225644965e-09,3.421817273974170348e-09,3.662934759631752968e-04,3.599925246788870936e-09
3.932286496421966149e-09,4.558598387660595108e-09,2.620529267005622387e-04,3.525660208225644965e-09,1.353478000964969397e-04,3.753921173910157449e-09,2.854646591003984213e-04
3.932286496421966149e-09,4.558598387660595108e-09,4.936197074130177498e-04,2.985344617627561092e-04,4.946117987856268883e-04,3.753921173910157449e-09,1.655151427257806063e-04
3.932286496421966149e-09,4.558598387660595108e-09,6.414335803128778934e-04,2.888020535465329885e-04,8.716975571587681770e-04,3.753921173910157449e-09,7.770464289933443069e-04
7.987894932739436626e-04,4.558598387660595108e-09,3.880130439171125545e-09,1.637336972635239363e-04,3.421817273974170348e-09,3.753921173910157449e-09,5.370319704525172710e-04
9.809287730604410172e-04,2.253650687634944916e-03,1.608891994692385197e-03,1.448816154152154922e-03,1.263145823031663895e-03,7.397479494102299213e-04,1.174217788502573967e-03
4.939628415741026402e-04,4.558598387660595108e-09,1.579073432367295027e-04,8.794818422757089138e-04,3.421817273974170348e-09,3.753921173910157449e-09,7.125112460926175117e-04
1.920168637298047543e-03,2.444514306262135506e-03,1.520080957561731339e-03,1.485414453782141209e-03,1.248545129783451557e-03,1.770870760083198547e-03,1.253976603038609028e-03
2.727676765061914921e-04,4.558598387660595108e-09,3.880130439171125545e-09,2.923795836977660656e-04,3.421817273974170348e-09,1.865899685071781278e-04,3.599925246788870936e-09
3.932286496421966149e-09,4.558598387660595108e-09,3.150458214804530144e-04,3.525660208225644965e-09,3.421817273974170348e-09,3.753921173910157449e-09,3.215699398424476385e-04
1.763488689903169870e-04,5.936807137914001942e-04,3.880130439171125545e-09,9.676276240497827530e-04,6.936051067896187305e-04,1.194810145534574986e-03,2.747345715761184692e-04
4.468534025363624096e-04,4.558598387660595108e-09,1.879173942143097520e-04,3.079521702602505684e-04,3.774902168629523658e-09,4.912836593575775623e-04,1.757029385771602392e-04
8.433260372839868069e-04,4.558598387660595108e-09,3.880130439171125545e-09,1.498827623436227441e-04,3.421817273974170348e-09,3.753921173910157449e-09,1.973198814084753394e-04
1.095430052373558283e-04,4.558598387660595108e-09,3.880130439171125545e-09,3.030484367627650499e-04,3.421817273974170348e-09,3.753921173910157449e-09,1.917758490890264511e-04
1.517938100732862949e-03,1.313006854616105556e-03,6.451053195632994175e-04,7.229637121781706810e-04,6.232500891201198101e-04,2.579260326456278563e-04,4.355240089353173971e-04
1.526615233160555363e-03,4.382633487693965435e-04,1.290641259402036667e-03,1.150969299487769604e-03,1.191998249851167202e-03,9.003761806525290012e-04,1.322442665696144104e-03
1.551652792841196060e-03,2.354997443035244942e-03,1.705457572825253010e-03,1.083787297829985619e-03,1.173917436972260475e-03,1.794706447981297970e-03,8.895229548215866089e-04
3.932286496421966149e-09,1.327475765720009804e-04,5.567523185163736343e-04,3.525660208225644965e-09,3.421817273974170348e-09,3.753921173910157449e-09,3.599925246788870936e-09
3.932286496421966149e-09,1.276200287975370884e-03,3.880130439171125545e-09,3.069520753342658281e-04,6.385312881320714951e-04,1.688211108557879925e-03,3.599925246788870936e-09
2.523889706935733557e-04,4.558598387660595108e-09,3.880130439171125545e-09,3.525660208225644965e-09,3.537331649567931890e-04,3.753921173910157449e-09,3.599925246788870936e-09
3.932286496421966149e-09,4.558598387660595108e-09,3.880130439171125545e-09,3.525660208225644965e-09,2.623621257953345776e-04,6.803067517466843128e-04,3.599925246788870936e-09
4.661073617171496153e-04,4.558598387660595108e-09,1.470120914746075869e-04,3.525660208225644965e-09,3.421817273974170348e-09,3.753921173910157449e-09,3.599925246788870936e-09
1.519826590083539486e-03,1.088633202016353607e-03,7.993146427907049656e-04,8.154669776558876038e-04,1.024949713610112667e-03,1.322636962868273258e-03,1.091904938220977783e-03
7.487618131563067436e-04,2.012297976762056351e-03,1.682020374573767185e-03,1.244524144567549229e-03,1.132213743403553963e-03,1.332924584858119488e-03,1.062196213752031326e-03
2.435745846014469862e-04,4.558598387660595108e-09,1.019077724777162075e-03,1.189709801110439003e-04,9.132228296948596835e-05,7.312654634006321430e-04,1.993552432395517826e-04
3.932286496421966149e-09,2.121855650329962373e-04,9.579507168382406235e-04,1.500333455624058843e-04,2.361451188335195184e-04,5.613222019746899605e-04,3.599925246788870936e-09
1.167905938928015530e-04,4.558598387660595108e-09,3.880130439171125545e-09,3.525660208225644965e-09,3.350703627802431583e-04,5.776901380158960819e-04,3.599925246788870936e-09
1.213782379636541009e-04,4.558598387660595108e-09,3.880130439171125545e-09,3.525660208225644965e-09,7.218333194032311440e-04,2.599465660750865936e-04,3.599925246788870936e-09
3.932286496421966149e-09,4.558598387660595108e-09,9.937173454090952873e-04,1.632850471651181579e-04,3.421817273974170348e-09,3.753921173910157449e-09,3.964709176216274500e-04
7.732101366855204105e-04,4.558598387660595108e-09,4.835956497117877007e-04,9.344723075628280640e-04,2.993494272232055664e-04,3.753921173910157449e-09,1.147425617091357708e-03
4.355784039944410324e-04,1.931661507114768028e-03,1.785097178071737289e-03,1.352659077383577824e-03,1.326710917055606842e-03,1.406019087880849838e-03,1.284249825403094292e-03
3.932286496421966149e-09,4.558598387660595108e-09,5.304404767230153084e-04,3.525660208225644965e-09,3.421817273974170348e-09,2.649707312230020761e-04,3.599925246788870936e-09
3.932286496421966149e-09,4.558598387660595108e-09,3.880130439171125545e-09,3.525660208225644965e-09,3.120388137176632881e-04,3.753921173910157449e-09,2.186938363593071699e-04
3.932286496421966149e-09,4.558598387660595108e-09,3.880130439171125545e-09,3.525660208225644965e-09,4.855950828641653061e-04,6.936208228580653667e-04,3.599925246788870936e-09
3.932286496421966149e-09,4.558598387660595108e-09,3.880130439171125545e-09,3.525660208225644965e-09,7.883224752731621265e-04,3.753921173910157449e-09,3.599925246788870936e-09
3.932286496421966149e-09,4.558598387660595108e-09,3.880130439171125545e-09,2.953892981167882681e-04,3.313850902486592531e-04,3.753921173910157449e-09,3.107105148956179619e-04
3.932286496421966149e-09,4.558598387660595108e-09,3.880130439171125545e-09,6.535949069075286388e-04,6.155378650873899460e-04,5.463083507493138313e-04,5.192224052734673023e-04
3.984733775723725557e-04,2.225903561338782310e-03,1.814163639210164547e-03,1.535387244075536728e-03,1.297290436923503876e-03,1.111537683755159378e-03,1.519129145890474319e-03
1.891778898425400257e-03,2.374077215790748596e-03,7.554750773124396801e-04,1.175266341306269169e-03,1.324744662269949913e-03,1.599363167770206928e-03,1.020230120047926903e-03
1.611121115274727345e-03,2.102233236655592918e-03,1.177153421849652659e-06,4.781814932357519865e-04,8.266455843113362789e-04,1.474629738368093967e-03,7.611455512233078480e-04
3.932286496421966149e-09,4.558598387660595108e-09,1.187317479889316019e-07,1.715692196739837527e-04,3.421817273974170348e-09,3.753921173910157449e-09,6.411462672986090183e-04
1.244296727236360312e-04,4.558598387660595108e-09,3.880130439171125545e-09,2.078280813293531537e-04,4.285880422685295343e-04,4.914355231449007988e-04,3.599925246788870936e-09
3.932286496421966149e-09,4.558598387660595108e-09,3.880130439171125545e-09,3.525660208225644965e-09,4.490457940846681595e-04,3.753921173910157449e-09,3.599925246788870936e-09
1.331098901573568583e-04,4.558598387660595108e-09,3.880130439171125545e-09,5.402691895142197609e-04,2.013775083469226956e-04,2.599079743959009647e-04,2.680805919226258993e-04
3.932286496421966149e-09,4.558598387660595108e-09,3.880130439171125545e-09,1.298744173254817724e-04,1.478875201428309083e-04,3.753921173910157449e-09,3.990385739598423243e-04
1.926297671161592007e-03,6.601965869776904583e-04,4.561475070659071207e-04,1.069566584192216396e-03,3.421817273974170348e-09,2.774810418486595154e-04,6.683717365376651287e-04
8.677085279487073421e-04,2.899090468417853117e-04,1.553072070237249136e-04,2.252775739179924130e-04,2.342609077459201217e-04,3.753921173910157449e-09,2.427110302960500121e-04
3.932286496421966149e-09,4.558598387660595108e-09,3.880130439171125545e-09,3.525660208225644965e-09,6.144081125967204571e-04,3.753921173910157449e-09,2.651021641213446856e-04
1.095706247724592686e-03,2.436529146507382393e-03,1.630332903005182743e-03,1.360130030661821365e-03,1.228835666552186012e-03,1.499181147664785385e-03,1.096076215617358685e-03
5.676627624779939651e-04,4.558598387660595108e-09,5.155900726094841957e-04,9.052102104760706425e-04,1.622903218958526850e-04,3.398602129891514778e-04,1.076560816727578640e-03
1.590925152413547039e-03,2.439889125525951385e-03,7.584964041598141193e-04,1.438299310393631458e-03,1.348936697468161583e-03,1.014427049085497856e-03,1.055283355526626110e-03
1.099790752050466835e-04,4.558598387660595108e-09,5.981841241009533405e-05,1.580229873070493340e-04,2.268615935463458300e-04,3.753921173910157449e-09,2.714369620662182570e-04
3.932286496421966149e-09,4.558598387660595108e-09,3.880130439171125545e-09,3.525660208225644965e-09,5.128639168106019497e-04,3.753921173910157449e-09,3.599925246788870936e-09
1.159433741122484207e-04,4.558598387660595108e-09,3.880130439171125545e-09,1.812366972444579005e-04,4.062524239998310804e-04,4.927543341182172298e-04,4.178744275122880936e-04
1.168493181467056274e-04,4.558598387660595108e-09,3.880130439171125545e-09,3.486799832899123430e-04,2.158355200663208961e-04,4.926942638121545315e-04,3.599925246788870936e-09
5.813356256112456322e-04,4.558598387660595108e-09,3.880130439171125545e-09,4.840761830564588308e-04,3.421817273974170348e-09,3.753921173910157449e-09,4.300855216570198536e-04
5.934197688475251198e-04,4.558598387660595108e-09,2.624081680551171303e-04,1.659453992033377290e-04,3.421817273974170348e-09,3.753921173910157449e-09,3.599925246788870936e-09
7.961131632328033447e-04,4.558598387660595108e-09,2.617549325805157423e-04,1.558712829137220979e-04,3.421817273974170348e-09,3.753921173910157449e-09,3.599925246788870936e-09
2.935524971690028906e-04,7.035945891402661800e-04,5.643905024044215679e-04,3.525660208225644965e-09,3.421817273974170348e-09,3.726076974999159575e-04,3.599925246788870936e-09
1.751019968651235104e-03,9.489821386523544788e-04,1.297982293181121349e-03,1.306711463257670403e-03,1.234241528436541557e-03,7.506401743739843369e-04,8.602548623457551003e-04
1.180743915028870106e-03,2.240171190351247787e-03,4.185895086266100407e-04,9.462250745855271816e-04,1.240152516402304173e-03,1.546050189062952995e-03,4.570720484480261803e-04
3.932286496421966149e-09,3.825057647190988064e-04,1.271227840334177017e-03,3.525660208225644965e-09,2.338532503927126527e-04,4.482833173824474216e-05,1.917475892696529627e-04
3.932286496421966149e-09,2.808775461744517088e-04,2.737917820923030376e-04,3.525660208225644965e-09,3.421817273974170348e-09,3.753921173910157449e-09,3.599925246788870936e-09
3.932286496421966149e-09,4.558598387660595108e-09,3.880130439171125545e-09,1.917728368425741792e-04,3.421817273974170348e-09,6.131257396191358566e-04,3.599925246788870936e-09
3.932286496421966149e-09,4.558598387660595108e-09,1.525232655694708228e-04,5.131009966135025024e-04,3.191735595464706421e-04,3.753921173910157449e-09,4.956553457304835320e-04
3.183413355145603418e-04,4.558598387660595108e-09,3.880130439171125545e-09,3.525660208225644965e-09,1.052832740242592990e-04,3.753921173910157449e-09,3.599925246788870936e-09
3.932286496421966149e-09,4.558598387660595108e-09,3.880130439171125545e-09,4.939942737109959126e-04,6.024330505169928074e-04,3.753921173910157449e-09,4.846447554882615805e-04
4.282940935809165239e-04,4.558598387660595108e-09,3.880130439171125545e-09,3.525660208225644965e-09,3.421817273974170348e-09,3.753921173910157449e-09,3.599925246788870936e-09
1.523303100839257240e-03,1.215699594467878342e-03,1.415582839399576187e-03,1.074668834917247295e-03,8.486126898787915707e-04,7.188046583905816078e-04,1.094372593797743320e-03
3.932286496421966149e-09,1.992444274947047234e-03,9.558150777593255043e-04,1.488978625275194645e-03,1.338373753242194653e-03,1.274809939786791801e-03,1.559278345666825771e-03
3.932286496421966149e-09,1.796871947590261698e-04,1.163482782430946827e-03,3.525660208225644965e-09,7.801091996952891350e-04,2.982980222441256046e-04,3.599925246788870936e-09
6.185079691931605339e-04,4.558598387660595108e-09,3.880130439171125545e-09,3.525660208225644965e-09,1.097691565519198775e-04,3.753921173910157449e-09,3.599925246788870936e-09
3.932286496421966149e-09,4.558598387660595108e-09,3.880130439171125545e-09,3.525660208225644965e-09,5.932663334533572197e-04,3.753921173910157449e-09,2.268552780151367188e-04
1.178422389784827828e-04,4.558598387660595108e-09,3.093250270467251539e-04,3.105781215708702803e-04,3.421817273974170348e-09,3.753921173910157449e-09,3.599925246788870936e-09
3.932286496421966149e-09,6.187297985889017582e-04,7.160043605836108327e-05,3.525660208225644965e-09,3.421817273974170348e-09,3.753921173910157449e-09,3.599925246788870936e-09
3.932286496421966149e-09,4.558598387660595108e-09,3.880130439171125545e-09,3.669717989396303892e-04,3.421817273974170348e-09,2.987422922160476446e-04,2.362146915402263403e-04
7.296516560018062592e-04,4.558598387660595108e-09,1.517071650596335530e-04,5.075784283690154552e-04,3.421817273974170348e-09,3.753921173910157449e-09,4.074807511642575264e-04
3.932286496421966149e-09,1.353962346911430359e-03,9.404253214597702026e-04,1.370991813018918037e-03,1.375635853037238121e-03,6.427595508284866810e-04,1.239551813341677189e-03
1.856310991570353508e-04,4.558598387660595108e-09,1.087628537788987160e-03,3.525660208225644965e-09,3.421817273974170348e-09,2.327664551557973027e-04,2.723840880207717419e-04
1.127534487750381231e-04,4.558598387660595108e-09,3.880130439171125545e-09,3.525660208225644965e-09,3.139305044896900654e-04,3.753921173910157449e-09,3.599925246788870936e-09
1.336179120698943734e-04,4.558598387660595108e-09,3.880130439171125545e-09,5.663420888595283031e-04,3.421817273974170348e-09,3.753921173910157449e-09,3.599925246788870936e-09
3.932286496421966149e-09,4.558598387660595108e-09,3.880130439171125545e-09,3.525660208225644965e-09,2.381121012149378657e-04,4.252096114214509726e-04,3.599925246788870936e-09
1.161311593023128808e-04,4.558598387660595108e-09,1.626980229048058391e-04,1.647359167691320181e-04,3.421817273974170348e-09,3.753921173910157449e-09,1.844146172516047955e-04
3.932286496421966149e-09,1.347167417407035828e-03,1.480681821703910828e-03,1.234329305589199066e-03,1.189830712974071503e-03,1.445868052542209625e-03,6.452277302742004395e-04
1.112908357754349709e-03,1.367747201584279537e-03,1.351343467831611633e-03,1.144350506365299225e-03,1.117917825467884541e-03,1.194143900647759438e-03,8.111011702567338943e-04
8.957878453657031059e-04,7.956129848025739193e-04,3.880130439171125545e-09,1.062576193362474442e-03,3.421817273974170348e-09,3.753921173910157449e-09,3.599925246788870936e-09
1.053806263371370733e-04,4.558598387660595108e-09,2.046503796009346843e-04,1.680247660260647535e-04,3.421817273974170348e-09,5.686502554453909397e-04,3.594194595279986970e-06
4.517279739957302809e-04,1.856229035183787346e-03,1.787876593880355358e-03,9.186869719997048378e-04,9.682885720394551754e-04,1.598467701114714146e-03,8.509971085004508495e-04
8.134641102515161037e-04,8.050673641264438629e-04,8.795281755737960339e-04,7.058966439217329025e-04,3.566348750609904528e-04,4.196490335743874311e-04,9.343967540189623833e-04
1.386767253279685974e-03,1.959365326911211014e-03,8.384680841118097305e-04,9.115548455156385899e-04,1.285949489101767540e-03,1.556919189170002937e-03,6.378148100338876247e-04
3.932286496421966149e-09,1.425308728357776999e-04,4.081955121364444494e-04,3.525660208225644965e-09,3.421817273974170348e-09,3.753921173910157449e-09,3.599925246788870936e-09
3.932286496421966149e-09,4.558598387660595108e-09,3.574250513338483870e-06,3.124528448097407818e-04,1.123154070228338242e-03,2.023249123794812476e-08,8.164566243067383766e-04
1.063656454789452255e-04,4.558598387660595108e-09,5.740650885854847729e-05,1.575647038407623768e-04,2.232965198345482349e-04,4.056753241457045078e-04,5.475013167597353458e-04
6.936691352166235447e-04,4.558598387660595108e-09,9.404005686519667506e-05,3.525660208225644965e-09,3.919005102943629026e-04,3.753921173910157449e-09,3.119330212939530611e-04
3.932286496421966149e-09,6.591752753593027592e-04,3.880130439171125545e-09,3.525660208225644965e-09,3.421817273974170348e-09,3.753921173910157449e-09,3.599925246788870936e-09
1.652060425840318203e-03,1.339109265245497227e-03,1.376898959279060364e-03,1.304732635617256165e-03,8.773584268055856228e-04,1.557549810968339443e-03,9.833166841417551041e-04
1.693157537374645472e-04,9.489205549471080303e-04,5.410657031461596489e-04,3.380172711331397295e-04,1.099418848752975464e-03,1.904875098261982203e-04,3.386361931916326284e-04
3.932286496421966149e-09,4.558598387660595108e-09,5.666271899826824665e-04,3.525660208225644965e-09,4.112790920771658421e-04,2.074659423669800162e-04,1.968957949429750443e-04
3.932286496421966149e-09,4.558598387660595108e-09,3.880130439171125545e-09,2.883705310523509979e-04,1.551390159875154495e-04,3.753921173910157449e-09,1.866205566329881549e-04
1.208851899718865752e-04,4.558598387660595108e-09,3.880130439171125545e-09,3.525660208225644965e-09,4.367089422885328531e-04,6.637733313255012035e-04,2.508484176360070705e-04
1.442839042283594608e-03,1.123750465922057629e-03,8.498358074575662613e-04,5.118351546116173267e-04,8.852680912241339684e-04,3.454397083260118961e-04,6.273722392506897449e-04
1.384494011290371418e-03,1.083917450159788132e-03,8.156136027537286282e-04,5.872158217243850231e-04,1.921941002365201712e-04,9.754691272974014282e-04,7.511296425946056843e-04
3.932286496421966149e-09,5.474769277498126030e-04,3.880130439171125545e-09,1.237001270055770874e-03,1.138423802331089973e-03,3.753921173910157449e-09,1.355433341814205050e-04
3.932286496421966149e-09,4.558598387660595108e-09,6.935270503163337708e-04,3.525660208225644965e-09,3.421817273974170348e-09,3.753921173910157449e-09,2.289695112267509103e-04
3.932286496421966149e-09,4.558598387660595108e-09,3.956529544666409492e-04,3.525660208225644965e-09,1.316775742452591658e-04,3.753921173910157449e-09,3.599925246788870936e-09
3.681404923554509878e-04,1.614762149984017015e-04,2.913473872467875481e-04,1.521140220575034618e-04,3.421817273974170348e-09,3.753921173910157449e-09,3.599925246788870936e-09
3.932286496421966149e-09,4.558598387660595108e-09,3.880130439171125545e-09,3.776696394197642803e-04,3.262210811953991652e-04,3.753921173910157449e-09,3.664414398372173309e-04
1.577105489559471607e-03,4.558598387660595108e-09,3.301632241345942020e-04,2.999201533384621143e-04,8.502715500071644783e-04,5.842206883244216442e-04,7.982830284163355827e-04
1.074962347047403455e-04,4.558598387660595108e-09,3.880130439171125545e-09,5.444919806905090809e-04,5.324300727806985378e-04,2.460470132064074278e-04,3.599925246788870936e-09
3.932286496421966149e-09,4.558598387660595108e-09,2.514619263820350170e-04,1.535318209789693356e-03,8.777414332143962383e-04,3.753921173910157449e-09,4.553830367513000965e-04
3.932286496421966149e-09,4.558598387660595108e-09,4.450205015018582344e-04,3.525660208225644965e-09,2.513177169021219015e-04,1.949598517967388034e-04,1.854542351793497801e-04
2.257669402752071619e-04,4.558598387660595108e-09,3.880130439171125545e-09,3.049080842174589634e-04,4.466716491151601076e-04,3.753921173910157449e-09,1.041479525156319141e-03
3.932286496421966149e-09,4.558598387660595108e-09,3.880130439171125545e-09,1.744317414704710245e-04,7.092995219863951206e-04,2.308384573552757502e-04,3.599925246788870936e-09
4.227890167385339737e-04,4.558598387660595108e-09,3.880130439171125545e-09,3.525660208225644965e-09,3.421817273974170348e-09,3.753921173910157449e-09,3.573231806512922049e-04
3.932286496421966149e-09,4.558598387660595108e-09,3.880130439171125545e-09,6.628945993725210428e-05,3.166066308040171862e-04,9.550822433084249496e-04,3.599925246788870936e-09
7.201821426860988140e-04,4.558598387660595108e-09,3.880130439171125545e-09,3.525660208225644965e-09,2.244117058580741286e-04,3.753921173910157449e-09,3.599925246788870936e-09
2.619728329591453075e-04,4.558598387660595108e-09,3.880130439171125545e-09,2.960884885396808386e-04,3.421817273974170348e-09,9.876518743112683296e-05,6.391369388438761234e-04
3.932286496421966149e-09,4.558598387660595108e-09,1.516729935246985406e-05,2.428292937111109495e-04,3.575088339857757092e-04,3.753921173910157449e-09,3.599925246788870936e-09
3.932286496421966149e-09,6.521352916024625301e-04,3.880130439171125545e-09,1.341526396572589874e-03,5.063929711468517780e-04,2.525422023609280586e-04,1.046621124260127544e-03
1.295725000090897083e-03,1.699585234746336937e-03,1.285931444726884365e-03,1.118850545026361942e-03,1.120261498726904392e-03,9.131928090937435627e-04,1.183990738354623318e-03
3.932286496421966149e-09,4.558598387660595108e-09,3.880130439171125545e-09,1.372062979498878121e-04,3.421817273974170348e-09,5.846656276844441891e-04,3.599925246788870936e-09
3.785639710258692503e-04,4.558598387660595108e-09,5.128856282681226730e-04,3.525660208225644965e-09,1.130925447796471417e-04,3.753921173910157449e-09,3.599925246788870936e-09
4.899129271507263184e-04,7.383752381429076195e-05,4.776219429913908243e-04,3.269168955739587545e-04,2.256067818962037563e-04,6.235228502191603184e-04,4.842110502067953348e-05
3.932286496421966149e-09,4.558598387660595108e-09,3.880130439171125545e-09,4.388011293485760689e-04,3.421817273974170348e-09,3.753921173910157449e-09,2.064261498162522912e-04
3.932286496421966149e-09,7.864046492613852024e-04,9.673176100477576256e-04,5.560919526033103466e-04,3.421817273974170348e-09,2.739530464168637991e-04,3.599925246788870936e-09
4.279676941223442554e-04,1.190387643873691559e-03,1.300874282605946064e-03,4.812273837160319090e-04,8.744867518544197083e-04,1.201592502184212208e-03,6.746769649907946587e-04
1.134986407123506069e-03,1.317765330895781517e-03,9.141936316154897213e-04,6.556800799444317818e-04,1.246346742846071720e-03,9.236668702214956284e-04,4.114114562980830669e-04
3.932286496421966149e-09,4.558598387660595108e-09,1.854984584497287869e-04,2.497991081327199936e-04,3.421817273974170348e-09,4.334067925810813904e-04,3.599925246788870936e-09
7.978576468303799629e-04,4.558598387660595108e-09,3.510074166115373373e-04,3.525660208225644965e-09,4.779819573741406202e-04,3.753921173910157449e-09,1.083329789253184572e-05
6.948440568521618843e-04,1.752046751789748669e-03,1.500634010881185532e-03,7.586301653645932674e-04,1.263147103600203991e-03,1.578600145876407623e-03,8.287053206004202366e-04
3.932286496421966149e-09,2.898601524066179991e-04,8.925654110498726368e-04,3.525660208225644965e-09,4.842873022425919771e-04,3.753921173910157449e-09,3.599925246788870936e-09
1.180447652586735785e-04,4.558598387660595108e-09,1.797963923308998346e-04,3.525660208225644965e-09,3.421817273974170348e-09,3.753921173910157449e-09,3.422914596740156412e-04
3.352356725372374058e-04,2.019142848439514637e-04,3.880130439171125545e-09,3.525660208225644965e-09,3.421817273974170348e-09,3.753921173910157449e-09,3.599925246788870936e-09
2.037939411820843816e-04,2.487988676875829697e-04,1.407928502885624766e-04,3.525660208225644965e-09,3.421817273974170348e-09,3.753921173910157449e-09,3.599925246788870936e-09
2.494327491149306297e-04,4.558598387660595108e-09,3.146655508317053318e-04,3.525660208225644965e-09,3.421817273974170348e-09,3.753921173910157449e-09,3.599925246788870936e-09
3.379374393261969090e-04,1.743296452332288027e-04,3.880130439171125545e-09,3.525660208225644965e-09,3.421817273974170348e-09,3.753921173910157449e-09,3.599925246788870936e-09
3.932286496421966149e-09,4.558598387660595108e-09,4.468559927772730589e-05,2.788662968669086695e-04,2.098876138916239142e-04,3.753921173910157449e-09,3.599925246788870936e-09
1.830095774494111538e-03,6.573210703209042549e-04,6.325332215055823326e-04,2.807597338687628508e-04,9.583924547769129276e-04,2.371574519202113152e-04,6.950726383365690708e-04
1.144127018051221967e-04,4.410212859511375427e-04,4.484663368202745914e-04,3.525660208225644965e-09,1.465493987780064344e-04,2.479741233401000500e-04,2.715734590310603380e-04
3.932286496421966149e-09,4.558598387660595108e-09,1.520197984063997865e-04,7.616708753630518913e-04,3.736955404747277498e-04,3.753921173910157449e-09,3.599925246788870936e-09
3.932286496421966149e-09,1.400540932081639767e-04,3.404460730962455273e-04,3.525660208225644965e-09,1.178505408461205661e-04,3.753921173910157449e-09,2.003113331738859415e-04
1.169975148513913155e-03,1.606445875950157642e-04,3.880130439171125545e-09,3.525660208225644965e-09,4.238616384100168943e-04,3.753921173910157449e-09,2.522580325603485107e-04
3.932286496421966149e-09,4.558598387660595108e-09,3.880130439171125545e-09,7.699213456362485886e-04,8.876562933437526226e-04,5.472099874168634415e-04,3.599925246788870936e-09
3.932286496421966149e-09,4.558598387660595108e-09,2.790933940559625626e-04,3.525660208225644965e-09,1.322475436609238386e-04,3.753921173910157449e-09,2.419749362161383033e-04
1.125612325267866254e-04,4.558598387660595108e-09,3.880130439171125545e-09,3.224128158763051033e-04,4.687928267799179594e-09,3.753921173910157449e-09,3.599925246788870936e-09
1.351721468381583691e-03,1.290734275244176388e-03,2.233261038782075047e-04,1.010330044664442539e-03,7.591295870952308178e-04,1.472813659347593784e-03,9.697251371107995510e-04
3.197448677383363247e-04,6.537576555274426937e-04,1.443096552975475788e-03,3.525660208225644965e-09,3.421817273974170348e-09,5.605640471912920475e-04,6.990277906879782677e-04
3.932286496421966149e-09,4.558598387660595108e-09,3.880130439171125545e-09,1.828064414439722896e-04,3.531018155626952648e-04,2.325160021428018808e-04,3.599925246788870936e-09
1.072476370609365404e-04,1.364807249046862125e-04,1.707500050542876124e-04,3.525660208225644965e-09,3.421817273974170348e-09,3.753921173910157449e-09,3.599925246788870936e-09
6.513801636174321175e-04,4.558598387660595108e-09,7.995596970431506634e-04,3.525660208225644965e-09,8.164923638105392456e-04,4.461444914340972900e-04,6.574640283361077309e-04
1.151144242612645030e-04,4.558598387660595108e-09,5.571619840338826180e-04,2.273883874295279384e-04,4.140361852478235960e-04,3.753921173910157449e-09,3.599925246788870936e-09
1.207036199048161507e-03,1.523294369690120220e-03,1.415821257978677750e-03,1.610951498150825500e-03,1.218536170199513435e-03,1.711488701403141022e-03,7.783129694871604443e-04
1.101648434996604919e-03,1.619879505597054958e-03,3.880130439171125545e-09,7.090698927640914917e-04,5.139051354490220547e-04,1.130093471147119999e-03,3.599925246788870936e-09
3.932286496421966149e-09,4.558598387660595108e-09,3.880130439171125545e-09,3.535357536748051643e-04,2.443488046992570162e-04,3.753921173910157449e-09,3.599925246788870936e-09
3.932286496421966149e-09,1.395807194057852030e-04,4.428873944561928511e-04,3.525660208225644965e-09,5.241918261162936687e-04,3.753921173910157449e-09,1.588498562341555953e-04
6.379340775310993195e-04,2.996181719936430454e-04,1.255767070688307285e-03,2.561714209150522947e-04,4.865318478550761938e-04,4.422437923494726419e-04,1.032780273817479610e-03
3.286685096099972725e-04,1.945833791978657246e-03,1.533774775452911854e-03,3.429357311688363552e-04,1.113135833293199539e-03,1.013375353068113327e-03,8.557794499211013317e-04
3.932286496421966149e-09,6.243980606086552143e-04,5.675778811564669013e-05,3.893700777553021908e-04,1.479843340348452330e-04,1.277349656447768211e-04,3.599925246788870936e-09
1.136847567977383733e-04,4.558598387660595108e-09,3.880130439171125545e-09,3.525660208225644965e-09,3.421817273974170348e-09,5.359344067983329296e-04,3.599925246788870936e-09
1.209330861456692219e-03,1.394498511217534542e-03,7.913949666544795036e-04,7.017788593657314777e-04,6.043436587788164616e-04,2.489485486876219511e-04,8.954689837992191315e-04
6.618943298235535622e-04,4.558598387660595108e-09,4.232760693412274122e-04,3.525660208225644965e-09,3.421817273974170348e-09,3.753921173910157449e-09,3.599925246788870936e-09
3.442502347752451897e-04,4.558598387660595108e-09,3.880130439171125545e-09,1.112953614210709929e-04,4.266267351340502501e-04,2.389574219705536962e-04,2.137996780220419168e-04
2.936298551503568888e-04,1.117961946874856949e-03,1.720673753879964352e-03,2.368783461861312389e-04,1.171743380837142467e-03,9.141368209384381771e-04,5.985695170238614082e-04
2.207287325290963054e-04,4.558598387660595108e-09,3.045671037398278713e-04,1.544612314319238067e-04,3.421817273974170348e-09,4.173831257503479719e-04,3.599925246788870936e-09
3.932286496421966149e-09,4.558598387660595108e-09,6.430795474443584681e-05,3.525660208225644965e-09,1.099038345273584127e-04,1.933148596435785294e-04,2.647777728270739317e-04
1.676655840128660202e-03,1.311454921960830688e-03,1.237945980392396450e-03,2.963666920550167561e-04,1.087056705728173256e-03,7.176081999205052853e-04,1.187345245853066444e-03
2.171319356421008706e-04,4.558598387660595108e-09,3.880130439171125545e-09,3.525660208225644965e-09,3.421817273974170348e-09,3.487743088044226170e-04,3.357016248628497124e-05
3.932286496421966149e-09,4.558598387660595108e-09,5.452574696391820908e-04,3.525660208225644965e-09,1.146425493061542511e-04,3.753921173910157449e-09,3.599925246788870936e-09
1.969269360415637493e-04,1.600757706910371780e-03,7.905184174887835979e-04,3.525660208225644965e-09,8.847166900523006916e-04,9.261370869353413582e-04,3.599925246788870936e-09
3.932286496421966149e-09,2.081580692902207375e-03,1.270908280275762081e-03,7.912666769698262215e-04,1.822475751396268606e-04,9.683187236078083515e-04,3.599925246788870936e-09
8.357902988791465759e-04,1.723851019050925970e-04,2.031922340393066406e-04,5.300700431689620018e-04,1.133917598053812981e-03,3.753921173910157449e-09,1.042238087393343449e-03
1.132562872953712940e-03,4.402189515531063080e-04,2.193328837165609002e-04,2.447371080052107573e-04,3.367550671100616455e-04,3.753921173910157449e-09,3.459159415797330439e-05
3.932286496421966149e-09,4.558598387660595108e-09,3.880130439171125545e-09,4.259929701220244169e-04,1.798535813577473164e-04,2.333499724045395851e-04,3.599925246788870936e-09
1.270364155061542988e-04,4.558598387660595108e-09,1.436274324078112841e-04,1.600613759364932775e-04,3.421817273974170348e-09,1.894892193377017975e-04,3.599925246788870936e-09
3.932286496421966149e-09,6.548081291839480400e-04,6.182533688843250275e-04,4.837569431401789188e-04,5.362423253245651722e-04,3.576769959181547165e-04,3.599925246788870936e-09
3.932286496421966149e-09,1.839259988628327847e-03,8.594223181717097759e-04,5.190828960621729493e-05,3.421817273974170348e-09,1.135744038037955761e-03,3.599925246788870936e-09
1.538248907309025526e-04,4.558598387660595108e-09,9.090233652386814356e-05,8.615863043814897537e-04,3.421817273974170348e-09,3.003310994245111942e-04,3.599925246788870936e-09
3.932286496421966149e-09,1.985028939088806510e-04,5.768107366748154163e-04,3.004083700943738222e-04,8.169100328814238310e-05,2.272794663440436125e-04,1.466945977881550789e-04
3.932286496421966149e-09,4.558598387660595108e-09,1.635837397770956159e-04,2.929694601334631443e-04,4.436743984115310013e-05,2.806427073664963245e-04,3.599925246788870936e-09
1.140149324783124030e-04,4.558598387660595108e-09,3.880130439171125545e-09,7.266696775332093239e-05,1.008739855024032295e-04,3.753921173910157449e-09,3.492960240691900253e-04
6.298493826761841774e-04,3.915187262464314699e-04,9.812104981392621994e-04,1.085122567019425333e-04,3.931874816771596670e-04,7.472859579138457775e-04,6.805367302149534225e-04
3.932286496421966149e-09,4.558598387660595108e-09,3.880130439171125545e-09,4.480325733311474323e-04,4.934580647386610508e-05,3.753921173910157449e-09,3.599925246788870936e-09
3.932286496421966149e-09,4.558598387660595108e-09,2.193994296249002218e-04,3.045467601623386145e-04,8.179286378435790539e-04,3.753921173910157449e-09,1.758730068104341626e-04
3.932286496421966149e-09,4.558598387660595108e-09,3.880130439171125545e-09,3.525660208225644965e-09,3.093037958024069667e-05,5.257424782030284405e-04,3.599925246788870936e-09
3.932286496421966149e-09,4.558598387660595108e-09,2.721488999668508768e-05,3.525660208225644965e-09,3.843151207547634840e-04,3.753921173910157449e-09,3.599925246788870936e-09
8.178322459571063519e-04,1.562894904054701328e-04,1.488817797508090734e-04,1.593992783455178142e-04,2.481008705217391253e-04,3.753921173910157449e-09,4.300703003536909819e-04
3.932286496421966149e-09,1.037123613059520721e-03,1.694214413873851299e-03,3.525660208225644965e-09,9.351127664558589458e-04,1.426049624569714069e-03,5.651281680911779404e-04
7.168854936026036739e-04,4.558598387660595108e-09,3.880130439171125545e-09,3.525660208225644965e-09,3.421817273974170348e-09,3.753921173910157449e-09,2.600186271592974663e-04
9.146258234977722168e-04,4.691797948908060789e-04,3.880130439171125545e-09,3.564949147403240204e-04,2.969730703625828028e-04,1.889981795102357864e-03,2.458952949382364750e-04
5.657785222865641117e-04,2.138678682968020439e-04,7.623320561833679676e-04,3.525660208225644965e-09,3.421817273974170348e-09,3.753921173910157449e-09,3.599925246788870936e-09
1.204526051878929138e-04,4.558598387660595108e-09,3.880130439171125545e-09,2.342266670893877745e-04,1.288696948904544115e-04,5.522323190234601498e-04,3.599925246788870936e-09
1.373220933601260185e-03,1.644711592234671116e-03,2.819874789565801620e-04,2.332887233933433890e-04,3.870627842843532562e-04,3.035534755326807499e-04,3.599925246788870936e-09
6.499384180642664433e-04,4.558598387660595108e-09,1.883968943729996681e-04,3.525660208225644965e-09,3.421817273974170348e-09,3.753921173910157449e-09,6.357784732244908810e-04
3.932286496421966149e-09,2.407298306934535503e-04,1.565996091812849045e-03,3.525660208225644965e-09,1.151172560639679432e-03,3.544791252352297306e-04,3.059622831642627716e-04
3.697615757118910551e-04,3.292992769274860620e-04,3.880130439171125545e-09,3.525660208225644965e-09,8.774781599640846252e-04,3.753921173910157449e-09,5.561865982599556446e-04
1.057823028531856835e-04,4.558598387660595108e-09,3.880130439171125545e-09,3.525660208225644965e-09,2.474904176779091358e-04,3.753921173910157449e-09,4.772143438458442688e-04
1.742644235491752625e-03,1.618107897229492664e-03,7.045786478556692600e-04,2.411721361568197608e-04,4.372217517811805010e-04,3.763398854061961174e-05,7.192437187768518925e-04
1.785150030627846718e-03,1.419172738678753376e-03,1.455239835195243359e-03,1.378148212097585201e-03,1.096688443794846535e-03,1.017365604639053345e-03,1.223977655172348022e-03
3.932286496421966149e-09,1.927664852701127529e-04,3.117489977739751339e-04,1.097952248528599739e-03,4.307056078687310219e-04,3.338288515806198120e-04,2.042547566816210747e-04
2.174359047785401344e-03,2.250963356345891953e-03,2.385656698606908321e-04,1.077920780517160892e-03,1.069701276719570160e-03,1.750216237269341946e-03,5.904393037781119347e-04
3.932286496421966149e-09,3.331106854602694511e-04,3.880130439171125545e-09,3.525660208225644965e-09,3.421817273974170348e-09,1.812660048017278314e-04,3.599925246788870936e-09
5.309120169840753078e-04,4.558598387660595108e-09,3.880130439171125545e-09,3.525660208225644965e-09,3.421817273974170348e-09,3.753921173910157449e-09,3.599925246788870936e-09
3.306547296233475208e-04,4.558598387660595108e-09,1.386961666867136955e-04,3.525660208225644965e-09,3.421817273974170348e-09,3.753921173910157449e-09,3.599925246788870936e-09
9.808581089600920677e-04,2.043568762019276619e-03,3.880130439171125545e-09,1.215943368151783943e-03,4.145653510931879282e-04,1.229679910466074944e-03,2.495335938874632120e-04
1.705372240394353867e-03,2.098476979881525040e-03,1.508189481683075428e-03,1.235125004313886166e-03,9.992256527766585350e-04,1.128259464167058468e-03,1.478392048738896847e-03
8.907039882615208626e-04,2.146211685612797737e-03,3.880130439171125545e-09,5.986909382045269012e-04,3.503093030303716660e-04,1.221039448864758015e-03,1.668799814069643617e-04
2.094249008223414421e-03,2.461747964844107628e-03,1.954712904989719391e-03,1.182679901830852032e-03,4.536660853773355484e-04,1.597522408701479435e-03,1.866399194113910198e-03
3.932286496421966149e-09,1.396810403093695641e-04,3.880130439171125545e-09,1.535832852823659778e-04,3.421817273974170348e-09,3.753921173910157449e-09,3.970132966060191393e-04
7.080729701556265354e-04,2.232359256595373154e-03,9.633585577830672264e-04,2.096956595778465271e-04,3.421817273974170348e-09,2.655435819178819656e-04,4.635560617316514254e-04
1.499087782576680183e-03,1.801879727281630039e-03,1.263705664314329624e-03,1.030813786201179028e-03,8.740717312321066856e-04,1.435426180250942707e-03,9.241048828698694706e-04
4.802551993634551764e-04,1.027431804686784744e-03,9.588687098585069180e-04,3.525660208225644965e-09,3.991456178482621908e-04,7.037805626168847084e-04,4.037019389215856791e-04
1.220885460497811437e-04,3.613953012973070145e-04,3.880130439171125545e-09,3.525660208225644965e-09,3.421817273974170348e-09,3.753921173910157449e-09,3.599925246788870936e-09
1.798632001737132668e-04,3.377781540621072054e-04,3.019909781869500875e-04,3.009356150869280100e-04,3.421817273974170348e-09,2.716203453019261360e-04,3.599925246788870936e-09
2.098590775858610868e-04,4.558598387660595108e-09,3.880130439171125545e-09,1.332985557382926345e-04,3.154818550683557987e-04,3.753921173910157449e-09,3.599925246788870936e-09
2.688061504159122705e-04,4.558598387660595108e-09,1.555304479552432895e-04,4.327166534494608641e-04,3.421817273974170348e-09,3.753921173910157449e-09,5.930149345658719540e-04
3.932286496421966149e-09,1.266354462131857872e-03,1.463219639845192432e-03,3.525660208225644965e-09,7.011607522144913673e-04,1.222143182530999184e-03,1.695666651357896626e-05
1.144964553532190621e-04,1.394189894199371338e-04,3.880130439171125545e-09,3.525660208225644965e-09,3.421817273974170348e-09,3.686987329274415970e-04,3.599925246788870936e-09
3.435928665567189455e-04,1.522164442576467991e-03,8.268852834589779377e-04,8.299075416289269924e-04,1.277944887988269329e-03,9.216531761921942234e-04,1.002434757538139820e-03
9.580500773154199123e-04,4.558598387660595108e-09,3.880130439171125545e-09,4.662966239266097546e-04,3.421817273974170348e-09,6.224265089258551598e-04,1.762274769134819508e-04
1.779229496605694294e-04,3.789710463024675846e-04,1.161528271040879190e-04,3.525660208225644965e-09,3.421817273974170348e-09,3.753921173910157449e-09,3.599925246788870936e-09
2.343293308513239026e-04,4.558598387660595108e-09,1.889768318505957723e-04,3.344722208566963673e-04,4.069475107826292515e-04,3.753921173910157449e-09,3.296241047792136669e-04
3.932286496421966149e-09,4.558598387660595108e-09,1.456110039725899696e-04,3.279744705650955439e-04,3.421817273974170348e-09,2.140503929695114493e-04,3.599925246788870936e-09
1.633533742278814316e-03,1.423950772732496262e-03,7.625897997058928013e-04,3.525660208225644965e-09,1.170932664535939693e-04,4.737474228022620082e-05,3.612131986301392317e-04
5.110995844006538391e-04,4.558598387660595108e-09,1.357753062620759010e-04,5.873113987036049366e-04,3.421817273974170348e-09,3.753921173910157449e-09,7.414141437038779259e-04
5.602974561043083668e-04,5.529564805328845978e-04,6.211891886778175831e-04,3.525660208225644965e-09,5.136203253641724586e-04,2.597968850750476122e-04,4.018940380774438381e-04
3.932286496421966149e-09,3.903797187376767397e-04,1.040103496052324772e-03,3.525660208225644965e-09,5.636620335280895233e-04,1.200598635477945209e-04,9.876870317384600639e-04
3.932286496421966149e-09,4.123590479139238596e-04,2.685049548745155334e-04,3.525660208225644965e-09,3.421817273974170348e-09,3.753921173910157449e-09,3.599925246788870936e-09
3.932286496421966149e-09,4.558598387660595108e-09,3.880130439171125545e-09,2.282048371853306890e-04,1.225431915372610092e-04,2.765239332802593708e-04,3.599925246788870936e-09
3.932286496421966149e-09,4.558598387660595108e-09,7.482915680157020688e-05,3.525660208225644965e-09,2.893056662287563086e-04,3.753921173910157449e-09,3.599925246788870936e-09
3.932286496421966149e-09,6.960848113521933556e-04,3.880130439171125545e-09,3.525660208225644965e-09,3.421817273974170348e-09,3.753921173910157449e-09,3.599925246788870936e-09
1.489551388658583164e-03,1.373912207782268524e-03,1.818736927816644311e-04,3.525660208225644965e-09,1.116086496040225029e-04,3.753921173910157449e-09,4.457759496290236712e-04
3.932286496421966149e-09,4.558598387660595108e-09,3.880130439171125545e-09,3.525660208225644965e-09,5.046648439019918442e-04,3.753921173910157449e-09,3.599925246788870936e-09
4.704419989138841629e-04,4.558598387660595108e-09,3.880130439171125545e-09,1.492562441853806376e-04,3.421817273974170348e-09,3.753921173910157449e-09,3.940841415897011757e-04
1.827031490392982960e-03,2.381512895226478577e-03,1.588977291248738766e-03,1.384357688948512077e-03,1.166026107966899872e-03,1.285374630242586136e-03,1.112219295464456081e-03
1.152053591795265675e-04,4.558598387660595108e-09,3.880130439171125545e-09,1.447140239179134369e-04,3.421817273974170348e-09,3.753921173910157449e-09,5.609623622149229050e-04
4.046288668178021908e-04,1.378453162033110857e-04,3.880130439171125545e-09,3.525660208225644965e-09,3.421817273974170348e-09,3.753921173910157449e-09,3.599925246788870936e-09
1.677574124187231064e-03,2.006222493946552277e-03,1.652303384616971016e-03,1.139726256951689720e-03,1.244084909558296204e-03,1.707795192487537861e-03,1.252371352165937424e-03
3.932286496421966149e-09,4.558598387660595108e-09,3.880130439171125545e-09,8.076314115896821022e-04,3.421817273974170348e-09,2.040656690951436758e-04,3.844517777906730771e-06
3.932286496421966149e-09,4.558598387660595108e-09,5.546385073103010654e-04,3.270051456638611853e-05,4.188172752037644386e-04,7.413635612465441227e-04,3.599925246788870936e-09
3.932286496421966149e-09,4.558598387660595108e-09,3.880130439171125545e-09,4.814451676793396473e-04,4.581958346534520388e-04,3.753921173910157449e-09,4.835902655031532049e-04
3.932286496421966149e-09,5.700064939446747303e-04,3.217368503101170063e-04,1.628680911380797625e-04,3.421817273974170348e-09,3.753921173910157449e-09,3.599925246788870936e-09
3.932286496421966149e-09,4.558598387660595108e-09,3.880130439171125545e-09,3.525660208225644965e-09,6.066752830520272255e-04,3.753921173910157449e-09,3.599925246788870936e-09
3.932286496421966149e-09,4.558598387660595108e-09,3.880130439171125545e-09,1.550213492009788752e-04,2.738643379416316748e-04,3.753921173910157449e-09,3.362564311828464270e-04
1.286087092012166977e-03,1.652497798204421997e-03,1.348931808024644852e-03,3.359185357112437487e-04,8.334516314789652824e-04,8.413091418333351612e-04,6.274706101976335049e-04
3.932286496421966149e-09,4.558598387660595108e-09,3.880130439171125545e-09,4.830558318644762039e-04,3.421817273974170348e-09,3.753921173910157449e-09,3.599925246788870936e-09
4.645516164600849152e-04,2.237437060102820396e-03,1.660377252846956253e-03,3.525660208225644965e-09,7.173141930252313614e-04,1.197495730593800545e-03,7.304774480871856213e-04
1.043644617311656475e-03,4.558598387660595108e-09,3.880130439171125545e-09,1.585097052156925201e-04,1.887297985376790166e-04,3.753921173910157449e-09,5.776923499070107937e-04
3.932286496421966149e-09,4.558598387660595108e-09,1.101993955671787262e-03,3.253199101891368628e-04,2.251646365039050579e-04,3.753921173910157449e-09,3.599925246788870936e-09
3.932286496421966149e-09,4.558598387660595108e-09,3.880130439171125545e-09,3.525660208225644965e-09,1.536567724542692304e-04,3.999689070042222738e-04,3.599925246788870936e-09
3.932286496421966149e-09,4.558598387660595108e-09,1.755116973072290421e-04,1.764491025824099779e-04,3.421817273974170348e-09,2.055115037364885211e-04,3.599925246788870936e-09
3.932286496421966149e-09,4.558598387660595108e-09,7.012655842117965221e-04,2.367774141021072865e-04,3.421817273974170348e-09,3.753921173910157449e-09,3.599925246788870936e-09
2.337505138712003827e-04,4.558598387660595108e-09,3.880130439171125545e-09,2.237098960904404521e-04,3.421817273974170348e-09,3.753921173910157449e-09,1.951558224391192198e-04
3.932286496421966149e-09,1.414544298313558102e-03,1.321453135460615158e-03,3.525660208225644965e-09,3.656013577710837126e-04,8.591824444010853767e-04,3.599925246788870936e-09
5.235697608441114426e-04,4.558598387660595108e-09,3.880130439171125545e-09,7.074254972394555807e-05,3.421817273974170348e-09,3.753921173910157449e-09,5.266520893201231956e-04
1.184596796520054340e-03,2.539832377806305885e-03,3.880130439171125545e-09,1.136822509579360485e-03,1.217084820382297039e-03,1.663023023866117001e-03,8.771281572990119457e-04
3.932286496421966149e-09,4.558598387660595108e-09,7.727160700596868992e-04,3.525660208225644965e-09,3.421817273974170348e-09,4.571197205223143101e-04,3.599925246788870936e-09
2.261539193568751216e-04,4.558598387660595108e-09,3.880130439171125545e-09,3.525660208225644965e-09,3.421817273974170348e-09,3.242446982767432928e-04,3.756692167371511459e-04
1.097950851544737816e-03,8.452683687210083008e-04,1.000529853627085686e-03,6.811860366724431515e-04,3.421817273974170348e-09,8.938858518376946449e-04,2.700458571780472994e-04
1.100368797779083252e-03,1.909412909299135208e-03,2.694700961001217365e-04,8.477009832859039307e-04,1.123727066442370415e-03,1.034926739521324635e-03,5.802583182230591774e-04
3.190715797245502472e-04,4.558598387660595108e-09,3.880130439171125545e-09,1.476086181355640292e-04,1.019875926431268454e-04,3.753921173910157449e-09,3.365718876011669636e-04
1.684516202658414841e-03,1.502863364294171333e-03,1.424069749191403389e-03,1.144508365541696548e-03,1.226026099175214767e-03,1.710607088170945644e-03,9.385198354721069336e-04
1.448106922907754779e-04,4.558598387660595108e-09,3.880130439171125545e-09,4.445563827175647020e-04,3.421817273974170348e-09,3.753921173910157449e-09,3.599925246788870936e-09
1.183640997624024749e-04,4.558598387660595108e-09,3.880130439171125545e-09,3.910563536919653416e-04,3.421817273974170348e-09,3.753921173910157449e-09,3.599925246788870936e-09
8.037351071834564209e-04,6.694521289318799973e-04,3.880130439171125545e-09,5.591061781160533428e-04,5.851400201208889484e-04,2.363241947023198009e-04,4.490373830776661634e-04
3.932286496421966149e-09,4.558598387660595108e-09,6.116423173807561398e-04,6.346290465444326401e-04,2.320851926924660802e-04,2.137547708116471767e-04,3.778425452765077353e-04
1.954715989995747805e-04,2.492693020030856133e-04,1.449004339519888163e-04,3.525660208225644965e-09,3.421817273974170348e-09,3.753921173910157449e-09,3.599925246788870936e-09
1.876442576758563519e-03,1.566629740409553051e-03,7.266235188581049442e-04,7.375200511887669563e-04,1.982106623472645879e-04,7.394501590169966221e-04,6.050136289559304714e-04
1.120808999985456467e-03,2.391514834016561508e-03,1.685876981355249882e-03,1.567003200761973858e-03,1.297047710977494717e-03,1.755399513058364391e-03,1.044239150360226631e-03
1.279691350646317005e-03,1.098064472898840904e-03,3.880130439171125545e-09,6.103551131673157215e-04,7.062064833007752895e-04,1.171635813079774380e-03,3.204889071639627218e-04
3.390227793715894222e-04,4.558598387660595108e-09,3.880130439171125545e-09,3.525660208225644965e-09,3.421817273974170348e-09,1.913793676067143679e-04,3.599925246788870936e-09
1.306579448282718658e-03,2.527033444494009018e-03,1.672178856097161770e-03,1.367803197354078293e-03,1.277986099012196064e-03,1.716440194286406040e-03,1.033674110658466816e-03
3.932286496421966149e-09,4.558598387660595108e-09,3.880130439171125545e-09,6.255949847400188446e-04,3.421817273974170348e-09,3.753921173910157449e-09,3.599925246788870936e-09
3.932286496421966149e-09,1.197950798086822033e-03,1.596648478880524635e-03,1.915414468385279179e-04,4.300648870412260294e-04,1.091938931494951248e-03,3.599925246788870936e-09
1.756254001520574093e-03,2.475803019478917122e-03,3.880130439171125545e-09,4.582850378938019276e-04,8.144419989548623562e-04,1.485751126892864704e-03,3.599925246788870936e-09
7.593295304104685783e-04,4.558598387660595108e-09,5.494891665875911713e-04,7.285610772669315338e-04,1.525155239505693316e-04,2.122720179613679647e-04,2.556343388278037310e-04
3.040006558876484632e-04,4.558598387660595108e-09,3.880130439171125545e-09,2.255349972983822227e-04,3.421817273974170348e-09,3.753921173910157449e-09,3.599925246788870936e-09
3.932286496421966149e-09,2.750737185124307871e-04,3.880130439171125545e-09,3.525660208225644965e-09,6.639867933699861169e-05,3.478149883449077606e-04,3.599925246788870936e-09
3.932286496421966149e-09,4.558598387660595108e-09,1.676001847954466939e-04,3.605381934903562069e-04,3.935019485652446747e-04,3.753921173910157449e-09,1.984571717912331223e-04
6.722320104017853737e-04,9.581709164194762707e-04,6.281238165684044361e-04,8.062793640419840813e-04,6.835761596448719501e-04,3.753921173910157449e-09,6.633746670559048653e-04
3.647879348136484623e-04,4.558598387660595108e-09,3.880130439171125545e-09,3.525660208225644965e-09,3.421817273974170348e-09,4.174432251602411270e-04,5.100907292217016220e-04
2.333347656531259418e-04,4.558598387660595108e-09,3.031939741049427539e-06,3.525660208225644965e-09,1.193921125377528369e-04,4.209115286357700825e-04,3.329188039060682058e-04
1.720538275549188256e-04,2.929845650214701891e-04,3.880130439171125545e-09,8.411172166233882308e-05,3.421817273974170348e-09,3.753921173910157449e-09,2.026471338467672467e-04
3.932286496421966149e-09,4.558598387660595108e-09,5.692521808668971062e-04,3.525660208225644965e-09,4.607674200087785721e-04,3.753921173910157449e-09,1.471793075324967504e-04
4.791617975570261478e-04,4.558598387660595108e-09,3.880130439171125545e-09,4.711858055088669062e-04,1.348639634670689702e-04,2.804054820444434881e-04,3.599925246788870936e-09
3.932286496421966149e-09,4.558598387660595108e-09,3.880130439171125545e-09,3.525660208225644965e-09,3.604917437769472599e-04,3.753921173910157449e-09,2.274685684824362397e-04
2.611904055811464787e-04,2.860446402337402105e-04,7.533642929047346115e-04,3.525660208225644965e-09,3.996118030045181513e-04,3.753921173910157449e-09,5.960558773949742317e-04
3.932286496421966149e-09,4.558598387660595108e-09,3.383246803423389792e-05,1.680656860116869211e-04,5.590554210357367992e-04,3.753921173910157449e-09,3.599925246788870936e-09
1.639503519982099533e-03,1.697753905318677425e-03,1.249074121005833149e-03,7.633924833498895168e-04,1.139057218097150326e-03,9.084027260541915894e-04,4.090387083124369383e-04
3.932286496421966149e-09,1.846120692789554596e-03,1.458512269891798496e-03,3.525660208225644965e-09,8.547163452021777630e-04,1.709284493699669838e-03,3.599925246788870936e-09
1.634370535612106323e-03,4.558598387660595108e-09,3.880130439171125545e-09,2.132084773620590568e-04,8.740709163248538971e-04,3.753921173910157449e-09,6.921777385286986828e-04
1.521188096376135945e-04,4.558598387660595108e-09,9.550687973387539387e-04,2.740512136369943619e-04,3.421817273974170348e-09,3.753921173910157449e-09,2.971688809338957071e-04
5.119561683386564255e-04,4.558598387660595108e-09,3.880130439171125545e-09,3.525660208225644965e-09,3.421817273974170348e-09,3.753921173910157449e-09,3.599925246788870936e-09
4.210226470604538918e-04,4.670685739256441593e-04,1.117294654250144958e-03,7.413920830003917217e-04,2.633218246046453714e-04,8.491432527080178261e-04,3.599925246788870936e-09
2.653358969837427139e-04,4.634089418686926365e-04,3.340818220749497414e-04,3.525660208225644965e-09,3.421817273974170348e-09,3.753921173910157449e-09,3.599925246788870936e-09
1.301740267081186175e-04,3.265054256189614534e-04,4.866191011387854815e-04,3.525660208225644965e-09,3.421817273974170348e-09,3.753921173910157449e-09,3.599925246788870936e-09
6.199483759701251984e-04,5.161623703315854073e-04,4.653211508411914110e-04,8.626433555036783218e-05,2.260196488350629807e-04,3.753921173910157449e-09,1.691084180492907763e-04
3.932286496421966149e-09,2.889874158427119255e-04,3.880130439171125545e-09,1.845351944211870432e-04,2.311973803443834186e-04,3.753921173910157449e-09,3.599925246788870936e-09
3.932286496421966149e-09,4.558598387660595108e-09,3.880130439171125545e-09,1.703732559690251946e-04,2.274825965287163854e-04,4.808624216821044683e-04,3.599925246788870936e-09
3.932286496421966149e-09,2.299158368259668350e-04,1.101218047551810741e-03,3.525660208225644965e-09,3.509455127641558647e-04,1.812486880226060748e-04,3.599925246788870936e-09
9.593339636921882629e-04,4.558598387660595108e-09,2.110518544213846326e-04,3.525660208225644965e-09,3.799746045842766762e-04,3.753921173910157449e-09,5.386571283452212811e-04
2.108068874804303050e-04,3.001234472321812063e-05,3.880130439171125545e-09,2.806551347021013498e-04,1.087371419998817146e-04,3.753921173910157449e-09,4.147724539507180452e-04
1.191968840430490673e-04,4.558598387660595108e-09,6.044231704436242580e-04,3.525660208225644965e-09,3.421817273974170348e-09,3.753921173910157449e-09,4.107047861907631159e-04
2.217987057520076632e-04,4.558598387660595108e-09,3.880130439171125545e-09,5.107431788928806782e-04,7.737208507023751736e-04,2.653171832207590342e-04,3.783652209676802158e-04
3.932286496421966149e-09,4.558598387660595108e-09,3.880130439171125545e-09,2.603531756903976202e-04,2.609957300592213869e-04,3.753921173910157449e-09,3.599925246788870936e-09
3.932286496421966149e-09,4.558598387660595108e-09,3.880130439171125545e-09,3.525660208225644965e-09,3.655251057352870703e-04,3.786252345889806747e-04,3.599925246788870936e-09
1.326043042354285717e-03,1.942913397215306759e-03,3.880130439171125545e-09,1.204866450279951096e-03,3.421817273974170348e-09,1.113207079470157623e-03,4.590182797983288765e-04
9.973654523491859436e-04,2.189794089645147324e-03,5.880327662453055382e-04,1.548955100588500500e-03,1.249379012733697891e-03,1.200572703965008259e-03,1.024818746373057365e-03
4.685327876359224319e-04,3.479952574707567692e-04,3.880130439171125545e-09,3.525660208225644965e-09,3.421817273974170348e-09,3.753921173910157449e-09,3.599925246788870936e-09
4.216718079987913370e-04,3.947794320993125439e-04,4.272722871974110603e-04,3.525660208225644965e-09,3.421817273974170348e-09,1.870299456641077995e-05,1.880977652035653591e-04
1.176108053186908364e-04,4.558598387660595108e-09,2.877154038287699223e-04,3.525660208225644965e-09,3.421817273974170348e-09,4.141711397096514702e-04,3.599925246788870936e-09
4.223583964630961418e-04,2.267226576805114746e-03,6.060031591914594173e-04,1.372649567201733589e-03,1.338081783615052700e-03,1.273662317544221878e-03,1.563135650940239429e-03
1.259375480003654957e-03,2.079009078443050385e-03,1.469793845899403095e-03,9.664169629104435444e-04,5.681770271621644497e-04,8.177694980986416340e-04,1.359014073386788368e-03
2.708125684875994921e-04,6.843848968856036663e-04,5.257329903542995453e-04,3.525660208225644965e-09,2.108132757712155581e-04,3.753921173910157449e-09,1.797467411961406469e-04
3.932286496421966149e-09,4.558598387660595108e-09,3.880130439171125545e-09,3.973527345806360245e-04,3.421817273974170348e-09,3.753921173910157449e-09,1.727235503494739532e-04
8.283711504191160202e-04,2.192689338698983192e-03,9.363321587443351746e-04,1.606593956239521503e-03,1.340997754596173763e-03,1.277264324016869068e-03,6.492047687061131001e-04
3.932286496421966149e-09,1.122635090723633766e-03,1.724988920614123344e-03,3.525660208225644965e-09,8.485738071613013744e-04,1.126484596170485020e-03,3.227833076380193233e-04
3.932286496421966149e-09,4.558598387660595108e-09,3.880130439171125545e-09,6.517763831652700901e-04,3.421817273974170348e-09,8.673353004269301891e-04,2.177809219574555755e-04
1.177982310764491558e-03,4.558598387660595108e-09,5.382865783758461475e-04,5.645112833008170128e-04,3.421817273974170348e-09,3.753921173910157449e-09,3.599925246788870936e-09
1.829337561503052711e-03,2.275376813486218452e-03,1.792440074495971203e-03,1.139605185016989708e-03,4.278361739125102758e-04,1.202074345201253891e-03,1.319327508099377155e-03
3.932286496421966149e-09,4.558598387660595108e-09,3.880130439171125545e-09,3.525660208225644965e-09,3.184416855219751596e-04,3.753921173910157449e-09,3.599925246788870936e-09
1.013952074572443962e-03,4.558598387660595108e-09,9.197773179039359093e-04,3.740335814654827118e-04,1.352511026198044419e-04,4.073702439200133085e-04,3.599925246788870936e-09
3.932286496421966149e-09,1.356024993583559990e-03,1.758654369041323662e-03,3.525660208225644965e-09,7.717683329246938229e-04,1.291962573304772377e-03,2.228513912996277213e-04
1.681970083154737949e-03,4.558598387660595108e-09,7.717008120380342007e-04,3.599198826123028994e-04,7.811390096321702003e-04,3.753921173910157449e-09,1.337524619884788990e-03
4.799647722393274307e-04,4.558598387660595108e-09,3.261262027081102133e-04,1.391099940519779921e-04,3.421817273974170348e-09,5.487713133334182203e-05,3.276624192949384451e-04
1.226439489983022213e-04,4.558598387660595108e-09,3.880130439171125545e-09,2.014354249695315957e-04,2.623940235935151577e-04,3.753921173910157449e-09,3.150974807795137167e-04
2.967493783216923475e-04,4.558598387660595108e-09,2.475123328622430563e-04,3.525660208225644965e-09,1.085665280697867274e-04,3.753921173910157449e-09,3.599925246788870936e-09
3.932286496421966149e-09,1.402033958584070206e-04,4.040490894112735987e-04,3.525660208225644965e-09,3.421817273974170348e-09,3.753921173910157449e-09,3.599925246788870936e-09
6.700817611999809742e-04,4.558598387660595108e-09,3.880130439171125545e-09,3.525660208225644965e-09,3.421817273974170348e-09,3.753921173910157449e-09,3.599925246788870936e-09
1.972541213035583496e-04,1.618852402316406369e-04,1.708071940811350942e-04,3.525660208225644965e-09,3.421817273974170348e-09,3.753921173910157449e-09,3.583193465601652861e-04
1.810201938496902585e-04,4.558598387660595108e-09,3.880130439171125545e-09,1.643287250772118568e-04,3.421817273974170348e-09,3.753921173910157449e-09,1.799145538825541735e-04
6.900147418491542339e-04,8.879260858520865440e-04,8.053517085500061512e-04,1.566821127198636532e-03,9.296168573200702667e-04,8.412273018620908260e-04,5.776225589215755463e-04
1.319673756370320916e-04,4.558598387660595108e-09,3.880130439171125545e-09,4.447435203474014997e-04,3.421817273974170348e-09,7.841187762096524239e-04,3.599925246788870936e-09
5.512298666872084141e-04,4.558598387660595108e-09,3.880130439171125545e-09,8.624608017271384597e-05,3.421817273974170348e-09,3.753921173910157449e-09,1.931073638843372464e-04
6.721864920109510422e-04,8.808376151137053967e-04,2.880968968383967876e-04,3.649231512099504471e-04,3.421817273974170348e-09,3.753921173910157449e-09,3.599925246788870936e-09
4.052379517816007137e-04,4.558598387660595108e-09,1.672674407018348575e-04,5.026696599088609219e-04,3.421817273974170348e-09,3.753921173910157449e-09,1.964352704817429185e-04
4.928903654217720032e-04,1.518768607638776302e-03,6.131276022642850876e-04,9.247631533071398735e-04,1.168178278021514416e-03,7.526597473770380020e-04,7.206011214293539524e-04
3.932286496421966149e-09,4.558598387660595108e-09,5.036553484387695789e-04,3.525660208225644965e-09,3.421817273974170348e-09,6.988510722294449806e-04,3.599925246788870936e-09
4.787308862432837486e-04,3.028998908121138811e-04,1.481241488363593817e-04,1.720406726235523820e-04,1.236480311490595341e-04,9.045057813636958599e-04,3.599925246788870936e-09
3.932286496421966149e-09,4.558598387660595108e-09,3.880130439171125545e-09,3.525660208225644965e-09,2.892905031330883503e-04,2.134038513759151101e-04,3.599925246788870936e-09
3.856024995911866426e-04,1.039295922964811325e-03,1.178225502371788025e-03,7.199612446129322052e-04,7.371268002316355705e-04,5.875691422261297703e-04,7.500046631321310997e-04
3.932286496421966149e-09,7.841202896088361740e-04,1.591291977092623711e-03,3.525660208225644965e-09,1.169956172816455364e-03,7.399775786325335503e-04,4.829372046515345573e-04
1.854340080171823502e-04,4.558598387660595108e-09,1.525603584013879299e-04,3.648262281785719097e-05,3.421817273974170348e-09,3.753921173910157449e-09,1.812662667362019420e-04
4.736378614325076342e-04,4.558598387660595108e-09,3.880130439171125545e-09,1.570230524521321058e-04,3.421817273974170348e-09,2.485553559381514788e-04,3.599925246788870936e-09
4.241348360665142536e-04,4.558598387660595108e-09,3.880130439171125545e-09,3.525660208225644965e-09,3.421817273974170348e-09,3.753921173910157449e-09,3.599925246788870936e-09
3.932286496421966149e-09,4.558598387660595108e-09,3.880130439171125545e-09,3.233947209082543850e-04,3.421817273974170348e-09,3.753921173910157449e-09,3.693440521601587534e-04
3.932286496421966149e-09,4.558598387660595108e-09,3.880130439171125545e-09,1.430162519682198763e-04,3.421817273974170348e-09,3.753921173910157449e-09,5.461387336254119873e-04
3.932286496421966149e-09,7.152205798774957657e-04,1.188380992971360683e-03,3.525660208225644965e-09,7.760794251225888729e-04,7.133992039598524570e-04,2.040903054876253009e-04
1.796447904780507088e-03,5.243787309154868126e-04,2.425671409582719207e-04,5.414459737949073315e-04,8.387651760131120682e-04,3.753921173910157449e-09,9.592302958481013775e-04
2.104038139805197716e-04,2.628025831654667854e-04,3.880130439171125545e-09,3.094350904575549066e-05,3.421817273974170348e-09,3.311941691208630800e-04,3.599925246788870936e-09
1.221078127855435014e-04,4.558598387660595108e-09,3.880130439171125545e-09,2.695288567338138819e-04,3.421817273974170348e-09,3.753921173910157449e-09,2.073642535833641887e-04
2.654461131896823645e-04,5.261006299406290054e-04,3.880130439171125545e-09,3.525660208225644965e-09,3.421817273974170348e-09,5.285047227516770363e-04,3.599925246788870936e-09
3.722151450347155333e-04,1.164950197562575340e-03,6.876405095681548119e-04,1.052426756359636784e-03,3.421817273974170348e-09,1.151749282144010067e-03,7.775999838486313820e-04
1.146932554547674954e-04,4.558598387660595108e-09,1.626076846150681376e-04,3.525660208225644965e-09,5.403249815572053194e-05,3.753921173910157449e-09,2.800553338602185249e-04
2.782967640087008476e-04,4.558598387660595108e-09,3.880130439171125545e-09,4.442360077518969774e-04,9.625574457459151745e-04,8.596132392995059490e-04,3.704240371007472277e-04
5.748063558712601662e-04,4.558598387660595108e-09,4.189897153992205858e-04,6.606676033698022366e-04,6.471293163485825062e-04,3.753921173910157449e-09,1.607992162462323904e-04
1.076254484360106289e-04,4.558598387660595108e-09,1.289703650400042534e-04,1.636067463550716639e-04,3.421817273974170348e-09,8.913147030398249626e-05,3.599925246788870936e-09
1.205790176754817367e-04,4.558598387660595108e-09,5.191646323510212824e-06,3.525660208225644965e-09,3.421817273974170348e-09,4.486852267291396856e-04,3.599925246788870936e-09
2.737954200711101294e-04,2.317933249287307262e-04,3.880130439171125545e-09,5.144742899574339390e-04,7.039273623377084732e-04,3.048719954676926136e-04,1.394267746945843101e-04
5.753760924562811852e-04,4.558598387660595108e-09,3.880130439171125545e-09,5.666458746418356895e-04,3.421817273974170348e-09,3.753921173910157449e-09,3.102729097008705139e-04
5.008713342249393463e-04,4.558598387660595108e-09,3.880130439171125545e-09,3.525660208225644965e-09,3.421817273974170348e-09,3.753921173910157449e-09,1.732535019982606173e-04
3.932286496421966149e-09,4.558598387660595108e-09,3.880130439171125545e-09,1.832063862821087241e-04,1.878956973087042570e-04,3.753921173910157449e-09,5.484602879732847214e-04
3.932286496421966149e-09,7.778204744681715965e-04,4.975036717951297760e-04,3.525660208225644965e-09,6.280262023210525513e-04,7.392160478048026562e-04,3.599925246788870936e-09
3.932286496421966149e-09,1.232071779668331146e-03,1.502107712440192699e-03,5.018801311962306499e-04,1.282736426219344139e-03,6.266115233302116394e-04,6.498564616777002811e-04
2.357452030992135406e-04,4.558598387660595108e-09,3.880130439171125545e-09,1.711346558295190334e-04,2.238737652078270912e-04,3.753921173910157449e-09,3.599925246788870936e-09
3.932286496421966149e-09,4.558598387660595108e-09,1.138639199780300260e-04,3.525660208225644965e-09,2.494038781151175499e-04,3.753921173910157449e-09,3.599925246788870936e-09
6.937540601938962936e-04,6.862767622806131840e-04,9.502018801867961884e-04,7.872140267863869667e-04,3.337844973430037498e-04,1.076680258847773075e-03,8.503550197929143906e-04
3.932286496421966149e-09,7.569633889943361282e-04,3.880130439171125545e-09,3.525660208225644965e-09,3.421817273974170348e-09,3.753921173910157449e-09,3.599925246788870936e-09
3.932286496421966149e-09,4.558598387660595108e-09,3.310999309178441763e-04,3.525660208225644965e-09,1.146511203842237592e-04,3.753921173910157449e-09,7.865257066441699862e-05
2.475679211784154177e-04,4.558598387660595108e-09,3.880130439171125545e-09,5.954830558039247990e-04,3.421817273974170348e-09,2.180378505727276206e-04,3.599925246788870936e-09
3.932286496421966149e-09,4.558598387660595108e-09,3.880130439171125545e-09,4.643196007236838341e-04,2.228945813840255141e-04,1.042952280840836465e-04,3.599925246788870936e-09
4.684700688812881708e-04,4.558598387660595108e-09,3.880130439171125545e-09,4.305770853534340858e-04,3.421817273974170348e-09,3.753921173910157449e-09,4.172016051597893238e-04
3.343394491821527481e-04,4.558598387660595108e-09,2.183166943723335862e-04,4.535249609034508467e-04,7.921973592601716518e-04,7.862480706535279751e-04,8.153451926773414016e-05
7.855269941501319408e-04,4.558598387660595108e-09,8.938533719629049301e-04,1.132905599661171436e-03,4.794734413735568523e-04,1.273877685889601707e-03,9.289822774007916451e-04
3.932286496421966149e-09,4.558598387660595108e-09,3.880130439171125545e-09,3.069862432312220335e-04,1.321478976024081931e-05,2.494324580766260624e-04,3.599925246788870936e-09
1.107707648770883679e-04,4.558598387660595108e-09,3.880130439171125545e-09,5.511871422640979290e-04,3.776607627514749765e-04,7.662706775590777397e-04,4.646547604352235794e-04
1.112015568651258945e-03,4.558598387660595108e-09,5.110502243041992188e-04,6.871237419545650482e-04,3.666596894618123770e-04,4.012230492662638426e-04,6.066942587494850159e-04
3.422629961278289557e-04,4.558598387660595108e-09,3.743806155398488045e-04,3.818132099695503712e-04,1.307815779000520706e-03,7.663038559257984161e-04,2.474921348039060831e-04
3.932286496421966149e-09,4.558598387660595108e-09,3.880130439171125545e-09,3.525660208225644965e-09,2.612282114569097757e-04,7.046841783449053764e-04,3.599925246788870936e-09
5.377296474762260914e-04,1.545964187243953347e-04,3.880130439171125545e-09,7.414338324451819062e-05,3.421817273974170348e-09,3.753921173910157449e-09,3.599925246788870936e-09
2.529394987504929304e-04,4.558598387660595108e-09,3.880130439171125545e-09,3.525660208225644965e-09,3.421817273974170348e-09,3.753921173910157449e-09,3.404633898753672838e-04
6.486815982498228550e-04,4.558598387660595108e-09,3.880130439171125545e-09,5.283431382849812508e-04,2.060746192000806332e-04,3.753921173910157449e-09,2.525642048567533493e-04
8.608273928984999657e-04,3.944798954762518406e-04,2.807777200359851122e-04,3.525660208225644965e-09,3.421817273974170348e-09,4.618561069946736097e-04,3.599925246788870936e-09
3.932286496421966149e-09,4.558598387660595108e-09,3.880130439171125545e-09,3.525660208225644965e-09,4.377150908112525940e-04,1.921186194522306323e-04,1.797199074644595385e-04
3.932286496421966149e-09,1.252275076694786549e-03,8.635498670628294349e-05,5.160244763828814030e-04,2.646976208779960871e-04,5.543990409933030605e-04,1.031032225000672042e-04
3.932286496421966149e-09,5.285224760882556438e-04,3.880130439171125545e-09,5.286068771965801716e-04,3.571872657630592585e-04,3.783643187489360571e-04,3.599925246788870936e-09
7.797065190970897675e-04,1.360083813779056072e-03,2.731567656155675650e-04,2.090909983962774277e-04,2.280072949361056089e-04,3.719248634297400713e-04,3.599925246788870936e-09
3.932286496421966149e-09,1.366535580018535256e-04,3.880130439171125545e-09,3.525660208225644965e-09,3.478569851722568274e-04,3.753921173910157449e-09,2.107791224261745811e-04
4.472826258279383183e-04,5.750239361077547073e-04,3.880130439171125545e-09,3.230834845453500748e-04,3.187951224390417337e-04,7.366542122326791286e-04,1.741482083161827177e-05
4.167528823018074036e-04,4.558598387660595108e-09,1.515102339908480644e-04,3.525660208225644965e-09,3.421817273974170348e-09,3.753921173910157449e-09,3.599925246788870936e-09
3.932286496421966149e-09,4.558598387660595108e-09,1.437698083464056253e-04,4.575719940476119518e-04,3.421817273974170348e-09,3.753921173910157449e-09,3.599925246788870936e-09
3.932286496421966149e-09,4.558598387660595108e-09,1.550624292576685548e-04,7.052555884001776576e-05,4.350426315795630217e-04,6.510938983410596848e-04,3.599925246788870936e-09
3.933750558644533157e-04,3.825490130111575127e-04,7.191913755377754569e-05,3.525660208225644965e-09,3.421817273974170348e-09,3.753921173910157449e-09,3.599925246788870936e-09
3.932286496421966149e-09,1.040060305967926979e-03,1.007110229693353176e-03,3.525660208225644965e-09,3.421817273974170348e-09,5.362298106774687767e-04,3.599925246788870936e-09
6.900465232320129871e-04,4.558598387660595108e-09,3.880130439171125545e-09,4.421887861099094152e-04,3.972401027567684650e-04,2.553502854425460100e-04,7.543021347373723984e-04
3.932286496421966149e-09,2.023603447014465928e-04,3.880130439171125545e-09,8.476467337459325790e-05,2.384810504736378789e-04,3.753921173910157449e-09,3.599925246788870936e-09
3.556282026693224907e-04,4.558598387660595108e-09,2.825336705427616835e-04,3.525660208225644965e-09,3.421817273974170348e-09,3.753921173910157449e-09,3.599925246788870936e-09
3.627645783126354218e-04,4.558598387660595108e-09,3.880130439171125545e-09,3.525660208225644965e-09,1.286278857151046395e-04,1.689248601906001568e-04,3.613383159972727299e-04
3.932286496421966149e-09,5.811625742353498936e-04,9.160698391497135162e-04,3.525660208225644965e-09,3.421817273974170348e-09,3.753921173910157449e-09,3.599925246788870936e-09
4.573494661599397659e-04,1.611007028259336948e-03,8.971421630121767521e-04,7.854749565012753010e-04,1.207499532029032707e-03,1.317577669396996498e-03,7.106920820660889149e-04
1.313652377575635910e-03,2.050304319709539413e-03,3.880130439171125545e-09,1.504962216131389141e-03,1.081206486560404301e-03,1.403540954925119877e-03,3.599925246788870936e-09
2.512694045435637236e-04,4.558598387660595108e-09,3.880130439171125545e-09,5.456102080643177032e-04,9.264852269552648067e-05,5.121641443111002445e-04,3.599925246788870936e-09
6.464556208811700344e-04,2.892013872042298317e-04,3.668261342681944370e-04,3.830573114100843668e-04,3.421817273974170348e-09,3.753921173910157449e-09,3.536930889822542667e-04
3.148693358525633812e-04,7.735977414995431900e-04,2.946244203485548496e-04,1.571323227835819125e-04,3.421817273974170348e-09,3.415893297642469406e-04,3.599925246788870936e-09
7.691431528655812144e-05,8.508294704370200634e-04,5.158254643902182579e-04,3.491204988677054644e-04,1.491735165473073721e-04,2.570818178355693817e-04,8.405495464103296399e-05
1.494574098614975810e-04,3.673151077236980200e-04,3.880130439171125545e-09,1.312073291046544909e-04,1.198539757751859725e-04,3.085489879595115781e-05,3.599925246788870936e-09
3.932286496421966149e-09,4.558598387660595108e-09,3.880130439171125545e-09,2.723318175412714481e-04,2.309233241248875856e-04,3.753921173910157449e-09,3.599925246788870936e-09
1.105200382880866528e-03,2.399259479716420174e-03,1.118851709179580212e-03,4.217161913402378559e-04,1.159057370387017727e-03,1.403596950694918633e-03,5.598404677584767342e-04
3.932286496421966149e-09,4.558598387660595108e-09,2.654287382028996944e-04,3.525660208225644965e-09,3.421817273974170348e-09,3.789861220866441727e-04,3.599925246788870936e-09
1.012950902804732323e-03,2.546844538301229477e-03,1.665998017415404320e-03,6.584357470273971558e-04,6.162040517665445805e-04,1.711365883238613605e-03,7.807441288605332375e-04
3.932286496421966149e-09,4.558598387660595108e-09,4.587860603351145983e-04,3.525660208225644965e-09,3.421817273974170348e-09,3.753921173910157449e-09,3.599925246788870936e-09
3.932286496421966149e-09,4.558598387660595108e-09,3.880130439171125545e-09,3.525660208225644965e-09,6.888516363687813282e-04,3.753921173910157449e-09,2.523199364077299833e-04
3.932286496421966149e-09,4.558598387660595108e-09,3.880130439171125545e-09,5.146408802829682827e-04,3.613522276282310486e-04,1.611552434042096138e-03,3.020422009285539389e-04
3.886676859110593796e-04,4.558598387660595108e-09,1.406108640367165208e-04,3.525660208225644965e-09,3.421817273974170348e-09,3.753921173910157449e-09,1.566885621286928654e-04
2.247183292638510466e-04,3.067046418436802924e-05,3.445761103648692369e-04,3.525660208225644965e-09,3.421817273974170348e-09,3.753921173910157449e-09,3.599925246788870936e-09
2.183656324632465839e-04,2.984019520226866007e-04,3.880130439171125545e-09,3.525660208225644965e-09,3.421817273974170348e-09,1.812351983971893787e-04,3.599925246788870936e-09
3.932286496421966149e-09,4.558598387660595108e-09,3.880130439171125545e-09,1.941159425769001245e-04,3.421817273974170348e-09,3.972921404056251049e-04,1.878637704066932201e-04
3.944516065530478954e-04,1.315920730121433735e-03,6.183894583955407143e-04,1.596948859514668584e-04,3.421817273974170348e-09,6.655185716226696968e-04,2.094542142003774643e-04
3.932286496421966149e-09,8.326045353896915913e-04,1.434567733667790890e-03,2.002943074330687523e-04,3.224216634407639503e-04,4.347040958236902952e-04,3.599925246788870936e-09
2.428858715575188398e-04,4.558598387660595108e-09,3.436111728660762310e-04,3.525660208225644965e-09,3.421817273974170348e-09,3.753921173910157449e-09,5.447250441648066044e-05
1.628830796107649803e-04,4.558598387660595108e-09,1.870994601631537080e-04,1.637266977922990918e-04,3.421817273974170348e-09,3.753921173910157449e-09,1.893660810310393572e-04
3.644284442998468876e-04,4.558598387660595108e-09,3.880130439171125545e-09,1.488984416937455535e-04,3.421817273974170348e-09,3.753921173910157449e-09,1.623208954697474837e-04
7.981537492014467716e-04,4.650581686291843653e-04,6.770018953830003738e-04,1.720511791063472629e-04,1.614658249309286475e-04,1.013213932310463861e-05,3.284716804046183825e-04
3.932286496421966149e-09,3.643689560703933239e-04,3.880130439171125545e-09,2.024261921178549528e-04,2.806057455018162727e-04,1.320865238085389137e-03,3.599925246788870936e-09
3.932286496421966149e-09,4.558598387660595108e-09,1.593208580743521452e-04,3.525660208225644965e-09,3.445691836532205343e-04,9.147500968538224697e-04,3.599925246788870936e-09
5.207465728744864464e-04,6.841883296146988869e-04,1.003571669571101665e-03,3.525660208225644965e-09,5.297390744090080261e-04,9.109045495279133320e-04,3.599925246788870936e-09
3.932286496421966149e-09,1.492830575443804264e-03,1.593460561707615852e-03,3.525660208225644965e-09,3.421817273974170348e-09,6.575322477146983147e-04,3.599925246788870936e-09
3.932286496421966149e-09,6.808775942772626877e-04,3.352411658852361143e-05,3.525660208225644965e-09,2.046003646682947874e-04,3.742411208804696798e-04,3.599925246788870936e-09
3.451008233241736889e-04,4.558598387660595108e-09,3.880130439171125545e-09,3.681756788864731789e-04,5.028092418797314167e-04,5.012328620068728924e-04,3.857409756164997816e-04
1.940478541655465961e-04,1.976893050596117973e-03,1.715607824735343456e-03,4.960343940183520317e-04,9.298243094235658646e-04,1.510035945102572441e-03,3.419572894927114248e-04
2.163418248528614640e-04,4.558598387660595108e-09,3.880130439171125545e-09,4.625348374247550964e-04,1.842211931943893433e-04,3.753921173910157449e-09,8.325302042067050934e-04
3.419259446673095226e-04,4.558598387660595108e-09,4.705876926891505718e-04,3.525660208225644965e-09,3.421817273974170348e-09,3.753921173910157449e-09,3.599925246788870936e-09
5.337326438166201115e-04,4.558598387660595108e-09,4.630097246263176203e-04,3.525660208225644965e-09,3.421817273974170348e-09,3.753921173910157449e-09,3.599925246788870936e-09
2.347502304473891854e-04,4.558598387660595108e-09,3.880130439171125545e-09,3.525660208225644965e-09,3.421817273974170348e-09,3.753921173910157449e-09,2.994389506056904793e-04
3.367731114849448204e-04,1.955268206074833870e-03,1.591768232174217701e-03,6.261461530812084675e-04,9.177993051707744598e-04,1.321818097494542599e-03,3.599925246788870936e-09
3.932286496421966149e-09,4.558598387660595108e-09,5.527292960323393345e-04,3.525660208225644965e-09,3.421817273974170348e-09,3.753921173910157449e-09,3.599925246788870936e-09
1.325740478932857513e-03,2.199851209297776222e-03,2.392099140990922024e-08,1.246434752829372883e-03,9.362033451907336712e-04,1.518888981081545353e-03,5.620192387141287327e-04
5.110398633405566216e-04,1.457088510505855083e-03,7.620104588568210602e-04,7.692384533584117889e-04,4.206417943350970745e-04,8.330706041306257248e-04,3.142690984532237053e-04
1.422178349457681179e-03,4.055889439769089222e-04,6.725406856276094913e-04,9.404533775523304939e-04,2.041238622041419148e-04,3.753921173910157449e-09,9.799626423045992851e-04
9.351287735626101494e-04,6.864310707896947861e-04,3.880130439171125545e-09,3.936943830922245979e-04,6.302245310507714748e-04,1.086652395315468311e-03,3.795457596424967051e-04
1.273290836252272129e-04,4.558598387660595108e-09,1.675083331065252423e-04,2.343751548323780298e-04,3.421817273974170348e-09,3.753921173910157449e-09,5.602140445262193680e-04
1.679306296864524484e-04,1.907448400743305683e-03,5.748849362134933472e-04,3.525660208225644965e-09,3.421817273974170348e-09,7.714616949670016766e-04,3.599925246788870936e-09
3.932286496421966149e-09,3.718351363204419613e-04,8.089535403996706009e-04,3.525660208225644965e-09,1.193646821775473654e-04,1.127258801716379821e-04,3.599925246788870936e-09
9.727510041557252407e-04,1.810415065847337246e-03,1.106125768274068832e-03,3.525660208225644965e-09,3.421817273974170348e-09,2.038256643572822213e-04,2.656617725733667612e-04
1.441732747480273247e-04,6.284939008764922619e-04,1.170653500594198704e-03,2.778218768071383238e-04,8.129008929245173931e-04,7.279214914888143539e-04,2.319688210263848305e-04
3.932286496421966149e-09,4.558598387660595108e-09,4.801850300282239914e-04,3.525660208225644965e-09,3.421817273974170348e-09,4.126990970689803362e-04,3.599925246788870936e-09
2.365280088270083070e-04,5.660589667968451977e-04,8.145605097524821758e-04,1.452329306630417705e-04,3.376553650014102459e-04,5.493201315402984619e-04,3.599925246788870936e-09
3.932286496421966149e-09,8.478630334138870239e-04,7.523403037339448929e-04,1.785587664926424623e-04,6.404903833754360676e-04,9.029026841744780540e-04,3.599925246788870936e-09
1.440334250219166279e-03,3.614480665419250727e-04,6.625097739743068814e-05,5.030314205214381218e-04,4.824044299311935902e-04,3.539658791851252317e-04,2.453394699841737747e-04
1.246166648343205452e-04,4.558598387660595108e-09,5.011230241507291794e-04,5.035965587012469769e-04,3.421817273974170348e-09,1.360716647468507290e-03,3.088442026637494564e-04
3.932286496421966149e-09,4.558598387660595108e-09,3.880130439171125545e-09,5.615842528641223907e-04,3.555946459528058767e-04,3.753921173910157449e-09,2.493108913768082857e-04
3.932286496421966149e-09,4.558598387660595108e-09,8.143233717419207096e-04,3.525660208225644965e-09,3.421817273974170348e-09,5.164616741240024567e-04,3.599925246788870936e-09
3.572911664377897978e-04,4.904384841211140156e-04,1.486453838879242539e-04,3.525660208225644965e-09,3.421817273974170348e-09,3.753921173910157449e-09,3.599925246788870936e-09
3.932286496421966149e-09,4.558598387660595108e-09,3.336408990435302258e-04,3.525660208225644965e-09,3.421817273974170348e-09,4.318894643802195787e-04,3.599925246788870936e-09
3.932286496421966149e-09,1.219247700646519661e-03,1.131189521402120590e-03,6.162784411571919918e-04,1.018431037664413452e-03,7.287514745257794857e-04,2.074485819321125746e-04
3.932286496421966149e-09,1.091043464839458466e-03,9.864703752100467682e-04,4.506708937697112560e-04,3.840808640234172344e-04,1.132581266574561596e-03,3.599925246788870936e-09
3.932286496421966149e-09,6.615923484787344933e-04,7.762584573356434703e-05,3.525660208225644965e-09,1.801737671485170722e-04,6.511981482617557049e-04,3.599925246788870936e-09
9.211387368850409985e-04,3.579024050850421190e-04,3.880130439171125545e-09,6.736080977134406567e-04,3.421817273974170348e-09,3.753921173910157449e-09,3.599925246788870936e-09
3.932286496421966149e-09,2.681302139535546303e-04,6.249854341149330139e-04,3.525660208225644965e-09,3.421817273974170348e-09,3.753921173910157449e-09,3.599925246788870936e-09
3.932286496421966149e-09,6.882622838020324707e-04,5.660718306899070740e-04,3.525660208225644965e-09,1.892210566438734531e-04,4.753560060635209084e-04,3.908800135832279921e-04
3.932286496421966149e-09,8.384293178096413612e-04,1.557857496663928032e-03,3.525660208225644965e-09,5.394231993705034256e-04,4.304311878513544798e-04,3.411580109968781471e-04
3.932286496421966149e-09,4.558598387660595108e-09,5.803575040772557259e-04,3.525660208225644965e-09,3.421817273974170348e-09,3.753921173910157449e-09,3.599925246788870936e-09
3.440632426645606756e-04,4.558598387660595108e-09,1.400235050823539495e-04,3.525660208225644965e-09,3.421817273974170348e-09,3.753921173910157449e-09,3.599925246788870936e-09
1.000251941150054336e-04,4.558598387660595108e-09,3.880130439171125545e-09,3.665105323307216167e-04,3.018202278326498345e-06,1.473931624786928296e-04,3.599925246788870936e-09
3.932286496421966149e-09,4.558598387660595108e-09,6.897753337398171425e-04,3.525660208225644965e-09,1.132988545577973127e-04,2.341993385925889015e-04,3.599925246788870936e-09
3.932286496421966149e-09,2.719343756325542927e-04,6.739582750014960766e-04,1.262852310901507735e-04,5.413457402028143406e-04,2.908538735937327147e-04,3.599925246788870936e-09
1.317148417001590133e-04,4.558598387660595108e-09,3.880130439171125545e-09,3.525660208225644965e-09,1.517726195743307471e-04,7.025562808848917484e-04,3.599925246788870936e-09
3.932286496421966149e-09,3.898758150171488523e-04,4.698451957665383816e-04,1.732532546157017350e-04,3.479242732282727957e-04,4.263140144757926464e-04,3.599925246788870936e-09
3.932286496421966149e-09,1.503283128840848804e-04,1.258951815543696284e-04,1.677203690633177757e-04,2.119055861840024590e-04,3.753921173910157449e-09,3.599925246788870936e-09
3.932286496421966149e-09,1.291773631237447262e-03,5.596569390036165714e-04,3.525660208225644965e-09,8.623423636890947819e-04,6.062116008251905441e-04,2.956638309115078300e-05
3.690665180329233408e-04,3.598408948164433241e-04,3.880130439171125545e-09,3.525660208225644965e-09,3.421817273974170348e-09,2.181102317990735173e-04,3.599925246788870936e-09
3.932286496421966149e-09,2.019275707425549626e-04,8.048817398957908154e-04,3.525660208225644965e-09,2.457471273373812437e-04,7.793263648636639118e-05,2.291664713993668556e-04
3.932286496421966149e-09,3.508731897454708815e-04,3.855220566038042307e-04,3.525660208225644965e-09,4.482506483327597380e-04,5.172960227355360985e-04,3.599925246788870936e-09
3.625891404226422310e-04,4.558598387660595108e-09,3.880130439171125545e-09,3.525660208225644965e-09,3.421817273974170348e-09,2.040054387180134654e-04,3.599925246788870936e-09
3.932286496421966149e-09,1.102354377508163452e-03,1.363921212032437325e-03,3.525660208225644965e-09,2.474736538715660572e-04,4.961626837030053139e-04,3.599925246788870936e-09
3.932286496421966149e-09,5.981664871796965599e-04,3.880130439171125545e-09,3.525660208225644965e-09,3.421817273974170348e-09,3.753921173910157449e-09,3.599925246788870936e-09
3.932286496421966149e-09,4.915604367852210999e-04,6.950989336473867297e-05,3.525660208225644965e-09,3.421817273974170348e-09,3.753921173910157449e-09,3.599925246788870936e-09
4.980541998520493507e-04,4.558598387660595108e-09,3.880130439171125545e-09,3.525660208225644965e-09,3.421817273974170348e-09,3.753921173910157449e-09,3.599925246788870936e-09
3.932286496421966149e-09,4.558598387660595108e-09,3.880130439171125545e-09,1.710068172542378306e-04,5.628829821944236755e-04,3.753921173910157449e-09,3.599925246788870936e-09
3.932286496421966149e-09,4.558598387660595108e-09,1.886025420390069485e-04,4.976163618266582489e-04,7.885554805397987366e-04,3.753921173910157449e-09,3.599925246788870936e-09
5.772690055891871452e-04,1.247026608325541019e-03,3.880130439171125545e-09,2.295094891451299191e-04,4.969961009919643402e-04,5.613469402305781841e-04,3.599925246788870936e-09
3.932286496421966149e-09,1.434178411727771163e-04,1.701929577393457294e-04,3.525660208225644965e-09,2.323142689419910312e-04,3.753921173910157449e-09,2.733391593210399151e-04
1.449076371500268579e-04,4.558598387660595108e-09,3.880130439171125545e-09,1.631437189644202590e-04,2.038175152847543359e-04,3.753921173910157449e-09,2.890771138481795788e-04
2.111779176630079746e-04,1.040000352077186108e-03,1.525412430055439472e-03,2.214869164163246751e-04,7.458596373908221722e-04,4.340489394962787628e-04,2.612811113067436963e-05
5.818266654387116432e-04,9.875245159491896629e-04,3.880130439171125545e-09,1.820834731915965676e-04,3.988028620369732380e-04,3.753921173910157449e-09,3.599925246788870936e-09
6.756506627425551414e-04,1.770630362443625927e-03,7.734939572401344776e-04,3.525660208225644965e-09,3.421817273974170348e-09,3.753921173910157449e-09,5.285363877192139626e-04
3.932286496421966149e-09,4.437502648215740919e-04,8.156177937053143978e-04,3.525660208225644965e-09,2.557402185630053282e-04,3.514334966894239187e-04,3.599925246788870936e-09
3.932286496421966149e-09,1.484972308389842510e-04,3.880130439171125545e-09,3.525660208225644965e-09,3.052908868994563818e-04,3.753921173910157449e-09,3.599925246788870936e-09
3.932286496421966149e-09,1.986399001907557249e-04,7.415725849568843842e-04,3.525660208225644965e-09,4.769854131154716015e-04,1.286400947719812393e-04,2.329002600163221359e-04
1.226044259965419769e-04,4.558598387660595108e-09,3.880130439171125545e-09,3.243426908738911152e-04,3.421817273974170348e-09,3.753921173910157449e-09,7.552579336334019899e-05
3.932286496421966149e-09,1.491831790190190077e-04,3.880130439171125545e-09,3.742489207070320845e-04,2.604228211566805840e-04,3.753921173910157449e-09,3.599925246788870936e-09
3.932286496421966149e-09,1.593184570083394647e-04,1.559396332595497370e-04,3.525660208225644965e-09,1.190654656966216862e-04,2.013692719629034400e-04,3.599925246788870936e-09
3.932286496421966149e-09,4.558598387660595108e-09,3.880130439171125545e-09,4.216778033878654242e-04,3.580399788916110992e-04,3.651881997939199209e-04,2.391296729911118746e-04
3.932286496421966149e-09,1.496117911301553249e-04,3.880130439171125545e-09,2.288160467287525535e-04,3.799705591518431902e-04,3.753921173910157449e-09,3.599925246788870936e-09
3.932286496421966149e-09,4.069588321726769209e-04,2.936981909442692995e-04,3.525660208225644965e-09,3.421817273974170348e-09,2.066920715151354671e-04,3.599925246788870936e-09
3.932286496421966149e-09,3.567637177184224129e-04,2.373703755438327789e-04,3.525660208225644965e-09,3.421817273974170348e-09,3.753921173910157449e-09,3.599925246788870936e-09
3.932286496421966149e-09,2.908438036683946848e-04,1.023497432470321655e-03,3.525660208225644965e-09,1.097606029361486435e-03,3.753921173910157449e-09,5.943902069702744484e-04
2.161727315979078412e-04,1.452621945645660162e-04,2.738336625043302774e-04,3.525660208225644965e-09,3.421817273974170348e-09,3.753921173910157449e-09,3.599925246788870936e-09
3.932286496421966149e-09,4.558598387660595108e-09,8.017687941901385784e-04,3.525660208225644965e-09,5.241463659331202507e-04,2.100975252687931061e-04,2.262726484332233667e-04
1.793191622709855437e-04,4.558598387660595108e-09,3.880130439171125545e-09,3.716365899890661240e-04,9.006039908854290843e-05,3.753921173910157449e-09,1.758946600602939725e-04
6.590528064407408237e-04,6.636080215685069561e-04,3.880130439171125545e-09,3.525660208225644965e-09,3.635724133346229792e-04,2.220258465968072414e-04,3.599925246788870936e-09
4.477035545278340578e-04,1.376424916088581085e-04,2.810850564856082201e-04,3.525660208225644965e-09,3.421817273974170348e-09,3.753921173910157449e-09,3.599925246788870936e-09
1.306502235820516944e-04,6.399302510544657707e-04,6.684525869786739349e-04,3.525660208225644965e-09,3.421817273974170348e-09,8.777511538937687874e-05,3.599925246788870936e-09
3.932286496421966149e-09,4.558598387660595108e-09,3.880130439171125545e-09,2.450162901368457824e-05,2.946585591416805983e-04,3.753921173910157449e-09,3.599925246788870936e-09
1.153861638158559799e-03,1.838706200942397118e-03,3.880130439171125545e-09,1.076070475392043591e-03,9.601195924915373325e-04,1.525030354969203472e-03,3.599925246788870936e-09
2.791327424347400665e-04,1.714844489470124245e-03,5.982924449199344963e-06,6.035415572114288807e-04,7.307799533009529114e-04,5.036424845457077026e-04,3.599925246788870936e-09
3.672257007565349340e-04,4.724197788164019585e-04,5.358087364584207535e-04,1.324188779108226299e-04,2.068939502350986004e-04,3.753921173910157449e-09,3.599925246788870936e-09
2.362679369980469346e-04,7.347688660956919193e-04,3.880130439171125545e-09,9.222114458680152893e-04,4.756984126288443804e-04,8.072883938439190388e-04,3.599925246788870936e-09
3.714959311764687300e-04,4.558598387660595108e-09,3.880130439171125545e-09,3.525660208225644965e-09,3.421817273974170348e-09,3.753921173910157449e-09,1.878645707620307803e-04
3.968554665334522724e-04,4.558598387660595108e-09,1.746725174598395824e-04,3.525660208225644965e-09,3.421817273974170348e-09,3.753921173910157449e-09,3.599925246788870936e-09
1.169159149867482483e-04,1.287068007513880730e-04,3.880130439171125545e-09,3.525660208225644965e-09,3.421817273974170348e-09,1.634699765418190509e-05,3.599925246788870936e-09
8.093663491308689117e-04,4.558598387660595108e-09,4.375660500954836607e-04,5.967557081021368504e-04,1.668843760853633285e-04,3.039094153791666031e-04,6.498490110971033573e-04
3.932286496421966149e-09,4.272265068721026182e-04,1.134881400503218174e-03,4.869466356467455626e-04,1.214958960190415382e-03,1.736419653752818704e-04,6.296330830082297325e-04
1.060969661921262741e-03,1.582554541528224945e-03,3.880130439171125545e-09,7.927669212222099304e-04,7.407332304865121841e-04,5.333126755431294441e-04,3.905154007952660322e-04
3.875656111631542444e-04,4.558598387660595108e-09,3.880130439171125545e-09,3.525660208225644965e-09,3.421817273974170348e-09,3.753921173910157449e-09,1.857144816312938929e-04
3.932286496421966149e-09,4.378002195153385401e-04,3.880130439171125545e-09,2.442978257022332400e-05,1.137793660745956004e-04,2.160960284527391195e-04,2.159942087018862367e-04
1.139153726398944855e-03,8.230718085542321205e-04,7.629546453244984150e-04,3.525660208225644965e-09,3.421817273974170348e-09,3.753921173910157449e-09,3.599925246788870936e-09
3.924242046196013689e-04,4.558598387660595108e-09,1.600804680492728949e-04,3.525660208225644965e-09,3.421817273974170348e-09,3.753921173910157449e-09,1.312276290263980627e-04
8.428561268374323845e-04,3.538015880621969700e-04,2.557871630415320396e-04,3.525660208225644965e-09,3.421817273974170348e-09,3.753921173910157449e-09,3.599925246788870936e-09
3.932286496421966149e-09,1.017856178805232048e-03,1.007167738862335682e-03,3.525660208225644965e-09,1.167055015685036778e-04,3.838564152829349041e-04,3.599925246788870936e-09
3.932286496421966149e-09,4.558598387660595108e-09,3.880130439171125545e-09,4.177565569989383221e-04,3.421817273974170348e-09,3.753921173910157449e-09,2.025181893259286880e-04
1.550642773509025574e-04,8.603126625530421734e-04,7.520482758991420269e-04,2.146256010746583343e-04,1.308673527091741562e-04,6.673642783425748348e-04,3.599925246788870936e-09
1.099064029403962195e-04,2.934581134468317032e-04,4.386108485050499439e-04,3.525660208225644965e-09,3.421817273974170348e-09,3.753921173910157449e-09,3.599925246788870936e-09
3.555907751433551311e-04,4.558598387660595108e-09,3.880130439171125545e-09,3.525660208225644965e-09,1.213592840940691531e-04,3.753921173910157449e-09,3.599925246788870936e-09
2.899245009757578373e-04,1.517705823061987758e-05,1.649240730330348015e-04,1.670084893703460693e-04,3.421817273974170348e-09,3.753921173910157449e-09,3.599925246788870936e-09
3.932286496421966149e-09,4.558598387660595108e-09,5.627163336612284184e-04,3.525660208225644965e-09,3.421817273974170348e-09,2.048294554697349668e-04,3.599925246788870936e-09
3.932286496421966149e-09,4.558598387660595108e-09,1.115300459787249565e-03,3.525660208225644965e-09,3.421817273974170348e-09,3.753921173910157449e-09,3.599925246788870936e-09
1.470992807298898697e-03,2.062916755676269531e-03,3.880130439171125545e-09,1.184194697998464108e-03,1.189223956316709518e-03,1.785179832950234413e-03,3.800552804023027420e-04
3.932286496421966149e-09,4.558598387660595108e-09,3.880130439171125545e-09,2.241206238977611065e-04,5.617378628812730312e-04,5.934914224781095982e-04,3.599925246788870936e-09
1.372960628941655159e-03,1.832412322983145714e-03,1.344462740235030651e-03,2.234777057310566306e-04,3.421817273974170348e-09,3.752974153030663729e-04,3.599925246788870936e-09
5.839325604028999805e-04,2.025437308475375175e-03,1.147982839029282331e-04,1.024879515171051025e-03,6.498213624581694603e-04,9.869983186945319176e-04,3.599925246788870936e-09
3.370706690475344658e-04,2.011494652833789587e-04,1.373406557831913233e-04,3.525660208225644965e-09,3.421817273974170348e-09,3.753921173910157449e-09,3.599925246788870936e-09
4.831984406337141991e-04,4.558598387660595108e-09,3.880130439171125545e-09,1.499852660344913602e-04,3.421817273974170348e-09,3.753921173910157449e-09,3.048003709409385920e-04
7.526376284658908844e-04,2.962106373161077499e-04,1.296019181609153748e-04,3.525660208225644965e-09,3.421817273974170348e-09,3.753921173910157449e-09,3.599925246788870936e-09
3.932286496421966149e-09,3.420917782932519913e-04,1.106893178075551987e-03,1.613706845091655850e-04,3.421817273974170348e-09,2.379257057327777147e-04,3.599925246788870936e-09
8.713983697816729546e-04,1.103642280213534832e-03,2.469934656801342499e-07,4.394869611132889986e-04,4.145892744418233633e-04,5.516885430552065372e-04,5.299950717017054558e-04
3.932286496421966149e-09,2.730991400312632322e-04,3.880130439171125545e-09,3.525660208225644965e-09,2.252359117846935987e-04,3.753921173910157449e-09,3.599925246788870936e-09
2.341452054679393768e-03,1.525353291071951389e-03,1.001805483014095444e-08,7.900045602582395077e-04,1.089776749722659588e-03,1.433167140930891037e-03,3.544843639247119427e-04
4.088116402272135019e-04,3.744260175153613091e-04,3.880130439171125545e-09,3.525660208225644965e-09,3.421817273974170348e-09,3.753921173910157449e-09,5.000033997930586338e-04
2.533265505917370319e-04,4.558598387660595108e-09,3.880130439171125545e-09,4.333347023930400610e-04,3.421817273974170348e-09,3.753921173910157449e-09,3.599925246788870936e-09
3.932286496421966149e-09,4.558598387660595108e-09,6.936361896805465221e-04,3.525660208225644965e-09,3.421817273974170348e-09,3.753921173910157449e-09,3.599925246788870936e-09
3.932286496421966149e-09,1.598944945726543665e-04,1.265486498596146703e-04,3.113480925094336271e-04,3.421817273974170348e-09,3.753921173910157449e-09,3.599925246788870936e-09
5.500563420355319977e-04,4.200856492388993502e-04,3.880130439171125545e-09,8.322785724885761738e-04,1.236991811310872436e-04,2.975957759190350771e-04,3.599925246788870936e-09
2.636722056195139885e-04,4.558598387660595108e-09,3.880130439171125545e-09,2.541503345128148794e-04,3.421817273974170348e-09,3.753921173910157449e-09,3.599925246788870936e-09
3.862386802211403847e-04,5.465297144837677479e-04,3.880130439171125545e-09,2.334580130991525948e-05,5.055726505815982819e-04,3.753921173910157449e-09,3.599925246788870936e-09
3.932286496421966149e-09,4.558598387660595108e-09,1.687266776571050286e-04,4.404243081808090210e-04,6.906767375767230988e-04,7.713232189416885376e-04,3.599925246788870936e-09
4.195402725599706173e-04,4.558598387660595108e-09,3.880130439171125545e-09,3.525660208225644965e-09,3.421817273974170348e-09,3.753921173910157449e-09,3.599925246788870936e-09
9.620478376746177673e-04,2.174790861317887902e-04,2.889823226723819971e-04,3.525660208225644965e-09,3.421817273974170348e-09,1.749646762618795037e-04,3.599925246788870936e-09
3.932286496421966149e-09,2.701943158172070980e-04,2.196941059082746506e-04,3.525660208225644965e-09,1.147565635619685054e-04,3.753921173910157449e-09,3.599925246788870936e-09
7.256367243826389313e-04,4.558598387660595108e-09,3.880130439171125545e-09,3.525660208225644965e-09,3.421817273974170348e-09,3.753921173910157449e-09,9.104610217036679387e-05
3.932286496421966149e-09,5.007119616493582726e-04,2.271172124892473221e-04,3.525660208225644965e-09,1.283349702134728432e-04,1.899267226690426469e-04,3.599925246788870936e-09
2.711121051106601954e-04,1.486026885686442256e-04,3.880130439171125545e-09,3.525660208225644965e-09,3.421817273974170348e-09,5.873676855117082596e-04,3.599925246788870936e-09
5.536411772482097149e-04,1.106710056774318218e-03,9.021994774229824543e-04,3.525660208225644965e-09,3.421817273974170348e-09,3.611786814872175455e-04,3.599925246788870936e-09
3.932286496421966149e-09,7.440717890858650208e-04,3.880130439171125545e-09,3.525660208225644965e-09,3.421817273974170348e-09,3.877851413562893867e-04,3.599925246788870936e-09
1.136022619903087616e-04,4.116171621717512608e-04,1.565014536026865244e-04,3.525660208225644965e-09,3.421817273974170348e-09,3.753921173910157449e-09,3.599925246788870936e-09
1.106434283428825438e-04,4.558598387660595108e-09,5.908305756747722626e-04,3.525660208225644965e-09,5.971393547952175140e-04,3.753921173910157449e-09,3.599925246788870936e-09
3.932286496421966149e-09,1.268616033485159278e-04,2.601682499516755342e-04,3.525660208225644965e-09,1.092148304451256990e-04,3.753921173910157449e-09,3.599925246788870936e-09
3.932286496421966149e-09,2.763295779004693031e-04,5.993051454424858093e-04,3.525660208225644965e-09,1.154899291577748954e-04,3.753921173910157449e-09,3.599925246788870936e-09
8.275150321424007416e-04,4.558598387660595108e-09,3.880130439171125545e-09,3.525660208225644965e-09,3.421817273974170348e-09,3.753921173910157449e-09,3.599925246788870936e-09
3.932286496421966149e-09,4.556337371468544006e-04,2.400783996563404799e-04,3.525660208225644965e-09,3.421817273974170348e-09,3.753921173910157449e-09,3.599925246788870936e-09
3.932286496421966149e-09,4.558598387660595108e-09,4.638990794774144888e-04,3.525660208225644965e-09,2.496725646778941154e-04,3.753921173910157449e-09,1.912865991471335292e-04
1.030606683343648911e-03,4.558598387660595108e-09,1.440047490177676082e-04,3.525660208225644965e-09,3.421817273974170348e-09,3.753921173910157449e-09,3.599925246788870936e-09
3.932286496421966149e-09,4.558598387660595108e-09,3.880130439171125545e-09,3.525660208225644965e-09,4.058949707541614771e-04,1.937327615451067686e-04,1.748499198583886027e-04
3.932286496421966149e-09,4.558598387660595108e-09,2.089457266265526414e-04,4.402257327456027269e-04,3.421817273974170348e-09,3.753921173910157449e-09,8.568301564082503319e-05
3.932286496421966149e-09,4.558598387660595108e-09,5.094231455586850643e-04,3.525660208225644965e-09,3.421817273974170348e-09,8.085558074526488781e-04,3.599925246788870936e-09
4.404449136927723885e-04,4.558598387660595108e-09,4.826407239306718111e-04,3.525660208225644965e-09,3.421817273974170348e-09,3.753921173910157449e-09,3.599925246788870936e-09
2.316569880349561572e-04,5.179133731871843338e-04,3.880130439171125545e-09,3.525660208225644965e-09,3.421817273974170348e-09,4.320497391745448112e-04,1.818768424755035085e-07
3.932286496421966149e-09,4.558598387660595108e-09,3.880130439171125545e-09,3.525660208225644965e-09,3.421817273974170348e-09,7.723697344772517681e-04,3.599925246788870936e-09
3.932286496421966149e-09,3.763770218938589096e-04,3.825488092843443155e-04,3.525660208225644965e-09,8.896713843569159508e-04,5.213185213506221771e-04,3.599925246788870936e-09
1.075814725481905043e-04,4.558598387660595108e-09,3.880130439171125545e-09,6.028173374943435192e-04,1.883055228972807527e-04,3.766289155464619398e-04,3.599925246788870936e-09
2.163213066523894668e-04,4.558598387660595108e-09,3.880130439171125545e-09,1.616616063984110951e-04,3.421817273974170348e-09,3.753921173910157449e-09,1.813378621591255069e-04
3.932286496421966149e-09,4.558598387660595108e-09,4.210177285131067038e-04,2.382750826654955745e-04,6.283085094764828682e-04,6.214191089384257793e-04,3.599925246788870936e-09
3.956820874009281397e-04,1.309868763200938702e-03,3.880130439171125545e-09,5.041950498707592487e-04,2.411057648714631796e-04,5.413535982370376587e-04,1.233156945090740919e-04
3.932286496421966149e-09,4.558598387660595108e-09,4.437441530171781778e-04,3.525660208225644965e-09,5.157794221304357052e-04,3.753921173910157449e-09,2.158045826945453882e-04
8.492306224070489407e-04,6.718554650433361530e-04,3.880130439171125545e-09,1.613543718121945858e-04,1.171786934719420969e-04,3.753921173910157449e-09,3.599925246788870936e-09
1.094819963327609003e-04,4.558598387660595108e-09,5.322333890944719315e-04,3.525660208225644965e-09,1.062887371517717838e-03,6.038924329914152622e-04,3.599925246788870936e-09
3.932286496421966149e-09,6.941822939552366734e-04,1.257183157576946542e-07,2.537539694458246231e-04,8.498073439113795757e-04,6.389593181665986776e-05,8.439350494882091880e-05
3.749859752133488655e-04,4.558598387660595108e-09,3.880130439171125545e-09,3.525660208225644965e-09,3.421817273974170348e-09,3.753921173910157449e-09,3.599925246788870936e-09
7.132181781344115734e-04,4.558598387660595108e-09,5.263004568405449390e-04,6.962591432966291904e-04,8.097962127067148685e-04,2.761952346190810204e-04,4.641234118025749922e-04
5.351388244889676571e-04,4.558598387660595108e-09,8.598886047650466935e-09,2.776904148049652576e-04,4.268892007530666888e-05,2.264589711558073759e-04,4.172474727965891361e-04
3.932286496421966149e-09,4.558598387660595108e-09,8.522327989339828491e-04,1.059314701706171036e-03,1.187608693726360798e-03,1.112733385525643826e-03,1.629949692869558930e-04
1.645411015488207340e-03,2.296229591593146324e-03,1.085322480776085285e-07,1.094421138986945152e-03,8.986978791654109955e-04,1.381802721880376339e-03,3.753290511667728424e-04
9.496713755652308464e-04,4.558598387660595108e-09,3.880130439171125545e-09,5.094913649372756481e-04,2.419547818135470152e-04,8.754196460358798504e-04,3.599925246788870936e-09
3.932286496421966149e-09,4.558598387660595108e-09,1.890027197077870369e-04,1.777183642843738198e-04,3.421817273974170348e-09,3.753921173910157449e-09,4.029253614135086536e-04
2.774589229375123978e-04,4.558598387660595108e-09,3.880130439171125545e-09,3.375055675860494375e-04,3.421817273974170348e-09,3.753921173910157449e-09,2.900323015637695789e-04
1.974166480067651719e-05,3.596520691644400358e-04,3.880130439171125545e-09,4.082695813849568367e-04,3.421817273974170348e-09,2.194556291215121746e-04,3.599925246788870936e-09
3.004212339874356985e-04,4.558598387660595108e-09,3.880130439171125545e-09,4.207271267659962177e-04,3.421817273974170348e-09,3.753921173910157449e-09,4.249613557476550341e-04
6.731991306878626347e-04,4.558598387660595108e-09,6.028984789736568928e-04,7.320517906919121742e-04,6.650180876022204757e-05,6.386287859641015530e-04,1.124861650168895721e-03
3.932286496421966149e-09,4.558598387660595108e-09,1.395764120388776064e-04,3.525660208225644965e-09,3.702491521835327148e-04,3.753921173910157449e-09,3.599925246788870936e-09
3.932286496421966149e-09,4.293269885238260031e-04,3.750805044546723366e-04,3.525660208225644965e-09,3.421817273974170348e-09,3.753921173910157449e-09,3.599925246788870936e-09
2.084219158859923482e-04,5.360773648135364056e-04,3.880130439171125545e-09,3.525660208225644965e-09,3.421817273974170348e-09,3.347356978338211775e-04,3.599925246788870936e-09
2.726410166360437870e-04,2.626460918691009283e-04,3.880130439171125545e-09,3.525660208225644965e-09,3.421817273974170348e-09,3.753921173910157449e-09,3.599925246788870936e-09
4.716024850495159626e-04,1.814984134398400784e-04,3.880130439171125545e-09,3.525660208225644965e-09,3.421817273974170348e-09,3.753921173910157449e-09,3.599925246788870936e-09
3.932286496421966149e-09,4.558598387660595108e-09,3.880130439171125545e-09,3.525660208225644965e-09,3.517454024404287338e-04,2.126425097230821848e-04,3.599925246788870936e-09
4.886279930360615253e-04,4.558598387660595108e-09,1.513948518550023437e-04,3.525660208225644965e-09,3.421817273974170348e-09,3.753921173910157449e-09,3.599925246788870936e-09
1.546342507936060429e-03,2.014454687014222145e-03,2.460150972183328122e-05,1.186011708341538906e-03,1.113203470595180988e-03,1.239830162376165390e-03,1.357053552055731416e-04
5.425561103038489819e-04,4.558598387660595108e-09,1.385954528814181685e-04,3.525660208225644965e-09,3.421817273974170348e-09,3.753921173910157449e-09,3.599925246788870936e-09
5.435156053863465786e-04,5.703342612832784653e-04,3.880130439171125545e-09,7.574339979328215122e-04,2.482305862940847874e-04,3.753921173910157449e-09,1.980311935767531395e-04
2.961217542178928852e-04,1.272237859666347504e-03,6.246857228688895702e-04,3.525660208225644965e-09,3.421817273974170348e-09,3.753921173910157449e-09,3.599925246788870936e-09
1.851577661000192165e-03,8.295045117847621441e-04,3.880130439171125545e-09,5.234812269918620586e-04,7.217343081720173359e-04,7.286496111191809177e-04,6.756078801117837429e-04
2.471849438734352589e-04,4.558598387660595108e-09,3.204332024324685335e-04,3.525660208225644965e-09,3.421817273974170348e-09,3.753921173910157449e-09,3.599925246788870936e-09
3.932286496421966149e-09,4.809691745322197676e-04,3.880130439171125545e-09,3.525660208225644965e-09,1.287700288230553269e-04,3.753921173910157449e-09,3.599925246788870936e-09
4.382071783766150475e-04,2.392936585238203406e-04,3.880130439171125545e-09,1.781087485142052174e-04,3.421817273974170348e-09,3.753921173910157449e-09,3.599925246788870936e-09
1.301238662563264370e-04,4.558598387660595108e-09,1.707413903204724193e-04,3.525660208225644965e-09,6.122209015302360058e-04,6.015462568029761314e-04,3.599925246788870936e-09
3.231161972507834435e-04,4.558598387660595108e-09,6.163763464428484440e-04,2.448647683195304126e-05,3.421817273974170348e-09,3.753921173910157449e-09,3.599925246788870936e-09
4.686666652560234070e-04,4.558598387660595108e-09,3.880130439171125545e-09,3.525660208225644965e-09,3.757534141186624765e-04,3.753921173910157449e-09,7.627881132066249847e-04
3.932286496421966149e-09,2.860343665815889835e-04,3.365221782587468624e-04,3.525660208225644965e-09,3.421817273974170348e-09,3.753921173910157449e-09,3.599925246788870936e-09
1.814298302633687854e-04,3.895427216775715351e-04,3.880130439171125545e-09,3.525660208225644965e-09,3.033343818970024586e-04,6.675615441054105759e-04,3.599925246788870936e-09
6.641404615947976708e-05,1.439895480871200562e-03,6.959103629924356937e-04,3.525660208225644965e-09,3.421817273974170348e-09,3.753921173910157449e-09,3.599925246788870936e-09
3.326268342789262533e-04,4.558598387660595108e-09,1.479772763559594750e-04,3.525660208225644965e-09,3.421817273974170348e-09,3.753921173910157449e-09,3.599925246788870936e-09
8.155451359925791621e-05,1.322791329585015774e-03,3.880130439171125545e-09,4.897014587186276913e-04,3.851813671644777060e-04,3.383515868335962296e-04,1.979729422600939870e-04
3.932286496421966149e-09,4.558598387660595108e-09,3.420653520151972771e-04,3.525660208225644965e-09,4.327526839915663004e-04,3.753921173910157449e-09,3.599925246788870936e-09
5.188656505197286606e-04,4.558598387660595108e-09,3.880130439171125545e-09,3.379610425326973200e-04,2.592524979263544083e-04,3.753921173910157449e-09,3.057455469388514757e-04
2.937683311756700277e-04,4.558598387660595108e-09,3.880130439171125545e-09,4.713861853815615177e-04,3.421817273974170348e-09,3.753921173910157449e-09,2.425910206511616707e-04
3.932286496421966149e-09,4.558598387660595108e-09,2.951265778392553329e-04,1.585475838510319591e-04,7.298898417502641678e-04,3.753921173910157449e-09,2.925668086390942335e-04
1.457478618249297142e-03,1.246900414116680622e-03,2.131921355612576008e-04,9.171374258585274220e-04,5.317686009220778942e-04,9.476062259636819363e-04,4.626984009519219398e-04
3.932286496421966149e-09,4.558598387660595108e-09,3.862623416353017092e-04,3.525660208225644965e-09,3.421817273974170348e-09,3.753921173910157449e-09,4.451411950867623091e-04
3.932286496421966149e-09,4.558598387660595108e-09,3.880130439171125545e-09,3.525660208225644965e-09,3.988522221334278584e-04,3.753921173910157449e-09,1.677039981586858630e-04
2.124955062754452229e-04,1.204931759275496006e-03,3.880130439171125545e-09,4.636217781808227301e-04,4.603013803716748953e-04,1.047888654284179211e-03,3.599925246788870936e-09
3.932286496421966149e-09,4.181857511866837740e-04,3.880130439171125545e-09,3.525660208225644965e-09,1.384522183798253536e-04,6.504539129537079134e-09,1.824372302507981658e-04
8.539773989468812943e-04,4.681522259488701820e-04,3.880130439171125545e-09,3.525660208225644965e-09,3.421817273974170348e-09,3.753921173910157449e-09,3.599925246788870936e-09
5.776059115305542946e-04,1.031254068948328495e-03,3.880130439171125545e-09,3.525660208225644965e-09,2.469941100571304560e-04,5.612513632513582706e-04,3.599925246788870936e-09
3.932286496421966149e-09,5.061783012934029102e-04,1.469557173550128937e-04,3.525660208225644965e-09,3.421817273974170348e-09,2.959857229143381119e-04,3.599925246788870936e-09
1.201027989736758173e-04,4.558598387660595108e-09,3.880130439171125545e-09,3.338579845149070024e-04,3.421817273974170348e-09,3.753921173910157449e-09,1.767478388501331210e-04
1.420818734914064407e-04,4.558598387660595108e-09,3.880130439171125545e-09,6.023282767273485661e-04,3.421817273974170348e-09,2.282989153172820807e-04,3.581848868634551764e-04
1.211148046422749758e-04,1.634756335988640785e-04,3.880130439171125545e-09,3.525660208225644965e-09,1.623803691472858191e-04,3.753921173910157449e-09,2.886806905735284090e-04
1.531818998046219349e-03,1.875960268080234528e-03,3.880130439171125545e-09,1.097428379580378532e-03,1.208562054671347141e-03,1.382830785587430000e-03,3.438494750298559666e-04
1.088204371626488864e-04,1.596842485014349222e-04,4.093743336852639914e-04,3.525660208225644965e-09,3.421817273974170348e-09,3.753921173910157449e-09,3.599925246788870936e-09
3.932286496421966149e-09,3.258530341554433107e-04,2.423190308036282659e-04,3.525660208225644965e-09,3.421817273974170348e-09,3.753921173910157449e-09,3.599925246788870936e-09
3.932286496421966149e-09,8.349301060661673546e-04,1.460415369365364313e-04,1.689694036031141877e-04,3.421817273974170348e-09,3.753921173910157449e-09,3.599925246788870936e-09
1.092953840270638466e-03,4.558598387660595108e-09,3.880130439171125545e-09,1.635079388506710529e-04,3.421817273974170348e-09,3.753921173910157449e-09,3.783542197197675705e-04
5.249259993433952332e-04,4.558598387660595108e-09,3.880130439171125545e-09,2.135160029865801334e-04,3.421817273974170348e-09,9.103024494834244251e-04,3.599925246788870936e-09
1.140507811214774847e-04,4.558598387660595108e-09,2.234632265754044056e-04,3.525660208225644965e-09,1.132343240897171199e-04,3.753921173910157449e-09,3.599925246788870936e-09
6.913157994858920574e-04,1.729057286866009235e-03,3.880130439171125545e-09,6.438168929889798164e-04,6.905277841724455357e-04,9.861704893410205841e-04,3.599925246788870936e-09
2.374462937382304517e-08,5.968692130409181118e-04,3.880130439171125545e-09,1.688005577307194471e-04,1.226192980539053679e-04,5.469936295412480831e-04,3.599925246788870936e-09
3.932286496421966149e-09,3.979782923124730587e-04,3.880130439171125545e-09,4.693043301813304424e-04,1.249290362466126680e-04,3.393854130990803242e-04,2.143032907042652369e-04
1.196584416902624071e-04,4.558598387660595108e-09,4.017885657958686352e-05,1.539633667562156916e-04,1.059042915585450828e-04,3.753921173910157449e-09,3.599925246788870936e-09
1.498031197115778923e-04,4.018167383037507534e-04,2.468669845256954432e-04,3.525660208225644965e-09,3.421817273974170348e-09,3.753921173910157449e-09,3.599925246788870936e-09
5.341243231669068336e-04,1.841409364715218544e-03,3.880130439171125545e-09,1.167686190456151962e-03,1.024401630274951458e-03,1.429260708391666412e-03,2.944870211649686098e-04
1.260160643141716719e-04,1.392002013744786382e-04,3.880130439171125545e-09,3.107090014964342117e-04,3.421817273974170348e-09,3.753921173910157449e-09,3.599925246788870936e-09
3.932286496421966149e-09,4.624460998456925154e-04,1.235592790180817246e-04,3.525660208225644965e-09,3.421817273974170348e-09,3.753921173910157449e-09,3.599925246788870936e-09
1.286632963456213474e-03,4.325629852246493101e-04,3.880130439171125545e-09,7.111964514479041100e-04,7.737309206277132034e-04,3.005116886924952269e-04,4.612153861671686172e-04
2.500829577911645174e-04,4.558598387660595108e-09,1.472570147598162293e-04,2.976160903926938772e-04,3.735469072125852108e-04,2.859456872101873159e-04,3.599925246788870936e-09
5.005665007047355175e-04,4.558598387660595108e-09,3.880130439171125545e-09,4.699587298091500998e-04,1.240145182237029076e-03,1.269865664653480053e-03,2.223359416575476644e-07
1.212205024785362184e-04,4.558598387660595108e-09,3.880130439171125545e-09,3.404659510124474764e-04,5.592726520262658596e-04,2.319300692761316895e-04,3.599925246788870936e-09
3.287781437393277884e-04,2.457817899994552135e-04,3.880130439171125545e-09,3.525660208225644965e-09,4.340790619608014822e-04,2.932606730610132217e-04,2.238276647403836250e-04
3.932286496421966149e-09,5.267568049021065235e-04,3.880130439171125545e-09,3.525660208225644965e-09,2.488888567313551903e-04,1.610297658771742135e-05,3.599925246788870936e-09
1.137063300120644271e-04,4.558598387660595108e-09,4.185365396551787853e-04,3.525660208225644965e-09,3.421817273974170348e-09,3.753921173910157449e-09,3.599925246788870936e-09
7.513839518651366234e-04,1.522736973129212856e-03,3.880130439171125545e-09,3.533303097356110811e-04,5.291096749715507030e-04,8.318223990499973297e-04,3.599925246788870936e-09
1.195524819195270538e-04,3.292851615697145462e-04,1.184564898721873760e-04,3.525660208225644965e-09,3.421817273974170348e-09,3.753921173910157449e-09,3.599925246788870936e-09
3.932286496421966149e-09,4.558598387660595108e-09,3.880130439171125545e-09,2.740161435212939978e-04,2.111905530455260305e-07,2.977952244691550732e-04,3.599925246788870936e-09
3.932286496421966149e-09,4.241185961291193962e-04,3.880130439171125545e-09,3.525660208225644965e-09,2.480115217622369528e-04,2.068843750748783350e-04,3.599925246788870936e-09
1.727186754578724504e-04,4.558598387660595108e-09,1.813626586226746440e-04,8.517596870660781860e-05,3.421817273974170348e-09,3.753921173910157449e-09,2.154563990188762546e-04
